{
  "Constant": {
    "r2": -2.220446049250313e-16,
    "aic": -324.22812222767095,
    "bic": -320.10723620657814,
    "params": [
      -0.8032451960547216,
      1.0
    ]
  },
  "Linear": {
    "r2": 0.8282388610665222,
    "aic": -426.4038509072111,
    "bic": -422.2829648861183,
    "params": [
      6.119973852491967e-05,
      0.041645121820446884
    ]
  },
  "Quadratic": {
    "r2": 0.8125860088859622,
    "aic": -419.3453668942247,
    "bic": -413.1640378625854,
    "params": [
      1.1882736239421376e-08,
      1.0,
      0.11126568753066501
    ]
  },
  "Cubic": {
    "r2": 0.7703996726504587,
    "aic": -405.5702031780317,
    "bic": -397.328431135846,
    "params": [
      2.777447498736998e-12,
      1.0,
      1.0,
      0.1353127569102306
    ]
  },
  "Logarithmic": {
    "r2": 0.7998459914620892,
    "aic": -417.5308758600386,
    "bic": -413.40998983894576,
    "params": [
      0.13788199314643815,
      -0.8745263302364809
    ]
  },
  "N Log N": {
    "r2": 0.8284145324607188,
    "aic": -426.4632016714849,
    "bic": -422.3423156503921,
    "params": [
      6.958722228846414e-06,
      0.05741857303648654
    ]
  }
}