{
  "valid_points": 92,
  "models": {
    "Constant": {
      "r2": 1.1102230246251565e-16,
      "aic": -348.4299617849329,
      "bic": -343.3863846308348,
      "params": [
        -99.78217391459181,
        100.2178260854082
      ],
      "confidence_score": 1.1102230246251565e-16
    },
    "Linear": {
      "r2": 0.9704748397031995,
      "aic": -672.5011106555967,
      "bic": -667.4575335014986,
      "params": [
        0.00010298277682345453,
        0.224125547218005
      ],
      "confidence_score": 0.9504748397031995
    },
    "Quadratic": {
      "r2": 0.8974238358376718,
      "aic": -555.9277333883474,
      "bic": -548.3623676572003,
      "params": [
        2.2431411334705446e-08,
        1.0,
        0.29648789284500005
      ],
      "confidence_score": 0.8574238358376718
    },
    "Cubic": {
      "r2": 0.7940243185643373,
      "aic": -489.7897012818129,
      "bic": -479.70254697361673,
      "params": [
        4.974001194622551e-12,
        1.0,
        1.0,
        0.3303259577366532
      ],
      "confidence_score": 0.7440243185643373
    },
    "Logarithmic": {
      "r2": 0.60265120066503,
      "aic": -433.3405150428518,
      "bic": -428.2969378887537,
      "params": [
        0.06315686364277595,
        -0.0024179389508887095
      ],
      "confidence_score": 0.59265120066503
    },
    "N Log N": {
      "r2": 0.9683147273282208,
      "aic": -666.0050645144445,
      "bic": -660.9614873603464,
      "params": [
        1.2144817933565036e-05,
        0.23825402872305665
      ],
      "confidence_score": 0.9383147273282207
    }
  }
}