{
  "best_model": "O(n^k)",
  "details": {
    "O(1)": {
      "r2": 0,
      "aic": Infinity,
      "params_norm": [
        1.0
      ],
      "rss": 0.0
    },
    "O(n)": {
      "r2": 0,
      "aic": -185.57055075441406,
      "params_norm": [
        2.8260351387841162e-09,
        0.9999999984841539
      ],
      "rss": 5.848541489213511e-14
    },
    "O(n^2)": {
      "r2": 0,
      "aic": -168.83591800571102,
      "params_norm": [
        1.691220791766615e-08,
        -1.8127318966378344e-08,
        1.0000000027243656
      ],
      "rss": 1.7968695474424156e-13
    },
    "O(n^3)": {
      "r2": 0,
      "aic": -140.62966927248485,
      "params_norm": [
        5.0474880319685436e-08,
        -8.325298454069733e-08,
        3.6704286508715144e-08,
        0.9999999971310017
      ],
      "rss": 1.3325407604818707e-13
    },
    "O(log n)": {
      "r2": 0,
      "aic": -190.15890138929205,
      "params_norm": [
        -4.880607029633666e-10,
        0.9999999994249709
      ],
      "rss": 2.722273035827741e-14
    },
    "O(n log n)": {
      "r2": 0,
      "aic": -184.22235890662844,
      "params_norm": [
        7.7646453975935e-09,
        1.0000000017620052
      ],
      "rss": 7.322054466182716e-14
    },
    "O(2^n)": {
      "r2": 0,
      "aic": -172.53766461832862,
      "params_norm": [
        0.9999999955732765,
        8.386664119902667e-09
      ],
      "rss": 5.133331730079292e-13
    },
    "O(n^k)": {
      "r2": 0,
      "aic": -199.73208425017896,
      "params_norm": [
        0.9999999998651462,
        -2.0467565852733526e-10
      ],
      "rss": 5.520794728289925e-15
    }
  }
}