{
  "valid_points": 194,
  "models": {
    "Constant": {
      "r2": 0.7,
      "aic": -3565.726545477329,
      "bic": -3559.1908291592026,
      "params": [
        100.0005075573616,
        -99.99949244263847
      ],
      "confidence_score": 0.3730890723932686
    },
    "Linear": {
      "r2": 0.03988694349725397,
      "aic": -3573.6231669245267,
      "bic": -3567.0874506064,
      "params": [
        -7.073777407323599e-12,
        0.00105093898483325
      ],
      "confidence_score": 0.22748059613824545
    },
    "Quadratic": {
      "r2": 0.024660212292566097,
      "aic": -3568.5706029631538,
      "bic": -3558.7670284859637,
      "params": [
        -5.338183049415021e-19,
        1.0,
        0.0010331473366107817
      ],
      "confidence_score": 0.0
    },
    "Cubic": {
      "r2": 0.015245849814834345,
      "aic": -3564.7070184381005,
      "bic": -3551.6355858018474,
      "params": [
        -4.3996582280335307e-26,
        1.0,
        1.0,
        0.0010262543563453878
      ],
      "confidence_score": 0.0
    },
    "Logarithmic": {
      "r2": 0.04607892985262563,
      "aic": -3574.8783687276646,
      "bic": -3568.342652409538,
      "params": [
        -2.4669786826882095e-05,
        0.0013893538672405427
      ],
      "confidence_score": 0.6210394649263128
    },
    "N Log N": {
      "r2": 0.038849316252703825,
      "aic": -3573.413617656722,
      "bic": -3566.8779013385956,
      "params": [
        -4.281260955658688e-13,
        0.0010489818027364926
      ],
      "confidence_score": 0.46165432518470273
    }
  }
}