{
  "valid_points": 183909,
  "models": {
    "Constant": {
      "r2": 0.85,
      "aic": -3473062.9396708454,
      "bic": -3473042.6952781472,
      "params": [
        -99.9993719195841,
        100.00062807754087
      ],
      "confidence_score": 0.505
    },
    "Linear": {
      "r2": 0.5589677078275896,
      "aic": -3623617.6850543185,
      "bic": -3623597.4406616203,
      "params": [
        2.069659912557437e-11,
        0.0011525943957717548
      ],
      "confidence_score": 0.32538062469655377
    },
    "Quadratic": {
      "r2": 0.4276405857965886,
      "aic": -3575679.9802207793,
      "bic": -3575649.6136317323,
      "params": [
        1.7511789410815642e-18,
        1.0,
        0.0011979422430286153
      ],
      "confidence_score": 0.23658435147795318
    },
    "Cubic": {
      "r2": 0.34325609434122106,
      "aic": -3550385.5256301328,
      "bic": -3550345.0368447364,
      "params": [
        1.6513820734748231e-25,
        1.0,
        1.0,
        0.001215123172346133
      ],
      "confidence_score": 0.18595365660473265
    },
    "Logarithmic": {
      "r2": 0.6662136671040143,
      "aic": -3674857.864654058,
      "bic": -3674837.62026136,
      "params": [
        6.883652946882931e-05,
        0.0002142262510518716
      ],
      "confidence_score": 0.8311068335520071
    },
    "N Log N": {
      "r2": 0.5492002723534255,
      "aic": -3619589.143629863,
      "bic": -3619568.8992371648,
      "params": [
        1.2591701601943698e-12,
        0.0011577727542890753
      ],
      "confidence_score": 0.47260013617671276
    }
  }
}