{
  "valid_points": 75,
  "models": {
    "Constant": {
      "r2": 2.220446049250313e-16,
      "aic": -303.8510323530864,
      "bic": -299.21605612601377,
      "params": [
        -99.67846582333243,
        100.32153417666753
      ],
      "confidence_score": 2.220446049250313e-16
    },
    "Linear": {
      "r2": 0.9630492756607029,
      "aic": -551.2137844944456,
      "bic": -546.578808267373,
      "params": [
        0.00010890983269573606,
        0.31561278969561257
      ],
      "confidence_score": 0.9430492756607028
    },
    "Quadratic": {
      "r2": 0.929586520688923,
      "aic": -500.8538248524972,
      "bic": -493.9013605118883,
      "params": [
        1.7598701703889152e-08,
        1.0,
        0.4604055621608239
      ],
      "confidence_score": 0.889586520688923
    },
    "Cubic": {
      "r2": 0.8644337219805084,
      "aic": -449.72312897125005,
      "bic": -440.4531765171048,
      "params": [
        3.357193437618409e-12,
        1.0,
        1.0,
        0.5113466306811459
      ],
      "confidence_score": 0.8144337219805083
    },
    "Logarithmic": {
      "r2": 0.9336195699152358,
      "aic": -507.277506871554,
      "bic": -502.6425306444814,
      "params": [
        0.2841730599310605,
        -1.608048479194998
      ],
      "confidence_score": 0.9236195699152357
    },
    "N Log N": {
      "r2": 0.9618970938496652,
      "aic": -548.910886566592,
      "bic": -544.2759103395194,
      "params": [
        1.2149982313561195e-05,
        0.34765799756883914
      ],
      "confidence_score": 0.9318970938496651
    }
  }
}