{
  "Constant": {
    "name": "Constant",
    "r2": 3.3306690738754696e-16,
    "bic": 466.72805870153667,
    "confidence_score": -0.09393747810588804,
    "params": [
      304.80214564187855,
      5.793433417737969
    ],
    "order": 0
  },
  "Linear": {
    "name": "Linear",
    "r2": 0.7178185569180723,
    "bic": 417.3850637107919,
    "confidence_score": 0.5838810788121839,
    "params": [
      1.7409354421368326,
      2.8855477676140674e-17
    ],
    "order": 2
  },
  "Quadratic": {
    "name": "Quadratic",
    "r2": 0.9514019293806665,
    "bic": 352.4489338735451,
    "confidence_score": 0.730495712221834,
    "params": [
      0.005512946539228145,
      4.737242681958431e-15,
      1.2065988568802245e-15
    ],
    "order": 4
  },
  "Cubic": {
    "name": "Cubic",
    "r2": 0.999131532940364,
    "bic": 199.15272685937143,
    "confidence_score": 0.7112565767285873,
    "params": [
      1.5049852616712365e-05,
      5.464836586085128e-19,
      9.365891907256367e-21,
      6.1137987446360625e-21
    ],
    "order": 5
  },
  "Logarithmic": {
    "name": "Logarithmic",
    "r2": 0.21032344351265075,
    "bic": 457.5189169600569,
    "confidence_score": 0.09638596540676238,
    "params": [
      68.37809779486939,
      1.58220791463428e-17
    ],
    "order": 1
  },
  "N Log N": {
    "name": "N Log N",
    "r2": 0.7827943745266817,
    "bic": 407.1785378412845,
    "confidence_score": 0.6288568964207932,
    "params": [
      0.3089543100291684,
      5.3542838567740945e-17
    ],
    "order": 3
  },
  "confidence_analysis": {
    "best_model": "Quadratic",
    "best_score": 0.730495712221834,
    "second_best_model": "Cubic",
    "second_best_score": 0.7112565767285873,
    "confidence_gap": 0.01923913549324663,
    "is_confident": false,
    "threshold": 0.03
  }
}