{
  "Constant": {
    "name": "Constant",
    "r2": 0.0,
    "bic": 527.0460117313767,
    "confidence_score": -0.09222198635284841,
    "params": [
      33.38216172241494,
      541.5053468971565
    ],
    "order": 0
  },
  "Linear": {
    "name": "Linear",
    "r2": 0.7090674738958282,
    "bic": 477.65945542120625,
    "confidence_score": 0.5768454875429798,
    "params": [
      3.1804489941708263,
      1.332500285677997e-18
    ],
    "order": 2
  },
  "Quadratic": {
    "name": "Quadratic",
    "r2": 0.9460209526145404,
    "bic": 413.9685184217252,
    "confidence_score": 0.7276879730852679,
    "params": [
      0.01011871026465811,
      1.9248206087392688e-26,
      7.126569417766621e-25
    ],
    "order": 4
  },
  "Cubic": {
    "name": "Cubic",
    "r2": 0.99982926919248,
    "bic": 187.40687196419466,
    "confidence_score": 0.7153852964867833,
    "params": [
      2.7803946216895663e-05,
      1.1687730084530009e-18,
      7.318832441375902e-19,
      6.460350312779845e-19
    ],
    "order": 5
  },
  "Logarithmic": {
    "name": "Logarithmic",
    "r2": 0.20855757491973037,
    "bic": 517.6900859779661,
    "confidence_score": 0.09633558856688196,
    "params": [
      125.8229187950153,
      2.2424939859950975e-16
    ],
    "order": 1
  },
  "N Log N": {
    "name": "N Log N",
    "r2": 0.7737697763247031,
    "bic": 467.5979273556781,
    "confidence_score": 0.6215477899718547,
    "params": [
      0.564512512652846,
      7.75728307547392e-17
    ],
    "order": 3
  },
  "confidence_analysis": {
    "best_model": "Quadratic",
    "best_score": 0.7276879730852679,
    "second_best_model": "Cubic",
    "second_best_score": 0.7153852964867833,
    "confidence_gap": 0.012302676598484608,
    "is_confident": false,
    "threshold": 0.03
  },
  "fit_best_model": "Quadratic",
  "llm_prediction": "Cubic",
  "fusion_prediction": "Cubic",
  "fusion_reason": "fallback_to_llm"
}