{
  "valid_points": 57,
  "models": {
    "Constant": {
      "r2": 0.7,
      "aic": 528.2745160567418,
      "bic": 532.3606185924109,
      "params": [
        8.691990776559546,
        148.7778141613428
      ],
      "confidence_score": 0.09999999999999998
    },
    "Linear": {
      "r2": 0.9761865815147174,
      "aic": 315.23667090585855,
      "bic": 319.32277344152766,
      "params": [
        0.11438818556504413,
        -121.47682300719134
      ],
      "confidence_score": 0.4857119489088304
    },
    "Quadratic": {
      "r2": 0.9999676857646902,
      "aic": -59.10563802324259,
      "bic": -52.976484219738936,
      "params": [
        2.3324964061210984e-05,
        1.0,
        1.5772030307435654
      ],
      "confidence_score": 0.9799806114588141
    },
    "Cubic": {
      "r2": 0.9817492439941133,
      "aic": 304.0722358913441,
      "bic": 312.24444096268235,
      "params": [
        5.679233550725024e-09,
        1.0,
        1.0,
        44.39235423587375
      ],
      "confidence_score": 0.569049546396468
    },
    "Logarithmic": {
      "r2": 0.8967811491071213,
      "aic": 398.8330006580186,
      "bic": 402.9191031936877,
      "params": [
        243.2828396183205,
        -1722.9546993152062
      ],
      "confidence_score": 0.498
    },
    "N Log N": {
      "r2": 0.9816078637963024,
      "aic": 300.51208715736465,
      "bic": 304.59818969303376,
      "params": [
        0.01308543635375466,
        -93.45404093751121
      ],
      "confidence_score": 0.698
    }
  }
}