{
  "valid_points": 19,
  "models": {
    "Constant": {
      "r2": 0.7,
      "aic": 140.56557130788585,
      "bic": 142.45444926621872,
      "params": [
        -94.81775435177902,
        105.18224564822097
      ],
      "confidence_score": 0.11999999999999998
    },
    "Linear": {
      "r2": 0.9994071734763115,
      "aic": -0.6159947885740236,
      "bic": 1.272883169758857,
      "params": [
        7.801166124388192e-05,
        -0.3987324407570658
      ],
      "confidence_score": 0.49964430408579363
    },
    "Quadratic": {
      "r2": 0.99061985056063,
      "aic": 53.85153920450714,
      "bic": 56.68485614200646,
      "params": [
        3.6901244540098544e-11,
        1.0,
        1.644790845937032
      ],
      "confidence_score": 0.5743719103363779
    },
    "Cubic": {
      "r2": 0.9878786351084592,
      "aic": 60.722643200394984,
      "bic": 64.50039911706074,
      "params": [
        1.7555530945027067e-17,
        1.0,
        1.0,
        1.8233129983549279
      ],
      "confidence_score": 0.5727271810650755
    },
    "Logarithmic": {
      "r2": 0.25654169169963936,
      "aic": 134.93316210606272,
      "bic": 136.8220400643956,
      "params": [
        4.578089041587046,
        -21.40315749464224
      ],
      "confidence_score": 0.37627084584981974
    },
    "N Log N": {
      "r2": 0.9999789350059036,
      "aic": -64.02448960512645,
      "bic": -62.13561164679356,
      "params": [
        5.3606934641194225e-06,
        0.00872249599258037
      ],
      "confidence_score": 0.998
    }
  }
}