{
  "Constant": {
    "r2": 0.0,
    "aic": -416.0594509812059,
    "bic": -410.9516971980048,
    "params": [
      -99.87215027213085,
      100.12784972786912
    ]
  },
  "Linear": {
    "r2": 0.9694029271585611,
    "aic": -747.3102896519167,
    "bic": -742.2025358687156,
    "params": [
      7.757028574184588e-05,
      0.09512569813444216
    ]
  },
  "Quadratic": {
    "r2": 0.8927064999371226,
    "aic": -626.1172357804943,
    "bic": -618.4556051056927,
    "params": [
      1.688546313539576e-08,
      1.0,
      0.15066143804227114
    ]
  },
  "Cubic": {
    "r2": 0.7848070398466013,
    "aic": -558.0003665869907,
    "bic": -547.7848590205886,
    "params": [
      3.732912157451661e-12,
      1.0,
      1.0,
      0.1770165499351268
    ]
  },
  "Logarithmic": {
    "r2": 0.6106661220431147,
    "aic": -505.67466149431897,
    "bic": -500.5669077111179,
    "params": [
      0.04788498305695742,
      -0.07780147702487364
    ]
  },
  "N Log N": {
    "r2": 0.9668761066541771,
    "aic": -739.7719893290781,
    "bic": -734.664235545877,
    "params": [
      9.148476509930094e-06,
      0.10587997239197945
    ]
  }
}