{
  "valid_points": 28,
  "models": {
    "Constant": {
      "r2": 0.7,
      "aic": -558.3856427874616,
      "bic": -555.7212337671112,
      "params": [
        -99.99981007671781,
        100.00018992328225
      ],
      "confidence_score": 0.12001261782920045
    },
    "Linear": {
      "r2": 0.26670690379070217,
      "aic": -567.071517148673,
      "bic": -564.4071081283226,
      "params": [
        2.029643764629587e-13,
        0.0003720633024576166
      ],
      "confidence_score": 0.0613184484809736
    },
    "Quadratic": {
      "r2": 0.24345517763816404,
      "aic": -564.1974607274517,
      "bic": -560.2008471969261,
      "params": [
        3.934725389982427e-22,
        1.0,
        0.0003744460530616389
      ],
      "confidence_score": 0.1262311073071734
    },
    "Cubic": {
      "r2": 0.23545858116958474,
      "aic": -561.9030569548955,
      "bic": -556.5742389141947,
      "params": [
        7.332770236890801e-31,
        1.0,
        1.0,
        0.0003752151715976905
      ],
      "confidence_score": 0.12130092087814513
    },
    "Logarithmic": {
      "r2": 0.5131234994128626,
      "aic": -578.5384966353864,
      "bic": -575.874087615036,
      "params": [
        5.53571638919001e-06,
        0.00032048056090394124
      ],
      "confidence_score": 0.9480000000000001
    },
    "N Log N": {
      "r2": 0.2646460968737746,
      "aic": -566.9929378419073,
      "bic": -564.3285288215569,
      "params": [
        1.014395705453215e-14,
        0.000372296811662167
      ],
      "confidence_score": 0.43125637798967165
    }
  }
}