{
  "valid_points": 57,
  "models": {
    "Constant": {
      "r2": 2.220446049250313e-16,
      "aic": 52.23164922075927,
      "bic": 56.31775175642837,
      "params": [
        -97.769186599997,
        102.23081340000299
      ],
      "confidence_score": 2.220446049250313e-16
    },
    "Linear": {
      "r2": 0.9983134298094224,
      "aic": -311.7166730384402,
      "bic": -307.6305705027711,
      "params": [
        0.0017266521093873832,
        0.19043473994239712
      ],
      "confidence_score": 0.9783134298094224
    },
    "Quadratic": {
      "r2": 0.9767088906093716,
      "aic": -160.0703138386038,
      "bic": -153.94116003510015,
      "params": [
        3.409722775216957e-07,
        1.0,
        2.1090676350206965
      ],
      "confidence_score": 0.9367088906093716
    },
    "Cubic": {
      "r2": 0.9240165906750024,
      "aic": -90.67104564949507,
      "bic": -82.49884057815687,
      "params": [
        8.085381379454399e-11,
        1.0,
        1.0,
        2.769282006969475
      ],
      "confidence_score": 0.8740165906750024
    },
    "Logarithmic": {
      "r2": 0.9666792127670044,
      "aic": -141.65805940400335,
      "bic": -137.57195686833424,
      "params": [
        3.804873731682217,
        -24.992186306141985
      ],
      "confidence_score": 0.9566792127670044
    },
    "N Log N": {
      "r2": 0.9981779761928633,
      "aic": -307.313373362657,
      "bic": -303.2272708269879,
      "params": [
        0.0001967517719257179,
        0.6264828525868934
      ],
      "confidence_score": 0.9681779761928633
    }
  }
}