{
  "valid_points": 10,
  "models": {
    "Constant": {
      "r2": 0.7,
      "aic": 52.88959998068671,
      "bic": 53.494770166674805,
      "params": [
        4.0772275775671005,
        1.0
      ],
      "confidence_score": 0.09999999999999998
    },
    "Linear": {
      "r2": 0.9189276365276221,
      "aic": 27.76546851138164,
      "bic": 28.370638697369735,
      "params": [
        0.035299225991832106,
        -2.1096948343698436
      ],
      "confidence_score": 0.4513565819165859
    },
    "Quadratic": {
      "r2": 0.9998714898633996,
      "aic": -34.70542774621732,
      "bic": -33.79767246723518,
      "params": [
        3.693257901071778e-05,
        1.0,
        -0.0712404151611703
      ],
      "confidence_score": 0.9799228939180398
    },
    "Cubic": {
      "r2": 0.9864774034566832,
      "aic": 13.855668232821944,
      "bic": 15.066008604798128,
      "params": [
        3.593333367081561e-08,
        1.0,
        1.0,
        0.6827772556471118
      ],
      "confidence_score": 0.5718864420838148
    },
    "Logarithmic": {
      "r2": 0.38309954066413676,
      "aic": 48.05912399889082,
      "bic": 48.66429418487891,
      "params": [
        3.3131699490508297,
        -7.142408990114953
      ],
      "confidence_score": 0.43954977033206843
    },
    "N Log N": {
      "r2": 0.9480526820314171,
      "aic": 23.31434808130282,
      "bic": 23.91951826729091,
      "params": [
        0.005194036200475982,
        -1.534741094152797
      ],
      "confidence_score": 0.6980000000000879
    }
  }
}