{
  "valid_points": 11,
  "models": {
    "Constant": {
      "r2": 0.7,
      "aic": 87.78234770854863,
      "bic": 88.57813825414537,
      "params": [
        109.45029763335533,
        -90.54970236664468
      ],
      "confidence_score": 0.09999999999999998
    },
    "Linear": {
      "r2": 0.9210805733102447,
      "aic": 59.84974122322424,
      "bic": 60.64553176882099,
      "params": [
        0.07112732236524186,
        -7.500573307498527
      ],
      "confidence_score": 0.4526483439861468
    },
    "Quadratic": {
      "r2": 0.9999773988126712,
      "aic": -27.890241571792068,
      "bic": -26.696555753396957,
      "params": [
        3.7500408158308574e-05,
        1.0,
        -0.1367494377065912
      ],
      "confidence_score": 0.9799864392876028
    },
    "Cubic": {
      "r2": 0.9847927035973405,
      "aic": 45.73656837058353,
      "bic": 47.32814946177701,
      "params": [
        1.82600811295034e-08,
        1.0,
        1.0,
        2.632019645076057
      ],
      "confidence_score": 0.5708756221584043
    },
    "Logarithmic": {
      "r2": 0.3603742722181694,
      "aic": 82.86675489419967,
      "bic": 83.66254543979642,
      "params": [
        11.543707286279831,
        -27.80539146117439
      ],
      "confidence_score": 0.3281871361090847
    },
    "N Log N": {
      "r2": 0.9479271142968718,
      "aic": 55.27612787833877,
      "bic": 56.071918423935514,
      "params": [
        0.009525925781704714,
        -5.638639460189388
      ],
      "confidence_score": 0.698
    }
  }
}