{
  "valid_points": 206,
  "models": {
    "Constant": {
      "r2": 0.7,
      "aic": -2877.6845440971547,
      "bic": -2871.0287917595756,
      "params": [
        100.00308192723897,
        -99.99691807276108
      ],
      "confidence_score": 0.37000096471990807
    },
    "Linear": {
      "r2": 0.08795177724032754,
      "aic": -2896.6494014785326,
      "bic": -2889.9936491409535,
      "params": [
        9.439407799020985e-11,
        0.0056884977622944635
      ],
      "confidence_score": 0.05965627504142452
    },
    "Quadratic": {
      "r2": 0.06708521631907594,
      "aic": -2889.989476230927,
      "bic": -2880.005847724558,
      "params": [
        7.914700532292948e-18,
        1.0,
        0.005897440004446887
      ],
      "confidence_score": 0.02036559747969389
    },
    "Cubic": {
      "r2": 0.05652339754371549,
      "aic": -2885.6703890059534,
      "bic": -2872.3588843307953,
      "params": [
        7.617174552993787e-25,
        1.0,
        1.0,
        0.0059708883168640755
      ],
      "confidence_score": 0.013916539826956831
    },
    "Logarithmic": {
      "r2": 0.11555135438023723,
      "aic": -2902.9794545453888,
      "bic": -2896.3237022078097,
      "params": [
        0.00034397749852687086,
        0.0009516905968549389
      ],
      "confidence_score": 0.6557756771901185
    },
    "N Log N": {
      "r2": 0.08623798689718887,
      "aic": -2896.2626790169807,
      "bic": -2889.6069266794016,
      "params": [
        5.73269483395661e-12,
        0.005712920802485034
      ],
      "confidence_score": 0.3515563851107788
    }
  }
}