{
  "best_model": "O(2^n)",
  "details": {
    "O(1)": {
      "r2": 0,
      "aic": Infinity,
      "params_norm": [
        1.0
      ],
      "rss": 0.0
    },
    "O(n)": {
      "r2": 0,
      "aic": -3008.4366074059153,
      "params_norm": [
        3.539513381405014e-10,
        0.9999999997936918
      ],
      "rss": 1.1232644685103163e-11
    },
    "O(n^2)": {
      "r2": 0,
      "aic": -2473.438881263939,
      "params_norm": [
        2.262728146446774e-08,
        -2.697387986981183e-08,
        1.000000006707853
      ],
      "rss": 2.196877007433448e-09
    },
    "O(n^3)": {
      "r2": 0,
      "aic": -2418.366425445561,
      "params_norm": [
        9.207473059506364e-09,
        1.2993395631032284e-08,
        -2.4496106730549883e-08,
        1.0000000064036458
      ],
      "rss": 3.7092547719201957e-09
    },
    "O(log n)": {
      "r2": 0,
      "aic": -2548.427012264461,
      "params_norm": [
        -1.7262467729194512e-09,
        0.9999999988883356
      ],
      "rss": 1.0678202389455056e-09
    },
    "O(n log n)": {
      "r2": 0,
      "aic": -2977.4137778304625,
      "params_norm": [
        9.149493385152141e-10,
        1.000000000238507
      ],
      "rss": 1.52713873738801e-11
    },
    "O(2^n)": {
      "r2": 0,
      "aic": -3186.842382457075,
      "params_norm": [
        1.0000000000853677,
        -1.463447165138362e-10
      ],
      "rss": 1.9202020798565125e-12
    },
    "O(n^k)": {
      "r2": 0,
      "aic": -2887.1270828634533,
      "params_norm": [
        0.999999999792065,
        -3.2278032427202367e-10
      ],
      "rss": 3.7334156975403995e-11
    }
  }
}