{
  "valid_points": 7450,
  "models": {
    "Constant": {
      "r2": 0.7,
      "aic": -152996.54635822002,
      "bic": -152982.71441959727,
      "params": [
        100.0001673294365,
        -99.99983267056295
      ],
      "confidence_score": 0.43
    },
    "Linear": {
      "r2": 0.07363248367489073,
      "aic": -153566.35392531607,
      "bic": -153552.52198669332,
      "params": [
        -1.1506543974789488e-11,
        0.0004462648760392375
      ],
      "confidence_score": 0.03417951257617603
    },
    "Quadratic": {
      "r2": 0.07887913409194114,
      "aic": -153606.66829228358,
      "bic": -153585.92038434945,
      "params": [
        -9.434976379362914e-19,
        1.0,
        0.00042405282523118185
      ],
      "confidence_score": 0.42732748045516467
    },
    "Cubic": {
      "r2": 0.07897598960719188,
      "aic": -153605.4516981911,
      "bic": -153577.78782094558,
      "params": [
        -8.571223347779622e-26,
        1.0,
        1.0,
        0.00041414137167088854
      ],
      "confidence_score": 0.03424199597567125
    },
    "Logarithmic": {
      "r2": 0.056062418824380233,
      "aic": -153426.37587132797,
      "bic": -153412.54393270522,
      "params": [
        -4.35183651614543e-05,
        0.0010343366580041345
      ],
      "confidence_score": 0.026031209412190115
    },
    "N Log N": {
      "r2": 0.0741992468856949,
      "aic": -153570.91332320872,
      "bic": -153557.08138458597,
      "params": [
        -6.986317967371438e-13,
        0.0004437082312855279
      ],
      "confidence_score": 0.2350997874308305
    }
  }
}