{
  "Constant": {
    "name": "Constant",
    "r2": 1.1102230246251565e-16,
    "bic": 465.44345169736187,
    "confidence_score": -0.0922219863528483,
    "params": [
      6.332190811975863,
      262.0333697531572
    ],
    "order": 0
  },
  "Linear": {
    "name": "Linear",
    "r2": 0.7108799556588543,
    "bic": 415.8069197464682,
    "confidence_score": 0.5786579693060059,
    "params": [
      1.4797144950756453,
      1.3477445626228592e-17
    ],
    "order": 2
  },
  "Quadratic": {
    "name": "Quadratic",
    "r2": 0.9456633557220678,
    "bic": 352.6300739086977,
    "confidence_score": 0.7273303761927953,
    "params": [
      0.004701608466673169,
      3.490178411624969e-20,
      9.707724091941748e-21
    ],
    "order": 4
  },
  "Cubic": {
    "name": "Cubic",
    "r2": 0.9982167261588621,
    "bic": 219.6490359092542,
    "confidence_score": 0.7137727534531654,
    "params": [
      1.2912969926571953e-05,
      4.128588324580712e-21,
      9.167851386776156e-21,
      2.330874091416062e-19
    ],
    "order": 5
  },
  "Logarithmic": {
    "name": "Logarithmic",
    "r2": 0.21025604709509516,
    "bic": 456.0015918452377,
    "confidence_score": 0.09803406074224674,
    "params": [
      58.68321650985751,
      1.2248600666598595e-15
    ],
    "order": 1
  },
  "N Log N": {
    "name": "N Log N",
    "r2": 0.7751524551840118,
    "bic": 405.75014429602396,
    "confidence_score": 0.6229304688311634,
    "params": [
      0.26255089844662155,
      2.74284370918392e-14
    ],
    "order": 3
  },
  "confidence_analysis": {
    "best_model": "Quadratic",
    "best_score": 0.7273303761927953,
    "second_best_model": "Cubic",
    "second_best_score": 0.7137727534531654,
    "confidence_gap": 0.013557622739629904,
    "is_confident": false,
    "threshold": 0.03
  }
}