{
  "valid_points": 22,
  "models": {
    "Constant": {
      "r2": 0.7,
      "aic": 180.07618445581204,
      "bic": 182.25826936252867,
      "params": [
        -30.12048489009142,
        139.98229786771978
      ],
      "confidence_score": 0.15999999999999998
    },
    "Linear": {
      "r2": 0.9998189357906726,
      "aic": -9.490310066892825,
      "bic": -7.3082251601761925,
      "params": [
        0.00017018135787383315,
        1.9270560609369005
      ],
      "confidence_score": 0.8998913614744035
    },
    "Quadratic": {
      "r2": 0.9466917280738799,
      "aic": 117.57958164253377,
      "bic": 120.85270900260872,
      "params": [
        1.2968554511127205e-10,
        1.0,
        44.30338655801593
      ],
      "confidence_score": 0.548015036844328
    },
    "Cubic": {
      "r2": 0.8561997147738581,
      "aic": 141.4109277512974,
      "bic": 145.7750975647307,
      "params": [
        1.0866603330335522e-16,
        1.0,
        1.0,
        61.04557707502552
      ],
      "confidence_score": 0.49371982886431487
    },
    "Logarithmic": {
      "r2": 0.9182380258501665,
      "aic": 124.98943829851146,
      "bic": 127.17152320522808,
      "params": [
        77.32874335874732,
        -909.0061388462809
      ],
      "confidence_score": 0.498
    },
    "N Log N": {
      "r2": 0.9990566353685039,
      "aic": 26.822915533629757,
      "bic": 29.00500044034639,
      "params": [
        1.1940565299290218e-05,
        7.596994277993141
      ],
      "confidence_score": 0.64800000390665
    }
  }
}