{
  "valid_points": 18,
  "models": {
    "Constant": {
      "r2": 0.7,
      "aic": 133.26005137283724,
      "bic": 135.04079488862956,
      "params": [
        -94.19845878663985,
        105.8015412133601
      ],
      "confidence_score": 0.11999999999999998
    },
    "Linear": {
      "r2": 0.9932692962371796,
      "aic": 43.2406911165434,
      "bic": 45.02143463233573,
      "params": [
        0.0002986761081152922,
        -1.4459439918821304
      ],
      "confidence_score": 0.4960142113004995
    },
    "Quadratic": {
      "r2": 0.9828489498414258,
      "aic": 62.077525649679,
      "bic": 64.7486409233675,
      "params": [
        5.725001208358161e-10,
        1.0,
        2.131932199349337
      ],
      "confidence_score": 0.5697093726436175
    },
    "Cubic": {
      "r2": 0.9684944590355551,
      "aic": 75.02339816307826,
      "bic": 78.58488519466292,
      "params": [
        1.081812609854218e-15,
        1.0,
        1.0,
        2.7870440287063016
      ],
      "confidence_score": 0.5610966754240435
    },
    "Logarithmic": {
      "r2": 0.27287559580110743,
      "aic": 127.52421284223607,
      "bic": 129.3049563580284,
      "params": [
        5.030051847217592,
        -21.36590574688062
      ],
      "confidence_score": 0.2844377979005537
    },
    "N Log N": {
      "r2": 0.997506204822137,
      "aic": 25.368959273866782,
      "bic": 27.14970278965911,
      "params": [
        2.280226162463582e-05,
        -0.8265581829511859
      ],
      "confidence_score": 0.998
    }
  }
}