{
  "valid_points": 10,
  "models": {
    "Constant": {
      "r2": 0.7,
      "aic": -59.5735989687155,
      "bic": -58.96842878272741,
      "params": [
        -0.9742813408374782,
        1.0
      ],
      "confidence_score": 0.1200000000000001
    },
    "Linear": {
      "r2": 0.9951972841968788,
      "aic": -112.95933625623043,
      "bic": -112.35416607024234,
      "params": [
        0.00013273082129364823,
        -0.0013053361010766788
      ],
      "confidence_score": 0.49718235596892024
    },
    "Quadratic": {
      "r2": 0.9567036555424319,
      "aic": -88.97046968021863,
      "bic": -88.06271440123649,
      "params": [
        1.3053258063333573e-07,
        1.0,
        0.007522182478664208
      ],
      "confidence_score": 0.5540221936652874
    },
    "Cubic": {
      "r2": 0.8955418309613545,
      "aic": -78.1632848086967,
      "bic": -76.95294443672051,
      "params": [
        1.237056517164985e-10,
        1.0,
        1.0,
        0.01059013406395956
      ],
      "confidence_score": 0.5173250985781273
    },
    "Logarithmic": {
      "r2": 0.5578288785534165,
      "aic": -67.73418216106137,
      "bic": -67.12901197507328,
      "params": [
        0.014445449378756135,
        -0.027559061011420326
      ],
      "confidence_score": 0.4269144392767155
    },
    "N Log N": {
      "r2": 0.9991638366328656,
      "aic": -130.44046445609663,
      "bic": -129.83529427010853,
      "params": [
        1.9266363598014274e-05,
        0.0011927247937127553
      ],
      "confidence_score": 0.9480000000000001
    }
  }
}