{
  "valid_points": 79,
  "models": {
    "Constant": {
      "r2": 0.7,
      "aic": -99.43654713650626,
      "bic": -94.69765143157223,
      "params": [
        -99.4440846192309,
        100.5559153807692
      ],
      "confidence_score": 0.10000000000625271
    },
    "Linear": {
      "r2": 0.37285837483340545,
      "aic": -136.29659516186967,
      "bic": -131.55769945693564,
      "params": [
        0.0002747352834632233,
        0.2984056627782491
      ],
      "confidence_score": 0.12455654824707384
    },
    "Quadratic": {
      "r2": 0.26896476242616596,
      "aic": -122.1867427830311,
      "bic": -115.07839922563002,
      "params": [
        3.8628034548793266e-08,
        1.0,
        0.7216925032125621
      ],
      "confidence_score": 0.14137907959816698
    },
    "Cubic": {
      "r2": 0.18299446730438484,
      "aic": -111.40319069871096,
      "bic": -101.92539928884287,
      "params": [
        6.323718448938446e-12,
        1.0,
        1.0,
        0.8725397377195785
      ],
      "confidence_score": 0.08979668069201212
    },
    "Logarithmic": {
      "r2": 0.46347046809462333,
      "aic": -148.62460729847763,
      "bic": -143.8857115935436,
      "params": [
        0.8010146794594666,
        -5.2196064433431
      ],
      "confidence_score": 0.7797352340473117
    },
    "N Log N": {
      "r2": 0.3610782620268457,
      "aic": -134.82643845987428,
      "bic": -130.08754275494024,
      "params": [
        3.0209922646534506e-05,
        0.38974420307099444
      ],
      "confidence_score": 0.5788417435815643
    }
  }
}