{
  "Constant": {
    "r2": 1.1102230246251565e-16,
    "aic": -177.15770052585435,
    "bic": -172.4962338452817,
    "params": [
      -99.50150385695069,
      100.4984961430494
    ]
  },
  "Linear": {
    "r2": 0.9881130953139787,
    "aic": -514.0138633087106,
    "bic": -509.3523966281379,
    "params": [
      0.000264368547337801,
      0.21432224463835314
    ]
  },
  "Quadratic": {
    "r2": 0.9597127024884607,
    "aic": -419.248348929274,
    "bic": -412.256148908415,
    "params": [
      4.284114674124595e-08,
      1.0,
      0.565649583068509
    ]
  },
  "Cubic": {
    "r2": 0.8967870708016591,
    "aic": -345.7507479906265,
    "bic": -336.4278146294812,
    "params": [
      8.191421045518587e-12,
      1.0,
      1.0,
      0.6888116256726667
    ]
  },
  "Logarithmic": {
    "r2": 0.9497250639823853,
    "aic": -404.4165953397546,
    "bic": -399.75512865918193,
    "params": [
      0.6868052890721613,
      -4.434029032361772
    ]
  },
  "N Log N": {
    "r2": 0.9877100867247163,
    "aic": -511.47990783451394,
    "bic": -506.81844115394125,
    "params": [
      2.9503737706648744e-05,
      0.29205120050503885
    ]
  }
}