{
  "Constant": {
    "r2": 1.1102230246251565e-16,
    "aic": -33.95976389809812,
    "bic": -31.443570822055154,
    "params": [
      100.58092112438045,
      -99.41907887561963
    ]
  },
  "Linear": {
    "r2": 0.9667567855245206,
    "aic": -122.46128372253091,
    "bic": -119.94509064648794,
    "params": [
      0.005693125987830088,
      0.29692503173171564
    ]
  },
  "Quadratic": {
    "r2": 0.9898350145252601,
    "aic": -151.2687266802297,
    "bic": -147.49443706616523,
    "params": [
      1.8251013923475e-05,
      1.0,
      0.614171438762156
    ]
  },
  "Cubic": {
    "r2": 0.9394535143642395,
    "aic": -102.87270403358968,
    "bic": -97.84031788150375,
    "params": [
      6.201403368599756e-08,
      1.0,
      1.0,
      0.7475388930812537
    ]
  },
  "Logarithmic": {
    "r2": 0.7458511134663288,
    "aic": -69.57547432026637,
    "bic": -67.0592812442234,
    "params": [
      0.5337604222147128,
      -1.3969775128176944
    ]
  },
  "N Log N": {
    "r2": 0.9806033868451702,
    "aic": -136.46884090093982,
    "bic": -133.95264782489687,
    "params": [
      0.0009682873092971748,
      0.3980725620741511
    ]
  }
}