{
  "Constant": {
    "r2": 0.0,
    "aic": 236.99460379952,
    "bic": 238.986068346628,
    "params": [
      -51.2353864498436,
      348.76461355015635
    ]
  },
  "Linear": {
    "r2": 0.8381115511066493,
    "aic": 200.57764843926395,
    "bic": 202.56911298637195,
    "params": [
      4.887301950719937,
      -227.8557326020804
    ]
  },
  "Quadratic": {
    "r2": 0.9723446863008703,
    "aic": 167.23585595364503,
    "bic": 170.223052774307,
    "params": [
      0.02367988816824096,
      1.0,
      -71.39159061679896
    ]
  },
  "Cubic": {
    "r2": 0.9997864595195243,
    "aic": 71.96092101619666,
    "bic": 75.94385011041263,
    "params": [
      0.00011658223187971384,
      1.0,
      1.0,
      1.434257483663373
    ]
  },
  "Logarithmic": {
    "r2": 0.44268172264984906,
    "aic": 225.30222802563236,
    "bic": 227.29369257274035,
    "params": [
      217.72969483239513,
      -648.6552475016384
    ]
  },
  "N Log N": {
    "r2": 0.8770738463348798,
    "aic": 195.0711741872336,
    "bic": 197.0626387343416,
    "params": [
      0.9025869262455126,
      -176.08326650266184
    ]
  }
}