{
  "Constant": {
    "name": "Constant",
    "r2": 1.1102230246251565e-16,
    "bic": 704.2984056889336,
    "confidence_score": -0.0922219863528483,
    "params": [
      610.3591080918459,
      4562.318330614313
    ],
    "order": 0
  },
  "Linear": {
    "name": "Linear",
    "r2": 0.6958938354894266,
    "bic": 656.683269161847,
    "confidence_score": 0.5636718491365782,
    "params": [
      28.74684871106808,
      6.1445237722426345e-21
    ],
    "order": 2
  },
  "Quadratic": {
    "name": "Quadratic",
    "r2": 0.9359960386314689,
    "bic": 598.0348730968609,
    "confidence_score": 0.7176630591021963,
    "params": [
      0.09172890782408483,
      2.9026014931382046e-23,
      8.165975603321834e-24
    ],
    "order": 4
  },
  "Cubic": {
    "name": "Cubic",
    "r2": 0.9959019460258343,
    "bic": 491.78644226129387,
    "confidence_score": 0.7114579733201375,
    "params": [
      0.00025258582447556686,
      5.805069629340382e-26,
      4.9349560508816057e-26,
      3.81691926712997e-25
    ],
    "order": 5
  },
  "Logarithmic": {
    "name": "Logarithmic",
    "r2": 0.20276764448134943,
    "bic": 695.2340414882851,
    "confidence_score": 0.09054565812850102,
    "params": [
      1133.2549935303205,
      1.012673813510125e-16
    ],
    "order": 1
  },
  "N Log N": {
    "name": "N Log N",
    "r2": 0.7605820760577734,
    "bic": 647.1166209532288,
    "confidence_score": 0.6083600897049251,
    "params": [
      5.105487931278449,
      1.952354284709694e-10
    ],
    "order": 3
  },
  "confidence_analysis": {
    "best_model": "Quadratic",
    "best_score": 0.7176630591021963,
    "second_best_model": "Cubic",
    "second_best_score": 0.7114579733201375,
    "confidence_gap": 0.006205085782058806,
    "is_confident": false,
    "threshold": 0.03
  }
}