{
  "valid_points": 39,
  "models": {
    "Constant": {
      "r2": 0.7,
      "aic": 218.31691629024752,
      "bic": 221.64403958250682,
      "params": [
        108.70395370591913,
        -91.29604629408092
      ],
      "confidence_score": 0.09999999999999998
    },
    "Linear": {
      "r2": 0.9347654238496916,
      "aic": 111.85605626941248,
      "bic": 115.18317956167176,
      "params": [
        0.11978040354841735,
        -8.154459222353523
      ],
      "confidence_score": 0.46085925430981495
    },
    "Quadratic": {
      "r2": 0.9999834935691605,
      "aic": -209.14174341014385,
      "bic": -204.1510584717549,
      "params": [
        0.0002767770827998284,
        1.0,
        0.41059384936556065
      ],
      "confidence_score": 0.9799900961414962
    },
    "Cubic": {
      "r2": 0.9700706094359777,
      "aic": 85.46925783486182,
      "bic": 92.12350441938041,
      "params": [
        6.565370212503031e-07,
        1.0,
        1.0,
        4.297392253155105
      ],
      "confidence_score": 0.5620423656615866
    },
    "Logarithmic": {
      "r2": 0.5447439025947995,
      "aic": 187.62800477987437,
      "bic": 190.95512807213368,
      "params": [
        11.129826995732364,
        -38.6472526809697
      ],
      "confidence_score": 0.4203719512973998
    },
    "N Log N": {
      "r2": 0.9584616120906658,
      "aic": 94.25256278208788,
      "bic": 97.57968607434717,
      "params": [
        0.019439770911462453,
        -5.6788734654007715
      ],
      "confidence_score": 0.698
    }
  }
}