{
  "valid_points": 75,
  "models": {
    "Constant": {
      "r2": 0.7,
      "aic": -623.5054698047204,
      "bic": -618.8704935776478,
      "params": [
        100.09387234846746,
        -99.90612765153249
      ],
      "confidence_score": 0.6258152492699489
    },
    "Linear": {
      "r2": 0.010452940723855386,
      "aic": -624.2935665368585,
      "bic": -619.658590309786,
      "params": [
        1.360798549116236e-06,
        0.1836895172586515
      ],
      "confidence_score": 0.3834565446956623
    },
    "Quadratic": {
      "r2": 0.017330912173681656,
      "aic": -622.8166835905239,
      "bic": -615.864219249915,
      "params": [
        2.8850973355386813e-10,
        1.0,
        0.1848040133908145
      ],
      "confidence_score": 0.048472457761319865
    },
    "Cubic": {
      "r2": 0.021863585361822424,
      "aic": -621.163429960027,
      "bic": -611.8934775058817,
      "params": [
        6.413525888765275e-14,
        1.0,
        1.0,
        0.18529287012300127
      ],
      "confidence_score": 0.0010934223464260998
    },
    "Logarithmic": {
      "r2": 0.0033164716155535956,
      "aic": -623.7546185520058,
      "bic": -619.1196423249332,
      "params": [
        0.0020274333179145275,
        0.1716999882743356
      ],
      "confidence_score": 0.42145156142701246
    },
    "N Log N": {
      "r2": 0.011311824458556385,
      "aic": -624.3586915361673,
      "bic": -619.7237153090947,
      "params": [
        1.5804447424171182e-07,
        0.1839406080856923
      ],
      "confidence_score": 0.5036559122292782
    }
  }
}