{
  "valid_points": 50,
  "models": {
    "Constant": {
      "r2": 0.7,
      "aic": 407.9106391536518,
      "bic": 411.7346851645081,
      "params": [
        -63.5274986252188,
        136.47250137478116
      ],
      "confidence_score": 0.09999999999999998
    },
    "Linear": {
      "r2": 0.9691323294173156,
      "aic": 234.00834404115267,
      "bic": 237.83239005200895,
      "params": [
        0.000810784452438984,
        -22.75715627072205
      ],
      "confidence_score": 0.4814793976503894
    },
    "Quadratic": {
      "r2": 0.9932734975244668,
      "aic": 159.8256410530614,
      "bic": 165.56171006934582,
      "params": [
        3.3642547468502833e-09,
        1.0,
        10.084495319424988
      ],
      "confidence_score": 0.97596409851468
    },
    "Cubic": {
      "r2": 0.9410050367617441,
      "aic": 270.3954787754686,
      "bic": 278.04357079718113,
      "params": [
        1.452635671078656e-14,
        1.0,
        1.0,
        24.61059398553349
      ],
      "confidence_score": 0.5446030220570464
    },
    "Logarithmic": {
      "r2": 0.597985125549749,
      "aic": 362.34732965727113,
      "bic": 366.17137566812744,
      "params": [
        41.5631518547242,
        -398.78481725370534
      ],
      "confidence_score": 0.44699256277487454
    },
    "N Log N": {
      "r2": 0.9775503727225149,
      "aic": 218.08657579010756,
      "bic": 221.91062180096384,
      "params": [
        6.494782108487861e-05,
        -18.11153871601869
      ],
      "confidence_score": 0.6980000000001743
    }
  }
}