{
  "Constant": {
    "r2": 0.0,
    "aic": 379.9025674245013,
    "bic": 384.59017826820866,
    "params": [
      -91.3683204923744,
      108.6316795076256
    ]
  },
  "Linear": {
    "r2": 0.9716648606979283,
    "aic": 105.50131929440549,
    "bic": 110.18893013811285,
    "params": [
      0.009758895062612183,
      -11.810543937518526
    ]
  },
  "Quadratic": {
    "r2": 0.9998056722018744,
    "aic": -276.1366716439858,
    "bic": -269.1052553784247,
    "params": [
      1.6322958444375349e-06,
      1.0,
      0.5792816146587488
    ]
  },
  "Cubic": {
    "r2": 0.9800836158962062,
    "aic": 82.35419998137233,
    "bic": 91.72942166878707,
    "params": [
      3.199709755868535e-10,
      1.0,
      1.0,
      4.947150498644234
    ]
  },
  "Logarithmic": {
    "r2": 0.8699825739197842,
    "aic": 222.81588453758832,
    "bic": 227.5034953812957,
    "params": [
      24.24241504989359,
      -174.50782392167733
    ]
  },
  "N Log N": {
    "r2": 0.9781759165124532,
    "aic": 85.39749719313137,
    "bic": 90.08510803683873,
    "params": [
      0.0010935717631605103,
      -9.058115970425249
    ]
  }
}