{
  "valid_points": 31,
  "models": {
    "Constant": {
      "r2": 0.7,
      "aic": -668.982236612124,
      "bic": -666.1142622031537,
      "params": [
        -99.99989917682058,
        100.00010082317941
      ],
      "confidence_score": 0.3502539825106821
    },
    "Linear": {
      "r2": 0.19808955192184818,
      "aic": -675.8257450932421,
      "bic": -672.9577706842717,
      "params": [
        6.238412627799385e-14,
        0.00019840306580875693
      ],
      "confidence_score": 0.11922403625184315
    },
    "Quadratic": {
      "r2": 0.16179174933796803,
      "aic": -672.453386319257,
      "bic": -668.1514247058016,
      "params": [
        1.0914326116041564e-22,
        1.0,
        0.0001992785180749103
      ],
      "confidence_score": 0.0780128421249679
    },
    "Cubic": {
      "r2": 0.14889909701813087,
      "aic": -669.9801988259006,
      "bic": -664.2442500079601,
      "params": [
        1.9623924169798143e-31,
        1.0,
        1.0,
        0.000199547288339817
      ],
      "confidence_score": 0.06947240399194098
    },
    "Logarithmic": {
      "r2": 0.36644259480546826,
      "aic": -683.130781301269,
      "bic": -680.2628068922987,
      "params": [
        1.9628631906839714e-06,
        0.00018048282022318108
      ],
      "confidence_score": 0.781221297402734
    },
    "N Log N": {
      "r2": 0.19511296405205325,
      "aic": -675.7108901343128,
      "bic": -672.8429157253424,
      "params": [
        3.0925677050507495e-15,
        0.00019848938247276992
      ],
      "confidence_score": 0.10290013861289891
    }
  }
}