{
  "valid_points": 29,
  "models": {
    "Constant": {
      "r2": 0.85,
      "aic": -642.5452875034894,
      "bic": -639.8106958435164,
      "params": [
        -99.9999016009528,
        100.00009839904726
      ],
      "confidence_score": 0.21710176682820964
    },
    "Linear": {
      "r2": 0.003534235545481934,
      "aic": -642.6479618790854,
      "bic": -639.9133702191125,
      "params": [
        7.861309155840736e-15,
        0.00019650702506733697
      ],
      "confidence_score": 0.021021385223052032
    },
    "Quadratic": {
      "r2": 0.007308318983404338,
      "aic": -640.7580070153133,
      "bic": -636.6561195253539,
      "params": [
        2.2960501449571022e-23,
        1.0,
        0.00019649382248274262
      ],
      "confidence_score": 0.0
    },
    "Cubic": {
      "r2": 0.009643407877112264,
      "aic": -638.8263034961738,
      "bic": -633.3571201762279,
      "params": [
        4.999276144915831e-32,
        1.0,
        1.0,
        0.00019649322719391077
      ],
      "confidence_score": 0.0
    },
    "Logarithmic": {
      "r2": 0.16462176805244133,
      "aic": -647.7615373481899,
      "bic": -645.026945688217,
      "params": [
        9.966598822212394e-07,
        0.00018647830123572713
      ],
      "confidence_score": 0.7803108840262206
    },
    "N Log N": {
      "r2": 0.0036796750735569317,
      "aic": -642.6521948937017,
      "bic": -639.9176032337288,
      "params": [
        4.025037387436761e-16,
        0.00019650885643667944
      ],
      "confidence_score": 0.22315517134356233
    }
  }
}