{
  "valid_points": 72,
  "models": {
    "Constant": {
      "r2": 0.0,
      "aic": -171.51373140844143,
      "bic": -166.96039917040932,
      "params": [
        100.35777281866316,
        -99.64222718133689
      ],
      "confidence_score": 0.0
    },
    "Linear": {
      "r2": 0.989755307926303,
      "aic": -501.34541129608766,
      "bic": -496.79207905805555,
      "params": [
        0.0002550564945449672,
        -0.04962384638825167
      ],
      "confidence_score": 0.9697553079263029
    },
    "Quadratic": {
      "r2": 0.9829775532680285,
      "aic": -462.78574492007556,
      "bic": -455.9557465630274,
      "params": [
        4.175706129378816e-08,
        1.0,
        0.2842299917123545
      ],
      "confidence_score": 0.9429775532680285
    },
    "Cubic": {
      "r2": 0.9355761079836998,
      "aic": -364.95722329388605,
      "bic": -355.8505588178218,
      "params": [
        8.04662234746325e-12,
        1.0,
        1.0,
        0.4020291140648178
      ],
      "confidence_score": 0.8855761079836998
    },
    "Logarithmic": {
      "r2": 0.9268334712233138,
      "aic": -359.7949712295701,
      "bic": -355.24163899153797,
      "params": [
        0.6538804189688713,
        -4.463164298365326
      ],
      "confidence_score": 0.9168334712233138
    },
    "N Log N": {
      "r2": 0.9920381668764039,
      "aic": -519.496644396994,
      "bic": -514.9433121589619,
      "params": [
        2.8501663484658802e-05,
        0.024325480622861426
      ],
      "confidence_score": 0.9620381668764039
    }
  }
}