{
  "valid_points": 21,
  "models": {
    "Constant": {
      "r2": 0.95,
      "aic": 33.19970261336662,
      "bic": 35.28874748881346,
      "params": [
        140.9103950097672,
        -26.84505726101258
      ],
      "confidence_score": 0.3050000000659594
    },
    "Linear": {
      "r2": 0.7511348246342483,
      "aic": 3.9919787486741507,
      "bic": 6.081023624120997,
      "params": [
        5.500260587876227e-06,
        113.24142359483366
      ],
      "confidence_score": 0.3508743551607299
    },
    "Quadratic": {
      "r2": 0.8812171070239476,
      "aic": -9.53991288638289,
      "bic": -6.40634557321262,
      "params": [
        5.832558111203096e-12,
        1.0,
        113.35278777803721
      ],
      "confidence_score": 0.6083143188349093
    },
    "Cubic": {
      "r2": 0.9099923073918073,
      "aic": -13.365360303116606,
      "bic": -9.187270552222914,
      "params": [
        5.668460058625925e-18,
        1.0,
        1.0,
        113.39847355079577
      ],
      "confidence_score": 0.9259953844350843
    },
    "Logarithmic": {
      "r2": 0.08523550082979847,
      "aic": 31.328841492775144,
      "bic": 33.41788636822199,
      "params": [
        0.13810204753872157,
        113.02508866880454
      ],
      "confidence_score": 0.44061775058298425
    },
    "N Log N": {
      "r2": 0.7700786959729191,
      "aic": 2.3293207281188995,
      "bic": 4.4183656035657455,
      "params": [
        4.0326990696452485e-07,
        113.25581687918609
      ],
      "confidence_score": 0.3833725402447979
    }
  }
}