{
  "valid_points": 18,
  "models": {
    "Constant": {
      "r2": 0.95,
      "aic": 5.415678646929866,
      "bic": 7.196422162722195,
      "params": [
        -26.26353718709343,
        141.07026003670103
      ],
      "confidence_score": 0.8005811342872696
    },
    "Linear": {
      "r2": 0.05469027481706157,
      "aic": 4.403310880854514,
      "bic": 6.184054396646843,
      "params": [
        0.0008852287525418223,
        113.4665848770093
      ],
      "confidence_score": 0.3894330352302438
    },
    "Quadratic": {
      "r2": 0.055574936014907816,
      "aic": 6.386457825266206,
      "bic": 9.057573098954698,
      "params": [
        2.9666803491590343e-07,
        1.0,
        114.1044024802626
      ],
      "confidence_score": 0.10828891740708653
    },
    "Cubic": {
      "r2": 0.05555798504991638,
      "aic": 8.38678089444694,
      "bic": 11.948267926031598,
      "params": [
        1.2803664064567837e-10,
        1.0,
        1.0,
        114.31887212784423
      ],
      "confidence_score": 0.035709681411776995
    },
    "Logarithmic": {
      "r2": 0.053094803965460735,
      "aic": 4.433665236284821,
      "bic": 6.21440875207715,
      "params": [
        1.2751790256354942,
        105.49127921676589
      ],
      "confidence_score": 0.46960980792615603
    },
    "N Log N": {
      "r2": 0.05483924571829468,
      "aic": 4.400474046048709,
      "bic": 6.181217561841038,
      "params": [
        0.00010676903740966404,
        113.62044155543603
      ],
      "confidence_score": 0.4754196228591473
    }
  }
}