{
  "valid_points": 59,
  "models": {
    "Constant": {
      "r2": 0.7,
      "aic": 659.3524039931779,
      "bic": 663.5074788809893,
      "params": [
        30.16987246430422,
        376.37843905915787
      ],
      "confidence_score": 0.09999999999999998
    },
    "Linear": {
      "r2": 0.9763857011752709,
      "aic": 438.34413478003125,
      "bic": 442.4992096678427,
      "params": [
        0.2922583463309322,
        -316.17190423387757
      ],
      "confidence_score": 0.4858314207051625
    },
    "Quadratic": {
      "r2": 0.9999832379166417,
      "aic": 12.565325243722384,
      "bic": 18.797937575439544,
      "params": [
        5.9023607561381475e-05,
        1.0,
        0.6209535206921887
      ],
      "confidence_score": 0.979989942749985
    },
    "Cubic": {
      "r2": 0.983401506298759,
      "aic": 421.5442476042474,
      "bic": 429.8543973798703,
      "params": [
        1.427071457789077e-08,
        1.0,
        1.0,
        109.98073101576233
      ],
      "confidence_score": 0.5700409037792553
    },
    "Logarithmic": {
      "r2": 0.8974598765641503,
      "aic": 524.9798385713298,
      "bic": 529.1349134591412,
      "params": [
        627.9957324589975,
        -4455.728094317218
      ],
      "confidence_score": 0.548
    },
    "N Log N": {
      "r2": 0.9817254846752046,
      "aic": 423.2197840933099,
      "bic": 427.37485898112135,
      "params": [
        0.03339330231074826,
        -243.9970536350325
      ],
      "confidence_score": 0.698
    }
  }
}