{
  "Constant": {
    "r2": -2.220446049250313e-16,
    "aic": 673.6660284403239,
    "bic": 677.8547175647681,
    "params": [
      378.4703332107098,
      37.07059400321725
    ]
  },
  "Linear": {
    "r2": 0.9760599924289753,
    "aic": 449.7337726841813,
    "bic": 453.9224618086255,
    "params": [
      0.2952208247139129,
      -322.01909974451394
    ]
  },
  "Quadratic": {
    "r2": 0.9999841088566832,
    "aic": 12.681110758413631,
    "bic": 18.96414444507993,
    "params": [
      5.903180402100361e-05,
      1.0,
      0.5817801648530413
    ]
  },
  "Cubic": {
    "r2": 0.9832611473131421,
    "aic": 432.26466323066415,
    "bic": 440.6420414795526,
    "params": [
      1.4113235540841648e-08,
      1.0,
      1.0,
      112.0801358991793
    ]
  },
  "Logarithmic": {
    "r2": 0.8959990173987574,
    "aic": 537.8647325325323,
    "bic": 542.0534216569765,
    "params": [
      639.3211844820515,
      -4540.299767819856
    ]
  },
  "N Log N": {
    "r2": 0.9814688874431083,
    "aic": 434.36777646189853,
    "bic": 438.5564655863427,
    "params": [
      0.03369689203288624,
      -248.61001571254482
    ]
  }
}