{
  "valid_points": 29,
  "models": {
    "Constant": {
      "r2": 0.85,
      "aic": -526.5502960900866,
      "bic": -523.8157044301137,
      "params": [
        -99.99931191319016,
        100.0006880868098
      ],
      "confidence_score": 0.42500000590962084
    },
    "Linear": {
      "r2": 0.705841124911049,
      "aic": -562.0357188082429,
      "bic": -559.30112714827,
      "params": [
        6.310367489066357e-13,
        0.0013411044073272298
      ],
      "confidence_score": 0.8135046749466295
    },
    "Quadratic": {
      "r2": 0.6138325379339122,
      "aic": -552.1433368475083,
      "bic": -548.0414493575489,
      "params": [
        1.1372494941966604e-21,
        1.0,
        0.0013497996806493152
      ],
      "confidence_score": 0.3497351841643629
    },
    "Cubic": {
      "r2": 0.5614958499661657,
      "aic": -546.457490178694,
      "bic": -540.9883068587482,
      "params": [
        2.0376084762945584e-30,
        1.0,
        1.0,
        0.0013528752472392858
      ],
      "confidence_score": 0.31693972641812435
    },
    "Logarithmic": {
      "r2": 0.4975537967926249,
      "aic": -546.5100304792279,
      "bic": -543.775438819255,
      "params": [
        1.2936178443821488e-05,
        0.0012314056614942126
      ],
      "confidence_score": 0.5469044720136852
    },
    "N Log N": {
      "r2": 0.700745557702765,
      "aic": -561.5376676967477,
      "bic": -558.8030760367748,
      "params": [
        3.140021667521828e-14,
        0.001341908972799168
      ],
      "confidence_score": 0.5822407941184511
    }
  }
}