{
  "valid_points": 20,
  "models": {
    "Constant": {
      "r2": 0.7,
      "aic": 144.88916374847517,
      "bic": 146.88062829558316,
      "params": [
        105.60225024819374,
        -94.39774975180617
      ],
      "confidence_score": 0.11999999999999998
    },
    "Linear": {
      "r2": 0.9994831262413281,
      "aic": -6.465074127348977,
      "bic": -4.473609580240995,
      "params": [
        7.326306942878613e-05,
        -0.3187033576052727
      ],
      "confidence_score": 0.4996898760926216
    },
    "Quadratic": {
      "r2": 0.9645259389691785,
      "aic": 80.11009325323295,
      "bic": 83.09729007389492,
      "params": [
        3.4775199367610046e-11,
        1.0,
        2.920101992433027
      ],
      "confidence_score": 0.5587155633815071
    },
    "Cubic": {
      "r2": 0.9455584702649841,
      "aic": 90.67660370595397,
      "bic": 94.65953280016993,
      "params": [
        1.639261948357556e-17,
        1.0,
        1.0,
        3.5097551614253755
      ],
      "confidence_score": 0.5473350821589904
    },
    "Logarithmic": {
      "r2": 0.28205808036149216,
      "aic": 138.26183164699094,
      "bic": 140.25329619409894,
      "params": [
        4.332448675542625,
        -20.208350796129018
      ],
      "confidence_score": 0.38902904018074613
    },
    "N Log N": {
      "r2": 0.9999358325870952,
      "aic": -48.191137517247135,
      "bic": -46.199672970139154,
      "params": [
        5.05240534998348e-06,
        0.18801217176776616
      ],
      "confidence_score": 0.998
    }
  }
}