{
  "valid_points": 20,
  "models": {
    "Constant": {
      "r2": 0.7,
      "aic": 151.46827582071677,
      "bic": 153.45974036782476,
      "params": [
        107.82651556655769,
        -92.17348443344233
      ],
      "confidence_score": 0.11999999999999998
    },
    "Linear": {
      "r2": 0.999999808419808,
      "aic": -157.89091134980862,
      "bic": -155.89944680270062,
      "params": [
        3.982467974661397e-05,
        -0.006622348409101697
      ],
      "confidence_score": 0.8999998850518848
    },
    "Quadratic": {
      "r2": 0.9254733503368919,
      "aic": 101.53630574147451,
      "bic": 104.52350256213649,
      "params": [
        9.862076791150895e-12,
        1.0,
        4.222216082126644
      ],
      "confidence_score": 0.5352840102021351
    },
    "Cubic": {
      "r2": 0.8481518782083071,
      "aic": 117.77078669258547,
      "bic": 121.75371578680144,
      "params": [
        2.2847961574457105e-18,
        1.0,
        1.0,
        6.035891355984979
      ],
      "confidence_score": 0.48889112692498415
    },
    "Logarithmic": {
      "r2": 0.38089192614606915,
      "aic": 141.87876727539572,
      "bic": 143.8702318225037,
      "params": [
        5.872077534881253,
        -31.603798833774636
      ],
      "confidence_score": 0.43844596307303463
    },
    "N Log N": {
      "r2": 0.9992560862471475,
      "aic": 7.396566751993435,
      "bic": 9.388031299101417,
      "params": [
        2.635338411006268e-06,
        0.4734301869643335
      ],
      "confidence_score": 0.648
    }
  }
}