{
  "Constant": {
    "r2": -2.220446049250313e-16,
    "aic": 97.43743993898364,
    "bic": 99.32631789731653,
    "params": [
      -93.47737921695959,
      106.5226207830404
    ]
  },
  "Linear": {
    "r2": 0.9222088930977408,
    "aic": 48.91660487047875,
    "bic": 50.805482828811634,
    "params": [
      0.18635427299106092,
      -5.962894277505712
    ]
  },
  "Quadratic": {
    "r2": 0.9985587600583278,
    "aic": -24.865337901661682,
    "bic": -22.032020964162363,
    "params": [
      0.000919288877692992,
      1.0,
      0.1439414565360594
    ]
  },
  "Cubic": {
    "r2": 0.9811383182228433,
    "aic": 25.995606090874993,
    "bic": 29.773362007540754,
    "params": [
      4.661278506401523e-06,
      1.0,
      1.0,
      2.921000585659815
    ]
  },
  "Logarithmic": {
    "r2": 0.5482403145053141,
    "aic": 82.33994665286598,
    "bic": 84.22882461119886,
    "params": [
      8.36723592172509,
      -22.870940629606043
    ]
  },
  "N Log N": {
    "r2": 0.9505653013837629,
    "aic": 40.30248863484002,
    "bic": 42.1913665931729,
    "params": [
      0.034484410448689974,
      -3.9409815456073565
    ]
  }
}