{
  "valid_points": 67,
  "models": {
    "Constant": {
      "r2": 2.220446049250313e-16,
      "aic": 237.4529963628765,
      "bic": 241.86238160165843,
      "params": [
        -95.4230894348515,
        104.57691056514861
      ],
      "confidence_score": 2.220446049250313e-16
    },
    "Linear": {
      "r2": 0.9770302941738069,
      "aic": -15.376801275752772,
      "bic": -10.96741603697084,
      "params": [
        0.006964102569768094,
        -7.18999212448367
      ],
      "confidence_score": 0.9570302941738069
    },
    "Quadratic": {
      "r2": 0.9999203018947002,
      "aic": -392.84374157564423,
      "bic": -386.22966371747134,
      "params": [
        1.4610849319307562e-06,
        1.0,
        0.146873657613815
      ],
      "confidence_score": 0.9599203018947001
    },
    "Cubic": {
      "r2": 0.9828811861846679,
      "aic": -31.07467584661363,
      "bic": -22.255905369049767,
      "params": [
        3.680308912120976e-10,
        1.0,
        1.0,
        2.6774965938493414
      ],
      "confidence_score": 0.9328811861846679
    },
    "Logarithmic": {
      "r2": 0.8999284139646629,
      "aic": 83.22774061686228,
      "bic": 87.63712585564421,
      "params": [
        14.483523609454725,
        -102.296117831303
      ],
      "confidence_score": 0.8899284139646629
    },
    "N Log N": {
      "r2": 0.982279625079395,
      "aic": -32.760695427873884,
      "bic": -28.351310189091954,
      "params": [
        0.0007990045338002945,
        -5.513999415591143
      ],
      "confidence_score": 0.952279625079395
    }
  }
}