{
  "valid_points": 41,
  "models": {
    "Constant": {
      "r2": 0.7,
      "aic": 329.8196083955145,
      "bic": 333.2467525289231,
      "params": [
        338.4341124778349,
        -238.62200642320482
      ],
      "confidence_score": 0.11999999999999998
    },
    "Linear": {
      "r2": 0.9999599532962806,
      "aic": -85.32442347534061,
      "bic": -81.89727934193199,
      "params": [
        9.404557923956061e-05,
        0.5432349144466022
      ],
      "confidence_score": 0.8999759719777684
    },
    "Quadratic": {
      "r2": 0.9450076504700827,
      "aic": 212.89659907739582,
      "bic": 218.03731527750875,
      "params": [
        4.211808745351818e-11,
        1.0,
        39.425949151319976
      ],
      "confidence_score": 0.5470045902820496
    },
    "Cubic": {
      "r2": 0.8527943227346357,
      "aic": 255.26670368837142,
      "bic": 262.12099195518863,
      "params": [
        2.0489748239364605e-17,
        1.0,
        1.0,
        54.98050254339874
      ],
      "confidence_score": 0.4916765936407814
    },
    "Logarithmic": {
      "r2": 0.8804868674098022,
      "aic": 242.72211867816088,
      "bic": 246.14926281156949,
      "params": [
        66.59835043776526,
        -809.5398116080133
      ],
      "confidence_score": 0.548
    },
    "N Log N": {
      "r2": 0.9995025083598668,
      "aic": 17.976404379895786,
      "bic": 21.4035485133044,
      "params": [
        6.369652053051889e-06,
        5.479505693321299
      ],
      "confidence_score": 0.698
    }
  }
}