{
  "valid_points": 19,
  "models": {
    "Constant": {
      "r2": 0.95,
      "aic": -53.984498022240004,
      "bic": -52.09562006390712,
      "params": [
        -57.25187512212678,
        142.74812487787324
      ],
      "confidence_score": 0.9400125167905022
    },
    "Linear": {
      "r2": 0.014149535363660037,
      "aic": -54.255259317068564,
      "bic": -52.36638135873568,
      "params": [
        -9.443806974496205e-05,
        85.63790686036346
      ],
      "confidence_score": 0.3869429196872855
    },
    "Quadratic": {
      "r2": 0.021271720643316505,
      "aic": -52.39302128111927,
      "bic": -49.55970434361995,
      "params": [
        -3.847026763814654e-08,
        1.0,
        85.5856931278912
      ],
      "confidence_score": 0.0903217065857368
    },
    "Cubic": {
      "r2": 0.02927519831287062,
      "aic": -50.54903111954311,
      "bic": -46.77127520287735,
      "params": [
        -1.9484422383256508e-11,
        1.0,
        1.0,
        85.56858562713103
      ],
      "confidence_score": 0.02176237922204061
    },
    "Logarithmic": {
      "r2": 0.00833293070453911,
      "aic": -54.14348705174902,
      "bic": -52.254609093416136,
      "params": [
        -0.10611961166282713,
        86.2705018232258
      ],
      "confidence_score": 0.4336923190866042
    },
    "N Log N": {
      "r2": 0.014945371847375988,
      "aic": -54.27060342883502,
      "bic": -52.38172547050213,
      "params": [
        -1.1688690656678918e-05,
        85.62476792672344
      ],
      "confidence_score": 0.298
    }
  }
}