{
  "valid_points": 19,
  "models": {
    "Constant": {
      "r2": 0.9,
      "aic": -220.2220191885492,
      "bic": -218.33314123021634,
      "params": [
        100.03512056642447,
        -99.96487943357535
      ],
      "confidence_score": 0.7326520656188903
    },
    "Linear": {
      "r2": 0.09767306170021173,
      "aic": -222.1748081288619,
      "bic": -220.28593017052904,
      "params": [
        -3.1244075084924106e-06,
        0.07492774411161152
      ],
      "confidence_score": 0.3887682997860016
    },
    "Quadratic": {
      "r2": 0.10054619939943843,
      "aic": -220.23540336265103,
      "bic": -217.4020864251517,
      "params": [
        -1.0532002359793198e-09,
        1.0,
        0.07268982339779309
      ],
      "confidence_score": 0.13462559636687615
    },
    "Cubic": {
      "r2": 0.1038668771117629,
      "aic": -218.30567893398347,
      "bic": -214.5279230173177,
      "params": [
        -4.621470033929271e-13,
        1.0,
        1.0,
        0.07195685359923726
      ],
      "confidence_score": 0.06472720601993183
    },
    "Logarithmic": {
      "r2": 0.09565643239850452,
      "aic": -222.13239201311717,
      "bic": -220.2435140547843,
      "params": [
        -0.0045275280721806515,
        0.10327411608770552
      ],
      "confidence_score": 0.3886284016924895
    },
    "N Log N": {
      "r2": 0.09796593809010723,
      "aic": -222.18097613122535,
      "bic": -220.29209817289248,
      "params": [
        -3.768421052089135e-07,
        0.07438454458529786
      ],
      "confidence_score": 0.298
    }
  }
}