{
  "valid_points": 30,
  "models": {
    "Constant": {
      "r2": 0.7,
      "aic": -538.9852267063014,
      "bic": -536.1828319429771,
      "params": [
        100.00035036355258,
        -99.99964963644734
      ],
      "confidence_score": 0.3500000065787607
    },
    "Linear": {
      "r2": 0.2916256737437145,
      "aic": -549.3287051744351,
      "bic": -546.5263104111108,
      "params": [
        5.906107420220559e-13,
        0.000679567680609741
      ],
      "confidence_score": 0.16497695000114995
    },
    "Quadratic": {
      "r2": 0.2970039418597267,
      "aic": -547.5573465378372,
      "bic": -543.3537543928508,
      "params": [
        1.2115500436184873e-21,
        1.0,
        0.0006852068152771052
      ],
      "confidence_score": 0.15820268151028236
    },
    "Cubic": {
      "r2": 0.29210024634082876,
      "aic": -545.3488102920082,
      "bic": -539.7440207653597,
      "params": [
        2.277984423627244e-30,
        1.0,
        1.0,
        0.0006872984950127087
      ],
      "confidence_score": 0.1552601998502332
    },
    "Logarithmic": {
      "r2": 0.6913960202928833,
      "aic": -574.2561200002408,
      "bic": -571.4537252369165,
      "params": [
        1.6823745254875784e-05,
        0.0005245601145875905
      ],
      "confidence_score": 0.8436980101464417
    },
    "N Log N": {
      "r2": 0.29190784139530146,
      "aic": -549.3406574934628,
      "bic": -546.5382627301385,
      "params": [
        2.9652254083199793e-14,
        0.0006801149858270906
      ],
      "confidence_score": 0.3439550869628436
    }
  }
}