{
  "valid_points": 9,
  "models": {
    "Constant": {
      "r2": 0.0,
      "aic": 63.21303126977498,
      "bic": 63.60748042444742,
      "params": [
        22.15168206890424,
        1.0
      ],
      "confidence_score": 0.0
    },
    "Linear": {
      "r2": 0.9533494345216451,
      "aic": 35.62739919941727,
      "bic": 36.021848354089705,
      "params": [
        0.11255794890084359,
        -16.431196627892373
      ],
      "confidence_score": 0.9333494345216451
    },
    "Quadratic": {
      "r2": 0.9999914977441305,
      "aic": -39.863580029658955,
      "bic": -39.2719062976503,
      "params": [
        0.00013109010240852648,
        1.0,
        -0.1623285052586898
      ],
      "confidence_score": 0.9599914977441305
    },
    "Cubic": {
      "r2": 0.9734069594602138,
      "aic": 34.56907968835205,
      "bic": 35.35797799769692,
      "params": [
        1.6292088099664564e-07,
        1.0,
        1.0,
        5.380252021495607
      ],
      "confidence_score": 0.9234069594602138
    },
    "Logarithmic": {
      "r2": 0.7957883799872277,
      "aic": 48.915645041458404,
      "bic": 49.31009419613084,
      "params": [
        34.34072671269369,
        -170.1669214625849
      ],
      "confidence_score": 0.7857883799872277
    },
    "N Log N": {
      "r2": 0.9667051823822562,
      "aic": 32.59184957895992,
      "bic": 32.98629873363236,
      "params": [
        0.016268107680794522,
        -11.605121867747838
      ],
      "confidence_score": 0.9367051823822562
    }
  }
}