{
  "valid_points": 18,
  "models": {
    "Constant": {
      "r2": 0.7,
      "aic": -71.15948750899317,
      "bic": -69.37874399320084,
      "params": [
        -99.58934541791679,
        100.41065458208327
      ],
      "confidence_score": 0.09999999999999998
    },
    "Linear": {
      "r2": 0.9868773542519356,
      "aic": -149.16097295604405,
      "bic": -147.38022944025172,
      "params": [
        0.0004376795208246298,
        0.16478988292966334
      ],
      "confidence_score": 0.8614166899622544
    },
    "Quadratic": {
      "r2": 0.9825577696538746,
      "aic": -142.03898518245535,
      "bic": -139.36786990876686,
      "params": [
        1.4512808374038598e-07,
        1.0,
        0.48328166912113485
      ],
      "confidence_score": 0.5762567794242623
    },
    "Cubic": {
      "r2": 0.967377618485058,
      "aic": -128.76910768848973,
      "bic": -125.20762065690506,
      "params": [
        6.221016222530173e-11,
        1.0,
        1.0,
        0.5891874964556207
      ],
      "confidence_score": 0.5604322288840059
    },
    "Logarithmic": {
      "r2": 0.9787729599920556,
      "aic": -140.50411739218004,
      "bic": -138.7233738763877,
      "params": [
        0.6383978674320806,
        -3.8358515315545305
      ],
      "confidence_score": 0.5516527238152927
    },
    "N Log N": {
      "r2": 0.9869933119215955,
      "aic": -149.3207360613867,
      "bic": -147.53999254559437,
      "params": [
        5.271384991672726e-05,
        0.24164183227799585
      ],
      "confidence_score": 0.9480000000000001
    }
  }
}