{
  "valid_points": 29,
  "models": {
    "Constant": {
      "r2": 0.7,
      "aic": 214.1047272106847,
      "bic": 216.83931887065765,
      "params": [
        -90.61764821667089,
        109.38235178332906
      ],
      "confidence_score": 0.12018951006356111
    },
    "Linear": {
      "r2": 0.15145077703233623,
      "aic": 209.3421388676354,
      "bic": 212.07673052760836,
      "params": [
        1.3364033347530355e-07,
        13.816593067369743
      ],
      "confidence_score": 0.0
    },
    "Quadratic": {
      "r2": 0.013381525801559269,
      "aic": 215.71404311864262,
      "bic": 219.81593060860203,
      "params": [
        8.068265681897932e-17,
        1.0,
        17.695499232308528
      ],
      "confidence_score": 0.0
    },
    "Cubic": {
      "r2": 4.194851783045905e-06,
      "aic": 218.10460555972784,
      "bic": 223.57378887967374,
      "params": [
        2.7079025557301883e-27,
        1.0,
        1.0,
        18.748190048964485
      ],
      "confidence_score": 0.0
    },
    "Logarithmic": {
      "r2": 0.398347690997386,
      "aic": 199.37053596135988,
      "bic": 202.10512762133283,
      "params": [
        4.026143253059212,
        -22.92350560839745
      ],
      "confidence_score": 0.747173845498693
    },
    "N Log N": {
      "r2": 0.13567957511662365,
      "aic": 209.87618742357438,
      "bic": 212.61077908354733,
      "params": [
        6.347129310384991e-09,
        14.20367598244121
      ],
      "confidence_score": 0.4674096009343809
    }
  }
}