{
  "valid_points": 30,
  "models": {
    "Constant": {
      "r2": 0.0,
      "aic": 504.5603235305492,
      "bic": 507.3627182938735,
      "params": [
        2163.194357395171,
        1501.000000000001
      ],
      "confidence_score": 0.0
    },
    "Linear": {
      "r2": 0.8333023999432069,
      "aic": 450.81310694728194,
      "bic": 453.6155017106062,
      "params": [
        40.26204665765108,
        -2878.3882244731285
      ],
      "confidence_score": 0.8133023999432069
    },
    "Quadratic": {
      "r2": 0.9694628589095512,
      "aic": 401.8959756642558,
      "bic": 406.0995678092423,
      "params": [
        0.1292718839506367,
        1.0,
        -921.2301835318566
      ],
      "confidence_score": 0.9294628589095512
    },
    "Cubic": {
      "r2": 0.9997682305269764,
      "aic": 257.4673035988628,
      "bic": 263.07209312551146,
      "params": [
        0.0004225961491233221,
        1.0,
        1.0,
        -16.686773341672534
      ],
      "confidence_score": 0.9497682305269763
    },
    "Logarithmic": {
      "r2": 0.4310671698409988,
      "aic": 487.64053650793437,
      "bic": 490.44293127125866,
      "params": [
        2667.2881976669482,
        -9042.947418678701
      ],
      "confidence_score": 0.4210671698409988
    },
    "N Log N": {
      "r2": 0.8697646004169076,
      "aic": 443.4079725316545,
      "bic": 446.21036729497877,
      "params": [
        6.9086365949239426,
        -2275.796646306456
      ],
      "confidence_score": 0.8397646004169076
    }
  }
}