{
  "valid_points": 57,
  "models": {
    "Constant": {
      "r2": 0.0,
      "aic": -237.10047213724997,
      "bic": -233.01436960158085,
      "params": [
        -99.7492195678907,
        100.2507804321093
      ],
      "confidence_score": 0.0
    },
    "Linear": {
      "r2": 0.8919442507150237,
      "aic": -363.9316274508951,
      "bic": -359.845524915226,
      "params": [
        0.00013191980098359313,
        0.1706041705224255
      ],
      "confidence_score": 0.8719442507150237
    },
    "Quadratic": {
      "r2": 0.867510039712215,
      "aic": -350.3116313841072,
      "bic": -344.1824775806036,
      "params": [
        2.5760484412273854e-08,
        1.0,
        0.32020931386893625
      ],
      "confidence_score": 0.8275100397122149
    },
    "Cubic": {
      "r2": 0.8143485621570701,
      "aic": -329.08188028543594,
      "bic": -320.9096752140977,
      "params": [
        6.0586259467714394e-12,
        1.0,
        1.0,
        0.371984659098005
      ],
      "confidence_score": 0.76434856215707
    },
    "Logarithmic": {
      "r2": 0.8682037991303392,
      "aic": -352.6108856279974,
      "bic": -348.5247830923283,
      "params": [
        0.29591572625820606,
        -1.7948484307674637
      ],
      "confidence_score": 0.8582037991303392
    },
    "N Log N": {
      "r2": 0.8913053852909814,
      "aic": -363.59561477757165,
      "bic": -359.50951224190254,
      "params": [
        1.5008888638652115e-05,
        0.20449749681951937
      ],
      "confidence_score": 0.8613053852909813
    }
  }
}