{
  "valid_points": 21,
  "models": {
    "Constant": {
      "r2": 0.7,
      "aic": 137.14696410721297,
      "bic": 139.23600898265983,
      "params": [
        105.11202757202447,
        -94.88797242797553
      ],
      "confidence_score": 0.09999999999999998
    },
    "Linear": {
      "r2": 0.9997610964092861,
      "aic": -37.981495837323585,
      "bic": -35.89245096187674,
      "params": [
        4.5988447648581676e-05,
        -0.10926216223779317
      ],
      "confidence_score": 0.8998566578455717
    },
    "Quadratic": {
      "r2": 0.9217343762682804,
      "aic": 85.64638119824372,
      "bic": 88.77994851141399,
      "params": [
        2.3641762097308123e-11,
        1.0,
        2.693944231772386
      ],
      "confidence_score": 0.5330406257609682
    },
    "Cubic": {
      "r2": 0.8144250376454375,
      "aic": 105.77674036163823,
      "bic": 109.95483011253192,
      "params": [
        1.0916169400515556e-17,
        1.0,
        1.0,
        4.220274885834371
      ],
      "confidence_score": 0.46865502258726244
    },
    "Logarithmic": {
      "r2": 0.39678101240995267,
      "aic": 126.53198942885727,
      "bic": 128.62103430430412,
      "params": [
        3.460860799366338,
        -16.073227325569306
      ],
      "confidence_score": 0.34639050620497636
    },
    "N Log N": {
      "r2": 0.9997578697434213,
      "aic": -37.69976514481711,
      "bic": -35.61072026937026,
      "params": [
        3.200387975997163e-06,
        0.19970801880430666
      ],
      "confidence_score": 0.9085818794734282
    }
  }
}