{
  "valid_points": 55,
  "models": {
    "Constant": {
      "r2": 0.7,
      "aic": 445.1061028353929,
      "bic": 449.12076920585787,
      "params": [
        137.55729362696027,
        -37.93989142561118
      ],
      "confidence_score": 0.11999999999999998
    },
    "Linear": {
      "r2": 0.9995107457574741,
      "aic": 25.861547422360246,
      "bic": 29.87621379282519,
      "params": [
        7.228450085247733e-05,
        -1.044910732957706
      ],
      "confidence_score": 0.8997064474544845
    },
    "Quadratic": {
      "r2": 0.945168584630681,
      "aic": 287.4140441485894,
      "bic": 293.4360437042868,
      "params": [
        2.4381930724066345e-11,
        1.0,
        38.14785169526044
      ],
      "confidence_score": 0.5471011507784086
    },
    "Cubic": {
      "r2": 0.8511056338391472,
      "aic": 344.35760313325375,
      "bic": 352.3869358741836,
      "params": [
        8.848103396899367e-18,
        1.0,
        1.0,
        54.14416986042219
      ],
      "confidence_score": 0.4906633803034882
    },
    "Logarithmic": {
      "r2": 0.8603311259759707,
      "aic": 336.8396564492174,
      "bic": 340.85432281968235,
      "params": [
        64.99983593606724,
        -804.8572815454365
      ],
      "confidence_score": 0.548
    },
    "N Log N": {
      "r2": 0.9993368950685231,
      "aic": 42.58435064163686,
      "bic": 46.599017012101804,
      "params": [
        4.806852356294612e-06,
        3.788862003423287
      ],
      "confidence_score": 0.6480701149574277
    }
  }
}