{
  "valid_points": 9,
  "models": {
    "Constant": {
      "r2": 0.7,
      "aic": 76.8076709908077,
      "bic": 77.20212014548014,
      "params": [
        25.708883543809254,
        1.0
      ],
      "confidence_score": 0.10000000000000002
    },
    "Linear": {
      "r2": 0.9187871043854184,
      "aic": 54.211539907879235,
      "bic": 54.60598906255167,
      "params": [
        0.3398426942157905,
        -11.542299705145844
      ],
      "confidence_score": 0.45127226263594283
    },
    "Quadratic": {
      "r2": 0.9997631086869612,
      "aic": 3.676488939710166,
      "bic": 4.268162671718825,
      "params": [
        0.0007035696713055817,
        1.0,
        -0.45586329089918065
      ],
      "confidence_score": 0.9798578652121767
    },
    "Cubic": {
      "r2": 0.9876634872962152,
      "aic": 41.250943877901946,
      "bic": 42.039842187246826,
      "params": [
        1.3672848331985316e-06,
        1.0,
        1.0,
        3.5643711217785135
      ],
      "confidence_score": 0.57259809488987
    },
    "Logarithmic": {
      "r2": 0.4118338156988227,
      "aic": 72.03095928893725,
      "bic": 72.4254084436097,
      "params": [
        18.670602588233496,
        -35.42587529931558
      ],
      "confidence_score": 0.3539169078494118
    },
    "N Log N": {
      "r2": 0.950046780479236,
      "aic": 49.83765610095674,
      "bic": 50.23210525562918,
      "params": [
        0.055420887577199325,
        -8.021710810023386
      ],
      "confidence_score": 0.6980000000313458
    }
  }
}