{
  "valid_points": 199,
  "models": {
    "Constant": {
      "r2": 0.85,
      "aic": -3361.277928311571,
      "bic": -3354.691318662122,
      "params": [
        100.00133369323913,
        -99.99866630676085
      ],
      "confidence_score": 0.44500000000005363
    },
    "Linear": {
      "r2": 0.19686183120300815,
      "aic": -3404.9044026149454,
      "bic": -3398.317792965496,
      "params": [
        3.3053778261403615e-11,
        0.0024995257930155628
      ],
      "confidence_score": 0.1083298578556903
    },
    "Quadratic": {
      "r2": 0.14506157824217958,
      "aic": -3390.4663692725803,
      "bic": -3380.586454798407,
      "params": [
        2.7198940469368863e-18,
        1.0,
        0.0025750607206314917
      ],
      "confidence_score": 0.06703697697680965
    },
    "Cubic": {
      "r2": 0.11160580309373058,
      "aic": -3380.8275324037713,
      "bic": -3367.6543131048734,
      "params": [
        2.5006348207243325e-25,
        1.0,
        1.0,
        0.0026036581459384822
      ],
      "confidence_score": 0.04696348190294709
    },
    "Logarithmic": {
      "r2": 0.2554668881416249,
      "aic": -3419.982520869099,
      "bic": -3413.39591121965,
      "params": [
        0.00012271211605130184,
        0.0008053679404153052
      ],
      "confidence_score": 0.7257334440708124
    },
    "N Log N": {
      "r2": 0.19295614148182594,
      "aic": -3403.939003963548,
      "bic": -3397.352394314099,
      "params": [
        2.0065731608477134e-12,
        0.002508192777035707
      ],
      "confidence_score": 0.3945765434358377
    }
  }
}