{
  "valid_points": 95,
  "models": {
    "Constant": {
      "r2": 0.7,
      "aic": -147.31601994949295,
      "bic": -142.20826616629188,
      "params": [
        -99.509824263422,
        100.49017573657797
      ],
      "confidence_score": 0.35
    },
    "Linear": {
      "r2": 0.9947582595551455,
      "aic": -646.1706804836127,
      "bic": -641.0629267004116,
      "params": [
        0.0003226123018955007,
        0.2989467486994313
      ],
      "confidence_score": 0.9868549557330873
    },
    "Quadratic": {
      "r2": 0.9122507404060961,
      "aic": -376.4768461125594,
      "bic": -368.81521543775773,
      "params": [
        6.968293410829163e-08,
        1.0,
        0.5340471556648373
      ],
      "confidence_score": 0.5273504442436576
    },
    "Cubic": {
      "r2": 0.8020799343534547,
      "aic": -297.20576362179327,
      "bic": -286.9902560553911,
      "params": [
        1.534485960608329e-11,
        1.0,
        1.0,
        0.6456909111898229
      ],
      "confidence_score": 0.4612479606120728
    },
    "Logarithmic": {
      "r2": 0.6290955458732703,
      "aic": -241.53804458048165,
      "bic": -236.43029079728058,
      "params": [
        0.19946638316951765,
        -0.4138200352877984
      ],
      "confidence_score": 0.598
    },
    "N Log N": {
      "r2": 0.9915553776281312,
      "aic": -600.8674373100982,
      "bic": -595.7596835268971,
      "params": [
        3.801702308069144e-05,
        0.34404932568167346
      ],
      "confidence_score": 0.5980000000436161
    }
  }
}