{
  "valid_points": 98,
  "models": {
    "Constant": {
      "r2": 0.7,
      "aic": 768.9958783978503,
      "bic": 774.1658133551915,
      "params": [
        144.47509975229602,
        -55.524900247704025
      ],
      "confidence_score": 0.11999999999999998
    },
    "Linear": {
      "r2": 0.9998036633324149,
      "aic": -67.5007302929603,
      "bic": -62.33079533561916,
      "params": [
        3.617938626732098e-05,
        -2.505921138551041
      ],
      "confidence_score": 0.8998821979994489
    },
    "Quadratic": {
      "r2": 0.9438499043917867,
      "aic": 488.78264268094216,
      "bic": 496.5375451169539,
      "params": [
        6.73005559900636e-12,
        1.0,
        33.32232191785697
      ],
      "confidence_score": 0.546309942635072
    },
    "Cubic": {
      "r2": 0.850993432192792,
      "aic": 586.4269187108673,
      "bic": 596.7667886255496,
      "params": [
        1.3582455084769613e-18,
        1.0,
        1.0,
        47.63328918159559
      ],
      "confidence_score": 0.4905960593156752
    },
    "Logarithmic": {
      "r2": 0.8725978243949011,
      "aic": 567.0760454132255,
      "bic": 572.2459803705667,
      "params": [
        60.77619745269029,
        -793.618086548984
      ],
      "confidence_score": 0.548
    },
    "N Log N": {
      "r2": 0.9994157006854778,
      "aic": 39.37635460445994,
      "bic": 44.54628956180109,
      "params": [
        2.3132457722110643e-06,
        1.7786142682188533
      ],
      "confidence_score": 0.698
    }
  }
}