{
  "valid_points": 19,
  "models": {
    "Constant": {
      "r2": 0.7,
      "aic": 146.96805805572365,
      "bic": 148.85693601405652,
      "params": [
        -90.70193069545849,
        109.29806930454158
      ],
      "confidence_score": 0.11999999999999998
    },
    "Linear": {
      "r2": 0.9999803303974744,
      "aic": -58.92422846941232,
      "bic": -57.03535051107944,
      "params": [
        0.0003377563690248886,
        -0.04365768158370198
      ],
      "confidence_score": 0.8999881982384846
    },
    "Quadratic": {
      "r2": 0.9220917011870673,
      "aic": 100.475824852628,
      "bic": 103.30914179012731,
      "params": [
        6.645088545689912e-10,
        1.0,
        5.778050483356196
      ],
      "confidence_score": 0.5332550207122403
    },
    "Cubic": {
      "r2": 0.8453005960875064,
      "aic": 115.50890193843455,
      "bic": 119.28665785510032,
      "params": [
        1.2300536344148662e-15,
        1.0,
        1.0,
        7.933388084592746
      ],
      "confidence_score": 0.4871803576525038
    },
    "Logarithmic": {
      "r2": 0.38719875046392127,
      "aic": 137.6634802472682,
      "bic": 139.55235820560108,
      "params": [
        6.875599123017758,
        -28.61241412877799
      ],
      "confidence_score": 0.4415993752319607
    },
    "N Log N": {
      "r2": 0.9990251560205772,
      "aic": 15.236628759081325,
      "bic": 17.125506717414204,
      "params": [
        2.590254953481835e-05,
        0.7607795370956224
      ],
      "confidence_score": 0.648
    }
  }
}