{
  "valid_points": 75,
  "models": {
    "Constant": {
      "r2": 0.7,
      "aic": -304.0065661208605,
      "bic": -299.37158989378787,
      "params": [
        -99.78100391725702,
        100.21899608274308
      ],
      "confidence_score": 0.37
    },
    "Linear": {
      "r2": 0.979166036418697,
      "aic": -594.3443730805802,
      "bic": -589.7093968535077,
      "params": [
        0.00010983850029666861,
        0.10847666459274159
      ],
      "confidence_score": 0.9774996218512182
    },
    "Quadratic": {
      "r2": 0.9540582440267594,
      "aic": -533.0351305656623,
      "bic": -526.0826662250533,
      "params": [
        1.7814535018299563e-08,
        1.0,
        0.25386113153687356
      ],
      "confidence_score": 0.5524349464160617
    },
    "Cubic": {
      "r2": 0.8941615075682168,
      "aic": -468.444641354762,
      "bic": -459.17468890061673,
      "params": [
        3.4085037892297292e-12,
        1.0,
        1.0,
        0.3049787136151169
      ],
      "confidence_score": 0.51649690454093
    },
    "Logarithmic": {
      "r2": 0.9381376759139889,
      "aic": -512.7198617961365,
      "bic": -508.08488556906383,
      "params": [
        0.2850653237274025,
        -1.8196069532614467
      ],
      "confidence_score": 0.548
    },
    "N Log N": {
      "r2": 0.9791345483259304,
      "aic": -594.2311049499885,
      "bic": -589.596128722916,
      "params": [
        1.2259534486828403e-05,
        0.1406607507342108
      ],
      "confidence_score": 0.8814819377110042
    }
  }
}