{
  "valid_points": 76,
  "models": {
    "Constant": {
      "r2": 0.7,
      "aic": -206.5084763817453,
      "bic": -201.84700970117265,
      "params": [
        -99.64447770463792,
        100.35552229536212
      ],
      "confidence_score": 0.37
    },
    "Linear": {
      "r2": 0.9871260927205099,
      "aic": -537.3024821540287,
      "bic": -532.641015473456,
      "params": [
        0.00021783703686038106,
        0.06613231045965445
      ],
      "confidence_score": 0.9822756556323059
    },
    "Quadratic": {
      "r2": 0.9523006059159513,
      "aic": -435.76405675123,
      "bic": -428.771856730371,
      "params": [
        3.5181669434981866e-08,
        1.0,
        0.3568207295663451
      ],
      "confidence_score": 0.5513803635495708
    },
    "Cubic": {
      "r2": 0.8844313584840526,
      "aic": -366.5081640114421,
      "bic": -357.1852306502968,
      "params": [
        6.706340398310739e-12,
        1.0,
        1.0,
        0.45873618162797736
      ],
      "confidence_score": 0.5106588150904315
    },
    "Logarithmic": {
      "r2": 0.955016722260217,
      "aic": -442.21977565007404,
      "bic": -437.55830896950135,
      "params": [
        0.5677787264750728,
        -3.778755381288635
      ],
      "confidence_score": 0.598
    },
    "N Log N": {
      "r2": 0.9859723689420923,
      "aic": -530.7796711883898,
      "bic": -526.1182045078172,
      "params": [
        2.430152983323586e-05,
        0.1304013177625779
      ],
      "confidence_score": 0.6095003445045369
    }
  }
}