{
  "valid_points": 204,
  "models": {
    "Constant": {
      "r2": 0.7,
      "aic": -3537.5174631292257,
      "bic": -3530.8812231415372,
      "params": [
        100.0006037106848,
        -99.99939628931526
      ],
      "confidence_score": 0.3723544310967724
    },
    "Linear": {
      "r2": 0.04269954464234116,
      "aic": -3546.4196113269163,
      "bic": -3539.783371339228,
      "params": [
        1.2299214297791338e-11,
        0.0011448226501498567
      ],
      "confidence_score": 0.2847122564991188
    },
    "Quadratic": {
      "r2": 0.036400003351279686,
      "aic": -3543.081581519962,
      "bic": -3533.1272215384297,
      "params": [
        1.0834517513737996e-18,
        1.0,
        0.0011705250271300458
      ],
      "confidence_score": 0.011490218958102361
    },
    "Cubic": {
      "r2": 0.030316275718145214,
      "aic": -3539.7976680204793,
      "bic": -3526.5251880451024,
      "params": [
        1.0340072904597595e-25,
        1.0,
        1.0,
        0.0011809327215580772
      ],
      "confidence_score": 0.0
    },
    "Logarithmic": {
      "r2": 0.0464127437169819,
      "aic": -3547.2124298269596,
      "bic": -3540.576189839271,
      "params": [
        4.2261161610794944e-05,
        0.0005658672103224598
      ],
      "confidence_score": 0.6212063718584909
    },
    "N Log N": {
      "r2": 0.04232403503256743,
      "aic": -3546.339606204595,
      "bic": -3539.7033662169065,
      "params": [
        7.504931247242544e-13,
        0.0011477463043765988
      ],
      "confidence_score": 0.5130674664204238
    }
  }
}