{
  "valid_points": 51,
  "models": {
    "Constant": {
      "r2": 0.7,
      "aic": 421.0065426905229,
      "bic": 424.87019395597156,
      "params": [
        137.55972061817553,
        -62.440279381824475
      ],
      "confidence_score": 0.09999999999999998
    },
    "Linear": {
      "r2": 0.9686796608389449,
      "aic": 244.36867616044515,
      "bic": 248.2323274258938,
      "params": [
        0.0008194099607864436,
        -24.325517287955513
      ],
      "confidence_score": 0.481207796503367
    },
    "Quadratic": {
      "r2": 0.9928376580608309,
      "aic": 171.12171117477934,
      "bic": 176.9171880729523,
      "params": [
        3.266941082523715e-09,
        1.0,
        10.238061237584835
      ],
      "confidence_score": 0.9757025948364986
    },
    "Cubic": {
      "r2": 0.93862865067157,
      "aic": 282.6751217121233,
      "bic": 290.4024242430206,
      "params": [
        1.3517235657450844e-14,
        1.0,
        1.0,
        25.5094936267244
      ],
      "confidence_score": 0.543177190402942
    },
    "Logarithmic": {
      "r2": 0.5922321555986576,
      "aic": 375.2566216479193,
      "bic": 379.12027291336796,
      "params": [
        43.31792899539653,
        -417.5928218313141
      ],
      "confidence_score": 0.4441160777993288
    },
    "N Log N": {
      "r2": 0.9772706132947497,
      "aic": 228.01761490666607,
      "bic": 231.88126617211472,
      "params": [
        6.544404711806831e-05,
        -19.46189589360122
      ],
      "confidence_score": 0.6980000000003481
    }
  }
}