{
  "Constant": {
    "r2": 2.220446049250313e-16,
    "aic": -190.2672318040387,
    "bic": -185.77024131993997,
    "params": [
      100.41077360510828,
      -99.58922639489172
    ]
  },
  "Linear": {
    "r2": 0.985629070644224,
    "aic": -487.24558533959276,
    "bic": -482.74859485549405,
    "params": [
      0.0002837754752531563,
      0.11616245744383735
    ]
  },
  "Quadratic": {
    "r2": 0.9786398187241092,
    "aic": -457.5031062799389,
    "bic": -450.7576205537908,
    "params": [
      5.566810033854482e-08,
      1.0,
      0.43511516277675655
    ]
  },
  "Cubic": {
    "r2": 0.939063691274414,
    "aic": -382.12205737140096,
    "bic": -373.1280764032035,
    "params": [
      1.3135170338094456e-11,
      1.0,
      1.0,
      0.5445827613732734
    ]
  },
  "Logarithmic": {
    "r2": 0.9420847190705596,
    "aic": -389.68141249632026,
    "bic": -385.18442201222155,
    "params": [
      0.6325874975637887,
      -4.080658834939939
    ]
  },
  "N Log N": {
    "r2": 0.9871116839265229,
    "aic": -494.8676194182643,
    "bic": -490.3706289341656,
    "params": [
      3.230517887533123e-05,
      0.1886025072225477
    ]
  }
}