{
  "Constant": {
    "r2": 0.0,
    "aic": 214.72616894951616,
    "bic": 218.88124383732762,
    "params": [
      121.83070555808925,
      397.56164295213966
    ]
  },
  "Linear": {
    "r2": 0.17738476625180843,
    "aic": 203.20543339378395,
    "bic": 207.3605082815954,
    "params": [
      0.0028917179522311987,
      512.1238438947048
    ]
  },
  "Quadratic": {
    "r2": 0.14238006743042286,
    "aic": 207.66410839615924,
    "bic": 213.89672072787639,
    "params": [
      5.066064860947961e-07,
      1.0,
      515.8093097395844
    ]
  },
  "Cubic": {
    "r2": 0.10568610807650669,
    "aic": 212.13596005147267,
    "bic": 220.44610982709554,
    "params": [
      1.0452955867225554e-10,
      1.0,
      1.0,
      517.135360937578
    ]
  },
  "Logarithmic": {
    "r2": 0.19474465839786126,
    "aic": 201.94701336750003,
    "bic": 206.1020882553115,
    "params": [
      6.9578491849822965,
      465.38198835226405
    ]
  },
  "N Log N": {
    "r2": 0.17402759913877852,
    "aic": 203.44572772731678,
    "bic": 207.60080261512823,
    "params": [
      0.0003255587904039062,
      512.9347878876362
    ]
  }
}