{
  "valid_points": 76,
  "models": {
    "Constant": {
      "r2": 2.220446049250313e-16,
      "aic": -730.1647137086449,
      "bic": -725.5032470280722,
      "params": [
        100.03051948978708,
        -99.96948051021289
      ],
      "confidence_score": 2.220446049250313e-16
    },
    "Linear": {
      "r2": 0.047459469918174846,
      "aic": -733.8600329517308,
      "bic": -729.1985662711581,
      "params": [
        -1.513368055983122e-06,
        0.06556912737396414
      ],
      "confidence_score": 0.027459469918174845
    },
    "Quadratic": {
      "r2": 0.037438469270896335,
      "aic": -731.0646675079734,
      "bic": -724.0724674871144,
      "params": [
        -2.2063529079099028e-10,
        1.0,
        0.06330760388989341
      ],
      "confidence_score": -0.0025615307291036657
    },
    "Cubic": {
      "r2": 0.03022887024228249,
      "aic": -728.4975476948008,
      "bic": -719.1746143336554,
      "params": [
        -3.915851526645582e-14,
        1.0,
        1.0,
        0.06255504528850231
      ],
      "confidence_score": -0.019771129757717512
    },
    "Logarithmic": {
      "r2": 0.06056710905315976,
      "aic": -734.9131095982784,
      "bic": -730.2516429177058,
      "params": [
        -0.004537149140685141,
        0.09696561512832484
      ],
      "confidence_score": 0.05056710905315976
    },
    "N Log N": {
      "r2": 0.046154128878151957,
      "aic": -733.7559554840328,
      "bic": -729.0944888034602,
      "params": [
        -1.665569567785273e-07,
        0.0650682132072184
      ],
      "confidence_score": 0.016154128878151958
    }
  }
}