{
  "valid_points": 18,
  "models": {
    "Constant": {
      "r2": 0.7,
      "aic": 125.12327824869512,
      "bic": 126.90402176448744,
      "params": [
        -94.38705647157293,
        105.61294352842701
      ],
      "confidence_score": 0.09999999999999998
    },
    "Linear": {
      "r2": 0.9835301918553907,
      "aic": 51.21120334318468,
      "bic": 52.99194685897701,
      "params": [
        0.0008813902512898597,
        -1.6594508234979566
      ],
      "confidence_score": 0.4909422291083425
    },
    "Quadratic": {
      "r2": 0.9751474030499953,
      "aic": 60.61700376504599,
      "bic": 63.288119038734486,
      "params": [
        7.168760175106989e-09,
        1.0,
        2.1028373748819567
      ],
      "confidence_score": 0.5650932303566406
    },
    "Cubic": {
      "r2": 0.9219881662994885,
      "aic": 83.20717275425991,
      "bic": 86.76865978584458,
      "params": [
        5.387049683177342e-14,
        1.0,
        1.0,
        3.524148201937928
      ],
      "confidence_score": 0.5331928998178407
    },
    "Logarithmic": {
      "r2": 0.3353467507528809,
      "aic": 117.7704617763062,
      "bic": 119.55120529209853,
      "params": [
        4.910447606543331,
        -19.257069171902533
      ],
      "confidence_score": 0.11567337537644044
    },
    "N Log N": {
      "r2": 0.9917160776813615,
      "aic": 38.84138141884186,
      "bic": 40.62212493463419,
      "params": [
        7.592211428330178e-05,
        -1.0660668593654128
      ],
      "confidence_score": 0.9480000000000001
    }
  }
}