{
  "valid_points": 3479,
  "models": {
    "Constant": {
      "r2": 0.7,
      "aic": 28338.2580305907,
      "bic": 28350.567030941,
      "params": [
        142.66926689224988,
        -57.33073310774892
      ],
      "confidence_score": 0.09999999999999998
    },
    "Linear": {
      "r2": 0.9872841827393434,
      "aic": 13152.740987336767,
      "bic": 13165.04998768707,
      "params": [
        0.0010954397095316315,
        -18.88867944777141
      ],
      "confidence_score": 0.49237050964360596
    },
    "Quadratic": {
      "r2": 0.9823961261279172,
      "aic": 14286.36336101789,
      "bic": 14304.826861543344,
      "params": [
        5.570357349938692e-09,
        1.0,
        19.127454801023323
      ],
      "confidence_score": 0.5694376756767503
    },
    "Cubic": {
      "r2": 0.9152699648566938,
      "aic": 19755.094049391864,
      "bic": 19779.712050092472,
      "params": [
        3.00672511208954e-14,
        1.0,
        1.0,
        35.12156192951163
      ],
      "confidence_score": 0.5291619789140162
    },
    "Logarithmic": {
      "r2": 0.75621826709738,
      "aic": 23427.712182821404,
      "bic": 23440.021183171706,
      "params": [
        60.149740457936005,
        -588.7668042351681
      ],
      "confidence_score": 0.498
    },
    "N Log N": {
      "r2": 0.992277479119699,
      "aic": 11417.743430886987,
      "bic": 11430.05243123729,
      "params": [
        8.899085952959274e-05,
        -13.23388440571987
      ],
      "confidence_score": 0.9480000000000001
    }
  }
}