{
  "Constant": {
    "r2": 0.0,
    "aic": -159.3053562934054,
    "bic": -155.18447027231255,
    "params": [
      -0.18865361090364097,
      1.0
    ]
  },
  "Linear": {
    "r2": 0.973016056129472,
    "aic": -368.83112545036755,
    "bic": -364.71023942927474,
    "params": [
      0.00027853059578641925,
      0.11069787314391077
    ]
  },
  "Quadratic": {
    "r2": 0.9463449209403432,
    "aic": -326.9657466525105,
    "bic": -320.78441762087124,
    "params": [
      5.3918318365653306e-08,
      1.0,
      0.42967441637445625
    ]
  },
  "Cubic": {
    "r2": 0.8888626243464464,
    "aic": -282.7306733078975,
    "bic": -274.48890126571183,
    "params": [
      1.2544435420756294e-11,
      1.0,
      1.0,
      0.540552797780054
    ]
  },
  "Logarithmic": {
    "r2": 0.947708764461995,
    "aic": -330.45909343780943,
    "bic": -326.3382074167166,
    "params": [
      0.6285118817381483,
      -4.067957108731451
    ]
  },
  "N Log N": {
    "r2": 0.9722745640998326,
    "aic": -367.25884766168025,
    "bic": -363.13796164058743,
    "params": [
      3.166217962959922e-05,
      0.1827815378221467
    ]
  }
}