{
  "valid_points": 18,
  "models": {
    "Constant": {
      "r2": 0.7,
      "aic": 130.62981604547366,
      "bic": 132.410559561266,
      "params": [
        -93.93366918795633,
        106.0663308120436
      ],
      "confidence_score": 0.11999999999999998
    },
    "Linear": {
      "r2": 0.9999946406638974,
      "aic": -87.83025209081922,
      "bic": -86.04950857502689,
      "params": [
        0.00027857064571668033,
        -0.037966078081001386
      ],
      "confidence_score": 0.8999967843983384
    },
    "Quadratic": {
      "r2": 0.9570734808756466,
      "aic": 75.9610373582347,
      "bic": 78.63215263192319,
      "params": [
        5.251391191024928e-10,
        1.0,
        3.4450277094111788
      ],
      "confidence_score": 0.5542440885253879
    },
    "Cubic": {
      "r2": 0.9366253991496756,
      "aic": 84.97335796988727,
      "bic": 88.53484500147194,
      "params": [
        9.8890818393076e-16,
        1.0,
        1.0,
        4.0737312187160795
      ],
      "confidence_score": 0.5419752394898053
    },
    "Logarithmic": {
      "r2": 0.3212018078446367,
      "aic": 123.65605068490291,
      "bic": 125.43679420069523,
      "params": [
        5.072810536846973,
        -21.116584243662345
      ],
      "confidence_score": 0.4086009039223184
    },
    "N Log N": {
      "r2": 0.9990927625344027,
      "aic": 4.537902145316169,
      "bic": 6.318645661108498,
      "params": [
        2.1212534655528485e-05,
        0.5695899651718103
      ],
      "confidence_score": 0.698
    }
  }
}