{
  "valid_points": 11,
  "models": {
    "Constant": {
      "r2": 0.7,
      "aic": 61.90292535693061,
      "bic": 62.698715902527354,
      "params": [
        102.90633094581696,
        -97.09366905418312
      ],
      "confidence_score": 0.09999999999999998
    },
    "Linear": {
      "r2": 0.9271297470510578,
      "aic": 33.09310282015714,
      "bic": 33.88889336575389,
      "params": [
        0.010847358119212036,
        -1.7479467287342227
      ],
      "confidence_score": 0.4562778482306346
    },
    "Quadratic": {
      "r2": 0.9999927106218959,
      "aic": -66.21709020335149,
      "bic": -65.02340438495638,
      "params": [
        2.884369920019836e-06,
        1.0,
        0.019763880249803467
      ],
      "confidence_score": 0.9799956263731375
    },
    "Cubic": {
      "r2": 0.98284614122673,
      "aic": 21.18207193438485,
      "bic": 22.773653025578334,
      "params": [
        7.025747596468264e-10,
        1.0,
        1.0,
        0.8093059083930235
      ],
      "confidence_score": 0.569707684736038
    },
    "Logarithmic": {
      "r2": 0.39184132006803507,
      "aic": 56.43241146922496,
      "bic": 57.228202014821704,
      "params": [
        3.3665035914413237,
        -8.445182443136622
      ],
      "confidence_score": 0.44392066003401753
    },
    "N Log N": {
      "r2": 0.9500157909815782,
      "aic": 28.94639578319277,
      "bic": 29.74218632878951,
      "params": [
        0.0013322748619292088,
        -1.3586087208333306
      ],
      "confidence_score": 0.698
    }
  }
}