{
  "valid_points": 29,
  "models": {
    "Constant": {
      "r2": 0.85,
      "aic": -575.1072047631848,
      "bic": -572.3726131032118,
      "params": [
        -99.99965489681418,
        100.00034510318577
      ],
      "confidence_score": 0.4457657392382397
    },
    "Linear": {
      "r2": 0.25215885280623296,
      "aic": -583.5335808782571,
      "bic": -580.7989892182842,
      "params": [
        2.123975303659102e-13,
        0.0006823422299500717
      ],
      "confidence_score": 0.21028496509124783
    },
    "Quadratic": {
      "r2": 0.34973755829454567,
      "aic": -585.5882027553815,
      "bic": -581.4863152654221,
      "params": [
        5.080529957369736e-22,
        1.0,
        0.000683473667815122
      ],
      "confidence_score": 0.2871250786960662
    },
    "Cubic": {
      "r2": 0.38549812312861165,
      "aic": -585.2285603377348,
      "bic": -579.759377017789,
      "params": [
        1.0110397485781017e-30,
        1.0,
        1.0,
        0.0006840408218597276
      ],
      "confidence_score": 0.25232259414333796
    },
    "Logarithmic": {
      "r2": 0.33752479100077126,
      "aic": -587.0485968869976,
      "bic": -584.3140052270247,
      "params": [
        4.564796991720483e-06,
        0.0006429407380516768
      ],
      "confidence_score": 0.7667623955003856
    },
    "N Log N": {
      "r2": 0.2590515043449849,
      "aic": -583.8021054797501,
      "bic": -581.0675138197772,
      "params": [
        1.0802485624344129e-14,
        0.0006824437385010086
      ],
      "confidence_score": 0.3867029781194047
    }
  }
}