{
  "valid_points": 11,
  "models": {
    "Constant": {
      "r2": 0.7,
      "aic": 50.54907839453954,
      "bic": 51.34486894013628,
      "params": [
        101.38716044073763,
        -98.6128395592625
      ],
      "confidence_score": 0.21452517235430446
    },
    "Linear": {
      "r2": 0.11340387887349124,
      "aic": 49.225055346069965,
      "bic": 50.02084589166671,
      "params": [
        0.00459401446703811,
        1.0691062388462746
      ],
      "confidence_score": 0.2860381234315234
    },
    "Quadratic": {
      "r2": 0.018525726749009097,
      "aic": 52.34338414452597,
      "bic": 53.53706996292108,
      "params": [
        9.395486736396563e-07,
        1.0,
        2.297352420364228
      ],
      "confidence_score": 0.04214352300650803
    },
    "Cubic": {
      "r2": 0.00029845694410035595,
      "aic": 54.54579487813593,
      "bic": 56.13737596932941,
      "params": [
        5.851413600349186e-11,
        1.0,
        1.0,
        2.7221885191675637
      ],
      "confidence_score": 0.0
    },
    "Logarithmic": {
      "r2": 0.1606174327041726,
      "aic": 48.623102734668834,
      "bic": 49.41889328026558,
      "params": [
        1.4185854860377378,
        -2.9652940637159095
      ],
      "confidence_score": 0.7283087163520864
    },
    "N Log N": {
      "r2": 0.09400565201697064,
      "aic": 49.46313406927215,
      "bic": 50.25892461486889,
      "params": [
        0.0005521886317448794,
        1.3518568510942188
      ],
      "confidence_score": 0.6421137837319763
    }
  }
}