{
  "Constant": {
    "r2": -2.220446049250313e-16,
    "aic": -615.8016638081932,
    "bic": -611.1401971276206,
    "params": [
      100.10866032129054,
      -99.89133967870949
    ]
  },
  "Linear": {
    "r2": 0.00017844588681437124,
    "aic": -615.8152269057665,
    "bic": -611.1537602251939,
    "params": [
      1.959491728875662e-07,
      0.21673150592324708
    ]
  },
  "Quadratic": {
    "r2": 0.0014177386380213042,
    "aic": -613.9094883962983,
    "bic": -606.9172883754394,
    "params": [
      -9.074225723128714e-11,
      1.0,
      0.21826203380103285
    ]
  },
  "Cubic": {
    "r2": 0.006077429281308611,
    "aic": -612.2649576817846,
    "bic": -602.9420243206392,
    "params": [
      -3.716518765870072e-14,
      1.0,
      1.0,
      0.2187776279071988
    ]
  },
  "Logarithmic": {
    "r2": 0.004727785915545457,
    "aic": -616.1618275988775,
    "bic": -611.5003609183049,
    "params": [
      0.0026776034603119476,
      0.19610836434015985
    ]
  },
  "N Log N": {
    "r2": 5.211162353158105e-05,
    "aic": -615.8056243947786,
    "bic": -611.144157714206,
    "params": [
      1.181899066619161e-08,
      0.21703330147359495
    ]
  }
}