{
  "Constant": {
    "r2": 2.220446049250313e-16,
    "aic": -353.0817702552713,
    "bic": -347.9530738723356,
    "params": [
      -99.82724214593553,
      100.17275785406436
    ]
  },
  "Linear": {
    "r2": 0.9814803596836306,
    "aic": -736.0184235015153,
    "bic": -730.8897271185796,
    "params": [
      0.00011082192880155242,
      0.10942344155796817
    ]
  },
  "Quadratic": {
    "r2": 0.8971429046717615,
    "aic": -569.4255793542179,
    "bic": -561.7325347798144,
    "params": [
      2.3877253417714983e-08,
      1.0,
      0.1908881661231336
    ]
  },
  "Cubic": {
    "r2": 0.7857541308085396,
    "aic": -496.9823464482332,
    "bic": -486.72495368236184,
    "params": [
      5.251323806735675e-12,
      1.0,
      1.0,
      0.22966754484332313
    ]
  },
  "Logarithmic": {
    "r2": 0.6253142740548506,
    "aic": -447.321866434159,
    "bic": -442.1931700512233,
    "params": [
      0.0688824431214451,
      -0.1370295723099237
    ]
  },
  "N Log N": {
    "r2": 0.9779437777249294,
    "aic": -719.241180900225,
    "bic": -714.1124845172893,
    "params": [
      1.3054353176819105e-05,
      0.1250172519726567
    ]
  }
}