{
  "Constant": {
    "r2": 0.0,
    "aic": 671.9881474234702,
    "bic": 676.109033444563,
    "params": [
      101.00000000000001,
      387.31250364410465
    ]
  },
  "Linear": {
    "r2": 0.9747394264261177,
    "aic": 458.6345410037128,
    "bic": 462.7554270248056,
    "params": [
      0.3554699288863218,
      -390.55625156793917
    ]
  },
  "Quadratic": {
    "r2": 0.99996489531313,
    "aic": 79.07194479732118,
    "bic": 85.25327382896043,
    "params": [
      7.13584406145662e-05,
      1.0,
      -3.1626044977940877
    ]
  },
  "Cubic": {
    "r2": 0.9817265375038463,
    "aic": 443.854433734938,
    "bic": 452.0962057771237,
    "params": [
      1.705138053279242e-08,
      1.0,
      1.0,
      132.15664369656108
    ]
  },
  "Logarithmic": {
    "r2": 0.8917074477116463,
    "aic": 543.0588514202534,
    "bic": 547.1797374413462,
    "params": [
      764.0395848446901,
      -5426.484493386412
    ]
  },
  "N Log N": {
    "r2": 0.9804322231057014,
    "aic": 443.823623527129,
    "bic": 447.9445095482218,
    "params": [
      0.04060138335086932,
      -302.5770076877644
    ]
  }
}