{
  "Constant": {
    "r2": 0.0,
    "aic": -150.35751629793373,
    "bic": -147.84132322189078,
    "params": [
      100.19194672887149,
      -99.80805327112859
    ]
  },
  "Linear": {
    "r2": 0.6889743395425836,
    "aic": -180.72239267606216,
    "bic": -178.2061996000192,
    "params": [
      0.00049418128745915,
      0.3075614558030181
    ]
  },
  "Quadratic": {
    "r2": 0.6411149809221808,
    "aic": -175.00110009372608,
    "bic": -171.22681047966162,
    "params": [
      1.4697793528122713e-06,
      1.0,
      0.3378785102445929
    ]
  },
  "Cubic": {
    "r2": 0.5817165105264817,
    "aic": -169.01900896608598,
    "bic": -163.98662281400004,
    "params": [
      4.771862142349056e-09,
      1.0,
      1.0,
      0.3496188601123439
    ]
  },
  "Logarithmic": {
    "r2": 0.611903486833099,
    "aic": -174.9665481483321,
    "bic": -172.45035507228914,
    "params": [
      0.05093731410249935,
      0.1391947042056602
    ]
  },
  "N Log N": {
    "r2": 0.6844649312028595,
    "aic": -180.3481380004465,
    "bic": -177.83194492440356,
    "params": [
      8.279474489284262e-05,
      0.3172112515423908
    ]
  }
}