{
  "Constant": {
    "r2": 0.0,
    "aic": -120.7381548582131,
    "bic": -118.95741134242077,
    "params": [
      -99.82228937248388,
      100.17771062751613
    ]
  },
  "Linear": {
    "r2": 0.7757286825430076,
    "aic": -147.64633184408888,
    "bic": -145.86558832829655,
    "params": [
      0.00044499275882103895,
      0.30513707328545236
    ]
  },
  "Quadratic": {
    "r2": 0.7088504076405694,
    "aic": -140.9486803127028,
    "bic": -138.27756503901432,
    "params": [
      1.8347182615396918e-06,
      1.0,
      0.32496370874248903
    ]
  },
  "Cubic": {
    "r2": 0.6074733721260821,
    "aic": -133.57087110040206,
    "bic": -130.0093840688174,
    "params": [
      8.168164685714715e-09,
      1.0,
      1.0,
      0.3330255197156589
    ]
  },
  "Logarithmic": {
    "r2": 0.6819818046266768,
    "aic": -141.3597950925206,
    "bic": -139.5790515767283,
    "params": [
      0.03419438295405461,
      0.20137996337936667
    ]
  },
  "N Log N": {
    "r2": 0.7711532929566528,
    "aic": -147.28280707863576,
    "bic": -145.50206356284343,
    "params": [
      7.887449769745794e-05,
      0.31179022173452964
    ]
  }
}