{
  "Constant": {
    "r2": 0.0,
    "aic": 515.975550474072,
    "bic": 519.3533093822998,
    "params": [
      397.71538111656554,
      122.66914709195893
    ]
  },
  "Linear": {
    "r2": 0.8289212280898764,
    "aic": 445.3503035099521,
    "bic": 448.72806241817995,
    "params": [
      4.314021375899828,
      -417.9151208477555
    ]
  },
  "Quadratic": {
    "r2": 0.9673714362180108,
    "aic": 381.07286308975324,
    "bic": 386.13950145209503,
    "params": [
      0.010366682062262988,
      1.0,
      -137.16893165981702
    ]
  },
  "Cubic": {
    "r2": 0.9997828688756152,
    "aic": 182.57518539097663,
    "bic": 189.33070320743238,
    "params": [
      2.5378023137011953e-05,
      1.0,
      1.0,
      -7.720205264539759
    ]
  },
  "Logarithmic": {
    "r2": 0.4234007605265029,
    "aic": 493.95123796354096,
    "bic": 497.3289968717688,
    "params": [
      379.5751385030504,
      -1399.838622594175
    ]
  },
  "N Log N": {
    "r2": 0.8640278012960678,
    "aic": 436.16335705656866,
    "bic": 439.5411159647965,
    "params": [
      0.7051274756666601,
      -335.51815204707333
    ]
  }
}