{
  "Constant": {
    "r2": 0.0,
    "aic": 398.53445111673705,
    "bic": 402.7231402411812,
    "params": [
      121.19052701940139,
      -78.8094729805986
    ]
  },
  "Linear": {
    "r2": 0.9764970412901596,
    "aic": 173.49671332409613,
    "bic": 177.68540244854034,
    "params": [
      0.030465933122767797,
      -33.072906995252765
    ]
  },
  "Quadratic": {
    "r2": 0.9998739211490084,
    "aic": -138.18173159673657,
    "bic": -131.89869791007027,
    "params": [
      6.135969907949956e-06,
      1.0,
      0.11291399564183047
    ]
  },
  "Cubic": {
    "r2": 0.9814483045423644,
    "aic": 163.30280543042295,
    "bic": 171.68018367931134,
    "params": [
      1.4759999032043612e-09,
      1.0,
      1.0,
      11.67119095989722
    ]
  },
  "Logarithmic": {
    "r2": 0.8963251419647236,
    "aic": 262.5447125862258,
    "bic": 266.73340171066997,
    "params": [
      65.49309443361042,
      -464.86068275046694
    ]
  },
  "N Log N": {
    "r2": 0.9818982675247335,
    "aic": 157.8295934112146,
    "bic": 162.0182825356588,
    "params": [
      0.003480383999136622,
      -25.531104005648114
    ]
  }
}