{
  "Constant": {
    "name": "Constant",
    "r2": 2.220446049250313e-16,
    "bic": 484.0210877505565,
    "confidence_score": -0.09393747810588815,
    "params": [
      330.70897136815825,
      44.997476032266235
    ],
    "order": 0
  },
  "Linear": {
    "name": "Linear",
    "r2": 0.6836698678344193,
    "bic": 439.13330109146966,
    "confidence_score": 0.5497323897285309,
    "params": [
      2.1477630738399753,
      4.1122935910035886e-17
    ],
    "order": 2
  },
  "Quadratic": {
    "name": "Quadratic",
    "r2": 0.928232193498239,
    "bic": 384.94619744189936,
    "confidence_score": 0.7073259763394065,
    "params": [
      0.006994726855254704,
      1.9581453730176861e-19,
      4.851569388988361e-20
    ],
    "order": 4
  },
  "Cubic": {
    "name": "Cubic",
    "r2": 0.9904989073314513,
    "bic": 309.7506207421553,
    "confidence_score": 0.7026239511196746,
    "params": [
      1.9525430304590158e-05,
      3.3727347848044585e-18,
      1.6820971985057207e-18,
      1.1031589678514148e-18
    ],
    "order": 5
  },
  "Logarithmic": {
    "name": "Logarithmic",
    "r2": 0.19717266118214738,
    "bic": 475.45607902655865,
    "confidence_score": 0.083235183076259,
    "params": [
      82.84281015184823,
      2.2146156937945525e-12
    ],
    "order": 1
  },
  "N Log N": {
    "name": "N Log N",
    "r2": 0.7489497499303137,
    "bic": 430.1191034946923,
    "confidence_score": 0.5950122718244253,
    "params": [
      0.3830404670482953,
      1.8947748077960573e-20
    ],
    "order": 3
  },
  "confidence_analysis": {
    "best_model": "Quadratic",
    "best_score": 0.7073259763394065,
    "second_best_model": "Cubic",
    "second_best_score": 0.7026239511196746,
    "confidence_gap": 0.004702025219731953,
    "is_confident": false,
    "threshold": 0.03
  }
}