{
  "valid_points": 207,
  "models": {
    "Constant": {
      "r2": 0.7,
      "aic": -3584.212571673229,
      "bic": -3577.5471340866984,
      "params": [
        -99.99922829441662,
        100.00077170558339
      ],
      "confidence_score": 0.3700008470739744
    },
    "Linear": {
      "r2": 0.0914803522258435,
      "aic": -3604.071895980804,
      "bic": -3597.4064583942736,
      "params": [
        1.8110607150110237e-11,
        0.0014519631000402362
      ],
      "confidence_score": 0.06807590508456474
    },
    "Quadratic": {
      "r2": 0.06827098711544799,
      "aic": -3596.8502175867307,
      "bic": -3586.8520612069346,
      "params": [
        1.503545623207518e-18,
        1.0,
        0.001492648937877242
      ],
      "confidence_score": 0.021081005253600387
    },
    "Cubic": {
      "r2": 0.05299692322577343,
      "aic": -3591.4843295973956,
      "bic": -3578.153454424334,
      "params": [
        1.3891784580008142e-25,
        1.0,
        1.0,
        0.0015081487443695696
      ],
      "confidence_score": 0.011799683334681722
    },
    "Logarithmic": {
      "r2": 0.11613783870209582,
      "aic": -3609.7675816828455,
      "bic": -3603.102144096315,
      "params": [
        6.481613765161031e-05,
        0.0005610182488649329
      ],
      "confidence_score": 0.6560689193510479
    },
    "N Log N": {
      "r2": 0.08973515900906992,
      "aic": -3603.674647039025,
      "bic": -3597.0092094524944,
      "params": [
        1.1002029321742142e-12,
        0.0014566289393480212
      ],
      "confidence_score": 0.3571255367313184
    }
  }
}