{
  "valid_points": 18,
  "models": {
    "Constant": {
      "r2": 0.0,
      "aic": -230.88084610627484,
      "bic": -229.10010259048252,
      "params": [
        100.01721415254804,
        -99.98278584745196
      ],
      "confidence_score": 0.0
    },
    "Linear": {
      "r2": 0.13289297274724698,
      "aic": -233.4475176639531,
      "bic": -231.66677414816078,
      "params": [
        -1.9008130356379382e-06,
        0.03727952464954132
      ],
      "confidence_score": 0.11289297274724698
    },
    "Quadratic": {
      "r2": 0.12153638618083429,
      "aic": -231.21330033969014,
      "bic": -228.54218506600165,
      "params": [
        -6.04072953796143e-10,
        1.0,
        0.03583529168431331
      ],
      "confidence_score": 0.08153638618083428
    },
    "Cubic": {
      "r2": 0.11214498605421419,
      "aic": -229.02188890054612,
      "bic": -225.46040186896147,
      "params": [
        -2.5067848311031237e-13,
        1.0,
        1.0,
        0.0353636491862018
      ],
      "confidence_score": 0.06214498605421419
    },
    "Logarithmic": {
      "r2": 0.146369905065446,
      "aic": -233.7294779226564,
      "bic": -231.94873440686408,
      "params": [
        -0.0029217296779939454,
        0.05574254393371701
      ],
      "confidence_score": 0.136369905065446
    },
    "N Log N": {
      "r2": 0.13139109643559976,
      "aic": -233.41636765849833,
      "bic": -231.635624142706,
      "params": [
        -2.2762210169276593e-07,
        0.03693134929775287
      ],
      "confidence_score": 0.10139109643559976
    }
  }
}