{
  "valid_points": 31,
  "models": {
    "Constant": {
      "r2": 0.7,
      "aic": -686.0972467268579,
      "bic": -683.2292723178875,
      "params": [
        100.0000876644926,
        -99.99991233550735
      ],
      "confidence_score": 0.5193913793703309
    },
    "Linear": {
      "r2": 0.028462594484805703,
      "aic": -686.9923874767037,
      "bic": -684.1244130677334,
      "params": [
        -1.7942964596156155e-14,
        0.00017626182344271585
      ],
      "confidence_score": 0.36042941954486607
    },
    "Quadratic": {
      "r2": 0.020188140199214,
      "aic": -684.7294825986944,
      "bic": -680.427520985239,
      "params": [
        -2.925367438559691e-23,
        1.0,
        0.00017596363780204513
      ],
      "confidence_score": 0.047759334883159754
    },
    "Cubic": {
      "r2": 0.015099755761269096,
      "aic": -682.5689091793781,
      "bic": -676.8329603614376,
      "params": [
        -4.7417471227484626e-32,
        1.0,
        1.0,
        0.000175836185677505
      ],
      "confidence_score": 0.0
    },
    "Logarithmic": {
      "r2": 0.03620390020479303,
      "aic": -687.2403878927146,
      "bic": -684.3724134837443,
      "params": [
        -4.681428524071789e-07,
        0.00018037648907062563
      ],
      "confidence_score": 0.5161019501023966
    },
    "N Log N": {
      "r2": 0.02825633115466608,
      "aic": -686.9858066857489,
      "bic": -684.1178322767786,
      "params": [
        -8.929924251824798e-16,
        0.00017624057601663002
      ],
      "confidence_score": 0.2762714952303323
    }
  }
}