{
  "valid_points": 201,
  "models": {
    "Constant": {
      "r2": 0.85,
      "aic": -3224.575088754973,
      "bic": -3217.968478938855,
      "params": [
        -99.99783557482894,
        100.00216442517113
      ],
      "confidence_score": 0.445
    },
    "Linear": {
      "r2": 0.08228030643293127,
      "aic": -3241.833607972063,
      "bic": -3235.226998155945,
      "params": [
        2.1731783227596593e-12,
        0.004307082888005041
      ],
      "confidence_score": 0.0393681838597588
    },
    "Quadratic": {
      "r2": 0.05154860720624166,
      "aic": -3233.212960955454,
      "bic": -3223.3030462312768,
      "params": [
        3.530823410476261e-21,
        1.0,
        0.004321993321965098
      ],
      "confidence_score": 0.010929164323744994
    },
    "Cubic": {
      "r2": 0.043639686436374614,
      "aic": -3229.5438172759787,
      "bic": -3216.3305976437423,
      "params": [
        6.1938747670780826e-30,
        1.0,
        1.0,
        0.004323399354311646
      ],
      "confidence_score": 0.006183811861824769
    },
    "Logarithmic": {
      "r2": 0.36377643977046237,
      "aic": -3315.468347545033,
      "bic": -3308.8617377289147,
      "params": [
        0.00019561262699757816,
        0.0013449356928017958
      ],
      "confidence_score": 0.7798882198852312
    },
    "N Log N": {
      "r2": 0.07810495061503053,
      "aic": -3240.921190887189,
      "bic": -3234.3145810710707,
      "params": [
        1.0623341915965395e-13,
        0.004310096274045186
      ],
      "confidence_score": 0.23705247530751528
    }
  }
}