{
  "Constant": {
    "r2": 2.220446049250313e-16,
    "aic": -299.9593077252956,
    "bic": -295.324331498223,
    "params": [
      -99.77860639492675,
      100.22139360507337
    ]
  },
  "Linear": {
    "r2": 0.9854117003635967,
    "aic": -617.0244676995351,
    "bic": -612.3894914724625,
    "params": [
      0.00011336028850306157,
      0.10497355040792866
    ]
  },
  "Quadratic": {
    "r2": 0.9587673877238592,
    "aic": -537.0987408986424,
    "bic": -530.1462765580335,
    "params": [
      1.841892612601189e-08,
      1.0,
      0.2546808572636687
    ]
  },
  "Cubic": {
    "r2": 0.8967740116202796,
    "aic": -466.27190514423137,
    "bic": -457.0019526900861,
    "params": [
      3.5310953006388083e-12,
      1.0,
      1.0,
      0.3071613707127216
    ]
  },
  "Logarithmic": {
    "r2": 0.9454441860749196,
    "aic": -518.0991321731041,
    "bic": -513.4641559460315,
    "params": [
      0.29412063483120693,
      -1.8844742420479315
    ]
  },
  "N Log N": {
    "r2": 0.9852293430022906,
    "aic": -616.0927603396702,
    "bic": -611.4577841125977,
    "params": [
      1.265435041849596e-05,
      0.13815712400302863
    ]
  }
}