{
  "valid_points": 31,
  "models": {
    "Constant": {
      "r2": 0.85,
      "aic": -652.0166573102118,
      "bic": -649.1486829012415,
      "params": [
        -99.99980087722498,
        100.00019912277503
      ],
      "confidence_score": 0.6375612900541048
    },
    "Linear": {
      "r2": 0.0037025602323749185,
      "aic": -652.1316496921381,
      "bic": -649.2636752831678,
      "params": [
        1.1213381630594922e-14,
        0.000397662576649039
      ],
      "confidence_score": 0.29240944275935044
    },
    "Quadratic": {
      "r2": 0.02029030374133811,
      "aic": -650.6521256749994,
      "bic": -646.350164061544,
      "params": [
        5.0816266175235345e-23,
        1.0,
        0.0003971431015008637
      ],
      "confidence_score": 0.06211525174259805
    },
    "Cubic": {
      "r2": 0.026713836786619205,
      "aic": -648.8560485266541,
      "bic": -643.1200997087136,
      "params": [
        1.0928172496439899e-31,
        1.0,
        1.0,
        0.0003970766194771467
      ],
      "confidence_score": 0.009938480688852672
    },
    "Logarithmic": {
      "r2": 0.02198392062726151,
      "aic": -652.7057615183995,
      "bic": -649.8377871094292,
      "params": [
        -6.320907401725816e-07,
        0.0004050607354556426
      ],
      "confidence_score": 0.5089919603136308
    },
    "N Log N": {
      "r2": 0.0047660916846612444,
      "aic": -652.1647593674508,
      "bic": -649.2967849584804,
      "params": [
        6.354734187341604e-16,
        0.0003975968416192087
      ],
      "confidence_score": 0.2292821696659197
    }
  }
}