{
  "valid_points": 92,
  "models": {
    "Constant": {
      "r2": 0.0,
      "aic": -578.6345146213391,
      "bic": -573.590937467241,
      "params": [
        -99.78625950524976,
        100.2137404947502
      ],
      "confidence_score": 0.0
    },
    "Linear": {
      "r2": 0.6163401270436666,
      "aic": -666.770410331066,
      "bic": -661.726833176968,
      "params": [
        2.3667924401782336e-05,
        0.3782239226594766
      ],
      "confidence_score": 0.5963401270436666
    },
    "Quadratic": {
      "r2": 0.5498625211664467,
      "aic": -650.0691201821822,
      "bic": -642.5037544510351,
      "params": [
        5.058310010394101e-09,
        1.0,
        0.39568361771389027
      ],
      "confidence_score": 0.5098625211664467
    },
    "Cubic": {
      "r2": 0.47089957713548036,
      "aic": -633.199601368241,
      "bic": -623.1124470600448,
      "params": [
        1.100739014862578e-12,
        1.0,
        1.0,
        0.40394211074083436
      ],
      "confidence_score": 0.4208995771354804
    },
    "Logarithmic": {
      "r2": 0.4177541532911516,
      "aic": -628.3938649358082,
      "bic": -623.3502877817101,
      "params": [
        0.015033667980302647,
        0.3228931672079363
      ],
      "confidence_score": 0.4077541532911516
    },
    "N Log N": {
      "r2": 0.6120943113232709,
      "aic": -665.7578742393374,
      "bic": -660.7142970852393,
      "params": [
        2.785431644676232e-06,
        0.3815826464297577
      ],
      "confidence_score": 0.5820943113232708
    }
  }
}