{
  "valid_points": 58,
  "models": {
    "Constant": {
      "r2": 0.0,
      "aic": -129.55878290775686,
      "bic": -125.43789688666402,
      "params": [
        -0.025816290542997278,
        1.0
      ],
      "confidence_score": 0.0
    },
    "Linear": {
      "r2": 0.9690267333347402,
      "aic": -331.08737001448276,
      "bic": -326.96648399338994,
      "params": [
        0.00036353698540225494,
        0.06220730652153253
      ],
      "confidence_score": 0.9490267333347402
    },
    "Quadratic": {
      "r2": 0.9497850838610752,
      "aic": -301.0624863141133,
      "bic": -294.881157282474,
      "params": [
        7.124373485852222e-08,
        1.0,
        0.47360434655667066
      ],
      "confidence_score": 0.9097850838610752
    },
    "Cubic": {
      "r2": 0.8988188977100721,
      "aic": -258.42769290599506,
      "bic": -250.18592086380937,
      "params": [
        1.6813589159305226e-11,
        1.0,
        1.0,
        0.6162608068420955
      ],
      "confidence_score": 0.848818897710072
    },
    "Logarithmic": {
      "r2": 0.9368792522755376,
      "aic": -289.79571678106703,
      "bic": -285.6748307599742,
      "params": [
        0.8125194382976184,
        -5.332142988163537
      ],
      "confidence_score": 0.9268792522755376
    },
    "N Log N": {
      "r2": 0.9691412907012602,
      "aic": -331.3022858329396,
      "bic": -327.1813998118468,
      "params": [
        4.1377598823229807e-05,
        0.15538353456847726
      ],
      "confidence_score": 0.9391412907012602
    }
  }
}