{
  "valid_points": 201,
  "models": {
    "Constant": {
      "r2": 0.7,
      "aic": -3361.4788811104677,
      "bic": -3354.8722712943495,
      "params": [
        -99.99874018836952,
        100.00125981163063
      ],
      "confidence_score": 0.3700000000000797
    },
    "Linear": {
      "r2": 0.02224912242506749,
      "aic": -3366.001455038589,
      "bic": -3359.394845222471,
      "params": [
        8.037741837433244e-13,
        0.002511601365903331
      ],
      "confidence_score": 0.0033494734560601154
    },
    "Quadratic": {
      "r2": 0.011270080820191541,
      "aic": -3361.757029061139,
      "bic": -3351.8471143369616,
      "params": [
        1.1744344603151189e-21,
        1.0,
        0.002517342627519345
      ],
      "confidence_score": 0.0
    },
    "Cubic": {
      "r2": 0.009104877861835559,
      "aic": -3359.3173438085396,
      "bic": -3346.1041241763032,
      "params": [
        2.0125972489595055e-30,
        1.0,
        1.0,
        0.002517852053413627
      ],
      "confidence_score": 0.0
    },
    "Logarithmic": {
      "r2": 0.250332289089338,
      "aic": -3419.3920508827123,
      "bic": -3412.785441066594,
      "params": [
        0.00011115763902840291,
        0.0008270025422194733
      ],
      "confidence_score": 0.723166144544669
    },
    "N Log N": {
      "r2": 0.020476799767435216,
      "aic": -3365.637441683906,
      "bic": -3359.030831867788,
      "params": [
        3.869038882925918e-14,
        0.0025128144843381732
      ],
      "confidence_score": 0.3082383998843551
    }
  }
}