{
  "valid_points": 18,
  "models": {
    "Constant": {
      "r2": 0.7,
      "aic": -190.43394585945418,
      "bic": -188.65320234366186,
      "params": [
        100.02143945958878,
        -99.97856054041124
      ],
      "confidence_score": 0.6571234978083398
    },
    "Linear": {
      "r2": 0.02541708597923731,
      "aic": -190.89736809945404,
      "bic": -189.11662458366172,
      "params": [
        2.5783484084440644e-06,
        0.039032882801915525
      ],
      "confidence_score": 0.38704650764156123
    },
    "Quadratic": {
      "r2": 0.01981849243572109,
      "aic": -188.79426108745702,
      "bic": -186.12314581376853,
      "params": [
        7.549810109177633e-10,
        1.0,
        0.041140260824525814
      ],
      "confidence_score": 0.07735958120963315
    },
    "Cubic": {
      "r2": 0.01437629220492731,
      "aic": -186.69459724115987,
      "bic": -183.13311020957522,
      "params": [
        2.7709919206339543e-13,
        1.0,
        1.0,
        0.04186219028580616
      ],
      "confidence_score": 0.00779162280511566
    },
    "Logarithmic": {
      "r2": 0.03044778813316984,
      "aic": -190.9905229832624,
      "bic": -189.20977946747007,
      "params": [
        0.004139428558335907,
        0.012703393296136298
      ],
      "confidence_score": 0.513223894066585
    },
    "N Log N": {
      "r2": 0.024763451390118374,
      "aic": -190.88529988158018,
      "bic": -189.10455636578786,
      "params": [
        3.064283644326583e-07,
        0.03953063469357108
      ],
      "confidence_score": 0.49500627013352644
    }
  }
}