{
  "valid_points": 59,
  "models": {
    "Constant": {
      "r2": 2.220446049250313e-16,
      "aic": 671.3599294468166,
      "bic": 675.5150043346281,
      "params": [
        385.1212333352378,
        61.87067867512519
      ],
      "confidence_score": 2.220446049250313e-16
    },
    "Linear": {
      "r2": 0.9759971182498003,
      "aic": 451.31462785469137,
      "bic": 455.4697027425028,
      "params": [
        0.32595971305688964,
        -355.20046664822905
      ],
      "confidence_score": 0.9559971182498003
    },
    "Quadratic": {
      "r2": 0.9999812460629682,
      "aic": 31.197625145726075,
      "bic": 37.430237477443235,
      "params": [
        6.582497304397084e-05,
        1.0,
        -1.1032244071579624
      ],
      "confidence_score": 0.9599812460629682
    },
    "Cubic": {
      "r2": 0.9823952908225905,
      "aic": 437.02418754288215,
      "bic": 445.33433731850505,
      "params": [
        1.5885662260631765e-08,
        1.0,
        1.0,
        121.8068859631678
      ],
      "confidence_score": 0.9323952908225904
    },
    "Logarithmic": {
      "r2": 0.8950273834121771,
      "aic": 538.3706397697113,
      "bic": 542.5257146575227,
      "params": [
        698.8389899294993,
        -4960.966694735665
      ],
      "confidence_score": 0.8850273834121771
    },
    "N Log N": {
      "r2": 0.9814762428070405,
      "aic": 436.0265587559756,
      "bic": 440.18163364378705,
      "params": [
        0.03724823310024521,
        -274.68086646701806
      ],
      "confidence_score": 0.9514762428070405
    }
  }
}