{
  "Constant": {
    "r2": 1.1102230246251565e-16,
    "aic": 478.29033365627555,
    "bic": 482.445408544087,
    "params": [
      -56.20267901380171,
      143.79732098619817
    ]
  },
  "Linear": {
    "r2": 0.9761227686991613,
    "aic": 257.935367234302,
    "bic": 262.0904421221134,
    "params": [
      0.06278413390358972,
      -67.98231356497384
    ]
  },
  "Quadratic": {
    "r2": 0.9997045356766039,
    "aic": 0.7995484327924185,
    "bic": 7.0321607645095785,
    "params": [
      1.265268339289971e-05,
      1.0,
      0.19355078246922408
    ]
  },
  "Cubic": {
    "r2": 0.9822704709487102,
    "aic": 244.37143408778726,
    "bic": 252.68158386341014,
    "params": [
      3.047291995274518e-09,
      1.0,
      1.0,
      23.831632238663413
    ]
  },
  "Logarithmic": {
    "r2": 0.8970246170679863,
    "aic": 344.16767977758695,
    "bic": 348.3227546653984,
    "params": [
      135.04883642545596,
      -958.2663224943159
    ]
  },
  "N Log N": {
    "r2": 0.9814826306748494,
    "aic": 242.9366134653038,
    "bic": 247.09168835311525,
    "params": [
      0.007172476934567089,
      -52.461993093044676
    ]
  }
}