{
  "Constant": {
    "r2": 1.1102230246251565e-16,
    "aic": -595.1607172990342,
    "bic": -590.4992506184616,
    "params": [
      100.19075785224376,
      -99.80924214775632
    ]
  },
  "Linear": {
    "r2": 0.03913983777501473,
    "aic": -598.195123195384,
    "bic": -593.5336565148114,
    "params": [
      -3.340612663160769e-06,
      0.39155952019183526
    ]
  },
  "Quadratic": {
    "r2": 0.039258473811481065,
    "aic": -596.2045073865379,
    "bic": -589.212307365679,
    "params": [
      -5.501314959628997e-10,
      1.0,
      0.38721571825718337
    ]
  },
  "Cubic": {
    "r2": 0.03810556024674494,
    "aic": -594.1133601876146,
    "bic": -584.7904268264692,
    "params": [
      -1.0716197797617866e-13,
      1.0,
      1.0,
      0.3857030235262681
    ]
  },
  "Logarithmic": {
    "r2": 0.03673219826479501,
    "aic": -598.0049272191255,
    "bic": -593.3434605385529,
    "params": [
      -0.008574086975672537,
      0.4494460981260459
    ]
  },
  "N Log N": {
    "r2": 0.039250039887749666,
    "aic": -598.2038402191753,
    "bic": -593.5423735386026,
    "params": [
      -3.734246234726719e-07,
      0.39059357096003977
    ]
  }
}