{
  "valid_points": 19,
  "models": {
    "Constant": {
      "r2": 2.220446049250313e-16,
      "aic": -180.5866319796811,
      "bic": -178.69775402134823,
      "params": [
        100.09175870371492,
        -99.9082412962851
      ],
      "confidence_score": 2.220446049250313e-16
    },
    "Linear": {
      "r2": 0.11527334111611942,
      "aic": -182.9136862719716,
      "bic": -181.02480831363874,
      "params": [
        -9.63229359229878e-06,
        0.19796584781837856
      ],
      "confidence_score": 0.09527334111611942
    },
    "Quadratic": {
      "r2": 0.11284166737663293,
      "aic": -180.86153635222286,
      "bic": -178.02821941472354,
      "params": [
        -3.1662699129242355e-09,
        1.0,
        0.19087898499588907
      ],
      "confidence_score": 0.07284166737663292
    },
    "Cubic": {
      "r2": 0.10937553024740965,
      "aic": -178.78744778660655,
      "bic": -175.00969186994078,
      "params": [
        -1.3458197142225722e-12,
        1.0,
        1.0,
        0.18851376310809578
      ],
      "confidence_score": 0.059375530247409644
    },
    "Logarithmic": {
      "r2": 0.11671022479966553,
      "aic": -182.94456923829676,
      "bic": -181.0556912799639,
      "params": [
        -0.014191997000690817,
        0.28706265145077997
      ],
      "confidence_score": 0.10671022479966553
    },
    "N Log N": {
      "r2": 0.11503076385921485,
      "aic": -182.90847750370472,
      "bic": -181.01959954537185,
      "params": [
        -1.1588140019702835e-06,
        0.19625866822735433
      ],
      "confidence_score": 0.08503076385921485
    }
  }
}