{
  "Constant": {
    "name": "Constant",
    "r2": 0.0,
    "bic": 386.18472196127556,
    "confidence_score": -0.14978661367769955,
    "params": [
      10018.437123160693,
      45.0972133401865
    ],
    "order": 0
  },
  "Linear": {
    "name": "Linear",
    "r2": 0.616822131487323,
    "bic": 366.99960218214505,
    "confidence_score": 0.4270355178096235,
    "params": [
      116.77148572873872,
      6.798611671740113e-20
    ],
    "order": 2
  },
  "Quadratic": {
    "name": "Quadratic",
    "r2": 0.8770683384683426,
    "bic": 347.2579207285357,
    "confidence_score": 0.5723884179517934,
    "params": [
      0.7663772727868275,
      4.219332992101313e-25,
      1.0032849744014801e-23
    ],
    "order": 4
  },
  "Cubic": {
    "name": "Cubic",
    "r2": 0.9774225684737761,
    "bic": 316.36009697485486,
    "confidence_score": 0.577849341118377,
    "params": [
      0.004317133788069696,
      2.7208296792341886e-20,
      1.2465644142916805e-20,
      7.183310756418651e-21
    ],
    "order": 5
  },
  "Logarithmic": {
    "name": "Logarithmic",
    "r2": 0.19342782223616262,
    "bic": 381.8854841539983,
    "confidence_score": 0.023641208558463068,
    "params": [
      2611.8552177643346,
      4.1212425106349425e-16
    ],
    "order": 1
  },
  "N Log N": {
    "name": "N Log N",
    "r2": 0.6895980304511184,
    "bic": 362.78697905133424,
    "confidence_score": 0.47981141677341893,
    "params": [
      23.782280135590753,
      1.4641421044049151e-10
    ],
    "order": 3
  },
  "confidence_analysis": {
    "best_model": "Cubic",
    "best_score": 0.577849341118377,
    "second_best_model": "Quadratic",
    "second_best_score": 0.5723884179517934,
    "confidence_gap": 0.005460923166583642,
    "is_confident": false,
    "threshold": 0.03
  }
}