{
  "Constant": {
    "name": "Constant",
    "r2": -2.220446049250313e-16,
    "bic": 278.0404961030284,
    "confidence_score": -0.14978661367769977,
    "params": [
      0.8767929848382707,
      782.9567712742924
    ],
    "order": 0
  },
  "Linear": {
    "name": "Linear",
    "r2": 0.71593149688685,
    "bic": 252.8696988677875,
    "confidence_score": 0.5261448832091504,
    "params": [
      8.750513096348104,
      1.8223910551453822e-17
    ],
    "order": 2
  },
  "Quadratic": {
    "name": "Quadratic",
    "r2": 0.9493326739094905,
    "bic": 221.38674773769444,
    "confidence_score": 0.6446527533929413,
    "params": [
      0.055936593648687326,
      1.3328314887952632e-17,
      5.057955087723404e-18
    ],
    "order": 4
  },
  "Cubic": {
    "name": "Cubic",
    "r2": 0.9999515543874198,
    "bic": 85.3305850631754,
    "confidence_score": 0.6003783270320208,
    "params": [
      0.00030913370282405775,
      7.193052956988569e-20,
      1.2368244121193334e-19,
      4.64491699329444e-19
    ],
    "order": 5
  },
  "Logarithmic": {
    "name": "Logarithmic",
    "r2": 0.24295087718525665,
    "bic": 272.4739533786864,
    "confidence_score": 0.0731642635075571,
    "params": [
      201.55972638701556,
      1.8545869970611214e-19
    ],
    "order": 1
  },
  "N Log N": {
    "name": "N Log N",
    "r2": 0.788292651260618,
    "bic": 246.9894883338956,
    "confidence_score": 0.5785060375829185,
    "params": [
      1.7714666610968186,
      2.159387590325571e-17
    ],
    "order": 3
  },
  "confidence_analysis": {
    "best_model": "Quadratic",
    "best_score": 0.6446527533929413,
    "second_best_model": "Cubic",
    "second_best_score": 0.6003783270320208,
    "confidence_gap": 0.044274426360920494,
    "is_confident": true,
    "threshold": 0.03
  }
}