{
  "valid_points": 10,
  "models": {
    "Constant": {
      "r2": 0.7,
      "aic": -52.24530899064077,
      "bic": -51.64013880465268,
      "params": [
        -0.9615699052810671,
        1.0
      ],
      "confidence_score": 0.37000000000000005
    },
    "Linear": {
      "r2": 0.9993526025055202,
      "aic": -125.67080985670574,
      "bic": -125.06563967071766,
      "params": [
        0.00019187056702008043,
        -0.0006347527263095287
      ],
      "confidence_score": 0.9896115615033121
    },
    "Quadratic": {
      "r2": 0.9364765654542375,
      "aic": -77.80877292264253,
      "bic": -76.9010176436604,
      "params": [
        1.8629897247102178e-07,
        1.0,
        0.012459682665081795
      ],
      "confidence_score": 0.5418859392864499
    },
    "Cubic": {
      "r2": 0.8647638693929476,
      "aic": -68.2526381192128,
      "bic": -67.04229774723662,
      "params": [
        1.7535863893762215e-10,
        1.0,
        1.0,
        0.016984691709385196
      ],
      "confidence_score": 0.4988583216358691
    },
    "Logarithmic": {
      "r2": 0.5826460844280689,
      "aic": -60.983515978073015,
      "bic": -60.37834579208492,
      "params": [
        0.021296820481364363,
        -0.040116858934817236
      ],
      "confidence_score": 0.5893230422140372
    },
    "N Log N": {
      "r2": 0.9984806746525371,
      "aic": -117.14019792072091,
      "bic": -116.53502773473282,
      "params": [
        2.7783248693200373e-05,
        0.00306223011974384
      ],
      "confidence_score": 0.6022142705107435
    }
  }
}