{
  "valid_points": 18,
  "models": {
    "Constant": {
      "r2": 0.7,
      "aic": 134.82777227326187,
      "bic": 136.6085157890542,
      "params": [
        -92.0066151147087,
        107.99338488529126
      ],
      "confidence_score": 0.11999999999999998
    },
    "Linear": {
      "r2": 0.9997792519845162,
      "aic": -16.705024477966322,
      "bic": -14.924280962173993,
      "params": [
        0.00028940828718526657,
        -0.3453116307021
      ],
      "confidence_score": 0.8998675511907097
    },
    "Quadratic": {
      "r2": 0.9257681338640866,
      "aic": 90.0176606247011,
      "bic": 92.6887758983896,
      "params": [
        5.714512579089662e-10,
        1.0,
        4.385416922170311
      ],
      "confidence_score": 0.535460880318452
    },
    "Cubic": {
      "r2": 0.8488121018747887,
      "aic": 104.82159884196253,
      "bic": 108.38308587354719,
      "params": [
        1.0574794600311039e-15,
        1.0,
        1.0,
        6.312783573360412
      ],
      "confidence_score": 0.4892872611248732
    },
    "Logarithmic": {
      "r2": 0.40862815528896346,
      "aic": 125.3721872232179,
      "bic": 127.15293073901023,
      "params": [
        6.190539165316485,
        -25.303688502090306
      ],
      "confidence_score": 0.4523140776444817
    },
    "N Log N": {
      "r2": 0.999487108603171,
      "aic": -1.530263598017422,
      "bic": 0.2504799177749071,
      "params": [
        2.221007792418793e-05,
        0.26464794899106303
      ],
      "confidence_score": 0.6981520420783316
    }
  }
}