{
  "valid_points": 38,
  "models": {
    "Constant": {
      "r2": -2.220446049250313e-16,
      "aic": -46.50858166520437,
      "bic": -43.233409345751596,
      "params": [
        100.73306139950698,
        -99.2669386004931
      ],
      "confidence_score": -2.220446049250313e-16
    },
    "Linear": {
      "r2": 0.9920728186780168,
      "aic": -230.3319762190053,
      "bic": -227.05680389955253,
      "params": [
        0.0039761490632113095,
        0.6139712734665861
      ],
      "confidence_score": 0.9720728186780168
    },
    "Quadratic": {
      "r2": 0.9237425300096251,
      "aic": -142.30689791103978,
      "bic": -137.39413943186062,
      "params": [
        8.52426353144283e-06,
        1.0,
        0.9330059368051363
      ],
      "confidence_score": 0.8837425300096251
    },
    "Cubic": {
      "r2": 0.8212158265460636,
      "aic": -107.92846721491637,
      "bic": -101.37812257601082,
      "params": [
        1.932310498458925e-08,
        1.0,
        1.0,
        1.0672707270368336
      ],
      "confidence_score": 0.7712158265460636
    },
    "Logarithmic": {
      "r2": 0.7383207011179194,
      "aic": -97.45273351712763,
      "bic": -94.17756119767486,
      "params": [
        0.4213128433577062,
        -0.6530772834688434
      ],
      "confidence_score": 0.7283207011179194
    },
    "N Log N": {
      "r2": 0.9886811342128631,
      "aic": -216.79738912016944,
      "bic": -213.52221680071668,
      "params": [
        0.000635415331148052,
        0.7067485678369726
      ],
      "confidence_score": 0.958681134212863
    }
  }
}