{
  "valid_points": 18,
  "models": {
    "Constant": {
      "r2": 0.9,
      "aic": -213.40570599440545,
      "bic": -211.62496247861313,
      "params": [
        100.03952853795553,
        -99.96047146204448
      ],
      "confidence_score": 0.7538441228313445
    },
    "Linear": {
      "r2": 0.06636692705264857,
      "aic": -214.64179791664935,
      "bic": -212.86105440085703,
      "params": [
        -2.1826279787973135e-06,
        0.08233101787944175
      ],
      "confidence_score": 0.32109452014296685
    },
    "Quadratic": {
      "r2": 0.05011010043745767,
      "aic": -212.3310715278278,
      "bic": -209.6599562541393,
      "params": [
        -6.302521562507208e-10,
        1.0,
        0.08052503822503204
      ],
      "confidence_score": 0.07687619726726413
    },
    "Cubic": {
      "r2": 0.03700890685102376,
      "aic": -210.08450608768428,
      "bic": -206.52301905609963,
      "params": [
        -2.339891140376265e-13,
        1.0,
        1.0,
        0.07993014779285071
      ],
      "confidence_score": 0.016126173303385633
    },
    "Logarithmic": {
      "r2": 0.08577495022255566,
      "aic": -215.0199192229512,
      "bic": -213.23917570715886,
      "params": [
        -0.0036342120227095772,
        0.10556892730583987
      ],
      "confidence_score": 0.3908874751112778
    },
    "N Log N": {
      "r2": 0.06422703690455278,
      "aic": -214.60058906341288,
      "bic": -212.81984554762056,
      "params": [
        -2.5858656152349305e-07,
        0.0819006204906191
      ],
      "confidence_score": 0.3233702502023648
    }
  }
}