{
  "valid_points": 18,
  "models": {
    "Constant": {
      "r2": 0.95,
      "aic": -228.04685900089078,
      "bic": -226.26611548509845,
      "params": [
        100.02690135604797,
        -99.9730986439519
      ],
      "confidence_score": 0.6817568851155523
    },
    "Linear": {
      "r2": 0.136960520113937,
      "aic": -230.69816615120803,
      "bic": -228.9174226354157,
      "params": [
        -2.0877311102118767e-06,
        0.05693430876121219
      ],
      "confidence_score": 0.299990334124599
    },
    "Quadratic": {
      "r2": 0.11344988047875504,
      "aic": -228.21437613682502,
      "bic": -225.54326086313654,
      "params": [
        -6.314319918816422e-10,
        1.0,
        0.05527342244386599
      ],
      "confidence_score": 0.1054364123022364
    },
    "Cubic": {
      "r2": 0.09158213067156518,
      "aic": -225.77577336008136,
      "bic": -222.2142863284967,
      "params": [
        -2.450872593881901e-13,
        1.0,
        1.0,
        0.05471719393270052
      ],
      "confidence_score": 0.04580804747850417
    },
    "Logarithmic": {
      "r2": 0.1610630021419952,
      "aic": -231.2080130119243,
      "bic": -229.42726949613197,
      "params": [
        -0.0033158943870898543,
        0.07799241227921411
      ],
      "confidence_score": 0.4285315010709976
    },
    "N Log N": {
      "r2": 0.13407230096365408,
      "aic": -230.63802852257407,
      "bic": -228.85728500678175,
      "params": [
        -2.4876508988196167e-07,
        0.05653825495935823
      ],
      "confidence_score": 0.22360602593705867
    }
  }
}