{
  "valid_points": 108,
  "models": {
    "Constant": {
      "r2": 0.7,
      "aic": 1187.3776860935868,
      "bic": 1192.7419485478354,
      "params": [
        326.908967917447,
        -73.09103258566007
      ],
      "confidence_score": 0.09999999999999998
    },
    "Linear": {
      "r2": 0.9413058017168873,
      "aic": 881.1529315656702,
      "bic": 886.5171940199186,
      "params": [
        0.17170248936256238,
        -163.09319726413707
      ],
      "confidence_score": 0.46478348103013234
    },
    "Quadratic": {
      "r2": 0.9999485925218017,
      "aic": 122.79918026228113,
      "bic": 130.8455739436538,
      "params": [
        3.333730684285108e-05,
        1.0,
        -3.788548446914147
      ],
      "confidence_score": 0.979969155513081
    },
    "Cubic": {
      "r2": 0.976740538220226,
      "aic": 785.1850127754769,
      "bic": 795.9135376839738,
      "params": [
        6.925820470173754e-09,
        1.0,
        1.0,
        58.4330776088499
      ],
      "confidence_score": 0.5660443229321356
    },
    "Logarithmic": {
      "r2": 0.6052287993750778,
      "aic": 1086.9972026440614,
      "bic": 1092.36146509831,
      "params": [
        231.2566598880304,
        -1494.923392213801
      ],
      "confidence_score": 0.2506143996875389
    },
    "N Log N": {
      "r2": 0.9567845347034587,
      "aic": 848.0895457729432,
      "bic": 853.4538082271916,
      "params": [
        0.01979759839787214,
        -129.01753259219595
      ],
      "confidence_score": 0.648
    }
  }
}