{
  "Constant": {
    "r2": 0.0,
    "aic": -147.56647970913934,
    "bic": -142.3965447517982,
    "params": [
      100.39796417160913,
      -99.6020358283909
    ]
  },
  "Linear": {
    "r2": 0.7877781480147354,
    "aic": -299.4785415345623,
    "bic": -294.30860657722116,
    "params": [
      0.0002946998789542521,
      0.18971866364313494
    ]
  },
  "Quadratic": {
    "r2": 0.8148593016844441,
    "aic": -310.85712243867346,
    "bic": -303.10222000266174,
    "params": [
      6.853753664604056e-08,
      1.0,
      0.3735155942645767
    ]
  },
  "Cubic": {
    "r2": 0.7948497230265948,
    "aic": -298.7997056884486,
    "bic": -288.4598357737663,
    "params": [
      1.6072976764798685e-11,
      1.0,
      1.0,
      0.46163042073488597
    ]
  },
  "Logarithmic": {
    "r2": 0.43664913186864474,
    "aic": -203.80403777814146,
    "bic": -198.6341028208003,
    "params": [
      0.17051100590266233,
      -0.389364211515985
    ]
  },
  "N Log N": {
    "r2": 0.7974664573431629,
    "aic": -304.057756522631,
    "bic": -298.88782156528987,
    "params": [
      3.5055671529109645e-05,
      0.2256299154397323
    ]
  }
}