{
  "valid_points": 9,
  "models": {
    "Constant": {
      "r2": 0.7,
      "aic": -49.44823167950251,
      "bic": -49.053782524830076,
      "params": [
        -0.5446792907185027,
        1.0
      ],
      "confidence_score": 0.1200006678233566
    },
    "Linear": {
      "r2": 0.9386856097779261,
      "aic": -74.57389809489777,
      "bic": -74.17944894022533,
      "params": [
        0.00023027324024305074,
        0.36871238503442416
      ],
      "confidence_score": 0.7176420465962219
    },
    "Quadratic": {
      "r2": 0.9442936914774447,
      "aic": -73.43718859526744,
      "bic": -72.84551486325878,
      "params": [
        2.5166549688398333e-07,
        1.0,
        0.40797893397286933
      ],
      "confidence_score": 0.6771660505822044
    },
    "Cubic": {
      "r2": 0.9025352098751794,
      "aic": -66.40260851763007,
      "bic": -65.6137102082852,
      "params": [
        3.039871313877453e-10,
        1.0,
        1.0,
        0.42108874797022794
      ],
      "confidence_score": 0.525033032446756
    },
    "Logarithmic": {
      "r2": 0.8345457856890188,
      "aic": -65.63977863766186,
      "bic": -65.24532948298942,
      "params": [
        0.07874275730286205,
        0.0018674960813148097
      ],
      "confidence_score": 0.6501908434868232
    },
    "N Log N": {
      "r2": 0.9445504717779748,
      "aic": -75.47877034002173,
      "bic": -75.08432118534928,
      "params": [
        3.2873619214040105e-05,
        0.38002609088775613
      ],
      "confidence_score": 0.8480000000000001
    }
  }
}