{
  "Constant": {
    "r2": -2.220446049250313e-16,
    "aic": 430.0707048434844,
    "bic": 432.73511386383484,
    "params": [
      57.41180667121512,
      1657.4118066712163
    ]
  },
  "Linear": {
    "r2": 0.8165331339472995,
    "aic": 382.59051140415124,
    "bic": 385.2549204245017,
    "params": [
      20.492382961977697,
      -1389.7724053971908
    ]
  },
  "Quadratic": {
    "r2": 0.9586295161291984,
    "aic": 342.8854519762506,
    "bic": 346.8820655067762,
    "params": [
      0.07089151183956222,
      1.0,
      -472.0022981284671
    ]
  },
  "Cubic": {
    "r2": 0.995713433332734,
    "aic": 281.40716788405865,
    "bic": 286.73598592475946,
    "params": [
      0.0002493836207609901,
      1.0,
      1.0,
      -47.235512373810174
    ]
  },
  "Logarithmic": {
    "r2": 0.4181935346535651,
    "aic": 414.9054170744873,
    "bic": 417.5698260948377,
    "params": [
      1260.178241334115,
      -4199.3589297091
    ]
  },
  "N Log N": {
    "r2": 0.8541655052769158,
    "aic": 376.1627836975565,
    "bic": 378.82719271790694,
    "params": [
      3.562327275113001,
      -1103.1402593314244
    ]
  }
}