{
  "best_model": "O(2^n)",
  "details": {
    "O(1)": {
      "r2": 0,
      "aic": Infinity,
      "params_norm": [
        1.0
      ],
      "rss": 0.0
    },
    "O(n)": {
      "r2": 0,
      "aic": -171.2665949608612,
      "params_norm": [
        9.36426321460069e-09,
        0.9999999945375131
      ],
      "rss": 6.344573314202112e-13
    },
    "O(n^2)": {
      "r2": 0,
      "aic": -171.12226961676598,
      "params_norm": [
        1.3968810166677247e-08,
        -1.4862539108855611e-08,
        1.000000003305388
      ],
      "rss": 1.227509608911432e-13
    },
    "O(n^3)": {
      "r2": 0,
      "aic": -134.50958663119687,
      "params_norm": [
        1.0922999163697997e-07,
        -1.936360687196331e-07,
        1.0137572068589287e-07,
        0.9999999843147139
      ],
      "rss": 3.695445958789071e-13
    },
    "O(log n)": {
      "r2": 0,
      "aic": -171.76638674378188,
      "params_norm": [
        -4.218004269987846e-09,
        0.9999999972302877
      ],
      "rss": 5.837491815005644e-13
    },
    "O(n log n)": {
      "r2": 0,
      "aic": -182.05066220845163,
      "params_norm": [
        -8.531161804738576e-09,
        0.9999999979301961
      ],
      "rss": 1.0515395307444199e-13
    },
    "O(2^n)": {
      "r2": 0,
      "aic": -214.63678485001978,
      "params_norm": [
        0.9999999998528463,
        2.5226359021217946e-10
      ],
      "rss": 4.604297694763813e-16
    },
    "O(n^k)": {
      "r2": 0,
      "aic": -169.79587153561724,
      "params_norm": [
        0.9999999973302715,
        -4.845089375126886e-09
      ],
      "rss": 8.106939491271143e-13
    }
  }
}