{
  "best_model": "O(n^k)",
  "details": {
    "O(1)": {
      "r2": 0,
      "aic": Infinity,
      "params_norm": [
        1.0
      ],
      "rss": 0.0
    },
    "O(n)": {
      "r2": 0,
      "aic": -187.71234392057085,
      "params_norm": [
        2.8260351387841162e-09,
        0.9999999984841539
      ],
      "rss": 4.0927895714790743e-14
    },
    "O(n^2)": {
      "r2": 0,
      "aic": -170.9777114311659,
      "params_norm": [
        1.691220791766615e-08,
        -1.8127318966378344e-08,
        1.0000000027243656
      ],
      "rss": 1.2574431831973855e-13
    },
    "O(n^3)": {
      "r2": 0,
      "aic": -142.77146255181307,
      "params_norm": [
        5.0474880319685436e-08,
        -8.325298454069733e-08,
        3.6704286508715144e-08,
        0.9999999971310017
      ],
      "rss": 9.325075038383913e-14
    },
    "O(log n)": {
      "r2": 0,
      "aic": -192.3006943906093,
      "params_norm": [
        -4.880607029633666e-10,
        0.9999999994249709
      ],
      "rss": 1.9050375240393932e-14
    },
    "O(n log n)": {
      "r2": 0,
      "aic": -186.36415259135975,
      "params_norm": [
        7.7646453975935e-09,
        1.0000000017620052
      ],
      "rss": 5.1239485307899684e-14
    },
    "O(2^n)": {
      "r2": 0,
      "aic": -174.67945790827184,
      "params_norm": [
        0.9999999955732765,
        8.386664119902667e-09
      ],
      "rss": 3.592288124673118e-13
    },
    "O(n^k)": {
      "r2": 0,
      "aic": -201.8738790422421,
      "params_norm": [
        0.9999999998651462,
        -2.0467565852733526e-10
      ],
      "rss": 3.863432448736277e-15
    }
  }
}