{
  "Constant": {
    "r2": 2.220446049250313e-16,
    "aic": -310.8180169647605,
    "bic": -305.73142740022047,
    "params": [
      100.1968190351382,
      -99.8031809648617
    ]
  },
  "Linear": {
    "r2": 0.9826686951842973,
    "aic": -692.0106602281419,
    "bic": -686.9240706636019,
    "params": [
      0.00013284311640458443,
      0.11580941133831257
    ]
  },
  "Quadratic": {
    "r2": 0.9101860585645865,
    "aic": -535.3594331580844,
    "bic": -527.7295488112743,
    "params": [
      2.8929982738729246e-08,
      1.0,
      0.21053132260313168
    ]
  },
  "Cubic": {
    "r2": 0.8051222311248788,
    "aic": -460.54399482908997,
    "bic": -450.3708157000099,
    "params": [
      6.417268385496627e-12,
      1.0,
      1.0,
      0.25534807969759665
    ]
  },
  "Logarithmic": {
    "r2": 0.6050001563422511,
    "aic": -398.131788493881,
    "bic": -393.045198929341,
    "params": [
      0.08105584651585783,
      -0.1714761029244531
    ]
  },
  "N Log N": {
    "r2": 0.9809766441495661,
    "aic": -683.254270112627,
    "bic": -678.167680548087,
    "params": [
      1.5668224786663905e-05,
      0.13411619375339395
    ]
  }
}