{
  "Constant": {
    "name": "Constant",
    "r2": 0.0,
    "bic": 418.5948709548264,
    "confidence_score": -0.11611364930987841,
    "params": [
      519.168448271772,
      479.8470846240449
    ],
    "order": 0
  },
  "Linear": {
    "name": "Linear",
    "r2": 0.6745382724233537,
    "bic": 386.0420692197931,
    "confidence_score": 0.5184246231134753,
    "params": [
      7.753289140907078,
      1.2027858131638867e-17
    ],
    "order": 2
  },
  "Quadratic": {
    "name": "Quadratic",
    "r2": 0.9219088032108774,
    "bic": 348.0157063607228,
    "confidence_score": 0.6677383292460598,
    "params": [
      0.03440811996450486,
      9.619205795196732e-24,
      3.2291547838678986e-23
    ],
    "order": 4
  },
  "Cubic": {
    "name": "Cubic",
    "r2": 0.9950320326656944,
    "bic": 271.4918718366063,
    "confidence_score": 0.6628047340459376,
    "params": [
      0.00013161215981825032,
      9.247082259822655e-18,
      4.5070622089425555e-18,
      2.9191957068341653e-18
    ],
    "order": 5
  },
  "Logarithmic": {
    "name": "Logarithmic",
    "r2": 0.20528764642470376,
    "bic": 411.9313945279573,
    "confidence_score": 0.06917399711482534,
    "params": [
      235.5470664063059,
      7.630393734944408e-18
    ],
    "order": 1
  },
  "N Log N": {
    "name": "N Log N",
    "r2": 0.7429802487860294,
    "bic": 379.19540297687445,
    "confidence_score": 0.566866599476151,
    "params": [
      1.4624729327911337,
      1.4142575766518194e-18
    ],
    "order": 3
  },
  "confidence_analysis": {
    "best_model": "Quadratic",
    "best_score": 0.6677383292460598,
    "second_best_model": "Cubic",
    "second_best_score": 0.6628047340459376,
    "confidence_gap": 0.004933595200122154,
    "is_confident": false,
    "threshold": 0.03
  }
}