{
  "valid_points": 14,
  "models": {
    "Constant": {
      "r2": 0.7,
      "aic": 106.2833410406979,
      "bic": 107.56145569992842,
      "params": [
        16.600297927856445,
        1.0
      ],
      "confidence_score": 0.09999999999999999
    },
    "Linear": {
      "r2": 0.9881968052256821,
      "aic": 44.13195047273631,
      "bic": 45.410065131966824,
      "params": [
        0.0042795135550273145,
        -2.427214150592227
      ],
      "confidence_score": 0.4933104815009557
    },
    "Quadratic": {
      "r2": 0.9688991565018029,
      "aic": 59.69605630819078,
      "bic": 61.61322829703655,
      "params": [
        1.3655488663738724e-07,
        1.0,
        3.637319749808687
      ],
      "confidence_score": 0.5613396128211128
    },
    "Cubic": {
      "r2": 0.911531370028835,
      "aic": 76.33183949298618,
      "bic": 78.88806881144721,
      "params": [
        4.079488039584037e-12,
        1.0,
        1.0,
        5.884469788851373
      ],
      "confidence_score": 0.5269188220383907
    },
    "Logarithmic": {
      "r2": 0.42089468346408354,
      "aic": 98.63554810322222,
      "bic": 99.91366276245273,
      "params": [
        8.787995802013391,
        -33.83184293204037
      ],
      "confidence_score": 0.3584473417320422
    },
    "N Log N": {
      "r2": 0.9956122917244,
      "aic": 30.278065945373427,
      "bic": 31.556180604603945,
      "params": [
        0.00041698624885639805,
        -1.3388926452456855
      ],
      "confidence_score": 0.998
    }
  }
}