{
  "valid_points": 95,
  "models": {
    "Constant": {
      "r2": 0.7,
      "aic": -862.4192293547057,
      "bic": -857.3114755715046,
      "params": [
        100.03329838969194,
        -99.96670161030802
      ],
      "confidence_score": 0.7269511077614281
    },
    "Linear": {
      "r2": 0.00020376819979150973,
      "aic": -862.4385893062241,
      "bic": -857.330835523023,
      "params": [
        -1.0688083684762262e-07,
        0.06682196493245973
      ],
      "confidence_score": 0.3899083205623296
    },
    "Quadratic": {
      "r2": 0.00037486237739192685,
      "aic": -860.4548479570121,
      "bic": -852.7932172822105,
      "params": [
        -3.271338755439501e-11,
        1.0,
        0.06680585111779935
      ],
      "confidence_score": 0.02157690273946457
    },
    "Cubic": {
      "r2": 0.0006983604925118181,
      "aic": -858.4855967783859,
      "bic": -848.2700892119838,
      "params": [
        -1.0495616250673345e-14,
        1.0,
        1.0,
        0.06682539265555724
      ],
      "confidence_score": 0.0
    },
    "Logarithmic": {
      "r2": 9.136536614384738e-06,
      "aic": -862.4200973296491,
      "bic": -857.312343546448,
      "params": [
        1.7636753158379588e-05,
        0.06647357881597268
      ],
      "confidence_score": 0.49508457705890224
    },
    "N Log N": {
      "r2": 0.00021502887243629587,
      "aic": -862.4396592941794,
      "bic": -857.3319055109782,
      "params": [
        -1.2958038749497204e-08,
        0.06681310449393642
      ],
      "confidence_score": 0.5981075144362181
    }
  }
}