{
  "valid_points": 29,
  "models": {
    "Constant": {
      "r2": 0.7,
      "aic": -441.45515284496537,
      "bic": -438.72056118499245,
      "params": [
        -99.99949181901997,
        100.0005081809801
      ],
      "confidence_score": 0.37
    },
    "Linear": {
      "r2": 0.3885733845565843,
      "aic": -455.7220026616935,
      "bic": -452.9874110017206,
      "params": [
        2.641274409337675e-12,
        0.0009185672457616231
      ],
      "confidence_score": 0.22314403073395056
    },
    "Quadratic": {
      "r2": 0.2645523913180273,
      "aic": -448.3661560829982,
      "bic": -444.26426859303876,
      "params": [
        4.426478426638428e-21,
        1.0,
        0.0009577023949865357
      ],
      "confidence_score": 0.1387314347908164
    },
    "Cubic": {
      "r2": 0.22193778821376087,
      "aic": -444.7326678786547,
      "bic": -439.2634845587088,
      "params": [
        7.684884890241252e-30,
        1.0,
        1.0,
        0.0009694977894045017
      ],
      "confidence_score": 0.1131626729282565
    },
    "Logarithmic": {
      "r2": 0.9812630836745954,
      "aic": -556.7956802623603,
      "bic": -554.0610886023874,
      "params": [
        7.796972464831553e-05,
        0.0002090339598885693
      ],
      "confidence_score": 0.898
    },
    "N Log N": {
      "r2": 0.37694303962062525,
      "aic": -455.17555556558267,
      "bic": -452.44096390560975,
      "params": [
        1.3053686164921583e-13,
        0.0009225585719225453
      ],
      "confidence_score": 0.48647151981031267
    }
  }
}