{
  "valid_points": 74,
  "models": {
    "Constant": {
      "r2": 1.1102230246251565e-16,
      "aic": -270.23385066635973,
      "bic": -265.6257204799514,
      "params": [
        100.28238588994421,
        -99.71761411005576
      ],
      "confidence_score": 1.1102230246251565e-16
    },
    "Linear": {
      "r2": 0.9791194857515084,
      "aic": -556.5353283422335,
      "bic": -551.9271981558252,
      "params": [
        0.00013421261603108192,
        0.16666814179658518
      ],
      "confidence_score": 0.9591194857515084
    },
    "Quadratic": {
      "r2": 0.9559334618890657,
      "aic": -499.26588792416817,
      "bic": -492.3536926445557,
      "params": [
        2.1829921169422884e-08,
        1.0,
        0.34353732875971166
      ],
      "confidence_score": 0.9159334618890657
    },
    "Cubic": {
      "r2": 0.8975820692059978,
      "aic": -434.85716791224263,
      "bic": -425.64090753942594,
      "params": [
        4.188592311332146e-12,
        1.0,
        1.0,
        0.4053406548573613
      ],
      "confidence_score": 0.8475820692059978
    },
    "Logarithmic": {
      "r2": 0.9373841475604565,
      "aic": -475.2683737979721,
      "bic": -470.66024361156377,
      "params": [
        0.34781336664933027,
        -2.1855463995959057
      ],
      "confidence_score": 0.9273841475604565
    },
    "N Log N": {
      "r2": 0.979259614475592,
      "aic": -557.0336147713806,
      "bic": -552.4254845849723,
      "params": [
        1.4983959096703285e-05,
        0.20590391174849246
      ],
      "confidence_score": 0.9492596144755919
    }
  }
}