{
  "valid_points": 197,
  "models": {
    "Constant": {
      "r2": 0.7,
      "aic": -3514.7160012790523,
      "bic": -3508.149593821576,
      "params": [
        100.0007556080064,
        -99.99924439199368
      ],
      "confidence_score": 0.12000000008153827
    },
    "Linear": {
      "r2": 0.19187780932357468,
      "aic": -3556.685276423596,
      "bic": -3550.11886896612,
      "params": [
        2.026017002154684e-11,
        0.001408290163428635
      ],
      "confidence_score": 0.1563195039680188
    },
    "Quadratic": {
      "r2": 0.1548991991055011,
      "aic": -3545.870976723864,
      "bic": -3536.0213655376497,
      "params": [
        1.75146007766734e-18,
        1.0,
        0.0014516920122956036
      ],
      "confidence_score": 0.07306214435407277
    },
    "Cubic": {
      "r2": 0.12556213143556516,
      "aic": -3537.148286174302,
      "bic": -3524.01547125935,
      "params": [
        1.6553138713808529e-25,
        1.0,
        1.0,
        0.0014690023781936724
      ],
      "confidence_score": 0.055337581923569995
    },
    "Logarithmic": {
      "r2": 0.2003762432951398,
      "aic": -3558.7679525930303,
      "bic": -3552.201545135554,
      "params": [
        6.72070612699124e-05,
        0.0004915667185782413
      ],
      "confidence_score": 0.7981881216475699
    },
    "N Log N": {
      "r2": 0.18958305028467226,
      "aic": -3556.1266642500755,
      "bic": -3549.5602567925994,
      "params": [
        1.2352230683599226e-12,
        0.0014131750185122048
      ],
      "confidence_score": 0.47288050807332704
    }
  }
}