{
  "valid_points": 95,
  "models": {
    "Constant": {
      "r2": 0.7,
      "aic": -446.1433667363418,
      "bic": -441.03561295314074,
      "params": [
        -99.76475711323704,
        100.23524288676298
      ],
      "confidence_score": 0.09999999999999998
    },
    "Linear": {
      "r2": 0.7462259923169383,
      "aic": -576.4179251828953,
      "bic": -571.3101713996941,
      "params": [
        5.841446199938982e-05,
        0.34895048855725286
      ],
      "confidence_score": 0.747735595390163
    },
    "Quadratic": {
      "r2": 0.6065745137522951,
      "aic": -532.7654078396397,
      "bic": -525.1037771648381,
      "params": [
        1.1914962350090263e-08,
        1.0,
        0.39610094883678715
      ],
      "confidence_score": 0.3439447082883998
    },
    "Cubic": {
      "r2": 0.5062884584755476,
      "aic": -509.1947330928049,
      "bic": -498.97922552640273,
      "params": [
        2.5619471866261196e-12,
        1.0,
        1.0,
        0.416386662580025
      ],
      "confidence_score": 0.28377307508532856
    },
    "Logarithmic": {
      "r2": 0.7400615716223857,
      "aic": -574.1378632809941,
      "bic": -569.030109497793,
      "params": [
        0.04501454489759311,
        0.15649199893536997
      ],
      "confidence_score": 0.5939427369800258
    },
    "N Log N": {
      "r2": 0.7259064871901969,
      "aic": -569.100531339622,
      "bic": -563.9927775564208,
      "params": [
        6.802595240489729e-06,
        0.3585157662324673
      ],
      "confidence_score": 0.6557298198190483
    }
  }
}