{
  "valid_points": 15,
  "models": {
    "Constant": {
      "r2": 0.7,
      "aic": 101.5979859608035,
      "bic": 103.01408636300792,
      "params": [
        -93.57488080859181,
        106.42511919140814
      ],
      "confidence_score": 0.09999999999999998
    },
    "Linear": {
      "r2": 0.9999884832332802,
      "aic": -68.97761317076636,
      "bic": -67.56151276856194,
      "params": [
        0.002961086382943079,
        -0.08358953519906805
      ],
      "confidence_score": 0.8999930899399681
    },
    "Quadratic": {
      "r2": 0.9225129831313003,
      "aic": 65.23331274683196,
      "bic": 67.35746335013859,
      "params": [
        9.206539949415969e-08,
        1.0,
        4.063978771500728
      ],
      "confidence_score": 0.5335077898787801
    },
    "Cubic": {
      "r2": 0.845823235536538,
      "aic": 77.55315325649914,
      "bic": 80.38535406090799,
      "params": [
        2.718255969589479e-12,
        1.0,
        1.0,
        5.564149685122872
      ],
      "confidence_score": 0.4874939413219228
    },
    "Logarithmic": {
      "r2": 0.4605771627194105,
      "aic": 92.33915299775593,
      "bic": 93.75525339996035,
      "params": [
        5.6364754400928225,
        -17.93830625322348
      ],
      "confidence_score": 0.4782885813597053
    },
    "N Log N": {
      "r2": 0.9983687247307867,
      "aic": 5.32208801618652,
      "bic": 6.73818841839094,
      "params": [
        0.0002874996533772484,
        0.6627622847249188
      ],
      "confidence_score": 0.698
    }
  }
}