{
  "valid_points": 80,
  "models": {
    "Constant": {
      "r2": 0.0,
      "aic": 201.0998887053433,
      "bic": 205.86394197469104,
      "params": [
        -95.45435002073646,
        104.54564997926357
      ],
      "confidence_score": 0.0
    },
    "Linear": {
      "r2": 0.9988363662473113,
      "aic": -339.396721265909,
      "bic": -334.6326679965612,
      "params": [
        0.002966934436931301,
        0.264670008656653
      ],
      "confidence_score": 0.9788363662473113
    },
    "Quadratic": {
      "r2": 0.9686596935587178,
      "aic": -73.92813242598187,
      "bic": -66.78205252196022,
      "params": [
        4.83824036501268e-07,
        1.0,
        4.164156924991024
      ],
      "confidence_score": 0.9286596935587178
    },
    "Cubic": {
      "r2": 0.9042729834088812,
      "aic": 17.399511478428927,
      "bic": 26.927618017124452,
      "params": [
        9.286136019966455e-11,
        1.0,
        1.0,
        5.541326235471182
      ],
      "confidence_score": 0.8542729834088811
    },
    "Logarithmic": {
      "r2": 0.9603309256827324,
      "aic": -57.07478163919556,
      "bic": -52.310728369847794,
      "params": [
        7.612122919602456,
        -51.11642104599299
      ],
      "confidence_score": 0.9503309256827324
    },
    "N Log N": {
      "r2": 0.998262682839354,
      "aic": -307.3331686822904,
      "bic": -302.56911541294266,
      "params": [
        0.0003314248148634299,
        1.1272099392344337
      ],
      "confidence_score": 0.968262682839354
    }
  }
}