{
  "valid_points": 97,
  "models": {
    "Constant": {
      "r2": -2.220446049250313e-16,
      "aic": -923.5532947770182,
      "bic": -918.4038728200114,
      "params": [
        -99.9793324734748,
        100.0206675265253
      ],
      "confidence_score": -2.220446049250313e-16
    },
    "Linear": {
      "r2": 0.000503354336000017,
      "aic": -923.6021324399663,
      "bic": -918.4527104829596,
      "params": [
        -1.3519810360129725e-07,
        0.04162116847623398
      ],
      "confidence_score": -0.019496645663999983
    },
    "Quadratic": {
      "r2": 0.0010899577820711048,
      "aic": -921.6590783421676,
      "bic": -913.9349454066574,
      "params": [
        -4.4846630344829275e-11,
        1.0,
        0.041622751307982236
      ],
      "confidence_score": -0.038910042217928896
    },
    "Cubic": {
      "r2": 0.00183397979537403,
      "aic": -919.7313541457661,
      "bic": -909.4325102317525,
      "params": [
        -1.3687201997082803e-14,
        1.0,
        1.0,
        0.04163395259395341
      ],
      "confidence_score": -0.04816602020462597
    },
    "Logarithmic": {
      "r2": 1.4513670394400435e-06,
      "aic": -923.5534355597232,
      "bic": -918.4040136027164,
      "params": [
        -5.681998252127229e-06,
        0.04137483274171172
      ],
      "confidence_score": -0.00999854863296056
    },
    "N Log N": {
      "r2": 0.0005593017200691275,
      "aic": -923.6075622212174,
      "bic": -918.4581402642107,
      "params": [
        -1.681438399241554e-08,
        0.04161701004060047
      ],
      "confidence_score": -0.02944069827993087
    }
  }
}