{
  "valid_points": 78,
  "models": {
    "Constant": {
      "r2": 0.7,
      "aic": -630.2615588744704,
      "bic": -625.5481412210912,
      "params": [
        100.03694358448949,
        -99.96305641551058
      ],
      "confidence_score": 0.5226063647563488
    },
    "Linear": {
      "r2": 0.029085010762102792,
      "aic": -632.5638352841778,
      "bic": -627.8504176307986,
      "params": [
        2.5838132499123034e-06,
        0.06619038681767608
      ],
      "confidence_score": 0.39785346439468533
    },
    "Quadratic": {
      "r2": 0.03363083989633664,
      "aic": -630.9298893019744,
      "bic": -623.8597628219056,
      "params": [
        4.5824145885308694e-10,
        1.0,
        0.06923380040051158
      ],
      "confidence_score": 0.05326118648591942
    },
    "Cubic": {
      "r2": 0.03643824758219483,
      "aic": -629.1568175847776,
      "bic": -619.7299822780193,
      "params": [
        9.466165937732474e-14,
        1.0,
        1.0,
        0.0702988180794139
      ],
      "confidence_score": 0.008595542322735312
    },
    "Logarithmic": {
      "r2": 0.022758345272184344,
      "aic": -632.0572213580787,
      "bic": -627.3438037046994,
      "params": [
        0.006045563499362855,
        0.026033915335688648
      ],
      "confidence_score": 0.23666062210030137
    },
    "N Log N": {
      "r2": 0.02968943861045814,
      "aic": -632.612408077463,
      "bic": -627.8989904240838,
      "params": [
        2.914800663333863e-07,
        0.06687590336908013
      ],
      "confidence_score": 0.612844719305229
    }
  }
}