{
  "valid_points": 57,
  "models": {
    "Constant": {
      "r2": 0.0,
      "aic": 668.4681642469282,
      "bic": 672.5542667825972,
      "params": [
        398.2945342460622,
        125.84040512700058
      ],
      "confidence_score": 0.0
    },
    "Linear": {
      "r2": 0.974448012242616,
      "aic": 459.4468747487249,
      "bic": 463.532977284394,
      "params": [
        0.3929720694432667,
        -427.96054817281697
      ],
      "confidence_score": 0.954448012242616
    },
    "Quadratic": {
      "r2": 0.9997970748490467,
      "aic": 185.815782645418,
      "bic": 191.94493644892165,
      "params": [
        8.010738280639362e-05,
        1.0,
        -4.496490552452809
      ],
      "confidence_score": 0.9597970748490466
    },
    "Cubic": {
      "r2": 0.9828673217492945,
      "aic": 440.66240931899017,
      "bic": 448.8346143903284,
      "params": [
        1.9504777011686553e-08,
        1.0,
        1.0,
        142.50053735912954
      ],
      "confidence_score": 0.9328673217492944
    },
    "Logarithmic": {
      "r2": 0.8920044692274048,
      "aic": 541.6052344833126,
      "bic": 545.6913370189817,
      "params": [
        834.7593607411868,
        -5923.036337563083
      ],
      "confidence_score": 0.8820044692274048
    },
    "N Log N": {
      "r2": 0.9801115393658836,
      "aic": 445.1640760118077,
      "bic": 449.2501785474768,
      "params": [
        0.04495453976446939,
        -331.5986199810719
      ],
      "confidence_score": 0.9501115393658836
    }
  }
}