{
  "Constant": {
    "r2": 3.3306690738754696e-16,
    "aic": 189.52304300403554,
    "bic": 192.11471673604422,
    "params": [
      -85.72527203294966,
      114.27472796705041
    ]
  },
  "Linear": {
    "r2": 0.8536862473654774,
    "aic": 137.62898974912807,
    "bic": 140.22066348113674,
    "params": [
      0.3348487516804216,
      -24.021798079725514
    ]
  },
  "Quadratic": {
    "r2": 0.9743564282083255,
    "aic": 92.60955952206095,
    "bic": 96.49707012007394,
    "params": [
      0.001106919472958224,
      1.0,
      -6.860529011076473
    ]
  },
  "Cubic": {
    "r2": 0.9999625522888053,
    "aic": -81.67621108241117,
    "bic": -76.49286361839386,
    "params": [
      3.836541844215446e-06,
      1.0,
      1.0,
      0.43778256334482724
    ]
  },
  "Logarithmic": {
    "r2": 0.5608732324406498,
    "aic": 167.30293013711508,
    "bic": 169.89460386912373,
    "params": [
      29.710172715745973,
      -114.83962525658309
    ]
  },
  "N Log N": {
    "r2": 0.8849143795868842,
    "aic": 131.1469126416942,
    "bic": 133.73858637370284,
    "params": [
      0.057328354714123876,
      -18.47250343445408
    ]
  }
}