{
  "Constant": {
    "name": "Constant",
    "r2": -4.440892098500626e-16,
    "bic": 98.09555653300808,
    "confidence_score": -0.15497047258770782,
    "params": [
      9.11741073407288,
      1.5891687369714829
    ],
    "order": 0
  },
  "Linear": {
    "name": "Linear",
    "r2": 0.7205822015362632,
    "bic": 73.86966102992852,
    "confidence_score": 0.5256117289485558,
    "params": [
      0.11233820702575441,
      4.4187834391285234e-11
    ],
    "order": 2
  },
  "Quadratic": {
    "name": "Quadratic",
    "r2": 0.9565099261072751,
    "bic": 41.470766999472374,
    "confidence_score": 0.6440542172257141,
    "params": [
      0.0007143530778837683,
      2.6596789247374687e-15,
      9.817220707374147e-16
    ],
    "order": 4
  },
  "Cubic": {
    "name": "Cubic",
    "r2": 0.999964147285575,
    "bic": -90.50129978317693,
    "confidence_score": 0.5900232021101602,
    "params": [
      3.819888355807758e-06,
      9.467594582170918e-13,
      0.0030171583004904813,
      0.15329524036638495
    ],
    "order": 5
  },
  "Logarithmic": {
    "name": "Logarithmic",
    "r2": 0.22306371955247195,
    "bic": 93.3000146896654,
    "confidence_score": 0.048093246964764566,
    "params": [
      2.6150094276616622,
      2.1184776773287872e-14
    ],
    "order": 1
  },
  "N Log N": {
    "name": "N Log N",
    "r2": 0.7951387386090759,
    "bic": 67.97253278244453,
    "confidence_score": 0.5801682660213685,
    "params": [
      0.02271056565692303,
      2.5632168241619564e-18
    ],
    "order": 3
  },
  "confidence_analysis": {
    "best_model": "Quadratic",
    "best_score": 0.6440542172257141,
    "second_best_model": "Cubic",
    "second_best_score": 0.5900232021101602,
    "confidence_gap": 0.05403101511555386,
    "is_confident": true,
    "threshold": 0.03
  }
}