{
  "valid_points": 9,
  "models": {
    "Constant": {
      "r2": 0.0,
      "aic": -70.01902340445287,
      "bic": -69.62457424978042,
      "params": [
        -0.8935278919008038,
        1.0
      ],
      "confidence_score": 0.0
    },
    "Linear": {
      "r2": 0.913952336685693,
      "aic": -92.09470860947732,
      "bic": -91.70025945480488,
      "params": [
        7.24642798523023e-05,
        0.07921748728801759
      ],
      "confidence_score": 0.893952336685693
    },
    "Quadratic": {
      "r2": 0.9180528835703672,
      "aic": -90.53415385668485,
      "bic": -89.9424801246762,
      "params": [
        7.913758649243832e-08,
        1.0,
        0.0915852289467825
      ],
      "confidence_score": 0.8780528835703671
    },
    "Cubic": {
      "r2": 0.8702033012752292,
      "aic": -84.39509658175358,
      "bic": -83.6061982724087,
      "params": [
        9.51945973014636e-11,
        1.0,
        1.0,
        0.09575225375458714
      ],
      "confidence_score": 0.8202033012752291
    },
    "Logarithmic": {
      "r2": 0.7998335281593534,
      "aic": -84.4964764995,
      "bic": -84.10202734482756,
      "params": [
        0.02458465701471867,
        -0.0351027122474167
      ],
      "confidence_score": 0.7898335281593534
    },
    "N Log N": {
      "r2": 0.9203487893903916,
      "aic": -92.78990579708098,
      "bic": -92.39545664240853,
      "params": [
        1.0348799504551888e-05,
        0.08276894038299096
      ],
      "confidence_score": 0.8903487893903915
    }
  }
}