{
  "valid_points": 56,
  "models": {
    "Constant": {
      "r2": 0.7,
      "aic": -260.2660611119043,
      "bic": -256.215357730434,
      "params": [
        -99.82600496150553,
        100.17399503849452
      ],
      "confidence_score": 0.11999999999999998
    },
    "Linear": {
      "r2": 0.9261792881598754,
      "aic": -406.2085536684582,
      "bic": -402.1578502869879,
      "params": [
        0.00010463426199125436,
        0.08640442201068488
      ],
      "confidence_score": 0.8557075728959251
    },
    "Quadratic": {
      "r2": 0.89596456976218,
      "aic": -384.9953918115563,
      "bic": -378.91933673935085,
      "params": [
        2.0355129359828084e-08,
        1.0,
        0.20540421308279377
      ],
      "confidence_score": 0.5175823383641482
    },
    "Cubic": {
      "r2": 0.8377729794571553,
      "aic": -358.11654066032446,
      "bic": -350.01513389738386,
      "params": [
        4.773513009906067e-12,
        1.0,
        1.0,
        0.2463771153394507
      ],
      "confidence_score": 0.4826637876761961
    },
    "Logarithmic": {
      "r2": 0.9074090034712128,
      "aic": -393.5216099309033,
      "bic": -389.47090654943304,
      "params": [
        0.2356777049298499,
        -1.4799157756969759
      ],
      "confidence_score": 0.4985274562296079
    },
    "N Log N": {
      "r2": 0.924879108853401,
      "aic": -405.2308296579058,
      "bic": -401.18012627643554,
      "params": [
        1.1899021507348746e-05,
        0.1133768221956903
      ],
      "confidence_score": 0.8319971869873719
    }
  }
}