{
  "valid_points": 19,
  "models": {
    "Constant": {
      "r2": 0.7,
      "aic": 101.66452728302431,
      "bic": 103.5534052413572,
      "params": [
        -97.17387517816142,
        102.8261248218386
      ],
      "confidence_score": 0.11999999999999998
    },
    "Linear": {
      "r2": 0.9999984536692714,
      "aic": -152.5483611188897,
      "bic": -150.65948316055682,
      "params": [
        0.00010252797799492619,
        -0.0059726703546014726
      ],
      "confidence_score": 0.8999990722015628
    },
    "Quadratic": {
      "r2": 0.9194775015564908,
      "aic": 55.79937293614731,
      "bic": 58.632689873646626,
      "params": [
        2.014276935078304e-10,
        1.0,
        1.7667965836987876
      ],
      "confidence_score": 0.5316865009338945
    },
    "Cubic": {
      "r2": 0.841667119093644,
      "aic": 70.64647048301296,
      "bic": 74.42422639967873,
      "params": [
        3.7258344352440176e-16,
        1.0,
        1.0,
        2.4225007701604135
      ],
      "confidence_score": 0.4850002714561864
    },
    "Logarithmic": {
      "r2": 0.3885716021151203,
      "aic": 92.31733624042333,
      "bic": 94.20621419875621,
      "params": [
        2.090807291784766,
        -8.703442771517654
      ],
      "confidence_score": 0.4422858010575602
    },
    "N Log N": {
      "r2": 0.9987545614397719,
      "aic": -25.412556240737047,
      "bic": -23.523678282404166,
      "params": [
        7.861738561627046e-06,
        0.23900150648249247
      ],
      "confidence_score": 0.698
    }
  }
}