{
  "Constant": {
    "r2": 0.0,
    "aic": -278.4756262237593,
    "bic": -275.2004539043065,
    "params": [
      -99.91791450271481,
      100.0820854972851
    ]
  },
  "Linear": {
    "r2": 0.004369746715347511,
    "aic": -278.64204045835254,
    "bic": -275.36686813889975,
    "params": [
      1.2224243830294412e-05,
      0.16139416107716886
    ]
  },
  "Quadratic": {
    "r2": 0.01886361755151056,
    "aic": -277.19929082048765,
    "bic": -272.2865323413085,
    "params": [
      5.2400185301948454e-08,
      1.0,
      0.1605614022684072
    ]
  },
  "Cubic": {
    "r2": 0.038346798254563774,
    "aic": -275.9614790611354,
    "bic": -269.41113442222985,
    "params": [
      1.6701178592713302e-10,
      1.0,
      1.0,
      0.16020342592920386
    ]
  },
  "Logarithmic": {
    "r2": 0.0019154809711982024,
    "aic": -278.5484843020943,
    "bic": -275.27331198264153,
    "params": [
      -0.0012609567648782008,
      0.1706827582818147
    ]
  },
  "N Log N": {
    "r2": 0.006282187107809589,
    "aic": -278.71510234082206,
    "bic": -275.43993002136926,
    "params": [
      2.3127710171036916e-06,
      0.16122207010107556
    ]
  }
}