{
  "valid_points": 9,
  "models": {
    "Constant": {
      "r2": 0.7,
      "aic": 60.14690147310618,
      "bic": 60.54135062777862,
      "params": [
        16.426455186473,
        1.0
      ],
      "confidence_score": 0.09999999999999998
    },
    "Linear": {
      "r2": 0.9411109368772442,
      "aic": 34.65800245331184,
      "bic": 35.052451607984274,
      "params": [
        0.10407519964287582,
        -15.588510922461424
      ],
      "confidence_score": 0.4646665621263465
    },
    "Quadratic": {
      "r2": 0.9999911233764338,
      "aic": -42.54190224762168,
      "bic": -41.95022851561302,
      "params": [
        0.00011906025148440848,
        1.0,
        0.14783618917208355
      ],
      "confidence_score": 0.9799946740258603
    },
    "Cubic": {
      "r2": 0.974671096295073,
      "aic": 31.064619605456734,
      "bic": 31.853517914801614,
      "params": [
        1.434392831293592e-07,
        1.0,
        1.0,
        5.243007391004137
      ],
      "confidence_score": 0.5648026577770437
    },
    "Logarithmic": {
      "r2": 0.7313190568239958,
      "aic": 48.31882527945749,
      "bic": 48.71327443412993,
      "params": [
        30.28673215794268,
        -150.79090577998605
      ],
      "confidence_score": 0.498
    },
    "N Log N": {
      "r2": 0.9587622349535295,
      "aic": 31.45129413692324,
      "bic": 31.84574329159568,
      "params": [
        0.015051487606576295,
        -11.026801252865495
      ],
      "confidence_score": 0.698
    }
  }
}