{
  "valid_points": 9,
  "models": {
    "Constant": {
      "r2": 0.7,
      "aic": 76.74025779161305,
      "bic": 77.13470694628549,
      "params": [
        58.156945016649026,
        1.0
      ],
      "confidence_score": 0.10000000000053536
    },
    "Linear": {
      "r2": 0.916288965354719,
      "aic": 54.41679752102463,
      "bic": 54.81124667569706,
      "params": [
        0.39794629381137825,
        -29.18713220947695
      ],
      "confidence_score": 0.4497734294563134
    },
    "Quadratic": {
      "r2": 0.9980804271670736,
      "aic": 22.439384386697007,
      "bic": 23.031058118705666,
      "params": [
        0.0009029814138900461,
        1.0,
        -2.2554229565141233
      ],
      "confidence_score": 0.9788482563002441
    },
    "Cubic": {
      "r2": 0.9795142913749677,
      "aic": 45.74800780585486,
      "bic": 46.53690611519974,
      "params": [
        2.0743213745566536e-06,
        1.0,
        1.0,
        10.590842085576691
      ],
      "confidence_score": 0.56771172134104
    },
    "Logarithmic": {
      "r2": 0.5415936603456466,
      "aic": 69.72026423817142,
      "bic": 70.11471339284387,
      "params": [
        37.36959462675278,
        -128.34505715378197
      ],
      "confidence_score": 0.41879683019073083
    },
    "N Log N": {
      "r2": 0.943865184285722,
      "aic": 50.82026626980108,
      "bic": 51.21471542447352,
      "params": [
        0.06464460218244213,
        -21.623204845707985
      ],
      "confidence_score": 0.6980002275714783
    }
  }
}