{
  "valid_points": 8,
  "models": {
    "Constant": {
      "r2": 0.7,
      "aic": 50.66176300767387,
      "bic": 50.82064609103354,
      "params": [
        104.5565066393465,
        -95.44349336065352
      ],
      "confidence_score": 0.10000000000007318
    },
    "Linear": {
      "r2": 0.9168665590076257,
      "aic": 30.763297092564933,
      "bic": 30.922180175924606,
      "params": [
        0.21359919454411347,
        -4.290336178950161
      ],
      "confidence_score": 0.4501199374482763
    },
    "Quadratic": {
      "r2": 0.9994580255116619,
      "aic": -7.500570009280041,
      "bic": -7.262245384240535,
      "params": [
        0.0008739536142820053,
        1.0,
        -0.32218994429749914
      ],
      "confidence_score": 0.9796748153069971
    },
    "Cubic": {
      "r2": 0.988821484330982,
      "aic": 18.711670314036276,
      "bic": 19.02943648075562,
      "params": [
        3.393155099229439e-06,
        1.0,
        1.0,
        1.0910254218357596
      ],
      "confidence_score": 0.573293672035308
    },
    "Logarithmic": {
      "r2": 0.43950587964710053,
      "aic": 46.030270795444345,
      "bic": 46.189153878804014,
      "params": [
        6.906673966485543,
        -11.361083710199352
      ],
      "confidence_score": 0.3677529398242921
    },
    "N Log N": {
      "r2": 0.9511791823367721,
      "aic": 26.504975282652147,
      "bic": 26.66385836601182,
      "params": [
        0.0390377197506841,
        -2.8581133983942806
      ],
      "confidence_score": 0.698000012887285
    }
  }
}