{
  "Constant": {
    "name": "Constant",
    "r2": -2.220446049250313e-16,
    "bic": 1301.991719696441,
    "params": [
      140.5934073169424,
      1862.8887583853336
    ],
    "order": 0
  },
  "Linear": {
    "name": "Linear",
    "r2": 0.867756187386421,
    "bic": 1138.1199721120684,
    "params": [
      2.51512607797286,
      5.317739844492114e-18
    ],
    "order": 2
  },
  "Quadratic": {
    "name": "Quadratic",
    "r2": 0.9980066498181831,
    "bic": 802.733146519252,
    "params": [
      0.0011332927796431377,
      54.5156932241699,
      4.566435880981653e-05
    ],
    "order": 4
  },
  "Cubic": {
    "name": "Cubic",
    "r2": 0.9811326302407697,
    "bic": 989.1845913494259,
    "params": [
      4.2052957519354434e-07,
      3.0687111871788626,
      1.0,
      312.45020354579435
    ],
    "order": 5
  },
  "Logarithmic": {
    "name": "Logarithmic",
    "r2": 0.21190891875684603,
    "bic": 1282.702249248389,
    "params": [
      379.36521067647004,
      1.4457824588088973e-15
    ],
    "order": 1
  },
  "N Log N": {
    "name": "N Log N",
    "r2": 0.9060438202792688,
    "bic": 1110.432650630785,
    "params": [
      0.33291469001476104,
      1.0659043045426629e-15
    ],
    "order": 3
  }
}