{
  "valid_points": 18,
  "models": {
    "Constant": {
      "r2": 0.7,
      "aic": 84.25132441082529,
      "bic": 86.03206792661761,
      "params": [
        -98.66359815415404,
        101.33640184584591
      ],
      "confidence_score": 0.11999999999999998
    },
    "Linear": {
      "r2": 0.9984922890602892,
      "aic": -32.69760441079236,
      "bic": -30.916860895000028,
      "params": [
        3.887402406664385e-05,
        -0.1578731629549456
      ],
      "confidence_score": 0.4090957980912944
    },
    "Quadratic": {
      "r2": 0.993207984354612,
      "aic": -3.6048110656957704,
      "bic": -0.9336957920072777,
      "params": [
        3.681105942126402e-11,
        1.0,
        0.3773979390945929
      ],
      "confidence_score": 0.5759247906128981
    },
    "Cubic": {
      "r2": 0.9908690583739801,
      "aic": 3.7217682331860322,
      "bic": 7.28325526477069,
      "params": [
        3.5030363433126846e-17,
        1.0,
        1.0,
        0.4240652756361989
      ],
      "confidence_score": 0.5745214350243901
    },
    "Logarithmic": {
      "r2": 0.26398422965777324,
      "aic": 78.73425720985207,
      "bic": 80.5150007256444,
      "params": [
        1.2448317197302625,
        -5.534261659587516
      ],
      "confidence_score": 0.47999211482888665
    },
    "N Log N": {
      "r2": 0.9996730075816953,
      "aic": -60.208999902245125,
      "bic": -58.428256386452794,
      "params": [
        2.805132547460616e-06,
        -0.045601007813819004
      ],
      "confidence_score": 0.9480000000000001
    }
  }
}