{
  "valid_points": 19,
  "models": {
    "Constant": {
      "r2": 0.7,
      "aic": 128.5949776170042,
      "bic": 130.48385557533706,
      "params": [
        -94.26804188834994,
        105.73195811165009
      ],
      "confidence_score": 0.11999999999999998
    },
    "Linear": {
      "r2": 0.9999918591293698,
      "aic": -94.05867748925108,
      "bic": -92.1697995309182,
      "params": [
        0.00020826857682620936,
        -0.02982364901411816
      ],
      "confidence_score": 0.8999951154776219
    },
    "Quadratic": {
      "r2": 0.9213734043466449,
      "aic": 82.27711749290978,
      "bic": 85.1104344304091,
      "params": [
        4.0958991187196746e-10,
        1.0,
        3.5631039726419034
      ],
      "confidence_score": 0.5328240426079869
    },
    "Cubic": {
      "r2": 0.8442033058675198,
      "aic": 97.27011369278704,
      "bic": 101.04786960945279,
      "params": [
        7.57983381487078e-16,
        1.0,
        1.0,
        4.893318442013842
      ],
      "confidence_score": 0.4865219835205118
    },
    "Logarithmic": {
      "r2": 0.38733637845094826,
      "aic": 119.28613215171713,
      "bic": 121.17501011005001,
      "params": [
        4.240386164418978,
        -17.6510000383519
      ],
      "confidence_score": 0.44166818922547413
    },
    "N Log N": {
      "r2": 0.9989723137376957,
      "aic": -2.1334840489714795,
      "bic": -0.24460609063859895,
      "params": [
        1.5971611031990633e-05,
        0.46656574438506426
      ],
      "confidence_score": 0.698
    }
  }
}