{
  "valid_points": 28,
  "models": {
    "Constant": {
      "r2": 0.7,
      "aic": -566.9350010472332,
      "bic": -564.2705920268828,
      "params": [
        -99.99980382355194,
        100.00019617644807
      ],
      "confidence_score": 0.3700000082132506
    },
    "Linear": {
      "r2": 0.38333182088018136,
      "aic": -580.4708785619495,
      "bic": -577.8064695415991,
      "params": [
        2.088755679463088e-13,
        0.0003843429522693559
      ],
      "confidence_score": 0.22000861461775909
    },
    "Quadratic": {
      "r2": 0.3279142218429725,
      "aic": -576.0613414622985,
      "bic": -572.064727931773,
      "params": [
        3.9199682536158956e-22,
        1.0,
        0.00038697263932379434
      ],
      "confidence_score": 0.17674907252810926
    },
    "Cubic": {
      "r2": 0.30458338451917966,
      "aic": -573.1058377030389,
      "bic": -567.777019662338,
      "params": [
        7.159149684962888e-31,
        1.0,
        1.0,
        0.00038783116241174144
      ],
      "confidence_score": 0.16275009393302245
    },
    "Logarithmic": {
      "r2": 0.7117204442121199,
      "aic": -601.762089562534,
      "bic": -599.0976805421836,
      "params": [
        5.59648197232885e-06,
        0.00033233523173915077
      ],
      "confidence_score": 0.898
    },
    "N Log N": {
      "r2": 0.3786694601792965,
      "aic": -580.2599789627562,
      "bic": -577.5955699424059,
      "params": [
        1.0416032288066004e-14,
        0.0003846006483646686
      ],
      "confidence_score": 0.4873411569263233
    }
  }
}