{
  "valid_points": 29,
  "models": {
    "Constant": {
      "r2": 0.7,
      "aic": -281.6437104270058,
      "bic": -278.90911876703285,
      "params": [
        -99.99573531335797,
        100.00426468664207
      ],
      "confidence_score": 0.37
    },
    "Linear": {
      "r2": 0.4035009217199015,
      "aic": -296.6273603241151,
      "bic": -293.8927686641422,
      "params": [
        4.2329303327646165e-11,
        0.0069621063178722286
      ],
      "confidence_score": 0.2321005530319738
    },
    "Quadratic": {
      "r2": 0.24458774452179577,
      "aic": -287.77796813227627,
      "bic": -283.67608064231683,
      "params": [
        6.693630090103387e-20,
        1.0,
        0.00764233535114994
      ],
      "confidence_score": 0.12675264671307765
    },
    "Cubic": {
      "r2": 0.19322920538143107,
      "aic": -283.8704649321817,
      "bic": -278.4012816122358,
      "params": [
        1.1277166155421455e-28,
        1.0,
        1.0,
        0.007841666120376003
      ],
      "confidence_score": 0.09593752322885865
    },
    "Logarithmic": {
      "r2": 0.9253175693421214,
      "aic": -356.8845124097079,
      "bic": -354.149920749735,
      "params": [
        0.001190749838657804,
        -0.0038001006387481558
      ],
      "confidence_score": 0.898
    },
    "N Log N": {
      "r2": 0.3885002925231327,
      "aic": -295.9070936915257,
      "bic": -293.17250203155277,
      "params": [
        2.0841685407848044e-12,
        0.00703169617836726
      ],
      "confidence_score": 0.4922501462615836
    }
  }
}