{
  "best_model": "O(n)",
  "details": {
    "O(1)": {
      "r2": 0.0,
      "aic": 55.624419690729184,
      "params_norm": [
        0.6554252199405972
      ],
      "rss": 38657.5
    },
    "O(n)": {
      "r2": 1.0,
      "aic": -375.7111730098535,
      "params_norm": [
        0.8269794721407624,
        0.17302052785923758
      ],
      "rss": 1.0097419586828951e-27
    },
    "O(n^2)": {
      "r2": 1.0,
      "aic": -173.91356731936463,
      "params_norm": [
        4.797243360049616e-09,
        0.8269794665439785,
        0.17302052910296734
      ],
      "rss": 7.708751315064218e-14
    },
    "O(n^3)": {
      "r2": 1.0,
      "aic": -132.16604711190723,
      "params_norm": [
        1.2929271159483067e-08,
        -3.401626213340077e-08,
        0.8269794961642726,
        0.1730205234819301
      ],
      "rss": 5.461323499176349e-13
    },
    "O(log n)": {
      "r2": 0.9362633955328185,
      "aic": 44.106442232560234,
      "params_norm": [
        0.37652740067419904,
        0.9171936959830482
      ],
      "rss": 2463.8977871900706
    },
    "O(n log n)": {
      "r2": 0.7208183134155062,
      "aic": 52.969064674483505,
      "params_norm": [
        1.5718532856949048,
        1.0310061924519887
      ],
      "rss": 10792.46604914007
    },
    "O(2^n)": {
      "r2": 0.9776970943541962,
      "aic": 37.80618982481317,
      "params_norm": [
        0.3008626795915657,
        1.2348947214560382
      ],
      "rss": 862.1745750026633
    },
    "O(n^k)": {
      "r2": 0.9944035541321161,
      "aic": 29.510678395671096,
      "params_norm": [
        0.9818484020067596,
        0.7000483906203453
      ],
      "rss": 216.34460613772097
    }
  }
}