{
  "valid_points": 19,
  "models": {
    "Constant": {
      "r2": 1.1102230246251565e-16,
      "aic": -243.92449621656777,
      "bic": -242.0356182582349,
      "params": [
        100.01940807621723,
        -99.98059192378265
      ],
      "confidence_score": 1.1102230246251565e-16
    },
    "Linear": {
      "r2": 0.11374158343245544,
      "aic": -246.21868359919281,
      "bic": -244.32980564085995,
      "params": [
        -1.8069618625826678e-06,
        0.041526595228408625
      ],
      "confidence_score": 0.09374158343245544
    },
    "Quadratic": {
      "r2": 0.11181843396731606,
      "aic": -244.17749893867685,
      "bic": -241.34418200117753,
      "params": [
        -5.952422747817462e-10,
        1.0,
        0.04020009072346759
      ],
      "confidence_score": 0.07181843396731605
    },
    "Cubic": {
      "r2": 0.1104248037319876,
      "aic": -242.14770973415023,
      "bic": -238.36995381748446,
      "params": [
        -2.5537833546042274e-13,
        1.0,
        1.0,
        0.03976424450627624
      ],
      "confidence_score": 0.060424803731987595
    },
    "Logarithmic": {
      "r2": 0.116243335473602,
      "aic": -246.27239310815946,
      "bic": -244.3835151498266,
      "params": [
        -0.002674836735456515,
        0.05833184303653011
      ],
      "confidence_score": 0.106243335473602
    },
    "N Log N": {
      "r2": 0.11346432348664737,
      "aic": -246.21274050739908,
      "bic": -244.3238625490662,
      "params": [
        -2.173504518659225e-07,
        0.04120593956733067
      ],
      "confidence_score": 0.08346432348664737
    }
  }
}