{
  "best_model": "O(2^n)",
  "details": {
    "O(1)": {
      "r2": 0,
      "aic": Infinity,
      "params_norm": [
        1.0
      ],
      "rss": 0.0
    },
    "O(n)": {
      "r2": 0,
      "aic": -169.78780338072528,
      "params_norm": [
        9.36426321460069e-09,
        0.9999999945375131
      ],
      "rss": 8.1178481646188e-13
    },
    "O(n^2)": {
      "r2": 0,
      "aic": -169.64347772695896,
      "params_norm": [
        1.3968810166677247e-08,
        -1.4862539108855611e-08,
        1.000000003305388
      ],
      "rss": 1.5705921653937505e-13
    },
    "O(n^3)": {
      "r2": 0,
      "aic": -133.03079494437463,
      "params_norm": [
        1.0922999163697997e-07,
        -1.936360687196331e-07,
        1.0137572068589287e-07,
        0.9999999843147139
      ],
      "rss": 4.728303739554405e-13
    },
    "O(log n)": {
      "r2": 0,
      "aic": -170.28759512507895,
      "params_norm": [
        -4.218004269987846e-09,
        0.9999999972302877
      ],
      "rss": 7.469040103129715e-13
    },
    "O(n log n)": {
      "r2": 0,
      "aic": -180.57187004399134,
      "params_norm": [
        -8.531161804738576e-09,
        0.9999999979301961
      ],
      "rss": 1.345439426460992e-13
    },
    "O(2^n)": {
      "r2": 0,
      "aic": -213.15799083839522,
      "params_norm": [
        0.9999999998528463,
        2.5226359021217946e-10
      ],
      "rss": 5.891177055845089e-16
    },
    "O(n^k)": {
      "r2": 0,
      "aic": -168.3170796388468,
      "params_norm": [
        0.9999999973302715,
        -4.845089375126886e-09
      ],
      "rss": 1.037278696040544e-12
    }
  }
}