{
  "Constant": {
    "r2": -2.1163071295404734e-12,
    "aic": 27.951892854099118,
    "bic": 29.840770812431998,
    "params": [
      853.3770296918631,
      53.374477723659936
    ]
  },
  "Linear": {
    "r2": 0.7999318670219284,
    "aic": -2.6209559515212666,
    "bic": -0.7320779931883861,
    "params": [
      0.027881403478901112,
      903.60091155487
    ]
  },
  "Quadratic": {
    "r2": 0.7505742100645247,
    "aic": 3.568609833990028,
    "bic": 6.401926771489348,
    "params": [
      0.00011626952092058662,
      1.0,
      904.8448062744114
    ]
  },
  "Cubic": {
    "r2": 0.6611645037969786,
    "aic": 11.389322379029174,
    "bic": 15.167078295694935,
    "params": [
      5.23180063383144e-07,
      1.0,
      1.0,
      905.3528055134301
    ]
  },
  "Logarithmic": {
    "r2": 0.670404878312824,
    "aic": 6.863977500566935,
    "bic": 8.752855458899816,
    "params": [
      2.08707263356395,
      897.325074162991
    ]
  },
  "N Log N": {
    "r2": 0.7997773434770716,
    "aic": -2.6062868780620665,
    "bic": -0.717408919729186,
    "params": [
      0.004955722182134296,
      904.0151009234429
    ]
  }
}