{
  "valid_points": 28,
  "models": {
    "Constant": {
      "r2": 0.95,
      "aic": -457.7759014456626,
      "bic": -455.1114924253122,
      "params": [
        -99.99360660357131,
        100.00639339642866
      ],
      "confidence_score": 0.8018006215573291
    },
    "Linear": {
      "r2": 0.01925805684466031,
      "aic": -458.32038689512314,
      "bic": -455.6559778747727,
      "params": [
        3.288250231333396e-13,
        0.012774183101249467
      ],
      "confidence_score": 0.3985785868895655
    },
    "Quadratic": {
      "r2": 0.01982097584289666,
      "aic": -456.33646274177505,
      "bic": -452.33984921124943,
      "params": [
        6.768952645558089e-22,
        1.0,
        0.012777502296562217
      ],
      "confidence_score": 0.06752854144807374
    },
    "Cubic": {
      "r2": 0.016584928850819858,
      "aic": -454.2441734055769,
      "bic": -448.91535536487606,
      "params": [
        1.1733363100450665e-30,
        1.0,
        1.0,
        0.012779382041039594
      ],
      "confidence_score": 0.0036002111264088234
    },
    "Logarithmic": {
      "r2": 0.0027148382840122,
      "aic": -457.85202028960623,
      "bic": -455.1876112692558,
      "params": [
        -2.4276734696625537e-06,
        0.012812827657765771
      ],
      "confidence_score": 0.5349563077244377
    },
    "N Log N": {
      "r2": 0.019781103743513273,
      "aic": -458.33532377017013,
      "bic": -455.6709147498197,
      "params": [
        1.6720709510017977e-14,
        0.01277434828355078
      ],
      "confidence_score": 0.5078905518717567
    }
  }
}