{
  "valid_points": 19,
  "models": {
    "Constant": {
      "r2": 0.7,
      "aic": 107.32236007137739,
      "bic": 109.21123802971027,
      "params": [
        -97.39276882457105,
        102.60723117542896
      ],
      "confidence_score": 0.11999999999999998
    },
    "Linear": {
      "r2": 0.9997616947324198,
      "aic": -51.174843244891875,
      "bic": -49.28596528655899,
      "params": [
        6.416998835689913e-05,
        -0.09760696481233455
      ],
      "confidence_score": 0.8998570168394519
    },
    "Quadratic": {
      "r2": 0.9619927575948435,
      "aic": 47.19276766305841,
      "bic": 50.02608460055773,
      "params": [
        6.074316353079589e-11,
        1.0,
        1.4063952441201182
      ],
      "confidence_score": 0.557195654556906
    },
    "Cubic": {
      "r2": 0.9425799407135514,
      "aic": 57.03249020747087,
      "bic": 60.81024612413663,
      "params": [
        5.724096293318247e-17,
        1.0,
        1.0,
        1.6790622178467705
      ],
      "confidence_score": 0.5455479644281308
    },
    "Logarithmic": {
      "r2": 0.299720226295083,
      "aic": 100.55312847710651,
      "bic": 102.4420064354394,
      "params": [
        2.097896207388656,
        -9.266437629618085
      ],
      "confidence_score": 0.39786011314754155
    },
    "N Log N": {
      "r2": 0.9997233575609269,
      "aic": -48.34054959516275,
      "bic": -46.45167163682987,
      "params": [
        4.64488675541494e-06,
        0.15052143496943637
      ],
      "confidence_score": 0.7707213962317621
    }
  }
}