{
  "Constant": {
    "r2": 0.0,
    "aic": 169.09622113164048,
    "bic": 171.61241420768343,
    "params": [
      111.30455058927723,
      -88.69544941072277
    ]
  },
  "Linear": {
    "r2": 0.6502530233470918,
    "aic": 141.78204307728345,
    "bic": 144.2982361533264,
    "params": [
      0.2338517698652537,
      -10.247072487513796
    ]
  },
  "Quadratic": {
    "r2": 0.6990332139303117,
    "aic": 139.87658162590586,
    "bic": 143.65087123997031,
    "params": [
      0.0008346876429415895,
      1.0,
      0.45106566520539293
    ]
  },
  "Cubic": {
    "r2": 0.6867305058035181,
    "aic": 142.91824329980685,
    "bic": 147.95062945189278,
    "params": [
      3.078014891966241e-06,
      1.0,
      1.0,
      5.241896172456128
    ]
  },
  "Logarithmic": {
    "r2": 0.3862163105818195,
    "aic": 156.40529066459925,
    "bic": 158.9214837406422,
    "params": [
      14.374060954234848,
      -43.7534395913158
    ]
  },
  "N Log N": {
    "r2": 0.6679372494041549,
    "aic": 140.43300680886978,
    "bic": 142.94919988491273,
    "params": [
      0.040807898151481586,
      -6.899010107605736
    ]
  }
}