{
  "valid_points": 17,
  "models": {
    "Constant": {
      "r2": 0.7,
      "aic": 115.8426820449167,
      "bic": 117.50910873302914,
      "params": [
        104.2149023536374,
        -95.78509764636264
      ],
      "confidence_score": 0.15999999999999998
    },
    "Linear": {
      "r2": 0.9999996321630247,
      "aic": -136.0229599357117,
      "bic": -134.35653324759926,
      "params": [
        0.00021891345006608276,
        -0.009192897402547917
      ],
      "confidence_score": 0.8999997792978148
    },
    "Quadratic": {
      "r2": 0.9856941524981687,
      "aic": 45.64220459042502,
      "bic": 48.141844622593666,
      "params": [
        4.1232660262748567e-10,
        1.0,
        1.6239122161315285
      ],
      "confidence_score": 0.5714164914989012
    },
    "Cubic": {
      "r2": 0.9823729953940599,
      "aic": 51.19118764076748,
      "bic": 54.52404101699234,
      "params": [
        7.843091358803551e-16,
        1.0,
        1.0,
        1.7661282632451194
      ],
      "confidence_score": 0.5694237972364359
    },
    "Logarithmic": {
      "r2": 0.3012136761518237,
      "aic": 109.74970742391504,
      "bic": 111.41613411202748,
      "params": [
        4.036607492454163,
        -16.786113844788378
      ],
      "confidence_score": 0.2986068380759118
    },
    "N Log N": {
      "r2": 0.9994808035366575,
      "aic": -12.732197428888512,
      "bic": -11.06577074077608,
      "params": [
        1.660975188524639e-05,
        0.3521632767475462
      ],
      "confidence_score": 0.648
    }
  }
}