{
  "Constant": {
    "r2": 3.3306690738754696e-16,
    "aic": -134.38275302955677,
    "bic": -129.31755404325025,
    "params": [
      -99.60887584314544,
      100.39112415685449
    ]
  },
  "Linear": {
    "r2": 0.9985474547049821,
    "aic": -742.0854763854151,
    "bic": -737.0202773991085,
    "params": [
      0.0003370730600910088,
      0.07899792823089402
    ]
  },
  "Quadratic": {
    "r2": 0.9292303727812732,
    "aic": -378.677011919922,
    "bic": -371.07921344046224,
    "params": [
      7.318774675191264e-08,
      1.0,
      0.31841818792433507
    ]
  },
  "Cubic": {
    "r2": 0.8287148879252831,
    "aic": -294.4743513919983,
    "bic": -284.3439534193853,
    "params": [
      1.624048818635303e-11,
      1.0,
      1.0,
      0.4297095685941516
    ]
  },
  "Logarithmic": {
    "r2": 0.6131864402693423,
    "aic": -222.71531179438355,
    "bic": -217.65011280807704,
    "params": [
      0.20610366392035795,
      -0.6526413916480165
    ]
  },
  "N Log N": {
    "r2": 0.9971500936497476,
    "aic": -679.4063834961439,
    "bic": -674.3411845098374,
    "params": [
      3.973637928646929e-05,
      0.12552095466964105
    ]
  }
}