{
  "Constant": {
    "r2": -2.220446049250313e-16,
    "aic": 11.949132528711136,
    "bic": 14.4653256047541,
    "params": [
      100.80663940081239,
      -99.19336059918771
    ]
  },
  "Linear": {
    "r2": 0.9487392043742727,
    "aic": -65.29242242784953,
    "bic": -62.77622935180656,
    "params": [
      0.013149632599640637,
      -0.4178336799199027
    ]
  },
  "Quadratic": {
    "r2": 0.9990559179301629,
    "aic": -167.14860135877228,
    "bic": -163.37431174470782,
    "params": [
      4.1603943537452875e-05,
      1.0,
      0.31076813973640655
    ]
  },
  "Cubic": {
    "r2": 0.9691367480906408,
    "aic": -74.48378306780333,
    "bic": -69.4513969157174,
    "params": [
      1.3966260870822397e-07,
      1.0,
      1.0,
      0.610131691597579
    ]
  },
  "Logarithmic": {
    "r2": 0.6939286722147512,
    "aic": -18.8332322495268,
    "bic": -16.31703917348384,
    "params": [
      1.2300065212811861,
      -4.295573438844871
    ]
  },
  "N Log N": {
    "r2": 0.9681156596785805,
    "aic": -77.63751497844487,
    "bic": -75.1213219024019,
    "params": [
      0.0022327814562772812,
      -0.18498500547727384
    ]
  }
}