{
  "Constant": {
    "r2": 0.0,
    "aic": 13.196784674722045,
    "bic": 18.366719632063187,
    "params": [
      100.75521791467868,
      -99.24478208532142
    ]
  },
  "Linear": {
    "r2": 0.8306093976885711,
    "aic": -160.80691683831563,
    "bic": -155.63698188097447,
    "params": [
      0.000685293122894004,
      0.09901170767410927
    ]
  },
  "Quadratic": {
    "r2": 0.7670689063928096,
    "aic": -127.59045059041412,
    "bic": -119.8355481544024,
    "params": [
      1.5003217257447687e-07,
      1.0,
      0.5825476949692827
    ]
  },
  "Cubic": {
    "r2": 0.6554487036100972,
    "aic": -87.2234205906671,
    "bic": -76.88355067598482,
    "params": [
      3.2794418621160865e-11,
      1.0,
      1.0,
      0.8239515281174
    ]
  },
  "Logarithmic": {
    "r2": 0.4827001184620494,
    "aic": -51.39820336066815,
    "bic": -46.22826840332701,
    "params": [
      0.4070308869767697,
      -1.3192523464478776
    ]
  },
  "N Log N": {
    "r2": 0.8315197605716602,
    "aic": -161.33502265520994,
    "bic": -156.16508769786878,
    "params": [
      8.103349785208743e-05,
      0.19022272140835872
    ]
  }
}