{
  "valid_points": 10,
  "models": {
    "Constant": {
      "r2": 0.7,
      "aic": -57.46422314365709,
      "bic": -56.85905295766899,
      "params": [
        -0.697231128811836,
        1.0
      ],
      "confidence_score": 0.12000214186981722
    },
    "Linear": {
      "r2": 0.8987572386580893,
      "aic": -80.3665638283634,
      "bic": -79.76139364237531,
      "params": [
        0.0001984765297853297,
        0.23359980055802065
      ],
      "confidence_score": 0.7077343180808271
    },
    "Quadratic": {
      "r2": 0.8968364964773698,
      "aic": -78.17862450885126,
      "bic": -77.27086922986912,
      "params": [
        2.241492855445923e-07,
        1.0,
        0.2645956874867058
      ],
      "confidence_score": 0.5953879981142347
    },
    "Cubic": {
      "r2": 0.8279494859335906,
      "aic": -71.06389473219198,
      "bic": -69.8535543602158,
      "params": [
        2.701677557958903e-10,
        1.0,
        1.0,
        0.27536064619324374
      ],
      "confidence_score": 0.4786640054103898
    },
    "Logarithmic": {
      "r2": 0.7545733180790015,
      "aic": -71.511793386971,
      "bic": -70.9066232009829,
      "params": [
        0.060665291677815765,
        -0.039584547480397345
      ],
      "confidence_score": 0.650405382745394
    },
    "N Log N": {
      "r2": 0.9065166292965903,
      "aic": -81.16394026310472,
      "bic": -80.55877007711663,
      "params": [
        2.859044765147182e-05,
        0.24251633770780404
      ],
      "confidence_score": 0.898
    }
  }
}