{
  "Constant": {
    "r2": 1.1102230246251565e-16,
    "aic": -478.1079227611313,
    "bic": -473.0643456070332,
    "params": [
      -99.72843567071396,
      100.27156432928612
    ]
  },
  "Linear": {
    "r2": 0.8496392191912588,
    "aic": -652.4219481592693,
    "bic": -647.3783710051712,
    "params": [
      4.801997284775705e-05,
      0.44345172188857485
    ]
  },
  "Quadratic": {
    "r2": 0.7784587336164639,
    "aic": -614.765391803534,
    "bic": -607.2000260723869,
    "params": [
      1.038774732897707e-08,
      1.0,
      0.47809061232437333
    ]
  },
  "Cubic": {
    "r2": 0.6842668484848641,
    "aic": -580.1708476641531,
    "bic": -570.0836933559569,
    "params": [
      2.288946114054425e-12,
      1.0,
      1.0,
      0.4943806943705959
    ]
  },
  "Logarithmic": {
    "r2": 0.5327500235194524,
    "aic": -548.1098839955097,
    "bic": -543.0663068414116,
    "params": [
      0.029334839740202425,
      0.3391181493879072
    ]
  },
  "N Log N": {
    "r2": 0.8470079131349197,
    "aic": -650.8258780073545,
    "bic": -645.7823008532564,
    "params": [
      5.661295219273645e-06,
      0.4501108669782262
    ]
  }
}