{
  "valid_points": 76,
  "models": {
    "Constant": {
      "r2": -2.220446049250313e-16,
      "aic": -530.5368366816452,
      "bic": -525.8753700010726,
      "params": [
        -99.90979231599907,
        100.09020768400084
      ],
      "confidence_score": -2.220446049250313e-16
    },
    "Linear": {
      "r2": 0.6710017943796331,
      "aic": -615.0262633343991,
      "bic": -610.3647966538265,
      "params": [
        2.1464494413577746e-05,
        0.11643140472018518
      ],
      "confidence_score": 0.6510017943796331
    },
    "Quadratic": {
      "r2": 0.6555908470897407,
      "aic": -609.5471313910745,
      "bic": -602.5549313702155,
      "params": [
        3.514579068610932e-09,
        1.0,
        0.14467082715124951
      ],
      "confidence_score": 0.6155908470897407
    },
    "Cubic": {
      "r2": 0.6163708049633673,
      "aic": -599.3508278261315,
      "bic": -590.0278944649862,
      "params": [
        6.800377854379274e-13,
        1.0,
        1.0,
        0.15459954430186146
      ],
      "confidence_score": 0.5663708049633672
    },
    "Logarithmic": {
      "r2": 0.6422146275859084,
      "aic": -608.6513079794693,
      "bic": -603.9898412988966,
      "params": [
        0.05534049571349823,
        -0.25763366766171353
      ],
      "confidence_score": 0.6322146275859084
    },
    "N Log N": {
      "r2": 0.6711371149378047,
      "aic": -615.057529395614,
      "bic": -610.3960627150414,
      "params": [
        2.397946687489307e-06,
        0.12268774799365692
      ],
      "confidence_score": 0.6411371149378047
    }
  }
}