{
  "Constant": {
    "r2": -2.220446049250313e-16,
    "aic": -139.43114927896212,
    "bic": -135.345046743293,
    "params": [
      -99.57200090743989,
      100.4279990925601
    ]
  },
  "Linear": {
    "r2": 0.9929848023772713,
    "aic": -422.132703758253,
    "bic": -418.0466012225839,
    "params": [
      0.0003278638662446523,
      0.03346252059707954
    ]
  },
  "Quadratic": {
    "r2": 0.9764071613154879,
    "aic": -350.99943661750996,
    "bic": -344.8702828140063,
    "params": [
      6.437442612305944e-08,
      1.0,
      0.4028078718403757
    ]
  },
  "Cubic": {
    "r2": 0.9282506163225854,
    "aic": -285.6019820907058,
    "bic": -277.4297770193676,
    "params": [
      1.523641241815343e-11,
      1.0,
      1.0,
      0.5301360971638998
    ]
  },
  "Logarithmic": {
    "r2": 0.9589558907978273,
    "aic": -321.4383027922447,
    "bic": -317.3522002565756,
    "params": [
      0.7325506271130156,
      -4.828850303406159
    ]
  },
  "N Log N": {
    "r2": 0.9933626654139995,
    "aic": -425.28870366866784,
    "bic": -421.2026011329987,
    "params": [
      3.7322464171147664e-05,
      0.11729346420086594
    ]
  }
}