{
  "Constant": {
    "r2": -2.220446049250313e-16,
    "aic": -351.0080907879877,
    "bic": -346.34662410741504,
    "params": [
      -99.82138754996028,
      100.17861245003974
    ]
  },
  "Linear": {
    "r2": 0.9583938473116262,
    "aic": -592.6506396211053,
    "bic": -587.9891729405326,
    "params": [
      8.198426578542861e-05,
      0.11073273255282656
    ]
  },
  "Quadratic": {
    "r2": 0.9569734670446493,
    "aic": -588.0994022043161,
    "bic": -581.1072021834572,
    "params": [
      1.3459489482944802e-08,
      1.0,
      0.2175915516359055
    ]
  },
  "Cubic": {
    "r2": 0.91585975937022,
    "aic": -535.1286367001929,
    "bic": -525.8057033390476,
    "params": [
      2.6047087210787646e-12,
      1.0,
      1.0,
      0.25511260689078424
    ]
  },
  "Logarithmic": {
    "r2": 0.8937198540158763,
    "aic": -521.3755264108297,
    "bic": -516.7140597302571,
    "params": [
      0.21017754636665167,
      -1.3078254554389332
    ]
  },
  "N Log N": {
    "r2": 0.9611431282120482,
    "aic": -597.8462364616345,
    "bic": -593.1847697810618,
    "params": [
      9.163162475235607e-06,
      0.13445179775067956
    ]
  }
}