{
  "Constant": {
    "name": "Constant",
    "r2": 0.0,
    "bic": 726.4712101104099,
    "confidence_score": -0.09222198635284841,
    "params": [
      10.163551867013512,
      6966.708920373754
    ],
    "order": 0
  },
  "Linear": {
    "name": "Linear",
    "r2": 0.7111614371671101,
    "bic": 676.795715987898,
    "confidence_score": 0.5789394508142617,
    "params": [
      38.56277226174668,
      3.182445736446362e-20
    ],
    "order": 2
  },
  "Quadratic": {
    "name": "Quadratic",
    "r2": 0.9472325385936373,
    "bic": 612.4856679853214,
    "confidence_score": 0.7288995590643648,
    "params": [
      0.12261528224629215,
      8.948336469022084e-21,
      2.4000386979284675e-21
    ],
    "order": 4
  },
  "Cubic": {
    "name": "Cubic",
    "r2": 0.9998906174886361,
    "bic": 369.02258740596835,
    "confidence_score": 0.7154466447829393,
    "params": [
      0.0003367900456552855,
      2.024961767491645e-23,
      1.908341619973564e-23,
      2.9275802017778717e-23
    ],
    "order": 5
  },
  "Logarithmic": {
    "name": "Logarithmic",
    "r2": 0.20960423145203877,
    "bic": 717.0623506655879,
    "confidence_score": 0.09738224509919036,
    "params": [
      1526.7094364447432,
      2.0243735751298078e-13
    ],
    "order": 1
  },
  "N Log N": {
    "name": "N Log N",
    "r2": 0.7757949207629165,
    "bic": 666.6634455638991,
    "confidence_score": 0.623572934410068,
    "params": [
      6.843821380051551,
      2.908687243106383e-20
    ],
    "order": 3
  },
  "confidence_analysis": {
    "best_model": "Quadratic",
    "best_score": 0.7288995590643648,
    "second_best_model": "Cubic",
    "second_best_score": 0.7154466447829393,
    "confidence_gap": 0.013452914281425477,
    "is_confident": false,
    "threshold": 0.03
  }
}