{
  "Constant": {
    "name": "Constant",
    "r2": 0.0,
    "bic": -93.87550975701964,
    "confidence_score": -0.16057620877200915,
    "params": [
      0.2882580998235687,
      0.2882580998234238
    ],
    "order": 0
  },
  "Linear": {
    "name": "Linear",
    "r2": 0.9107621622921865,
    "bic": -137.3716122732333,
    "confidence_score": 0.7101859535201773,
    "params": [
      0.000967791816608079,
      0.4671557241663625
    ],
    "order": 2
  },
  "Quadratic": {
    "name": "Quadratic",
    "r2": 0.9107621638098372,
    "bic": -134.48124082145966,
    "confidence_score": 0.5898978506518235,
    "params": [
      5.811895349663616e-09,
      0.0009664783117544753,
      0.4672076688774184
    ],
    "order": 4
  },
  "Cubic": {
    "name": "Cubic",
    "r2": 0.9107752788098035,
    "bic": -131.5935146605255,
    "confidence_score": 0.48962286126578525,
    "params": [
      2.0695823061073516e-10,
      7.373975131052864e-13,
      0.0009585164278220261,
      0.46763638615854425
    ],
    "order": 5
  },
  "Logarithmic": {
    "name": "Logarithmic",
    "r2": 0.8183385352858814,
    "bic": -124.57649710098659,
    "confidence_score": 0.6377623265138722,
    "params": [
      0.07518242112367544,
      0.23782907420835261
    ],
    "order": 1
  },
  "N Log N": {
    "name": "N Log N",
    "r2": 0.9080149645595194,
    "bic": -136.8258384785622,
    "confidence_score": 0.6874387557875101,
    "params": [
      0.00017178853809223844,
      0.48148787408969174
    ],
    "order": 3
  },
  "confidence_analysis": {
    "best_model": "Linear",
    "best_score": 0.7101859535201773,
    "second_best_model": "N Log N",
    "second_best_score": 0.6874387557875101,
    "confidence_gap": 0.0227471977326672,
    "is_confident": false,
    "threshold": 0.03
  }
}