{
  "valid_points": 20,
  "models": {
    "Constant": {
      "r2": 0.7,
      "aic": 262.3145988032292,
      "bic": 264.3060633503372,
      "params": [
        403.43721144266095,
        154.42888170115958
      ],
      "confidence_score": 0.09999999999999998
    },
    "Linear": {
      "r2": 0.8365392557174662,
      "aic": 226.090950531153,
      "bic": 228.082415078261,
      "params": [
        9.195381969274598,
        -430.63746855319806
      ],
      "confidence_score": 0.4019235534304797
    },
    "Quadratic": {
      "r2": 0.9717154536662358,
      "aic": 193.00580501470964,
      "bic": 195.99300183537162,
      "params": [
        0.044580756372681225,
        1.0,
        -136.67980124859855
      ],
      "confidence_score": 0.5630292721997414
    },
    "Cubic": {
      "r2": 0.9997862353726169,
      "aic": 97.3018983974878,
      "bic": 101.28482749170377,
      "params": [
        0.00021955365401005178,
        1.0,
        1.0,
        0.24482045779174688
      ],
      "confidence_score": 0.9798717412235701
    },
    "Logarithmic": {
      "r2": 0.44087697238052725,
      "aic": 250.68688390612246,
      "bic": 252.67834845323046,
      "params": [
        409.20311505175044,
        -1220.401376481195
      ],
      "confidence_score": 0.36843848619026365
    },
    "N Log N": {
      "r2": 0.8756804378382066,
      "aic": 220.61660051855728,
      "bic": 222.60806506566527,
      "params": [
        1.6984475277424673,
        -333.3566197148162
      ],
      "confidence_score": 0.698
    }
  }
}