{
  "valid_points": 89,
  "models": {
    "Constant": {
      "r2": 0.7,
      "aic": 800.2514377722885,
      "bic": 805.2287105117528,
      "params": [
        142.3341039986758,
        -57.66589600132423
      ],
      "confidence_score": 0.09999999999999998
    },
    "Linear": {
      "r2": 0.8819427072165523,
      "aic": 610.0953513868425,
      "bic": 615.0726241263068,
      "params": [
        0.2912694201672238,
        -60.3839632459258
      ],
      "confidence_score": 0.4291656243299314
    },
    "Quadratic": {
      "r2": 0.9884540165234214,
      "aic": 405.1852666161918,
      "bic": 412.65117572538827,
      "params": [
        0.0003000859754158647,
        1.0,
        -13.719180246308035
      ],
      "confidence_score": 0.5730724099140527
    },
    "Cubic": {
      "r2": 0.9958407568884194,
      "aic": 316.3158650343824,
      "bic": 326.27041051331094,
      "params": [
        3.2016069463100355e-07,
        1.0,
        1.0,
        6.927802246344069
      ],
      "confidence_score": 0.9775044541330516
    },
    "Logarithmic": {
      "r2": 0.5409050197419558,
      "aic": 730.9651013844049,
      "bic": 735.9423741238692,
      "params": [
        72.16899777028397,
        -343.8005603633691
      ],
      "confidence_score": 0.41845250987097793
    },
    "N Log N": {
      "r2": 0.9079167268026186,
      "aic": 587.9809226310922,
      "bic": 592.9581953705565,
      "params": [
        0.041707709103735946,
        -48.16872177022694
      ],
      "confidence_score": 0.698
    }
  }
}