{
  "valid_points": 16,
  "models": {
    "Constant": {
      "r2": 0.7,
      "aic": 117.67321658192775,
      "bic": 119.21839402640731,
      "params": [
        11.129978509619832,
        1.0
      ],
      "confidence_score": 0.09999999999999998
    },
    "Linear": {
      "r2": 0.9277348768453315,
      "aic": 75.63459807194835,
      "bic": 77.17977551642791,
      "params": [
        0.003954246847463594,
        -4.315239848125263
      ],
      "confidence_score": 0.45664092610719886
    },
    "Quadratic": {
      "r2": 0.9998595311984673,
      "aic": -22.25518577000933,
      "bic": -19.93741960328999,
      "params": [
        1.3298557254745275e-07,
        1.0,
        0.22302193594872988
      ],
      "confidence_score": 0.9799157187190803
    },
    "Cubic": {
      "r2": 0.9806098712920919,
      "aic": 58.585357831531205,
      "bic": 61.67571272049033,
      "params": [
        4.064517314128812e-12,
        1.0,
        1.0,
        1.9159768543596962
      ],
      "confidence_score": 0.5683659227752551
    },
    "Logarithmic": {
      "r2": 0.27518072477556044,
      "aic": 112.52388968985936,
      "bic": 114.06906713433892,
      "params": [
        6.026292377367843,
        -21.34084966702576
      ],
      "confidence_score": 0.08559036238778021
    },
    "N Log N": {
      "r2": 0.9476171815617255,
      "aic": 70.48639044076056,
      "bic": 72.03156788524012,
      "params": [
        0.0003882439876292262,
        -3.4715816326919464
      ],
      "confidence_score": 0.648
    }
  }
}