{
  "valid_points": 30,
  "models": {
    "Constant": {
      "r2": 0.7,
      "aic": -602.7130175721416,
      "bic": -599.9106228088173,
      "params": [
        100.00017751008271,
        -99.9998224899172
      ],
      "confidence_score": 0.35105173344921814
    },
    "Linear": {
      "r2": 0.3122912765715147,
      "aic": -613.9447145062529,
      "bic": -611.1423197429286,
      "params": [
        1.6232015844190043e-13,
        0.0003462999949767664
      ],
      "confidence_score": 0.562654728867316
    },
    "Quadratic": {
      "r2": 0.3347835428731668,
      "aic": -612.942301327668,
      "bic": -608.7387091826815,
      "params": [
        3.2508035937452947e-22,
        1.0,
        0.00034773252867697856
      ],
      "confidence_score": 0.29670491740690497
    },
    "Cubic": {
      "r2": 0.34443994146768575,
      "aic": -611.3809782971578,
      "bic": -605.7761887705092,
      "params": [
        6.178570540873817e-31,
        1.0,
        1.0,
        0.0003481909691591664
      ],
      "confidence_score": 0.21299912044994976
    },
    "Logarithmic": {
      "r2": 0.26382174958627946,
      "aic": -611.9015076175596,
      "bic": -609.0991128542353,
      "params": [
        3.6481031169407814e-06,
        0.00031437529002207535
      ],
      "confidence_score": 0.5339414376561425
    },
    "N Log N": {
      "r2": 0.31400814043334324,
      "aic": -614.0197031075686,
      "bic": -611.2173083442443,
      "params": [
        8.129361548814705e-15,
        0.0003464448722383958
      ],
      "confidence_score": 0.6550040702166717
    }
  }
}