{
  "Constant": {
    "r2": 0.0,
    "aic": -597.4972560077558,
    "bic": -592.8622797806833,
    "params": [
      100.18387975792096,
      -99.8161202420792
    ]
  },
  "Linear": {
    "r2": 0.01409798446787025,
    "aic": -598.5621288861803,
    "bic": -593.9271526591077,
    "params": [
      -1.8817848146390759e-06,
      0.37342996074995694
    ]
  },
  "Quadratic": {
    "r2": 0.015271507606957169,
    "aic": -596.6514548612747,
    "bic": -589.6989905206658,
    "params": [
      -3.206752657082415e-10,
      1.0,
      0.3710911180690002
    ]
  },
  "Cubic": {
    "r2": 0.01608456814088488,
    "aic": -594.7134056719424,
    "bic": -585.4434532177971,
    "params": [
      -6.486074648605452e-14,
      1.0,
      1.0,
      0.37030123553460004
    ]
  },
  "Logarithmic": {
    "r2": 0.012264910440643817,
    "aic": -598.422811895008,
    "bic": -593.7878356679354,
    "params": [
      -0.004666459722643329,
      0.4047477244913611
    ]
  },
  "N Log N": {
    "r2": 0.014257579658164765,
    "aic": -598.5742706690297,
    "bic": -593.9392944419571,
    "params": [
      -2.1113989039144635e-07,
      0.3729044908898228
    ]
  }
}