{
  "Constant": {
    "r2": 0.0,
    "aic": 771.6846893773803,
    "bic": 775.8733785018245,
    "params": [
      58.634214873206446,
      858.6342224598013
    ]
  },
  "Linear": {
    "r2": 0.974025383192726,
    "aic": 552.6465597090363,
    "bic": 556.8352488334805,
    "params": [
      0.6674753537082404,
      -752.5324088402755
    ]
  },
  "Quadratic": {
    "r2": 0.9998991002275766,
    "aic": 221.60171621294646,
    "bic": 227.88474989961276,
    "params": [
      0.00013368664885671233,
      1.0,
      -24.698834047560595
    ]
  },
  "Cubic": {
    "r2": 0.9843369217760545,
    "aic": 526.2977468746943,
    "bic": 534.6751251235827,
    "params": [
      3.199352583062338e-08,
      1.0,
      1.0,
      227.34751210299802
    ]
  },
  "Logarithmic": {
    "r2": 0.8919636241160418,
    "aic": 638.1674516877856,
    "bic": 642.3561408122298,
    "params": [
      1442.8268021985355,
      -10269.049990110756
    ]
  },
  "N Log N": {
    "r2": 0.979681207501699,
    "aic": 537.9121444373548,
    "bic": 542.1008335617989,
    "params": [
      0.07620253154152147,
      -586.8913099905344
    ]
  }
}