{
  "valid_points": 59,
  "models": {
    "Constant": {
      "r2": 0.7,
      "aic": 755.7863833176986,
      "bic": 759.94145820551,
      "params": [
        48.51595870005272,
        848.5159710961027
      ],
      "confidence_score": 0.09999999999999998
    },
    "Linear": {
      "r2": 0.9741493667465245,
      "aic": 540.1165926331137,
      "bic": 544.2716675209251,
      "params": [
        0.6609086924055212,
        -739.5572266321717
      ],
      "confidence_score": 0.4844896200479147
    },
    "Quadratic": {
      "r2": 0.999892355933537,
      "aic": 218.7222365048006,
      "bic": 224.95484883651775,
      "params": [
        0.00013371139132611898,
        1.0,
        -24.817466162630566
      ],
      "confidence_score": 0.9799354135601221
    },
    "Cubic": {
      "r2": 0.9846929838828236,
      "aic": 513.1991881469655,
      "bic": 521.5093379225883,
      "params": [
        3.2366170199639294e-08,
        1.0,
        1.0,
        222.35444531151512
      ],
      "confidence_score": 0.5708157903296941
    },
    "Logarithmic": {
      "r2": 0.8931011243345348,
      "aic": 623.8699365782101,
      "bic": 628.0250114660215,
      "params": [
        1417.4590043290314,
        -10079.611314882239
      ],
      "confidence_score": 0.498
    },
    "N Log N": {
      "r2": 0.9797552390941658,
      "aic": 525.6946881811151,
      "bic": 529.8497630689266,
      "params": [
        0.0755318517933073,
        -576.6869422247519
      ],
      "confidence_score": 0.698
    }
  }
}