{
  "valid_points": 30,
  "models": {
    "Constant": {
      "r2": 0.7,
      "aic": -584.2167567952489,
      "bic": -581.4143620319246,
      "params": [
        100.00012554228312,
        -99.99987445771691
      ],
      "confidence_score": 0.3500000000204802
    },
    "Linear": {
      "r2": 0.1642518674922595,
      "aic": -589.5995964411006,
      "bic": -586.7972016777763,
      "params": [
        1.6022418821149707e-13,
        0.00024247699540808922
      ],
      "confidence_score": 0.0885511208982044
    },
    "Quadratic": {
      "r2": 0.1117889587589701,
      "aic": -585.7731339503847,
      "bic": -581.5695418053982,
      "params": [
        2.5567515446028224e-22,
        1.0,
        0.000245352852088768
      ],
      "confidence_score": 0.04707337528489211
    },
    "Cubic": {
      "r2": 0.09630924839278199,
      "aic": -583.2547987766228,
      "bic": -577.6500092499742,
      "params": [
        4.44678000454653e-31,
        1.0,
        1.0,
        0.00024616952415253607
      ],
      "confidence_score": 0.03778554903982689
    },
    "Logarithmic": {
      "r2": 0.7899702192188134,
      "aic": -631.031935147513,
      "bic": -628.2295403841887,
      "params": [
        8.59206524469939e-06,
        0.00015535716751921127
      ],
      "confidence_score": 0.8480000000000001
    },
    "N Log N": {
      "r2": 0.15878644548822174,
      "aic": -589.404048454615,
      "bic": -586.6016536912907,
      "params": [
        7.868158409560719e-15,
        0.00024278480420509912
      ],
      "confidence_score": 0.27739322301810454
    }
  }
}