{
  "valid_points": 79,
  "models": {
    "Constant": {
      "r2": 5.551115123125783e-16,
      "aic": -437.78683079196315,
      "bic": -433.0479350870291,
      "params": [
        100.46263536131838,
        -99.5373646386817
      ],
      "confidence_score": 5.551115123125783e-16
    },
    "Linear": {
      "r2": 0.01376870920061768,
      "aic": -438.8821165781733,
      "bic": -434.1432208732392,
      "params": [
        -6.180549223078202e-06,
        0.9436011363448801
      ],
      "confidence_score": -0.006231290799382321
    },
    "Quadratic": {
      "r2": 0.018752680612684758,
      "aic": -437.2823593881459,
      "bic": -430.17401583074485,
      "params": [
        -1.1933362176846504e-09,
        1.0,
        0.9373703966079289
      ],
      "confidence_score": -0.021247319387315243
    },
    "Cubic": {
      "r2": 0.02192286045257341,
      "aic": -435.53800303589037,
      "bic": -426.0602116260223,
      "params": [
        -2.561012592722921e-13,
        1.0,
        1.0,
        0.9350208768663971
      ],
      "confidence_score": -0.02807713954742659
    },
    "Logarithmic": {
      "r2": 0.007739909730454242,
      "aic": -438.4006622369325,
      "bic": -433.6617665319984,
      "params": [
        -0.012131871899891705,
        1.0211800918552905
      ],
      "confidence_score": -0.0022600902695457583
    },
    "N Log N": {
      "r2": 0.014415555742997466,
      "aic": -438.93394787028905,
      "bic": -434.195052165355,
      "params": [
        -7.065754565739012e-07,
        0.9421926576244092
      ],
      "confidence_score": -0.015584444257002533
    }
  }
}