{
  "Constant": {
    "name": "Constant",
    "r2": 0.0,
    "bic": 239.39287932490137,
    "confidence_score": -0.14978661367769955,
    "params": [
      24.144904901430706,
      276.2636813992798
    ],
    "order": 0
  },
  "Linear": {
    "name": "Linear",
    "r2": 0.7212080800799812,
    "bic": 213.8470876818762,
    "confidence_score": 0.5314214664022816,
    "params": [
      3.348061073834161,
      6.543420838279096e-17
    ],
    "order": 2
  },
  "Quadratic": {
    "name": "Quadratic",
    "r2": 0.9527591360923999,
    "bic": 181.3386915946341,
    "confidence_score": 0.6480792155758507,
    "params": [
      0.021374737110090643,
      1.8653499144875998e-13,
      5.958775076452861e-14
    ],
    "order": 4
  },
  "Cubic": {
    "name": "Cubic",
    "r2": 0.9999697397199431,
    "bic": 37.27085197946354,
    "confidence_score": 0.6003965123645439,
    "params": [
      0.0001160270337729947,
      0.0003670997860862553,
      1.6113483075846317e-17,
      0.004474974235634269
    ],
    "order": 5
  },
  "Logarithmic": {
    "name": "Logarithmic",
    "r2": 0.24557815436862407,
    "bic": 233.75680751573378,
    "confidence_score": 0.07579154069092452,
    "params": [
      77.21603035259123,
      7.673273454410177e-16
    ],
    "order": 1
  },
  "N Log N": {
    "name": "N Log N",
    "r2": 0.7935133931027483,
    "bic": 207.84248479840485,
    "confidence_score": 0.5837267794250487,
    "params": [
      0.6776022952472184,
      2.2275186297325263e-21
    ],
    "order": 3
  },
  "confidence_analysis": {
    "best_model": "Quadratic",
    "best_score": 0.6480792155758507,
    "second_best_model": "Cubic",
    "second_best_score": 0.6003965123645439,
    "confidence_gap": 0.04768270321130674,
    "is_confident": true,
    "threshold": 0.03
  }
}