{
  "Constant": {
    "r2": -2.220446049250313e-16,
    "aic": -369.6202190156561,
    "bic": -365.0948592615735,
    "params": [
      -99.85725188654072,
      100.1427481134593
    ]
  },
  "Linear": {
    "r2": 0.9522114349842106,
    "aic": -585.5290104694095,
    "bic": -581.0036507153269,
    "params": [
      7.994095587149364e-05,
      0.08395494380686774
    ]
  },
  "Quadratic": {
    "r2": 0.9424255288103074,
    "aic": -570.3022162963892,
    "bic": -563.5141766652653,
    "params": [
      1.5616461868424745e-08,
      1.0,
      0.17417504829798222
    ]
  },
  "Cubic": {
    "r2": 0.9008243676521586,
    "aic": -529.6914875086462,
    "bic": -520.640768000481,
    "params": [
      3.667352981709461e-12,
      1.0,
      1.0,
      0.20532892380610995
    ]
  },
  "Logarithmic": {
    "r2": 0.9117798433902994,
    "aic": -542.0025254609945,
    "bic": -537.4771657069119,
    "params": [
      0.1787437454159983,
      -1.1021976510229432
    ]
  },
  "N Log N": {
    "r2": 0.9533624010778876,
    "aic": -587.2599425896396,
    "bic": -582.734582835557,
    "params": [
      9.096742171474982e-06,
      0.10441513339632472
    ]
  }
}