{
  "valid_points": 185263,
  "models": {
    "Constant": {
      "r2": 0.95,
      "aic": -3323993.245726922,
      "bic": -3323972.9866634896,
      "params": [
        100.0023112855456,
        -99.99768841357601
      ],
      "confidence_score": 0.5549999999999999
    },
    "Linear": {
      "r2": 0.22673954607607283,
      "aic": -3371631.652764983,
      "bic": -3371611.3937015506,
      "params": [
        -2.1026055554510176e-11,
        0.004728647744654618
      ],
      "confidence_score": 0.12604372764564367
    },
    "Quadratic": {
      "r2": 0.14888434318838883,
      "aic": -3353856.9849841897,
      "bic": -3353826.5963890413,
      "params": [
        -1.6450162013045189e-18,
        1.0,
        0.0046781200280244
      ],
      "confidence_score": 0.06933060591303329
    },
    "Cubic": {
      "r2": 0.103954730093195,
      "aic": -3344324.5171743063,
      "bic": -3344283.999047442,
      "params": [
        -1.4437412469439189e-25,
        1.0,
        1.0,
        0.004659249773063193
      ],
      "confidence_score": 0.042372838055917
    },
    "Logarithmic": {
      "r2": 0.24258411099150634,
      "aic": -3375467.2336750263,
      "bic": -3375446.974611594,
      "params": [
        -6.303939997384376e-05,
        0.005576614273120037
      ],
      "confidence_score": 0.6192920554957533
    },
    "N Log N": {
      "r2": 0.22107769090425777,
      "aic": -3370280.089080706,
      "bic": -3370259.8300172733,
      "params": [
        -1.2743722794758384e-12,
        0.0047230168724233
      ],
      "confidence_score": 0.10853884545212888
    }
  }
}