{
  "valid_points": 55,
  "models": {
    "Constant": {
      "r2": 1.1102230246251565e-16,
      "aic": -267.53058997331505,
      "bic": -263.5159236028501,
      "params": [
        100.16338219019507,
        -99.83661780980502
      ],
      "confidence_score": 1.1102230246251565e-16
    },
    "Linear": {
      "r2": 0.9346693542402108,
      "aic": -417.58676248107355,
      "bic": -413.5720961106086,
      "params": [
        9.456359271776298e-05,
        0.09207473664500028
      ],
      "confidence_score": 0.9146693542402108
    },
    "Quadratic": {
      "r2": 0.9150969235756556,
      "aic": -401.1740622487985,
      "bic": -395.15206269310113,
      "params": [
        1.8524203359828827e-08,
        1.0,
        0.19877055523879872
      ],
      "confidence_score": 0.8750969235756556
    },
    "Cubic": {
      "r2": 0.8659195475979956,
      "aic": -374.04292972069027,
      "bic": -366.0135969797604,
      "params": [
        4.3698874670330865e-12,
        1.0,
        1.0,
        0.2354585612823923
      ],
      "confidence_score": 0.8159195475979956
    },
    "Logarithmic": {
      "r2": 0.9053711550802459,
      "aic": -397.20920138820446,
      "bic": -393.1945350177395,
      "params": [
        0.21138943597155468,
        -1.3112078194177514
      ],
      "confidence_score": 0.8953711550802459
    },
    "N Log N": {
      "r2": 0.9346105479720415,
      "aic": -417.5372774359697,
      "bic": -413.52261106550475,
      "params": [
        1.0762743613166953e-05,
        0.11628594480827079
      ],
      "confidence_score": 0.9046105479720414
    }
  }
}