{
  "Constant": {
    "r2": 0.0,
    "aic": -65.65802927247822,
    "bic": -63.22027762274182,
    "params": [
      100.28507627546793,
      -99.71492372453213
    ]
  },
  "Linear": {
    "r2": 0.9440802072441631,
    "aic": -137.7539514511402,
    "bic": -135.3161998014038,
    "params": [
      0.0027536588008086893,
      0.1402513389534895
    ]
  },
  "Quadratic": {
    "r2": 0.9919684089360472,
    "aic": -184.26734503951278,
    "bic": -180.61071756490819,
    "params": [
      8.739436238691667e-06,
      1.0,
      0.2900630580730609
    ]
  },
  "Cubic": {
    "r2": 0.9620433512550167,
    "aic": -143.44079409721624,
    "bic": -138.56529079774344,
    "params": [
      2.936438097939947e-08,
      1.0,
      1.0,
      0.35249682334035165
    ]
  },
  "Logarithmic": {
    "r2": 0.6993901285443275,
    "aic": -95.70657834819228,
    "bic": -93.26882669845588,
    "params": [
      0.25807333600967897,
      -0.6704009963132206
    ]
  },
  "N Log N": {
    "r2": 0.9626210845046255,
    "aic": -147.82424153098916,
    "bic": -145.38648988125274,
    "params": [
      0.0004678414188989051,
      0.1882818357742516
    ]
  }
}