{
  "valid_points": 78,
  "models": {
    "Constant": {
      "r2": 0.0,
      "aic": -72.86298945012908,
      "bic": -68.1495717967499,
      "params": [
        -99.1860400455502,
        100.81395995444984
      ],
      "confidence_score": 0.0
    },
    "Linear": {
      "r2": 0.7407317893814063,
      "aic": -178.1545803382487,
      "bic": -173.4411626848695,
      "params": [
        0.0004587169456435891,
        0.2491226280526141
      ],
      "confidence_score": 0.7207317893814063
    },
    "Quadratic": {
      "r2": 0.7074792622109325,
      "aic": -166.74212732926964,
      "bic": -159.67200084920086,
      "params": [
        7.372926102977573e-08,
        1.0,
        0.8649189425588988
      ],
      "confidence_score": 0.6674792622109325
    },
    "Cubic": {
      "r2": 0.6622922297976976,
      "aic": -153.5377881782923,
      "bic": -144.11095287153393,
      "params": [
        1.4124041270582206e-11,
        1.0,
        1.0,
        1.0773143272314225
      ],
      "confidence_score": 0.6122922297976976
    },
    "Logarithmic": {
      "r2": 0.74000675881545,
      "aic": -177.93676166251478,
      "bic": -173.2233440091356,
      "params": [
        1.2166830889608657,
        -8.012024891293285
      ],
      "confidence_score": 0.73000675881545
    },
    "N Log N": {
      "r2": 0.7381527182094221,
      "aic": -177.38250889983883,
      "bic": -172.66909124645963,
      "params": [
        5.111193840861631e-05,
        0.38584818607751936
      ],
      "confidence_score": 0.708152718209422
    }
  }
}