{
  "Constant": {
    "params": [
      0.00022132308394820602
    ],
    "r_squared": 0.0,
    "success": true
  },
  "Linear": {
    "params": [
      4.840424953296092e-08,
      7.611033637489316e-05
    ],
    "r_squared": 0.07282371659430886,
    "success": true
  },
  "Quadratic": {
    "params": [
      2.6935722043141603e-12,
      3.224281813420565e-08,
      9.667126406092205e-05
    ],
    "r_squared": 0.07307015427785968,
    "success": true
  },
  "Cubic": {
    "params": [
      -1.443411021635866e-14,
      1.3260052959131526e-10,
      -3.219772584055799e-07,
      0.00037988990036824926
    ],
    "r_squared": 0.08052209438292646,
    "success": true
  },
  "Logarithmic": {
    "params": [
      0.00012117854412898247,
      -0.0007380419953060579
    ],
    "r_squared": 0.06572862685353886,
    "success": true
  },
  "n_log_n": {
    "params": [
      5.414241179580309e-09,
      8.997932025009257e-05
    ],
    "r_squared": 0.07310478320287173,
    "success": true
  },
  "Exponential": {
    "params": [
      0.00011187665630579962,
      0.00021699032311709953
    ],
    "r_squared": 0.07247415613846808,
    "success": true
  },
  "Sqrt_Exponential": {
    "params": [
      0.00011187668070128207,
      0.0004339805218814867
    ],
    "r_squared": 0.07247415613808217,
    "success": true
  },
  "Power": {
    "params": [
      1.3631627702697272e-06,
      0.6378908317576065
    ],
    "r_squared": 0.07119290062031225,
    "success": true
  }
}