{
  "Constant": {
    "r2": 0.0,
    "aic": 421.7888929249806,
    "bic": 424.453301945331,
    "params": [
      701.0000000000003,
      797.4627171818698
    ]
  },
  "Linear": {
    "r2": 0.8296324934190156,
    "aic": 372.23456651320515,
    "bic": 374.8989755335556,
    "params": [
      17.816436347759392,
      -1200.727389503678
    ]
  },
  "Quadratic": {
    "r2": 0.9682887360015865,
    "aic": 327.15855968403315,
    "bic": 331.1551732145588,
    "params": [
      0.061453084558565796,
      1.0,
      -397.21130873849495
    ]
  },
  "Cubic": {
    "r2": 0.9996523017599219,
    "aic": 202.79197666892267,
    "bic": 208.12079470962348,
    "params": [
      0.00021552499066557207,
      1.0,
      1.0,
      -24.362941789631382
    ]
  },
  "Logarithmic": {
    "r2": 0.42722314636661296,
    "aic": 406.1856388722513,
    "bic": 408.8500478926017,
    "params": [
      1098.6089147895823,
      -3657.4536729584675
    ]
  },
  "N Log N": {
    "r2": 0.8670454417155127,
    "aic": 365.2919523920584,
    "bic": 367.95636141240885,
    "params": [
      3.0956805493570747,
      -950.3622420924834
    ]
  }
}