{
  "valid_points": 18,
  "models": {
    "Constant": {
      "r2": 0.0,
      "aic": -225.68213751767863,
      "bic": -223.9013940018863,
      "params": [
        100.03534917616176,
        -99.96465082383817
      ],
      "confidence_score": 0.0
    },
    "Linear": {
      "r2": 0.195019890934246,
      "aic": -229.58701631754954,
      "bic": -227.80627280175722,
      "params": [
        -2.660380120644845e-06,
        0.07468892250435899
      ],
      "confidence_score": 0.175019890934246
    },
    "Quadratic": {
      "r2": 0.1897721863505818,
      "aic": -227.47005426760552,
      "bic": -224.79893899391703,
      "params": [
        -8.72104061585189e-10,
        1.0,
        0.0727296280337469
      ],
      "confidence_score": 0.1497721863505818
    },
    "Cubic": {
      "r2": 0.1841948651537838,
      "aic": -225.34657315937613,
      "bic": -221.7850861277915,
      "params": [
        -3.7117753954991757e-13,
        1.0,
        1.0,
        0.07208330851808364
      ],
      "confidence_score": 0.13419486515378382
    },
    "Logarithmic": {
      "r2": 0.20023345308709384,
      "aic": -229.70397490235422,
      "bic": -227.9232313865619,
      "params": [
        -0.003948195242436842,
        0.09950073503846651
      ],
      "confidence_score": 0.19023345308709383
    },
    "N Log N": {
      "r2": 0.1943791439658299,
      "aic": -229.57269440133334,
      "bic": -227.791950885541,
      "params": [
        -3.1986896630433515e-07,
        0.0742157882631801
      ],
      "confidence_score": 0.1643791439658299
    }
  }
}