{
  "best_model": "O(2^n)",
  "details": {
    "O(1)": {
      "r2": 0,
      "aic": Infinity,
      "params_norm": [
        1.0
      ],
      "rss": 0.0
    },
    "O(n)": {
      "r2": 0,
      "aic": -146.87973612050448,
      "params_norm": [
        9.36426321460069e-09,
        0.9999999945375131
      ],
      "rss": 3.694725044385328e-11
    },
    "O(n^2)": {
      "r2": 0,
      "aic": -146.73541095204632,
      "params_norm": [
        1.3968810166677247e-08,
        -1.4862539108855611e-08,
        1.000000003305388
      ],
      "rss": 7.1483299772975124e-12
    },
    "O(n^3)": {
      "r2": 0,
      "aic": -110.12272786952556,
      "params_norm": [
        1.0922999163697997e-07,
        -1.936360687196331e-07,
        1.0137572068589287e-07,
        0.9999999843147139
      ],
      "rss": 2.1520212438069023e-11
    },
    "O(log n)": {
      "r2": 0,
      "aic": -147.3795278899983,
      "params_norm": [
        -4.218004269987846e-09,
        0.9999999972302877
      ],
      "rss": 3.39942911610488e-11
    },
    "O(n log n)": {
      "r2": 0,
      "aic": -157.66380321854678,
      "params_norm": [
        -8.531161804738576e-09,
        0.9999999979301961
      ],
      "rss": 6.123578913560678e-12
    },
    "O(2^n)": {
      "r2": 0,
      "aic": -190.24992652372265,
      "params_norm": [
        0.9999999998528463,
        2.5226359021217946e-10
      ],
      "rss": 2.6812855182983657e-14
    },
    "O(n^k)": {
      "r2": 0,
      "aic": -145.40901268887484,
      "params_norm": [
        0.9999999973302715,
        -4.845089375126886e-09
      ],
      "rss": 4.721028652399e-11
    }
  }
}