{
  "valid_points": 78,
  "models": {
    "Constant": {
      "r2": 0.7,
      "aic": -543.2733791396078,
      "bic": -538.5599614862285,
      "params": [
        100.0856307406838,
        -99.9143692593163
      ],
      "confidence_score": 0.6840549571268661
    },
    "Linear": {
      "r2": 0.00240038356878558,
      "aic": -543.4608341300278,
      "bic": -538.7474164766486,
      "params": [
        1.2796440952422827e-06,
        0.16741680708972873
      ],
      "confidence_score": 0.3634649033552336
    },
    "Quadratic": {
      "r2": 0.0007376779335589445,
      "aic": -541.3309392514486,
      "bic": -534.2608127713798,
      "params": [
        1.1665666452393853e-10,
        1.0,
        0.17005501589972077
      ],
      "confidence_score": 0.01991724221578287
    },
    "Cubic": {
      "r2": 2.736581725726328e-05,
      "aic": -539.2755137025609,
      "bic": -529.8486783958026,
      "params": [
        4.4487957995600475e-15,
        1.0,
        1.0,
        0.1710881647301824
      ],
      "confidence_score": 0.0
    },
    "Logarithmic": {
      "r2": 0.004253284552691805,
      "aic": -543.6058428684084,
      "bic": -538.8924252150292,
      "params": [
        0.0045212600657811115,
        0.13544115558380534
      ],
      "confidence_score": 0.500126642276346
    },
    "N Log N": {
      "r2": 0.002184309863647038,
      "aic": -543.4439416575573,
      "bic": -538.730524004178,
      "params": [
        1.3624870287644134e-07,
        0.16795204848906806
      ],
      "confidence_score": 0.5757639281121852
    }
  }
}