{
  "Constant": {
    "name": "Constant",
    "r2": 0.0,
    "bic": 281.66134638781847,
    "confidence_score": -0.14978661367769955,
    "params": [
      752.4794148664954,
      94.37544618534515
    ],
    "order": 0
  },
  "Linear": {
    "name": "Linear",
    "r2": 0.7075665436256298,
    "bic": 257.07098363247883,
    "confidence_score": 0.5177799299479302,
    "params": [
      9.48777919847883,
      6.587644767599294e-17
    ],
    "order": 2
  },
  "Quadratic": {
    "name": "Quadratic",
    "r2": 0.9442732173856478,
    "bic": 226.9111904467432,
    "confidence_score": 0.6395932968690986,
    "params": [
      0.060789588899388604,
      1.9007307667003805e-19,
      7.332878582100163e-20
    ],
    "order": 4
  },
  "Cubic": {
    "name": "Cubic",
    "r2": 0.9996605277494294,
    "bic": 127.89044392542392,
    "confidence_score": 0.6000873003940302,
    "params": [
      0.0003364863784564646,
      7.272414021923881e-25,
      6.029674106274908e-25,
      1.3588602408975061e-24
    ],
    "order": 5
  },
  "Logarithmic": {
    "name": "Logarithmic",
    "r2": 0.23835032956739455,
    "bic": 276.21597480579027,
    "confidence_score": 0.068563715889695,
    "params": [
      217.95743547064112,
      2.1117379466788146e-15
    ],
    "order": 1
  },
  "N Log N": {
    "name": "N Log N",
    "r2": 0.7801941141495917,
    "bic": 251.36113720458195,
    "confidence_score": 0.5704075004718923,
    "params": [
      1.9217606171667097,
      2.1596791384042714e-16
    ],
    "order": 3
  },
  "confidence_analysis": {
    "best_model": "Quadratic",
    "best_score": 0.6395932968690986,
    "second_best_model": "Cubic",
    "second_best_score": 0.6000873003940302,
    "confidence_gap": 0.03950599647506836,
    "is_confident": true,
    "threshold": 0.03
  }
}