{
  "valid_points": 10,
  "models": {
    "Constant": {
      "r2": 0.7,
      "aic": 56.567149892082085,
      "bic": 57.17232007807018,
      "params": [
        5.086323410272598,
        1.0
      ],
      "confidence_score": 0.09999999999999998
    },
    "Linear": {
      "r2": 0.9174548993749432,
      "aic": 31.623045284378925,
      "bic": 32.22821547036702,
      "params": [
        0.04239102033240594,
        -2.5444883294052185
      ],
      "confidence_score": 0.4504729396250787
    },
    "Quadratic": {
      "r2": 0.9997973394517241,
      "aic": -26.47263165342155,
      "bic": -25.564876374439415,
      "params": [
        4.438646034554683e-05,
        1.0,
        -0.10122905754155975
      ],
      "confidence_score": 0.9798784036710344
    },
    "Cubic": {
      "r2": 0.9872074753561335,
      "aic": 16.97820698352161,
      "bic": 18.188547355497793,
      "params": [
        4.320312268829449e-08,
        1.0,
        1.0,
        0.8028176532548856
      ],
      "confidence_score": 0.5723244853398991
    },
    "Logarithmic": {
      "r2": 0.38156103285787046,
      "aic": 51.76158218357088,
      "bic": 52.366752369558974,
      "params": [
        3.973991075343148,
        -8.570554265561654
      ],
      "confidence_score": 0.43878051642893523
    },
    "N Log N": {
      "r2": 0.9468057342862984,
      "aic": 27.229103134277604,
      "bic": 27.834273320265694,
      "params": [
        0.0062384421951328815,
        -1.8551660223604725
      ],
      "confidence_score": 0.6980000000007616
    }
  }
}