{
  "best_model": "O(n^k)",
  "details": {
    "O(1)": {
      "r2": 0,
      "aic": Infinity,
      "params_norm": [
        1.0
      ],
      "rss": 0.0
    },
    "O(n)": {
      "r2": 0,
      "aic": -176.47111263548095,
      "params_norm": [
        2.8260351387841162e-09,
        0.9999999984841539
      ],
      "rss": 2.6649365238831973e-13
    },
    "O(n^2)": {
      "r2": 0,
      "aic": -159.73648031052548,
      "params_norm": [
        1.691220791766615e-08,
        -1.8127318966378344e-08,
        1.0000000027243656
      ],
      "rss": 8.187584812855265e-13
    },
    "O(n^3)": {
      "r2": 0,
      "aic": -131.5302315266813,
      "params_norm": [
        5.0474880319685436e-08,
        -8.325298454069733e-08,
        3.6704286508715144e-08,
        0.9999999971310017
      ],
      "rss": 6.071832315598e-13
    },
    "O(log n)": {
      "r2": 0,
      "aic": -181.05946328262465,
      "params_norm": [
        -4.880607029633666e-10,
        0.9999999994249709
      ],
      "rss": 1.240426325043419e-13
    },
    "O(n log n)": {
      "r2": 0,
      "aic": -175.1229211832657,
      "params_norm": [
        7.7646453975935e-09,
        1.0000000017620052
      ],
      "rss": 3.336354734993631e-13
    },
    "O(2^n)": {
      "r2": 0,
      "aic": -163.43822685982562,
      "params_norm": [
        0.9999999955732765,
        8.386664119902667e-09
      ],
      "rss": 2.3390451140931662e-12
    },
    "O(n^k)": {
      "r2": 0,
      "aic": -190.6326458976074,
      "params_norm": [
        0.9999999998651462,
        -2.0467565852733526e-10
      ],
      "rss": 2.51559608704489e-14
    }
  }
}