{
  "Constant": {
    "r2": -2.220446049250313e-16,
    "aic": 113.35223746685791,
    "bic": 115.2411154251908,
    "params": [
      -89.40673137181683,
      110.59326862818318
    ]
  },
  "Linear": {
    "r2": 0.7553111351181925,
    "aic": 86.60464898657855,
    "bic": 88.49352694491144,
    "params": [
      0.23740358419546348,
      -4.403070134807874
    ]
  },
  "Quadratic": {
    "r2": 0.7657700709173786,
    "aic": 87.77464864709356,
    "bic": 90.60796558459288,
    "params": [
      0.00107890698768065,
      1.0,
      4.083817256812642
    ]
  },
  "Cubic": {
    "r2": 0.7275212763948136,
    "aic": 92.6485372844941,
    "bic": 96.42629320115987,
    "params": [
      5.1227653929952766e-06,
      1.0,
      1.0,
      7.777107834741971
    ]
  },
  "Logarithmic": {
    "r2": 0.5211776243721902,
    "aic": 99.36015156718149,
    "bic": 101.24902952551437,
    "params": [
      12.109300892361505,
      -31.258659601340256
    ]
  },
  "N Log N": {
    "r2": 0.7649529334737238,
    "aic": 85.8408169326309,
    "bic": 87.72969489096378,
    "params": [
      0.04314877582383102,
      -1.5751456405850386
    ]
  }
}