{
  "valid_points": 11,
  "models": {
    "Constant": {
      "r2": 0.7,
      "aic": 84.87836306043158,
      "bic": 85.67415360602833,
      "params": [
        107.89859738539569,
        -92.10140261460435
      ],
      "confidence_score": 0.09999999999999998
    },
    "Linear": {
      "r2": 0.9407779595558121,
      "aic": 53.787286543052225,
      "bic": 54.58307708864896,
      "params": [
        0.03113790840703902,
        -4.45659926329325
      ],
      "confidence_score": 0.4644667757334872
    },
    "Quadratic": {
      "r2": 0.9999987315583984,
      "aic": -62.476573398413336,
      "bic": -61.282887580018226,
      "params": [
        8.162982309545264e-06,
        1.0,
        -0.014296403763464971
      ],
      "confidence_score": 0.979999238935039
    },
    "Cubic": {
      "r2": 0.9850361591928977,
      "aic": 42.65505845003863,
      "bic": 44.24663954123211,
      "params": [
        1.995740920109224e-09,
        1.0,
        1.0,
        1.7546424041678799
      ],
      "confidence_score": 0.5710216955157386
    },
    "Logarithmic": {
      "r2": 0.3954196592908439,
      "aic": 79.3429352134786,
      "bic": 80.13872575907534,
      "params": [
        9.833120947118125,
        -25.22762928983146
      ],
      "confidence_score": 0.34570982964542196
    },
    "N Log N": {
      "r2": 0.9590543706762149,
      "aic": 49.72775079004008,
      "bic": 50.52354133563682,
      "params": [
        0.0038027741975632592,
        -3.322765039042961
      ],
      "confidence_score": 0.698
    }
  }
}