{
  "Constant": {
    "r2": 2.220446049250313e-16,
    "aic": -691.5757710882365,
    "bic": -686.9143044076638,
    "params": [
      100.04321623495527,
      -99.95678376504463
    ]
  },
  "Linear": {
    "r2": 0.0014261504547645742,
    "aic": -691.6842358847551,
    "bic": -687.0227692041825,
    "params": [
      -3.377343746890915e-07,
      0.0874456730336105
    ]
  },
  "Quadratic": {
    "r2": 0.0014649383828081453,
    "aic": -689.6871880347508,
    "bic": -682.6949880138918,
    "params": [
      -5.6241964319906067e-11,
      1.0,
      0.08701316819229997
    ]
  },
  "Cubic": {
    "r2": 0.0017679198664929396,
    "aic": -687.7102519088053,
    "bic": -678.3873185476599,
    "params": [
      -1.221466138953414e-14,
      1.0,
      1.0,
      0.08690792560528446
    ]
  },
  "Logarithmic": {
    "r2": 0.00181596154154251,
    "aic": -691.7139096305301,
    "bic": -687.0524429499575,
    "params": [
      -0.001010893511670111,
      0.0944391068092127
    ]
  },
  "N Log N": {
    "r2": 0.0014101808265469806,
    "aic": -691.6830204693503,
    "bic": -687.0215537887776,
    "params": [
      -3.7483989737523684e-08,
      0.08734149791330713
    ]
  }
}