{
  "valid_points": 79,
  "models": {
    "Constant": {
      "r2": 0.7,
      "aic": 80.77037101888376,
      "bic": 85.5092667238178,
      "params": [
        -97.98906882163844,
        102.01093117836155
      ],
      "confidence_score": 0.09999999999999998
    },
    "Linear": {
      "r2": 0.9536408525624943,
      "aic": -161.86522438838017,
      "bic": -157.12632868344613,
      "params": [
        0.0013667849373552032,
        -0.03956503624058971
      ],
      "confidence_score": 0.5099553688201524
    },
    "Quadratic": {
      "r2": 0.9544706978658252,
      "aic": -161.29216241233857,
      "bic": -154.1838188549375,
      "params": [
        2.263509063960616e-07,
        1.0,
        1.7178465087223118
      ],
      "confidence_score": 0.5613560099603581
    },
    "Cubic": {
      "r2": 0.9204815961795693,
      "aic": -115.23920535287841,
      "bic": -105.76141394301033,
      "params": [
        4.4158851394557496e-11,
        1.0,
        1.0,
        2.3315443272412306
      ],
      "confidence_score": 0.5322889577080067
    },
    "Logarithmic": {
      "r2": 0.8912738713630487,
      "aic": -94.5245570328322,
      "bic": -89.78566132789817,
      "params": [
        3.459667959355624,
        -23.334465793835797
      ],
      "confidence_score": 0.6480000000000001
    },
    "N Log N": {
      "r2": 0.9563294636994552,
      "aic": -166.5850778147642,
      "bic": -161.84618210983015,
      "params": [
        0.00015292829635057763,
        0.3513751210693508
      ],
      "confidence_score": 0.898
    }
  }
}