{
  "Constant": {
    "name": "Constant",
    "r2": 0.0,
    "bic": 276.14678440504065,
    "confidence_score": -0.14978661367769955,
    "params": [
      660.2951507142586,
      89.64702147238188
    ],
    "order": 0
  },
  "Linear": {
    "name": "Linear",
    "r2": 0.719315845129687,
    "bic": 250.73627948834272,
    "confidence_score": 0.5295292314519875,
    "params": [
      8.368976507482877,
      1.4211345081104015e-17
    ],
    "order": 2
  },
  "Quadratic": {
    "name": "Quadratic",
    "r2": 0.951685346934655,
    "bic": 218.54210891382,
    "confidence_score": 0.6470054264181057,
    "params": [
      0.05346148496888999,
      9.859357957793894e-17,
      3.557877853391453e-17
    ],
    "order": 4
  },
  "Cubic": {
    "name": "Cubic",
    "r2": 0.9999759193469386,
    "bic": 69.45621260408144,
    "confidence_score": 0.6004026919915396,
    "params": [
      0.00029410985401547365,
      0.00021090613943209585,
      2.7591903414415547e-16,
      1.660058560821985e-17
    ],
    "order": 5
  },
  "Logarithmic": {
    "name": "Logarithmic",
    "r2": 0.24447395977593656,
    "bic": 270.53996379851026,
    "confidence_score": 0.074687346098237,
    "params": [
      192.84387737089816,
      2.30795401564789e-16
    ],
    "order": 1
  },
  "N Log N": {
    "name": "N Log N",
    "r2": 0.7917181756785822,
    "bic": 244.76952057022683,
    "confidence_score": 0.5819315620008827,
    "params": [
      1.6940321625144203,
      2.0067840066261104e-18
    ],
    "order": 3
  },
  "confidence_analysis": {
    "best_model": "Quadratic",
    "best_score": 0.6470054264181057,
    "second_best_model": "Cubic",
    "second_best_score": 0.6004026919915396,
    "confidence_gap": 0.04660273442656604,
    "is_confident": true,
    "threshold": 0.03
  }
}