{
  "valid_points": 12,
  "models": {
    "Constant": {
      "r2": 0.7,
      "aic": 89.42908839980215,
      "bic": 90.39890169937816,
      "params": [
        108.3284739715358,
        -91.67152602846423
      ],
      "confidence_score": 0.09999999999999998
    },
    "Linear": {
      "r2": 0.8973853147221283,
      "aic": 62.107797698308005,
      "bic": 63.07761099788401,
      "params": [
        0.054625260518667784,
        -6.58610040762153
      ],
      "confidence_score": 0.438431188833277
    },
    "Quadratic": {
      "r2": 0.999987010419492,
      "aic": -43.58726785527892,
      "bic": -42.13254790591492,
      "params": [
        3.0289863687138485e-05,
        1.0,
        -0.08011000556816628
      ],
      "confidence_score": 0.9799922062516951
    },
    "Cubic": {
      "r2": 0.9735722692194234,
      "aic": 49.82899145859183,
      "bic": 51.76861805774383,
      "params": [
        1.4783714092330527e-08,
        1.0,
        1.0,
        3.264255307700751
      ],
      "confidence_score": 0.564143361531654
    },
    "Logarithmic": {
      "r2": 0.36543855691829474,
      "aic": 83.97123448570746,
      "bic": 84.94104778528346,
      "params": [
        8.921433540303605,
        -21.58376230976341
      ],
      "confidence_score": 0.13071927845914738
    },
    "N Log N": {
      "r2": 0.9295044997870359,
      "aic": 57.602611624193415,
      "bic": 58.57242492376942,
      "params": [
        0.007392633242384009,
        -5.167593740057235
      ],
      "confidence_score": 0.648
    }
  }
}