{
  "valid_points": 25,
  "models": {
    "Constant": {
      "r2": 0.7,
      "aic": 201.7296955954598,
      "bic": 204.1674472451962,
      "params": [
        146.7193655967712,
        -53.28063440322869
      ],
      "confidence_score": 0.11999999999999998
    },
    "Linear": {
      "r2": 0.9840119666543291,
      "aic": 98.331826783796,
      "bic": 100.7695784335324,
      "params": [
        0.00015022352762894542,
        -7.7103753235992
      ],
      "confidence_score": 0.8904071799925974
    },
    "Quadratic": {
      "r2": 0.93191007525399,
      "aic": 136.55654497792446,
      "bic": 140.21317245252905,
      "params": [
        1.0583757637824825e-10,
        1.0,
        32.893014307769455
      ],
      "confidence_score": 0.5391460462413049
    },
    "Cubic": {
      "r2": 0.8357667765111138,
      "aic": 160.56800142215533,
      "bic": 165.44350472162813,
      "params": [
        8.173075722187239e-17,
        1.0,
        1.0,
        48.893258469203865
      ],
      "confidence_score": 0.4814600659066719
    },
    "Logarithmic": {
      "r2": 0.8785750273888995,
      "aic": 149.018227687644,
      "bic": 151.45597933738043,
      "params": [
        72.2039268960951,
        -862.201153607606
      ],
      "confidence_score": 0.548000000002956
    },
    "N Log N": {
      "r2": 0.9838780502320417,
      "aic": 98.54035569869397,
      "bic": 100.97810734843037,
      "params": [
        1.0486407490068048e-05,
        -2.338620685199999
      ],
      "confidence_score": 0.9182960979570426
    }
  }
}