{
  "valid_points": 10,
  "models": {
    "Constant": {
      "r2": 0.7,
      "aic": 81.40782080135786,
      "bic": 82.01299098734594,
      "params": [
        20.199403330683708,
        1.0
      ],
      "confidence_score": 0.09999999999999998
    },
    "Linear": {
      "r2": 0.9272703800424749,
      "aic": 55.19775529918368,
      "bic": 55.80292548517178,
      "params": [
        0.07253692993560334,
        -6.5677334486651375
      ],
      "confidence_score": 0.4563622280254849
    },
    "Quadratic": {
      "r2": 0.9999936564430896,
      "aic": -36.272888398189465,
      "bic": -35.36513311920733,
      "params": [
        3.830708498286928e-05,
        1.0,
        0.05694932530572794
      ],
      "confidence_score": 0.9799961938658537
    },
    "Cubic": {
      "r2": 0.9829163114185999,
      "aic": 44.71150925296628,
      "bic": 45.92184962494247,
      "params": [
        1.8627193064647838e-08,
        1.0,
        1.0,
        2.9750759622462244
      ],
      "confidence_score": 0.56974978685116
    },
    "Logarithmic": {
      "r2": 0.4166360492284682,
      "aic": 76.01838065062616,
      "bic": 76.62355083661424,
      "params": [
        12.857088610653742,
        -28.898083781654854
      ],
      "confidence_score": 0.3563180246142341
    },
    "N Log N": {
      "r2": 0.9518724526730022,
      "aic": 51.0688152383086,
      "bic": 51.673985424296696,
      "params": [
        0.009715652146219752,
        -4.9585299793549025
      ],
      "confidence_score": 0.698
    }
  }
}