{
  "valid_points": 58,
  "models": {
    "Constant": {
      "r2": 0.0,
      "aic": 644.1839986084747,
      "bic": 648.3048846295675,
      "params": [
        373.67876285726646,
        21.809698622278162
      ],
      "confidence_score": 0.0
    },
    "Linear": {
      "r2": 0.9752397160953074,
      "aic": 429.67016544035175,
      "bic": 433.79105146144457,
      "params": [
        0.2926167204922477,
        -314.86385298091665
      ],
      "confidence_score": 0.9552397160953073
    },
    "Quadratic": {
      "r2": 0.9972944882665156,
      "aic": 303.26107477703505,
      "bic": 309.4424038086743,
      "params": [
        6.0021723000125426e-05,
        1.0,
        -0.7325246189582428
      ],
      "confidence_score": 0.9572944882665155
    },
    "Cubic": {
      "r2": 0.9771312620866531,
      "aic": 429.06090006073896,
      "bic": 437.30267210292465,
      "params": [
        1.4720153997634454e-08,
        1.0,
        1.0,
        108.8270404851709
      ],
      "confidence_score": 0.9271312620866531
    },
    "Logarithmic": {
      "r2": 0.8969863866355212,
      "aic": 512.3561390163427,
      "bic": 516.4770250374356,
      "params": [
        619.5734387262326,
        -4391.903217856763
      ],
      "confidence_score": 0.8869863866355212
    },
    "N Log N": {
      "r2": 0.9804930174018628,
      "aic": 415.8389964664167,
      "bic": 419.9598824875095,
      "params": [
        0.03349378266655317,
        -243.36006219772605
      ],
      "confidence_score": 0.9504930174018628
    }
  }
}