{
  "best_model": "O(n)",
  "details": {
    "O(1)": {
      "r2": 0.0,
      "aic": 2269.0826088293725,
      "params_norm": [
        0.5834141003590412
      ],
      "rss": 565560403145.0892
    },
    "O(n)": {
      "r2": 0.9999999984075982,
      "aic": 225.10439215102966,
      "params_norm": [
        0.9998341601593401,
        0.0001775069305371968
      ],
      "rss": 900.5994059411668
    },
    "O(n^2)": {
      "r2": 0.999999998408752,
      "aic": 227.15616182404958,
      "params_norm": [
        -4.9354819622315915e-06,
        0.9998399196647495,
        0.00017611803087883127
      ],
      "rss": 899.9468948733899
    },
    "O(n^3)": {
      "r2": 0.999999998408957,
      "aic": 229.31238935451304,
      "params_norm": [
        -1.0145044591271161e-05,
        1.2779886808119428e-05,
        0.9998306844071256,
        0.000177493093726326
      ],
      "rss": 899.8309209707124
    },
    "O(log n)": {
      "r2": 0.9514331789666273,
      "aic": 1965.6583714921098,
      "params_norm": [
        0.48782906403462073,
        0.8976734009830868
      ],
      "rss": 27467470883.10968
    },
    "O(n log n)": {
      "r2": 0.7928903641982636,
      "aic": 2112.1394483468803,
      "params_norm": [
        1.9737357061642298,
        1.0979234187443596
      ],
      "rss": 117133009119.26265
    },
    "O(2^n)": {
      "r2": 0.9681152290635952,
      "aic": 1923.156348655689,
      "params_norm": [
        0.2066830553607588,
        1.6517297114611493
      ],
      "rss": 18032763904.981934
    },
    "O(n^k)": {
      "r2": 0.9999999934811654,
      "aic": 367.4590610827491,
      "params_norm": [
        0.9999855087956181,
        0.9996641500243754
      ],
      "rss": 3686.794704884903
    }
  }
}