{
  "valid_points": 78,
  "models": {
    "Constant": {
      "r2": 0.7,
      "aic": -262.9527933376994,
      "bic": -258.23937568432024,
      "params": [
        -99.73416316490137,
        100.26583683509864
      ],
      "confidence_score": 0.09999999999999998
    },
    "Linear": {
      "r2": 0.9580755774508799,
      "aic": -510.3599594315998,
      "bic": -505.64654177822064,
      "params": [
        0.00015560376287937494,
        0.06765526961187729
      ],
      "confidence_score": 0.563243813113562
    },
    "Quadratic": {
      "r2": 0.9464515625155376,
      "aic": -489.2719489067939,
      "bic": -482.20182242672513,
      "params": [
        2.544467087766333e-08,
        1.0,
        0.2725490565437716
      ],
      "confidence_score": 0.5478716544588945
    },
    "Cubic": {
      "r2": 0.8962770910108716,
      "aic": -435.70331056506336,
      "bic": -426.27647525830497,
      "params": [
        4.901101306611611e-12,
        1.0,
        1.0,
        0.34492185468759945
      ],
      "confidence_score": 0.5177662546065229
    },
    "Logarithmic": {
      "r2": 0.9030161720269593,
      "aic": -444.9432541695529,
      "bic": -440.22983651617375,
      "params": [
        0.40034914294530216,
        -2.637546843613116
      ],
      "confidence_score": 0.5480000000000004
    },
    "N Log N": {
      "r2": 0.959667379329837,
      "aic": -513.3791792781635,
      "bic": -508.66576162478435,
      "params": [
        1.7384109968766123e-05,
        0.11299133187743966
      ],
      "confidence_score": 0.9480000000000001
    }
  }
}