{
  "valid_points": 28,
  "models": {
    "Constant": {
      "r2": 0.7,
      "aic": -636.3349192391833,
      "bic": -633.6705102188329,
      "params": [
        -99.99994412064547,
        100.00005587935448
      ],
      "confidence_score": 0.3589894073928557
    },
    "Linear": {
      "r2": 0.014326914181520212,
      "aic": -636.7389742281814,
      "bic": -634.074565207831,
      "params": [
        1.1693976927570536e-14,
        0.00011131026946700148
      ],
      "confidence_score": 0.3799930027781297
    },
    "Quadratic": {
      "r2": 0.03457714161908376,
      "aic": -635.3202134346423,
      "bic": -631.3235999041167,
      "params": [
        3.686231797874163e-23,
        1.0,
        0.00011125276420534932
      ],
      "confidence_score": 0.09930437743264683
    },
    "Cubic": {
      "r2": 0.03871327724493434,
      "aic": -633.4404308006256,
      "bic": -628.1116127599247,
      "params": [
        7.391354102233778e-32,
        1.0,
        1.0,
        0.0001112918695084894
      ],
      "confidence_score": 0.023007595420459433
    },
    "Logarithmic": {
      "r2": 0.008930578774645315,
      "aic": -636.5860987108056,
      "bic": -633.9216896904552,
      "params": [
        -1.815455064616435e-07,
        0.00011370563513404735
      ],
      "confidence_score": 0.6734355204120083
    },
    "N Log N": {
      "r2": 0.016109070159329497,
      "aic": -636.789645727661,
      "bic": -634.1252367073106,
      "params": [
        6.221472510346022e-16,
        0.0001112956689525703
      ],
      "confidence_score": 0.5060545350796648
    }
  }
}