{
  "Constant": {
    "r2": 1.1102230246251565e-16,
    "aic": -145.86241974440912,
    "bic": -141.8477533739442,
    "params": [
      100.43753930790866,
      -99.56246069209145
    ]
  },
  "Linear": {
    "r2": 0.9866419526730326,
    "aic": -383.2224151288385,
    "bic": -379.20774875837355,
    "params": [
      0.00029365453020135934,
      0.14628146359142435
    ]
  },
  "Quadratic": {
    "r2": 0.9775636212327091,
    "aic": -352.70135693901506,
    "bic": -346.67935738331767,
    "params": [
      5.7868265066308705e-08,
      1.0,
      0.47523520796581187
    ]
  },
  "Cubic": {
    "r2": 0.9370533704242904,
    "aic": -293.96316311131744,
    "bic": -285.93383037038757,
    "params": [
      1.3739647759041827e-11,
      1.0,
      1.0,
      0.5879980437465792
    ]
  },
  "Logarithmic": {
    "r2": 0.9463570634093984,
    "aic": -306.7597209125581,
    "bic": -302.74505454209316,
    "params": [
      0.6532199265949806,
      -4.186461357575887
    ]
  },
  "N Log N": {
    "r2": 0.9878261044223263,
    "aic": -388.32779269828796,
    "bic": -384.313126327823,
    "params": [
      3.344335655608407e-05,
      0.2210534322021211
    ]
  }
}