{
  "Constant": {
    "r2": 0.0,
    "aic": -147.66985092681006,
    "bic": -145.23209927707364,
    "params": [
      100.17052181065084,
      -99.82947818934913
    ]
  },
  "Linear": {
    "r2": 0.8558755076021821,
    "aic": -196.09679648573547,
    "bic": -193.65904483599905,
    "params": [
      0.0005084700153447332,
      0.26166128250603127
    ]
  },
  "Quadratic": {
    "r2": 0.821500380915027,
    "aic": -188.74907122037163,
    "bic": -185.09244374576704,
    "params": [
      1.5423848475521198e-06,
      1.0,
      0.2916118527132409
    ]
  },
  "Cubic": {
    "r2": 0.7498748042137002,
    "aic": -178.31469350992816,
    "bic": -173.43919021045537,
    "params": [
      5.027733832551818e-09,
      1.0,
      1.0,
      0.3037768705840457
    ]
  },
  "Logarithmic": {
    "r2": 0.7062269134531498,
    "aic": -178.2935415296121,
    "bic": -175.8557898798757,
    "params": [
      0.05029327137953385,
      0.09928483612873586
    ]
  },
  "N Log N": {
    "r2": 0.8575193989861178,
    "aic": -196.38358647121797,
    "bic": -193.94583482148155,
    "params": [
      8.5634216353091e-05,
      0.2711455786338856
    ]
  }
}