{
  "Constant": {
    "r2": 0.0,
    "aic": -343.08643218835556,
    "bic": -338.96554616726274,
    "params": [
      -0.6437268524334343,
      1.0
    ]
  },
  "Linear": {
    "r2": 0.6286935091698194,
    "aic": -400.5486235104963,
    "bic": -396.4277374894035,
    "params": [
      4.531972718810893e-05,
      0.24141108038290976
    ]
  },
  "Quadratic": {
    "r2": 0.6203570574643804,
    "aic": -397.2608295761018,
    "bic": -391.0795005444625,
    "params": [
      8.824674311298252e-09,
      1.0,
      0.29278494113127246
    ]
  },
  "Cubic": {
    "r2": 0.5901593218769523,
    "aic": -390.8216657037516,
    "bic": -382.5798936615659,
    "params": [
      2.0661815781594633e-12,
      1.0,
      1.0,
      0.3105655596160957
    ]
  },
  "Logarithmic": {
    "r2": 0.6013325806807652,
    "aic": -396.42484141093865,
    "bic": -392.30395538984584,
    "params": [
      0.10161498803743649,
      -0.43322965225877186
    ]
  },
  "N Log N": {
    "r2": 0.6293604444421841,
    "aic": -400.65289593408875,
    "bic": -396.53200991299593,
    "params": [
      5.155269886811492e-06,
      0.25304789270199013
    ]
  }
}