{
  "valid_points": 19,
  "models": {
    "Constant": {
      "r2": 0.7,
      "aic": 95.10164161622515,
      "bic": 96.99051957455804,
      "params": [
        -94.56283763835303,
        105.43716236164695
      ],
      "confidence_score": 0.10001072095129922
    },
    "Linear": {
      "r2": 0.6470589713677131,
      "aic": 75.31401003585987,
      "bic": 77.20288799419275,
      "params": [
        3.4544478678344426e-05,
        7.299772975623413
      ],
      "confidence_score": 0.48137566624170686
    },
    "Quadratic": {
      "r2": 0.40846988160664777,
      "aic": 87.12583073061653,
      "bic": 89.95914766811585,
      "params": [
        2.8211767700515684e-11,
        1.0,
        8.723056131810724
      ],
      "confidence_score": 0.22556278499716523
    },
    "Cubic": {
      "r2": 0.3165830917561915,
      "aic": 91.86928784948708,
      "bic": 95.64704376615285,
      "params": [
        2.4029632551931654e-17,
        1.0,
        1.0,
        9.210755238594716
      ],
      "confidence_score": 0.16997783868854524
    },
    "Logarithmic": {
      "r2": 0.659665063199192,
      "aic": 74.62296589356104,
      "bic": 76.51184385189393,
      "params": [
        2.2003682571959846,
        -4.474442780636702
      ],
      "confidence_score": 0.898
    },
    "N Log N": {
      "r2": 0.6193182395305945,
      "aic": 76.75160259847604,
      "bic": 78.64048055680892,
      "params": [
        2.4625144704570813e-06,
        7.494921919153042
      ],
      "confidence_score": 0.7514888753304633
    }
  }
}