{
  "valid_points": 98,
  "models": {
    "Constant": {
      "r2": 0.0,
      "aic": 366.8707998765281,
      "bic": 372.04073483386924,
      "params": [
        106.81470098848246,
        -93.1852990115175
      ],
      "confidence_score": 0.0
    },
    "Linear": {
      "r2": 3.933676521516993e-06,
      "aic": 366.87041437547083,
      "bic": 372.04034933281196,
      "params": [
        9.055254586387562e-06,
        13.61039231797153
      ],
      "confidence_score": -0.019996066323478483
    },
    "Quadratic": {
      "r2": 0.0004071061409168797,
      "aic": 368.83089535147843,
      "bic": 376.58579778749015,
      "params": [
        2.0818025636692994e-08,
        1.0,
        13.497149370257432
      ],
      "confidence_score": -0.03959289385908312
    },
    "Cubic": {
      "r2": 0.0005014581750931724,
      "aic": 370.8216446496935,
      "bic": 381.1615145643758,
      "params": [
        5.4444259691583045e-12,
        1.0,
        1.0,
        13.511710641440088
      ],
      "confidence_score": -0.04949854182490683
    },
    "Logarithmic": {
      "r2": 0.007572981195196782,
      "aic": 366.12582329867513,
      "bic": 371.29575825601626,
      "params": [
        -0.298975017343011,
        15.709599012831626
      ],
      "confidence_score": -0.0024270188048032184
    },
    "N Log N": {
      "r2": 4.319926752960335e-05,
      "aic": 366.8665662568649,
      "bic": 372.03650121420606,
      "params": [
        3.542362353700481e-06,
        13.570497319216926
      ],
      "confidence_score": -0.029956800732470396
    }
  }
}