{
  "valid_points": 19,
  "models": {
    "Constant": {
      "r2": 0.7,
      "aic": 134.08888171730447,
      "bic": 135.97775967563734,
      "params": [
        -94.60428678675707,
        105.39571321324304
      ],
      "confidence_score": 0.11999999999999998
    },
    "Linear": {
      "r2": 0.999984971154955,
      "aic": -76.91636309155174,
      "bic": -75.02748513321886,
      "params": [
        0.00012980449466049038,
        0.04605322672369494
      ],
      "confidence_score": 0.899990982692973
    },
    "Quadratic": {
      "r2": 0.9543175911791139,
      "aic": 77.45408404945435,
      "bic": 80.28740098695367,
      "params": [
        1.2236782761213478e-10,
        1.0,
        3.1200298446843795
      ],
      "confidence_score": 0.5525905547074683
    },
    "Cubic": {
      "r2": 0.9333034960104098,
      "aic": 86.64442963102002,
      "bic": 90.42218554768579,
      "params": [
        1.152042660232799e-16,
        1.0,
        1.0,
        3.6760118742774504
      ],
      "confidence_score": 0.5399820976062458
    },
    "Logarithmic": {
      "r2": 0.30970363775097354,
      "aic": 127.04683071843807,
      "bic": 128.93570867677096,
      "params": [
        4.31328748270843,
        -18.9813928562313
      ],
      "confidence_score": 0.4028518188754868
    },
    "N Log N": {
      "r2": 0.9988012856119273,
      "aic": 6.285274561877625,
      "bic": 8.174152520210505,
      "params": [
        9.390398811291456e-06,
        0.5538410463552156
      ],
      "confidence_score": 0.698
    }
  }
}