{
  "Constant": {
    "r2": 1.1102230246251565e-16,
    "aic": 904.3884346077964,
    "bic": 908.6747040605794,
    "params": [
      -33.34731226639167,
      1566.6526877336094
    ]
  },
  "Linear": {
    "r2": 0.9248729990992715,
    "aic": 741.308193719477,
    "bic": 745.59446317226,
    "params": [
      1.3422027637841563,
      -1889.311672182381
    ]
  },
  "Quadratic": {
    "r2": 0.9852655021208171,
    "aic": 640.6819189804435,
    "bic": 647.1113231596181,
    "params": [
      0.00026824733994523786,
      1.0,
      -432.7240868824491
    ]
  },
  "Cubic": {
    "r2": 0.999810561680186,
    "aic": 368.3872688492001,
    "bic": 376.95980775476625,
    "params": [
      6.370414704705415e-08,
      1.0,
      1.0,
      74.13799831985159
    ]
  },
  "Logarithmic": {
    "r2": 0.8101942562483199,
    "aic": 799.6979243461449,
    "bic": 803.9841937989279,
    "params": [
      2885.7808656057823,
      -20892.961551986642
    ]
  },
  "N Log N": {
    "r2": 0.9345140578967238,
    "aic": 732.6554882313259,
    "bic": 736.9417576841089,
    "params": [
      0.15325118155451586,
      -1557.9076605858418
    ]
  }
}