{
  "valid_points": 22,
  "models": {
    "Constant": {
      "r2": 0.7,
      "aic": 180.82740321686884,
      "bic": 183.00948812358547,
      "params": [
        -33.1294855278224,
        139.08584002804037
      ],
      "confidence_score": 0.11999999999999998
    },
    "Linear": {
      "r2": 0.9985111437786939,
      "aic": 37.61296722551667,
      "bic": 39.7950521322333,
      "params": [
        0.00018340843674247154,
        -4.392890437606591
      ],
      "confidence_score": 0.7712952543962152
    },
    "Quadratic": {
      "r2": 0.9526997122999059,
      "aic": 115.70014739380564,
      "bic": 118.97327475388059,
      "params": [
        1.452626387281509e-10,
        1.0,
        40.02610521861309
      ],
      "confidence_score": 0.5516198273799435
    },
    "Cubic": {
      "r2": 0.8641470033604917,
      "aic": 140.9114017488518,
      "bic": 145.27557156228505,
      "params": [
        1.268993984488148e-16,
        1.0,
        1.0,
        57.27385490720792
      ],
      "confidence_score": 0.49848820201629496
    },
    "Logarithmic": {
      "r2": 0.9000538150177537,
      "aic": 130.15868868028892,
      "bic": 132.34077358700554,
      "params": [
        80.35952488923222,
        -949.2853223212685
      ],
      "confidence_score": 0.548
    },
    "N Log N": {
      "r2": 0.9985623483766948,
      "aic": 36.84302831385839,
      "bic": 39.02511322057502,
      "params": [
        1.2901932898579012e-05,
        1.571742543289478
      ],
      "confidence_score": 0.998
    }
  }
}