{
  "valid_points": 19,
  "models": {
    "Constant": {
      "r2": 0.7,
      "aic": 144.76350509344752,
      "bic": 146.6523830517804,
      "params": [
        -91.22448520440805,
        108.77551479559199
      ],
      "confidence_score": 0.15999999999999998
    },
    "Linear": {
      "r2": 0.9999960270568927,
      "aic": -91.52055952675803,
      "bic": -89.63168156842515,
      "params": [
        0.0003187216434094031,
        -0.03829529329703152
      ],
      "confidence_score": 0.8999976162341357
    },
    "Quadratic": {
      "r2": 0.9209007270591276,
      "aic": 98.55952477142588,
      "bic": 101.3928417089252,
      "params": [
        6.266495387550099e-10,
        1.0,
        5.4632311500615565
      ],
      "confidence_score": 0.5325404362354765
    },
    "Cubic": {
      "r2": 0.8435693567531344,
      "aic": 113.51579680734064,
      "bic": 117.29355272400639,
      "params": [
        1.1595339244649512e-15,
        1.0,
        1.0,
        7.499580899172417
      ],
      "confidence_score": 0.4861416140518806
    },
    "Logarithmic": {
      "r2": 0.3876854516721039,
      "aic": 135.44383104109733,
      "bic": 137.3327089994302,
      "params": [
        6.492140509973644,
        -27.02465771353913
      ],
      "confidence_score": 0.3418427258360519
    },
    "N Log N": {
      "r2": 0.9989191127825305,
      "aic": 14.994016622209648,
      "bic": 16.882894580542526,
      "params": [
        2.4441286508501198e-05,
        0.7218322492385392
      ],
      "confidence_score": 0.648
    }
  }
}