{
  "Constant": {
    "r2": 0.0,
    "aic": -685.972092242461,
    "bic": -681.4187600044289,
    "params": [
      -99.96616634436783,
      100.03383365563208
    ]
  },
  "Linear": {
    "r2": 0.00972342944001181,
    "aic": -686.6756050104423,
    "bic": -682.1222727724102,
    "params": [
      -9.429874587851828e-07,
      0.0700247799107464
    ]
  },
  "Quadratic": {
    "r2": 0.0074022758804876965,
    "aic": -684.5070384673479,
    "bic": -677.6770401102998,
    "params": [
      -1.6200321689953992e-10,
      1.0,
      0.06880187379342871
    ]
  },
  "Cubic": {
    "r2": 0.005722076240763596,
    "aic": -682.3852649652906,
    "bic": -673.2786004892264,
    "params": [
      -3.432506926433351e-14,
      1.0,
      1.0,
      0.06839809198904663
    ]
  },
  "Logarithmic": {
    "r2": 0.01285228207253053,
    "aic": -686.9034545203901,
    "bic": -682.350122282358,
    "params": [
      -0.002472561753530026,
      0.08684533790255636
    ]
  },
  "N Log N": {
    "r2": 0.009414909446530562,
    "aic": -686.6531769528485,
    "bic": -682.0998447148164,
    "params": [
      -1.055537122991514e-07,
      0.06974844723061915
    ]
  }
}