{
  "valid_points": 7465,
  "models": {
    "Constant": {
      "r2": 0.85,
      "aic": -145897.95474040613,
      "bic": -145884.1187789862,
      "params": [
        100.000378587049,
        -99.9996214129503
      ],
      "confidence_score": 0.505
    },
    "Linear": {
      "r2": 0.035265738231816446,
      "aic": -146165.96758947914,
      "bic": -146152.1316280592,
      "params": [
        -1.2683075006422813e-11,
        0.000880095760998439
      ],
      "confidence_score": 0.4111594429390899
    },
    "Quadratic": {
      "r2": 0.0333132415087346,
      "aic": -146148.87466789444,
      "bic": -146128.12072576451,
      "params": [
        -9.710657504582509e-19,
        1.0,
        0.0008490787690066079
      ],
      "confidence_score": 0.0
    },
    "Cubic": {
      "r2": 0.031038998177460697,
      "aic": -146129.33301116526,
      "bic": -146101.66108832537,
      "params": [
        -8.516867734255807e-26,
        1.0,
        1.0,
        0.0008360552347962533
      ],
      "confidence_score": 0.0
    },
    "Logarithmic": {
      "r2": 0.03444764279424706,
      "aic": -146159.6399459602,
      "bic": -146145.80398454025,
      "params": [
        -5.388639465751736e-05,
        0.0016234724554377283
      ],
      "confidence_score": 0.22790299425918215
    },
    "N Log N": {
      "r2": 0.03516562451296734,
      "aic": -146165.1929615157,
      "bic": -146151.35700009577,
      "params": [
        -7.655386287644599e-13,
        0.0008765701826857082
      ],
      "confidence_score": 0.41924618411959075
    }
  }
}