{
  "valid_points": 78,
  "models": {
    "Constant": {
      "r2": 0.7,
      "aic": -655.0513559418897,
      "bic": -650.3379382885105,
      "params": [
        100.05257256233536,
        -99.94742743766469
      ],
      "confidence_score": 0.5670653542750028
    },
    "Linear": {
      "r2": 0.015085858137581898,
      "aic": -656.2370189059158,
      "bic": -651.5236012525365,
      "params": [
        -1.5659876233531378e-06,
        0.10984308754107741
      ],
      "confidence_score": 0.32967208534306874
    },
    "Quadratic": {
      "r2": 0.013277005458307678,
      "aic": -654.0938987080222,
      "bic": -647.0237722279534,
      "params": [
        -2.4144513337363467e-10,
        1.0,
        0.1076360336300914
      ],
      "confidence_score": 0.02281633415621036
    },
    "Cubic": {
      "r2": 0.013238280356887011,
      "aic": -652.0908375665908,
      "bic": -642.6640022598325,
      "params": [
        -4.772794723814685e-14,
        1.0,
        1.0,
        0.10699935542094642
      ],
      "confidence_score": 0.0
    },
    "Logarithmic": {
      "r2": 0.019884881903679985,
      "aic": -656.6180051900319,
      "bic": -651.9045875366527,
      "params": [
        -0.004775940535497551,
        0.14297559694637874
      ],
      "confidence_score": 0.50794244095184
    },
    "N Log N": {
      "r2": 0.014736212730240394,
      "aic": -656.2093337495087,
      "bic": -651.4959160961295,
      "params": [
        -1.7273699884486816e-07,
        0.10933391160341897
      ],
      "confidence_score": 0.5499247013339702
    }
  }
}