{
  "valid_points": 40,
  "models": {
    "Constant": {
      "r2": -2.220446049250313e-16,
      "aic": 487.0992636103943,
      "bic": 490.47702251862216,
      "params": [
        380.45784973415414,
        -19.542150304170093
      ],
      "confidence_score": -2.220446049250313e-16
    },
    "Linear": {
      "r2": 0.8257842403872284,
      "aic": 417.20083360418016,
      "bic": 420.578592512408,
      "params": [
        3.0012267325140196,
        -291.8511149068905
      ],
      "confidence_score": 0.8057842403872284
    },
    "Quadratic": {
      "r2": 0.965715513852949,
      "aic": 354.1767705684723,
      "bic": 359.2434089308141,
      "params": [
        0.007219508016909293,
        1.0,
        -97.01408434365642
      ],
      "confidence_score": 0.9257155138529489
    },
    "Cubic": {
      "r2": 0.9996173011561348,
      "aic": 176.3687761491048,
      "bic": 183.12429396556055,
      "params": [
        1.7687305425062583e-05,
        1.0,
        1.0,
        -7.148813451427662
      ],
      "confidence_score": 0.9496173011561347
    },
    "Logarithmic": {
      "r2": 0.42062321414397774,
      "aic": 465.26717319906925,
      "bic": 468.6449321072971,
      "params": [
        263.6989598446579,
        -973.104355586353
      ],
      "confidence_score": 0.41062321414397773
    },
    "N Log N": {
      "r2": 0.8610822365871382,
      "aic": 408.1443375681182,
      "bic": 411.52209647634606,
      "params": [
        0.4906433804796881,
        -234.64042133808562
      ],
      "confidence_score": 0.8310822365871382
    }
  }
}