{
  "best_model": "O(2^n)",
  "details": {
    "O(1)": {
      "r2": 0,
      "aic": Infinity,
      "params_norm": [
        1.0
      ],
      "rss": 0.0
    },
    "O(n)": {
      "r2": 0,
      "aic": -163.0475947488861,
      "params_norm": [
        9.36426321460069e-09,
        0.9999999945375131
      ],
      "rss": 2.496396087972439e-12
    },
    "O(n^2)": {
      "r2": 0,
      "aic": -162.90326923256507,
      "params_norm": [
        1.3968810166677247e-08,
        -1.4862539108855611e-08,
        1.000000003305388
      ],
      "rss": 4.82987605602363e-13
    },
    "O(n^3)": {
      "r2": 0,
      "aic": -126.29058639658047,
      "params_norm": [
        1.0922999163697997e-07,
        -1.936360687196331e-07,
        1.0137572068589287e-07,
        0.9999999843147139
      ],
      "rss": 1.4540452781901355e-12
    },
    "O(log n)": {
      "r2": 0,
      "aic": -163.54738646831885,
      "params_norm": [
        -4.218004269987846e-09,
        0.9999999972302877
      ],
      "rss": 2.2968750084625966e-12
    },
    "O(n log n)": {
      "r2": 0,
      "aic": -173.83166164452555,
      "params_norm": [
        -8.531161804738576e-09,
        0.9999999979301961
      ],
      "rss": 4.1374875738368154e-13
    },
    "O(2^n)": {
      "r2": 0,
      "aic": -206.41778070854704,
      "params_norm": [
        0.9999999998528463,
        2.5226359021217946e-10
      ],
      "rss": 1.81165189707059e-15
    },
    "O(n^k)": {
      "r2": 0,
      "aic": -161.5768713239179,
      "params_norm": [
        0.9999999973302715,
        -4.845089375126886e-09
      ],
      "rss": 3.189833425867428e-12
    }
  }
}