{
  "valid_points": 67,
  "models": {
    "Constant": {
      "r2": 0.7,
      "aic": -674.261307041237,
      "bic": -669.8519218024551,
      "params": [
        100.02269480210634,
        -99.97730519789373
      ],
      "confidence_score": 0.557257644220063
    },
    "Linear": {
      "r2": 0.024841036823185503,
      "aic": -675.9466774431444,
      "bic": -671.5372922043624,
      "params": [
        -1.2502760243265723e-06,
        0.04836787366759582
      ],
      "confidence_score": 0.3989952880591089
    },
    "Quadratic": {
      "r2": 0.02834046874516305,
      "aic": -674.1875444700022,
      "bic": -667.5734666118293,
      "params": [
        -2.75514569552743e-10,
        1.0,
        0.04712868507291177
      ],
      "confidence_score": 0.05131209972201527
    },
    "Cubic": {
      "r2": 0.030970323268908917,
      "aic": -672.3691298163009,
      "bic": -663.550359338737,
      "params": [
        -7.310886340884555e-14,
        1.0,
        1.0,
        0.04671241460008198
      ],
      "confidence_score": 0.0058475301181524705
    },
    "Logarithmic": {
      "r2": 0.020839521368233194,
      "aic": -675.6723088784092,
      "bic": -671.2629236396273,
      "params": [
        -0.002512249647820274,
        0.06476750296694792
      ],
      "confidence_score": 0.46609876594996597
    },
    "N Log N": {
      "r2": 0.02527418909797352,
      "aic": -675.9764445383842,
      "bic": -671.5670592996022,
      "params": [
        -1.4416926397993186e-07,
        0.04807990643031844
      ],
      "confidence_score": 0.6106370945489867
    }
  }
}