{
  "valid_points": 40,
  "models": {
    "Constant": {
      "r2": 2.220446049250313e-16,
      "aic": 219.55539855975968,
      "bic": 222.93315746798754,
      "params": [
        -78.38925286196161,
        121.61074713803833
      ],
      "confidence_score": 2.220446049250313e-16
    },
    "Linear": {
      "r2": 0.0061125846129619354,
      "aic": 219.31014484221618,
      "bic": 222.68790375044404,
      "params": [
        0.009111033629612852,
        41.23984446163582
      ],
      "confidence_score": -0.013887415387038065
    },
    "Quadratic": {
      "r2": 0.003363224916545726,
      "aic": 221.4206428289464,
      "bic": 226.48728119128822,
      "params": [
        1.5033172870548839e-05,
        1.0,
        42.2679476374751
      ],
      "confidence_score": -0.036636775083454275
    },
    "Cubic": {
      "r2": 0.0031539534867705,
      "aic": 223.42904105252885,
      "bic": 230.1845588689846,
      "params": [
        3.505597548953837e-08,
        1.0,
        1.0,
        42.49199590244774
      ],
      "confidence_score": -0.0468460465132295
    },
    "Logarithmic": {
      "r2": 0.034420594318025355,
      "aic": 218.15432106265854,
      "bic": 221.5320799708864,
      "params": [
        2.661709478798444,
        29.756238980405257
      ],
      "confidence_score": 0.024420594318025353
    },
    "N Log N": {
      "r2": 0.005048251683620886,
      "aic": 219.35295707360703,
      "bic": 222.7307159818349,
      "params": [
        0.0013255739544546477,
        41.612476985923806
      ],
      "confidence_score": -0.024951748316379113
    }
  }
}