{
  "Constant": {
    "r2": 0.0,
    "aic": -391.459574309404,
    "bic": -386.3101523523972,
    "params": [
      100.28216318448193,
      -99.7178368155182
    ]
  },
  "Linear": {
    "r2": 0.6457665930831187,
    "aic": -492.1261007393086,
    "bic": -486.9766787823018,
    "params": [
      7.520265332688202e-05,
      0.4051773971277439
    ]
  },
  "Quadratic": {
    "r2": 0.48569568530275,
    "aic": -453.9587675771029,
    "bic": -446.2346346415927,
    "params": [
      1.4701752505207243e-08,
      1.0,
      0.4700122913375096
    ]
  },
  "Cubic": {
    "r2": 0.3969387136094735,
    "aic": -436.5160101159945,
    "bic": -426.21716620198094,
    "params": [
      3.127096092917593e-12,
      1.0,
      1.0,
      0.4960372040979798
    ]
  },
  "Logarithmic": {
    "r2": 0.8776256467551157,
    "aic": -595.2246092370792,
    "bic": -590.0751872800724,
    "params": [
      0.06859330829214191,
      0.08406779697317603
    ]
  },
  "N Log N": {
    "r2": 0.61710375667315,
    "aic": -484.57872377991447,
    "bic": -479.4293018229077,
    "params": [
      8.67359063752538e-06,
      0.41888068920076604
    ]
  }
}