{
  "valid_points": 203,
  "models": {
    "Constant": {
      "r2": 0.85,
      "aic": -3003.209097951837,
      "bic": -2996.5826859937533,
      "params": [
        100.00579565983708,
        -99.99420434016282
      ],
      "confidence_score": 0.445
    },
    "Linear": {
      "r2": 0.06927209251374156,
      "aic": -3017.7821234121184,
      "bic": -3011.1557114540346,
      "params": [
        3.7410878852843884e-12,
        0.011553981321234537
      ],
      "confidence_score": 0.03156325550824493
    },
    "Quadratic": {
      "r2": 0.03677438374683284,
      "aic": -3008.8150227481383,
      "bic": -2998.875404811013,
      "params": [
        5.595385364660412e-21,
        1.0,
        0.011580557032386534
      ],
      "confidence_score": 0.002064630248099702
    },
    "Cubic": {
      "r2": 0.0288718293447372,
      "aic": -3005.15635257155,
      "bic": -2991.903528655383,
      "params": [
        9.452618278702541e-30,
        1.0,
        1.0,
        0.011583082705974095
      ],
      "confidence_score": 0.0
    },
    "Logarithmic": {
      "r2": 0.4252781643585062,
      "aic": -3115.64452917748,
      "bic": -3109.018117219396,
      "params": [
        0.00039150205143748736,
        0.005620797756901249
      ],
      "confidence_score": 0.8106390821792531
    },
    "N Log N": {
      "r2": 0.06480088794516659,
      "aic": -3016.809249065846,
      "bic": -3010.182837107762,
      "params": [
        1.8154751662843372e-13,
        0.011559402731554964
      ],
      "confidence_score": 0.2304004439725833
    }
  }
}