{
  "Constant": {
    "r2": 0.0,
    "aic": -313.4561847239969,
    "bic": -308.9308249699143,
    "params": [
      -99.80137234842266,
      100.19862765157727
    ]
  },
  "Linear": {
    "r2": 0.963806006539738,
    "aic": -549.0953938545154,
    "bic": -544.5700341004327,
    "params": [
      0.00011886091569560747,
      0.096922228818835
    ]
  },
  "Quadratic": {
    "r2": 0.9426714593434069,
    "aic": -514.4421095386167,
    "bic": -507.6540699074928,
    "params": [
      2.3066208720834425e-08,
      1.0,
      0.23199728872432712
    ]
  },
  "Cubic": {
    "r2": 0.8912909207066946,
    "aic": -467.01086203918334,
    "bic": -457.96014253101805,
    "params": [
      5.387652030005604e-12,
      1.0,
      1.0,
      0.2785490897464177
    ]
  },
  "Logarithmic": {
    "r2": 0.9337117216467313,
    "aic": -506.13188053390195,
    "bic": -501.60652077981933,
    "params": [
      0.26766706404691104,
      -1.6812749818680846
    ]
  },
  "N Log N": {
    "r2": 0.9636580303157134,
    "aic": -548.8057078553161,
    "bic": -544.2803481012335,
    "params": [
      1.3514782200225767e-05,
      0.12753744652683754
    ]
  }
}