{
  "valid_points": 196,
  "models": {
    "Constant": {
      "r2": 0.9,
      "aic": -3043.1507823833317,
      "bic": -3036.5945530648705,
      "params": [
        -99.99495373886751,
        100.0050462611325
      ],
      "confidence_score": 0.47000016067721717
    },
    "Linear": {
      "r2": 0.13700456092880842,
      "aic": -3072.0305734682674,
      "bic": -3065.4743441498063,
      "params": [
        -3.5865969524394614e-12,
        0.01012791905676136
      ],
      "confidence_score": 0.47220273655728506
    },
    "Quadratic": {
      "r2": 0.08767229597983262,
      "aic": -3059.134964041049,
      "bic": -3049.3006200633577,
      "params": [
        -5.8855208717657005e-21,
        1.0,
        0.010104195292241859
      ],
      "confidence_score": 0.0327263989213311
    },
    "Cubic": {
      "r2": 0.06720374751575775,
      "aic": -3052.78620463682,
      "bic": -3039.673745999898,
      "params": [
        -9.824359908130967e-30,
        1.0,
        1.0,
        0.01010138665457483
      ],
      "confidence_score": 0.020323247430787967
    },
    "Logarithmic": {
      "r2": 0.011673552639487217,
      "aic": -3045.452258189368,
      "bic": -3038.896028870907,
      "params": [
        -4.421605407636754e-05,
        0.010764900724959805
      ],
      "confidence_score": 0.30383728414397837
    },
    "N Log N": {
      "r2": 0.13427052236847914,
      "aic": -3071.4106113222592,
      "bic": -3064.854382003798,
      "params": [
        -1.7811537728634285e-13,
        0.010123575588224862
      ],
      "confidence_score": 0.4851735126751959
    }
  }
}