{
  "valid_points": 50,
  "models": {
    "Constant": {
      "r2": 0.7,
      "aic": 400.35203575538185,
      "bic": 404.17608176623816,
      "params": [
        -40.46801340799051,
        136.70299913208214
      ],
      "confidence_score": 0.11999999999999998
    },
    "Linear": {
      "r2": 0.9983214534327093,
      "aic": 80.86068582874606,
      "bic": 84.68473183960235,
      "params": [
        7.628845875218282e-05,
        -0.6922856493299858
      ],
      "confidence_score": 0.8989928720596255
    },
    "Quadratic": {
      "r2": 0.9476530730091449,
      "aic": 254.8589335246876,
      "bic": 260.595002540972,
      "params": [
        2.84262279561044e-11,
        1.0,
        36.83488206389545
      ],
      "confidence_score": 0.5485918438054869
    },
    "Cubic": {
      "r2": 0.8592786158229124,
      "aic": 306.3033686449231,
      "bic": 313.9514606666357,
      "params": [
        1.1462794655778112e-17,
        1.0,
        1.0,
        51.95573121210351
      ],
      "confidence_score": 0.49556716949374746
    },
    "Logarithmic": {
      "r2": 0.8648574086812949,
      "aic": 300.2807944566902,
      "bic": 304.1048404675465,
      "params": [
        63.216655022981485,
        -777.9873398598472
      ],
      "confidence_score": 0.548
    },
    "N Log N": {
      "r2": 0.9982366164678601,
      "aic": 83.32599305273187,
      "bic": 87.15003906358817,
      "params": [
        5.105270322494967e-06,
        3.992100453923342
      ],
      "confidence_score": 0.7854553924380752
    }
  }
}