{
  "Constant": {
    "r2": -2.220446049250313e-16,
    "aic": -382.5390068647337,
    "bic": -377.95808798243695,
    "params": [
      -99.81929323546687,
      100.18070676453308
    ]
  },
  "Linear": {
    "r2": 0.9462215536568259,
    "aic": -595.9094306552155,
    "bic": -591.3285117729187,
    "params": [
      6.017212093245572e-05,
      0.18089716626859398
    ]
  },
  "Quadratic": {
    "r2": 0.9324223460506106,
    "aic": -577.2358945473156,
    "bic": -570.3645162238705,
    "params": [
      9.810343633395902e-09,
      1.0,
      0.26025947902705204
    ]
  },
  "Cubic": {
    "r2": 0.8826937485683564,
    "aic": -534.9756146806772,
    "bic": -525.8137769160836,
    "params": [
      1.8843803668072364e-12,
      1.0,
      1.0,
      0.28830215218345945
    ]
  },
  "Logarithmic": {
    "r2": 0.89507022416263,
    "aic": -547.1148755155664,
    "bic": -542.5339566332696,
    "params": [
      0.15500126348770624,
      -0.8663744890993738
    ]
  },
  "N Log N": {
    "r2": 0.9474424312860786,
    "aic": -597.5857767798792,
    "bic": -593.0048578975824,
    "params": [
      6.720589303208803e-06,
      0.1984477468928998
    ]
  }
}