{
  "valid_points": 93,
  "models": {
    "Constant": {
      "r2": 2.220446049250313e-16,
      "aic": -296.1350666367068,
      "bic": -291.0698676504003,
      "params": [
        -99.71399434231296,
        100.286005657687
      ],
      "confidence_score": 2.220446049250313e-16
    },
    "Linear": {
      "r2": 0.9777483385401441,
      "aic": -650.0315565115395,
      "bic": -644.966357525233,
      "params": [
        0.0001412126396789226,
        0.2796707829288181
      ],
      "confidence_score": 0.9577483385401441
    },
    "Quadratic": {
      "r2": 0.894500021619579,
      "aic": -503.29620801886574,
      "bic": -495.698409539406,
      "params": [
        3.053477182213271e-08,
        1.0,
        0.38175833539935566
      ],
      "confidence_score": 0.8545000216195789
    },
    "Cubic": {
      "r2": 0.7876429913362768,
      "aic": -436.23730346632397,
      "bic": -426.10690549371094,
      "params": [
        6.7415308405496125e-12,
        1.0,
        1.0,
        0.42930961750521707
      ],
      "confidence_score": 0.7376429913362768
    },
    "Logarithmic": {
      "r2": 0.6261675311847605,
      "aic": -387.6421865797167,
      "bic": -382.5769875934102,
      "params": [
        0.08743734104093123,
        -0.036292433930315615
      ],
      "confidence_score": 0.6161675311847605
    },
    "N Log N": {
      "r2": 0.9737911118169358,
      "aic": -634.8091380735684,
      "bic": -629.7439390872619,
      "params": [
        1.6637763621549515e-05,
        0.2994783186760092
      ],
      "confidence_score": 0.9437911118169358
    }
  }
}