{
  "Constant": {
    "r2": 1.1102230246251565e-16,
    "aic": 449.798433865698,
    "bic": 452.4628428860484,
    "params": [
      1849.3356153214122,
      595.0545417831914
    ]
  },
  "Linear": {
    "r2": 0.8216473078019411,
    "aic": 401.5266502423003,
    "bic": 404.19105926265075,
    "params": [
      29.237613156727043,
      -1985.1082361395445
    ]
  },
  "Quadratic": {
    "r2": 0.9637425789578027,
    "aic": 358.91932025931504,
    "bic": 362.91593378984066,
    "params": [
      0.10109810230425498,
      1.0,
      -674.2335537259061
    ]
  },
  "Cubic": {
    "r2": 0.9992646249031369,
    "aic": 251.77479798000547,
    "bic": 257.1036160207063,
    "params": [
      0.0003553322613694121,
      1.0,
      1.0,
      -66.26572276642516
    ]
  },
  "Logarithmic": {
    "r2": 0.4206842860419665,
    "aic": 434.51301895230375,
    "bic": 437.1774279726542,
    "params": [
      1797.6912539829773,
      -5992.411774914777
    ]
  },
  "N Log N": {
    "r2": 0.8594629198360877,
    "aic": 394.85448440612146,
    "bic": 397.5188934264719,
    "params": [
      5.082413706188703,
      -1576.0316374162167
    ]
  }
}