{
  "valid_points": 78,
  "models": {
    "Constant": {
      "r2": 0.7,
      "aic": 3.2722890198795396,
      "bic": 7.985706673258723,
      "params": [
        -98.73566744514756,
        101.26433255485239
      ],
      "confidence_score": 0.09999999999999998
    },
    "Linear": {
      "r2": 0.9915492652241047,
      "aic": -369.06085806208654,
      "bic": -364.34744040870737,
      "params": [
        0.0008648061337642732,
        -0.01364317839949214
      ],
      "confidence_score": 0.49713147389835344
    },
    "Quadratic": {
      "r2": 0.9742993627187244,
      "aic": -280.3043912353458,
      "bic": -273.234264755277,
      "params": [
        1.4259616887279947e-07,
        1.0,
        1.1090379832190318
      ],
      "confidence_score": 0.5645796176312347
    },
    "Cubic": {
      "r2": 0.9186303439550332,
      "aic": -188.41043338403162,
      "bic": -178.98359807727326,
      "params": [
        2.760543910081245e-11,
        1.0,
        1.0,
        1.50602577791804
      ],
      "confidence_score": 0.5311782063730198
    },
    "Logarithmic": {
      "r2": 0.9382658807772668,
      "aic": -213.95135516020989,
      "bic": -209.2379375068307,
      "params": [
        2.189950595750287,
        -14.766576153564557
      ],
      "confidence_score": 0.648
    },
    "N Log N": {
      "r2": 0.9926045476831432,
      "aic": -379.465132498193,
      "bic": -374.7517148448138,
      "params": [
        9.673609147171874e-05,
        0.23494880969143342
      ],
      "confidence_score": 0.898
    }
  }
}