{
  "Constant": {
    "name": "Constant",
    "r2": 0.0,
    "bic": 419.0535872113959,
    "confidence_score": -0.09393747810588837,
    "params": [
      146.55584905869802,
      26.89835499016788
    ],
    "order": 0
  },
  "Linear": {
    "name": "Linear",
    "r2": 0.6987225158919084,
    "bic": 372.26436818478214,
    "confidence_score": 0.56478503778602,
    "params": [
      0.9356432063646182,
      6.6902088422416284e-15
    ],
    "order": 2
  },
  "Quadratic": {
    "name": "Quadratic",
    "r2": 0.9413359984993007,
    "bic": 312.11591775575994,
    "confidence_score": 0.7204297813404682,
    "params": [
      0.002979021068851892,
      1.1333940244876042e-16,
      3.0260348613996395e-17
    ],
    "order": 4
  },
  "Cubic": {
    "name": "Cubic",
    "r2": 0.9993462305682337,
    "bic": 140.4032335437876,
    "confidence_score": 0.711471274356457,
    "params": [
      8.193558039093397e-06,
      1.2706182600394837e-25,
      1.2371468918309562e-25,
      1.0592035374402526e-25
    ],
    "order": 5
  },
  "Logarithmic": {
    "name": "Logarithmic",
    "r2": 0.19253379649727864,
    "bic": 410.71327816906046,
    "confidence_score": 0.07859631839139027,
    "params": [
      37.05127321964562,
      2.4844475577148593e-17
    ],
    "order": 1
  },
  "N Log N": {
    "name": "N Log N",
    "r2": 0.7645374152476968,
    "bic": 362.6516603079637,
    "confidence_score": 0.6105999371418085,
    "params": [
      0.16608615379362282,
      1.7948489185975715e-17
    ],
    "order": 3
  },
  "confidence_analysis": {
    "best_model": "Quadratic",
    "best_score": 0.7204297813404682,
    "second_best_model": "Cubic",
    "second_best_score": 0.711471274356457,
    "confidence_gap": 0.008958506984011239,
    "is_confident": false,
    "threshold": 0.03
  }
}