{
  "valid_points": 31,
  "models": {
    "Constant": {
      "r2": 0.7,
      "aic": -624.3872789369319,
      "bic": -621.5193045279616,
      "params": [
        -99.99982178691891,
        100.00017821308109
      ],
      "confidence_score": 0.3500610213131251
    },
    "Linear": {
      "r2": 0.0027604624434396374,
      "aic": -624.4729716028628,
      "bic": -621.6049971938925,
      "params": [
        1.5118508903876074e-14,
        0.00035564016483372827
      ],
      "confidence_score": 0.0
    },
    "Quadratic": {
      "r2": 0.00012071501880994706,
      "aic": -622.3910213284012,
      "bic": -618.0890597149457,
      "params": [
        6.120379039374141e-24,
        1.0,
        0.00035629338173672837
      ],
      "confidence_score": 0.0
    },
    "Cubic": {
      "r2": 2.5617391098409215e-06,
      "aic": -620.3873583509461,
      "bic": -614.6514095330056,
      "params": [
        1.6711554379442955e-33,
        1.0,
        1.0,
        0.0003564082866128633
      ],
      "confidence_score": 0.0
    },
    "Logarithmic": {
      "r2": 0.42213060187642104,
      "aic": -641.3879080469236,
      "bic": -638.5199336379533,
      "params": [
        4.325008602116514e-06,
        0.0003097940348042809
      ],
      "confidence_score": 0.8090653009382105
    },
    "N Log N": {
      "r2": 0.002300632838767469,
      "aic": -624.4586807211084,
      "bic": -621.5907063121381,
      "params": [
        6.894078575331539e-16,
        0.00035572239602734004
      ],
      "confidence_score": 0.19921355560222637
    }
  }
}