{
  "valid_points": 75,
  "models": {
    "Constant": {
      "r2": 0.7,
      "aic": -273.6162240766554,
      "bic": -268.98124784958276,
      "params": [
        -99.73425649106504,
        100.26574350893503
      ],
      "confidence_score": 0.37
    },
    "Linear": {
      "r2": 0.9706377310239152,
      "aic": -538.2195838531597,
      "bic": -533.5846076260872,
      "params": [
        0.0001346743607358869,
        0.13285091009262384
      ],
      "confidence_score": 0.6797476823232934
    },
    "Quadratic": {
      "r2": 0.9541849500838471,
      "aic": -502.85192215540894,
      "bic": -495.89945781480003,
      "params": [
        2.1959463321201723e-08,
        1.0,
        0.31007706902337945
      ],
      "confidence_score": 0.5525109707544119
    },
    "Cubic": {
      "r2": 0.9011066862501973,
      "aic": -443.14474773730876,
      "bic": -433.8747952831635,
      "params": [
        4.222934504127772e-12,
        1.0,
        1.0,
        0.3720121192812237
      ],
      "confidence_score": 0.5206640117501183
    },
    "Logarithmic": {
      "r2": 0.919928294213395,
      "aic": -462.9786783341065,
      "bic": -458.3437021070339,
      "params": [
        0.3475442350569419,
        -2.216316509969179
      ],
      "confidence_score": 0.598
    },
    "N Log N": {
      "r2": 0.9716496979412527,
      "aic": -540.8500436443255,
      "bic": -536.215067417253,
      "params": [
        1.5040560232092029e-05,
        0.17214392330094125
      ],
      "confidence_score": 0.898
    }
  }
}