{
  "valid_points": 18,
  "models": {
    "Constant": {
      "r2": 0.7,
      "aic": 104.71054411290697,
      "bic": 106.4912876286993,
      "params": [
        -97.63500079926516,
        102.36499920073484
      ],
      "confidence_score": 0.11999999999999998
    },
    "Linear": {
      "r2": 0.9987963385656732,
      "aic": -16.29242498966368,
      "bic": -14.51168147387135,
      "params": [
        6.863414525959399e-05,
        -0.2677112758738054
      ],
      "confidence_score": 0.49927781387723136
    },
    "Quadratic": {
      "r2": 0.9925787730637337,
      "aic": 18.449148269656874,
      "bic": 21.120263543345366,
      "params": [
        6.496139227191282e-11,
        1.0,
        0.6792387880617878
      ],
      "confidence_score": 0.5755472638382404
    },
    "Cubic": {
      "r2": 0.9901183777570728,
      "aic": 25.603129563600902,
      "bic": 29.16461659518556,
      "params": [
        6.181511585523933e-17,
        1.0,
        1.0,
        0.761840158619916
      ],
      "confidence_score": 0.5740710266542436
    },
    "Logarithmic": {
      "r2": 0.26513124335177474,
      "aic": 99.16540366716407,
      "bic": 100.9461471829564,
      "params": [
        2.202250541466973,
        -9.789244513191317
      ],
      "confidence_score": 0.2805656216758874
    },
    "N Log N": {
      "r2": 0.9998265133058806,
      "aic": -51.15882963160455,
      "bic": -49.378086115812216,
      "params": [
        4.952236155648905e-06,
        -0.06912675435463445
      ],
      "confidence_score": 0.998
    }
  }
}