{
  "valid_points": 41,
  "models": {
    "Constant": {
      "r2": 0.7,
      "params": [
        0.22627632048480759
      ]
    },
    "Linear": {
      "r2": 0.4383117122782758,
      "params": [
        0.00014901594688798703,
        0.07711135764970833
      ]
    },
    "Quadratic": {
      "r2": 0.3716286441732205,
      "params": [
        6.626642345963774e-08,
        0.1366840499407982
      ]
    },
    "Cubic": {
      "r2": 0.31824481852366104,
      "params": [
        3.193164683733968e-11,
        0.16068702544352884
      ]
    },
    "Logarithmic": {
      "r2": 0.3458701274133542,
      "params": [
        0.05869667468069923,
        -0.15580583213998125
      ]
    },
    "N Log N": {
      "r2": 0.42917708164463075,
      "params": [
        1.899174409667157e-05,
        0.09103117573386534
      ]
    },
    "np": {
      "r2": -Infinity,
      "success": false
    }
  }
}