{
  "valid_points": 19,
  "models": {
    "Constant": {
      "r2": 0.9,
      "aic": -241.4320776360722,
      "bic": -239.54319967773932,
      "params": [
        100.01582209216924,
        -99.98417790783083
      ],
      "confidence_score": 0.530690293360774
    },
    "Linear": {
      "r2": 0.4664349118027634,
      "aic": -253.3673876913919,
      "bic": -251.47850973305904,
      "params": [
        -3.90724131915654e-06,
        0.03750504631665885
      ],
      "confidence_score": 0.6293553071987452
    },
    "Quadratic": {
      "r2": 0.45322764152150974,
      "aic": -250.9028094460199,
      "bic": -248.06949250852057,
      "params": [
        -1.27961930442245e-09,
        1.0,
        0.03461929922120126
      ],
      "confidence_score": 0.31731485075378096
    },
    "Cubic": {
      "r2": 0.4341553364699111,
      "aic": -248.25135564168772,
      "bic": -244.47359972502196,
      "params": [
        -5.407028844497862e-13,
        1.0,
        1.0,
        0.03365154379693889
      ],
      "confidence_score": 0.25132237259427703
    },
    "Logarithmic": {
      "r2": 0.472397830367718,
      "aic": -253.58091980779278,
      "bic": -251.6920418494599,
      "params": [
        -0.0057577467013230745,
        0.0736528803077181
      ],
      "confidence_score": 0.734198915183859
    },
    "N Log N": {
      "r2": 0.46521385037457774,
      "aic": -253.32395595018846,
      "bic": -251.4350779918556,
      "params": [
        -4.69940124816754e-07,
        0.036811216907341654
      ],
      "confidence_score": 0.6944357615728333
    }
  }
}