{
  "valid_points": 20,
  "models": {
    "Constant": {
      "r2": 0.7,
      "aic": -303.53526956233134,
      "bic": -301.54380501522337,
      "params": [
        100.000723823905,
        -99.99927617609494
      ],
      "confidence_score": 0.49862094786079403
    },
    "Linear": {
      "r2": 0.06726112450473509,
      "aic": -304.92786943269755,
      "bic": -302.9364048855896,
      "params": [
        4.759885199627969e-10,
        0.0013977373197388207
      ],
      "confidence_score": 0.3744289361917235
    },
    "Quadratic": {
      "r2": 0.05127265642966938,
      "aic": -302.5879461793756,
      "bic": -299.60074935871364,
      "params": [
        4.266945704796853e-16,
        1.0,
        0.0014163708566827737
      ],
      "confidence_score": 0.0756750374266674
    },
    "Cubic": {
      "r2": 0.040432242090916004,
      "aic": -300.3607165241761,
      "bic": -296.3777874299601,
      "params": [
        3.6649438559598173e-22,
        1.0,
        1.0,
        0.001423502790091079
      ],
      "confidence_score": 0.01721513755413753
    },
    "Logarithmic": {
      "r2": 0.08120410728758387,
      "aic": -305.2290951313514,
      "bic": -303.23763058424345,
      "params": [
        3.190279468824322e-05,
        0.0012174390834956644
      ],
      "confidence_score": 0.6386020536437919
    },
    "N Log N": {
      "r2": 0.06665172657850782,
      "aic": -304.91480684988636,
      "bic": -302.9233423027784,
      "params": [
        3.45330772640066e-11,
        0.0013999595273173674
      ],
      "confidence_score": 0.5877001242973623
    }
  }
}