{
  "Constant": {
    "r2": 0.0,
    "aic": -98.71673846946399,
    "bic": -93.56731651245723,
    "params": [
      100.47448911156857,
      -99.52551088843141
    ]
  },
  "Linear": {
    "r2": 0.688467244772921,
    "aic": -211.8430653968557,
    "bic": -206.69364343984893,
    "params": [
      0.0003497958021247971,
      0.22999278565093306
    ]
  },
  "Quadratic": {
    "r2": 0.7306323115051989,
    "aic": -223.94950068366893,
    "bic": -216.2253677481588,
    "params": [
      8.241410465622752e-08,
      1.0,
      0.43996168743628655
    ]
  },
  "Cubic": {
    "r2": 0.7035507383717402,
    "aic": -212.65702082527352,
    "bic": -202.35817691126,
    "params": [
      1.921360612985911e-11,
      1.0,
      1.0,
      0.5473831734033936
    ]
  },
  "Logarithmic": {
    "r2": 0.341881961203234,
    "aic": -139.2987228967028,
    "bic": -134.14930093969605,
    "params": [
      0.19172804278387579,
      -0.38231982909572815
    ]
  },
  "N Log N": {
    "r2": 0.701490209787853,
    "aic": -215.98513568916204,
    "bic": -210.83571373215528,
    "params": [
      4.174356770348015e-05,
      0.2702090387647413
    ]
  }
}