{
  "Constant": {
    "r2": 1.1102230246251565e-16,
    "aic": 503.99836580896635,
    "bic": 508.18705493341054,
    "params": [
      139.4136479120119,
      -32.04612409032023
    ]
  },
  "Linear": {
    "r2": 0.9746600252781599,
    "aic": 283.47603971001274,
    "bic": 287.6647288344569,
    "params": [
      0.07329801787234047,
      -74.16723377547235
    ]
  },
  "Quadratic": {
    "r2": 0.9997568062968972,
    "aic": 6.699227805678775,
    "bic": 12.982261492345076,
    "params": [
      1.4775576001936635e-05,
      1.0,
      5.584737233963756
    ]
  },
  "Cubic": {
    "r2": 0.9829026932020939,
    "aic": 263.8683063044075,
    "bic": 272.24568455329586,
    "params": [
      3.557087202207837e-09,
      1.0,
      1.0,
      33.35826357248195
    ]
  },
  "Logarithmic": {
    "r2": 0.8931226564332398,
    "aic": 369.8339603776308,
    "bic": 374.02264950207496,
    "params": [
      157.43631291002131,
      -1111.9712398265815
    ]
  },
  "N Log N": {
    "r2": 0.9802492491271685,
    "aic": 268.52453964015666,
    "bic": 272.71322876460084,
    "params": [
      0.008374305703912932,
      -56.0389200296324
    ]
  }
}