{
  "valid_points": 203,
  "models": {
    "Constant": {
      "r2": 0.7,
      "aic": -3207.526990336938,
      "bic": -3200.9005783788543,
      "params": [
        100.0021125754261,
        -99.99788742457382
      ],
      "confidence_score": 0.37
    },
    "Linear": {
      "r2": 0.051291545553773465,
      "aic": -3218.21569976219,
      "bic": -3211.5892878041063,
      "params": [
        1.9456525637527684e-12,
        0.004205920249874733
      ],
      "confidence_score": 0.020774927332264444
    },
    "Quadratic": {
      "r2": 0.02987411662142725,
      "aic": -3211.683866499822,
      "bic": -3201.744248562697,
      "params": [
        3.048920287902324e-21,
        1.0,
        0.004219289100623476
      ],
      "confidence_score": 0.0
    },
    "Cubic": {
      "r2": 0.024837446948125175,
      "aic": -3208.6326637997154,
      "bic": -3195.3798398835484,
      "params": [
        5.300435116664399e-30,
        1.0,
        1.0,
        0.004220532121978685
      ],
      "confidence_score": 0.0
    },
    "Logarithmic": {
      "r2": 0.3255218639203301,
      "aic": -3287.4716421663097,
      "bic": -3280.845230208226,
      "params": [
        0.0001963020423479098,
        0.001240112102924214
      ],
      "confidence_score": 0.760760931960165
    },
    "N Log N": {
      "r2": 0.04815142611448775,
      "aic": -3217.5449018679888,
      "bic": -3210.918489909905,
      "params": [
        9.459204516797534e-14,
        0.0042086686799431595
      ],
      "confidence_score": 0.3220757130572441
    }
  }
}