{
  "valid_points": 76,
  "models": {
    "Constant": {
      "r2": -2.220446049250313e-16,
      "aic": -691.7318525918453,
      "bic": -687.0703859112726,
      "params": [
        100.04158994967214,
        -99.95841005032788
      ],
      "confidence_score": -2.220446049250313e-16
    },
    "Linear": {
      "r2": 0.00019808191479819826,
      "aic": -691.7469083085517,
      "bic": -687.0854416279791,
      "params": [
        -1.2652856229422582e-07,
        0.08355865260642859
      ],
      "confidence_score": -0.019801918085201802
    },
    "Quadratic": {
      "r2": 0.00011214833678441227,
      "aic": -689.740376343412,
      "bic": -682.748176322553,
      "params": [
        -1.5685897025718987e-11,
        1.0,
        0.08334097951287067
      ],
      "confidence_score": -0.03988785166321559
    },
    "Cubic": {
      "r2": 0.0001649723822286786,
      "aic": -687.7443915272121,
      "bic": -678.4214581660667,
      "params": [
        -3.769147345688576e-15,
        1.0,
        1.0,
        0.08332526816630334
      ],
      "confidence_score": -0.049835027617771324
    },
    "Logarithmic": {
      "r2": 0.0006994538593365629,
      "aic": -691.785029684785,
      "bic": -687.1235630042123,
      "params": [
        -0.000628986394631404,
        0.08816072097427637
      ],
      "confidence_score": -0.009300546140663437
    },
    "N Log N": {
      "r2": 0.00017502244694134195,
      "aic": -691.7451554619971,
      "bic": -687.0836887814245,
      "params": [
        -1.327909613143236e-08,
        0.0835011148145711
      ],
      "confidence_score": -0.029824977553058657
    }
  }
}