{
  "valid_points": 10,
  "models": {
    "Constant": {
      "r2": 0.0,
      "aic": 42.732366530581615,
      "bic": 43.33753671656971,
      "params": [
        4.910562351346016,
        1.0
      ],
      "confidence_score": 0.0
    },
    "Linear": {
      "r2": 0.939934577836962,
      "aic": 14.609157116611566,
      "bic": 15.214327302599658,
      "params": [
        0.03042132109816936,
        -4.691268043435943
      ],
      "confidence_score": 0.919934577836962
    },
    "Quadratic": {
      "r2": 0.9995734364629372,
      "aic": -32.86512575886235,
      "bic": -31.95737047988021,
      "params": [
        3.5467401974020873e-05,
        1.0,
        -0.12962487333448047
      ],
      "confidence_score": 0.9595734364629371
    },
    "Cubic": {
      "r2": 0.9785256476632183,
      "aic": 8.323406825524039,
      "bic": 9.533747197500222,
      "params": [
        4.402090828056853e-08,
        1.0,
        1.0,
        1.4446890816350813
      ],
      "confidence_score": 0.9285256476632182
    },
    "Logarithmic": {
      "r2": 0.7539430359580103,
      "aic": 28.710444443485425,
      "bic": 29.315614629473515,
      "params": [
        9.088665576160793,
        -45.37965061417232
      ],
      "confidence_score": 0.7439430359580103
    },
    "N Log N": {
      "r2": 0.956162257841948,
      "aic": 11.459765135202673,
      "bic": 12.064935321190765,
      "params": [
        0.004400886516321254,
        -3.3640235344217366
      ],
      "confidence_score": 0.926162257841948
    }
  }
}