{
  "Constant": {
    "r2": 1.1102230246251565e-16,
    "aic": 608.8375704024364,
    "bic": 612.9926452902479,
    "params": [
      331.60696313164544,
      -68.39303686836405
    ]
  },
  "Linear": {
    "r2": 0.9741300674053637,
    "aic": 393.2118109910084,
    "bic": 397.36688587881986,
    "params": [
      0.19002457016072916,
      -209.43193258935233
    ]
  },
  "Quadratic": {
    "r2": 0.9999538891507009,
    "aic": 21.754295119068043,
    "bic": 27.986907450785203,
    "params": [
      3.831379749974495e-05,
      1.0,
      -3.094565284110656
    ]
  },
  "Cubic": {
    "r2": 0.9830857047651644,
    "aic": 372.14139798211227,
    "bic": 380.45154775773517,
    "params": [
      9.212019336337862e-09,
      1.0,
      1.0,
      69.01802042836707
    ]
  },
  "Logarithmic": {
    "r2": 0.891831865198811,
    "aic": 477.61753133879034,
    "bic": 481.7726062266018,
    "params": [
      407.6486701639954,
      -2895.4497620433785
    ]
  },
  "N Log N": {
    "r2": 0.9798272312776365,
    "aic": 378.53569204308155,
    "bic": 382.690766930893,
    "params": [
      0.021712522051622794,
      -162.53144221743045
    ]
  }
}