{
  "valid_points": 18,
  "models": {
    "Constant": {
      "r2": -2.220446049250313e-16,
      "aic": 9.782599463576187,
      "bic": 11.563342979368516,
      "params": [
        -99.1475510307484,
        100.8524489692516
      ],
      "confidence_score": -2.220446049250313e-16
    },
    "Linear": {
      "r2": 0.9609117403693219,
      "aic": -48.57219673745456,
      "bic": -46.79145322166223,
      "params": [
        0.018595490586814645,
        -0.39639249780689045
      ],
      "confidence_score": 0.9409117403693219
    },
    "Quadratic": {
      "r2": 0.999125932204452,
      "aic": -114.97974762514728,
      "bic": -112.30863235145878,
      "params": [
        8.178432509076128e-05,
        1.0,
        0.3472236191106135
      ],
      "confidence_score": 0.959125932204452
    },
    "Cubic": {
      "r2": 0.9655072604907637,
      "aic": -46.823516206223246,
      "bic": -43.262029174638585,
      "params": [
        3.8663975332475786e-07,
        1.0,
        1.0,
        0.6447966905923486
      ],
      "confidence_score": 0.9155072604907637
    },
    "Logarithmic": {
      "r2": 0.7487472780091955,
      "aic": -15.080728282143028,
      "bic": -13.299984766350699,
      "params": [
        1.3452527135198755,
        -4.355292291482661
      ],
      "confidence_score": 0.7387472780091955
    },
    "N Log N": {
      "r2": 0.9774558566306358,
      "aic": -58.47843989401675,
      "bic": -56.69769637822442,
      "params": [
        0.0033341313055019533,
        -0.13944463480143357
      ],
      "confidence_score": 0.9474558566306358
    }
  }
}