{
  "best_model": "O(2^n)",
  "details": {
    "O(1)": {
      "r2": 0,
      "aic": Infinity,
      "params_norm": [
        1.0
      ],
      "rss": 0.0
    },
    "O(n)": {
      "r2": 0,
      "aic": -3808.156556249021,
      "params_norm": [
        3.539513381405014e-10,
        0.9999999997936918
      ],
      "rss": 4.090062398601583e-15
    },
    "O(n^2)": {
      "r2": 0,
      "aic": -3273.1588494602793,
      "params_norm": [
        2.262728146446774e-08,
        -2.697387986981183e-08,
        1.000000006707853
      ],
      "rss": 7.999329252024955e-13
    },
    "O(n^3)": {
      "r2": 0,
      "aic": -3218.086392791395,
      "params_norm": [
        9.207473059506364e-09,
        1.2993395631032284e-08,
        -2.4496106730549883e-08,
        1.0000000064036458
      ],
      "rss": 1.3506241063881312e-12
    },
    "O(log n)": {
      "r2": 0,
      "aic": -3348.1469810106637,
      "params_norm": [
        -1.7262467729194512e-09,
        0.9999999988883356
      ],
      "rss": 3.888176533276618e-13
    },
    "O(n log n)": {
      "r2": 0,
      "aic": -3777.1337235632604,
      "params_norm": [
        9.149493385152141e-10,
        1.000000000238507
      ],
      "rss": 5.560660997201656e-15
    },
    "O(2^n)": {
      "r2": 0,
      "aic": -3986.562367092047,
      "params_norm": [
        1.0000000000853677,
        -1.463447165138362e-10
      ],
      "rss": 6.991891724112941e-16
    },
    "O(n^k)": {
      "r2": 0,
      "aic": -3686.8470446138776,
      "params_norm": [
        0.999999999792065,
        -3.2278032427202367e-10
      ],
      "rss": 1.359421724759904e-14
    }
  }
}