{
  "valid_points": 9,
  "models": {
    "Constant": {
      "r2": 0.7,
      "aic": 73.15912940086889,
      "bic": 73.55357855554134,
      "params": [
        108.74094735251532,
        1.0
      ],
      "confidence_score": 0.15999999999999998
    },
    "Linear": {
      "r2": 0.9999061765774729,
      "aic": -10.30773483324243,
      "bic": -9.913285678569991,
      "params": [
        0.0003779560337718868,
        -0.28507772677780285
      ],
      "confidence_score": 0.8999437059464838
    },
    "Quadratic": {
      "r2": 0.9689796321305578,
      "aic": 43.90112804107879,
      "bic": 44.49280177308745,
      "params": [
        6.282831521792504e-10,
        1.0,
        46.93683406622454
      ],
      "confidence_score": 0.5613877792789482
    },
    "Cubic": {
      "r2": 0.9014689624376069,
      "aic": 56.30267629633021,
      "bic": 57.09157460567509,
      "params": [
        1.208957248056265e-15,
        1.0,
        1.0,
        63.849506681957294
      ],
      "confidence_score": 0.5208813774625652
    },
    "Logarithmic": {
      "r2": 0.9502389314703452,
      "aic": 46.154428186833236,
      "bic": 46.54887734150567,
      "params": [
        91.86390032062776,
        -1036.0089412375346
      ],
      "confidence_score": 0.49800000000016464
    },
    "N Log N": {
      "r2": 0.9998711306177432,
      "aic": -7.451271464050404,
      "bic": -7.0568223093779645,
      "params": [
        2.7949443969992713e-05,
        6.597752390666666
      ],
      "confidence_score": 0.7199197410810456
    }
  }
}