{
  "best_model": "O(n^k)",
  "details": {
    "O(1)": {
      "r2": 0,
      "aic": Infinity,
      "params_norm": [
        1.0
      ],
      "rss": 0.0
    },
    "O(n)": {
      "r2": 0,
      "aic": -190.84693005428448,
      "params_norm": [
        2.8260351387841162e-09,
        0.9999999984841539
      ],
      "rss": 2.4273394041310754e-14
    },
    "O(n^2)": {
      "r2": 0,
      "aic": -174.112297567443,
      "params_norm": [
        1.691220791766615e-08,
        -1.8127318966378344e-08,
        1.0000000027243656
      ],
      "rss": 7.457606437909164e-14
    },
    "O(n^3)": {
      "r2": 0,
      "aic": -145.90604870561222,
      "params_norm": [
        5.0474880319685436e-08,
        -8.325298454069733e-08,
        3.6704286508715144e-08,
        0.9999999971310017
      ],
      "rss": 5.5304876090161205e-14
    },
    "O(log n)": {
      "r2": 0,
      "aic": -195.4352806265871,
      "params_norm": [
        -4.880607029633666e-10,
        0.9999999994249709
      ],
      "rss": 1.1298339406107073e-14
    },
    "O(n log n)": {
      "r2": 0,
      "aic": -189.49873863947087,
      "params_norm": [
        7.7646453975935e-09,
        1.0000000017620052
      ],
      "rss": 3.038896120544764e-14
    },
    "O(2^n)": {
      "r2": 0,
      "aic": -177.8140439858057,
      "params_norm": [
        0.9999999955732765,
        8.386664119902667e-09
      ],
      "rss": 2.130503522199201e-13
    },
    "O(n^k)": {
      "r2": 0,
      "aic": -205.00846391769585,
      "params_norm": [
        0.9999999998651462,
        -2.0467565852733526e-10
      ],
      "rss": 2.2913134479226617e-15
    }
  }
}