{
  "valid_points": 14,
  "models": {
    "Constant": {
      "r2": 0.7,
      "aic": 106.28812142273075,
      "bic": 107.56623608196126,
      "params": [
        13.196383367691721,
        1.0
      ],
      "confidence_score": 0.09999999999999998
    },
    "Linear": {
      "r2": 0.9225051967260384,
      "aic": 70.48249983112208,
      "bic": 71.7606144903526,
      "params": [
        0.00827106121914607,
        -5.153173492523571
      ],
      "confidence_score": 0.453503118035623
    },
    "Quadratic": {
      "r2": 0.9999853835753093,
      "aic": -47.578984135769154,
      "bic": -45.66181214692338,
      "params": [
        5.550419286080899e-07,
        1.0,
        0.009177698794923111
      ],
      "confidence_score": 0.9799912301451855
    },
    "Cubic": {
      "r2": 0.9827485966113693,
      "aic": 53.45005646141217,
      "bic": 56.0062857798732,
      "params": [
        3.38957308570529e-11,
        1.0,
        1.0,
        2.029594889140981
      ],
      "confidence_score": 0.5696491579668215
    },
    "Logarithmic": {
      "r2": 0.3018911787760056,
      "aic": 101.25679744618179,
      "bic": 102.5349121054123,
      "params": [
        7.258573430826825,
        -22.894124666179195
      ],
      "confidence_score": 0.29894558938800275
    },
    "N Log N": {
      "r2": 0.9445237472319319,
      "aic": 65.80291823285164,
      "bic": 67.08103289208215,
      "params": [
        0.0008709987174240983,
        -4.168300478095313
      ],
      "confidence_score": 0.698
    }
  }
}