{
  "valid_points": 184547,
  "models": {
    "Constant": {
      "r2": 0.85,
      "aic": -3354581.4614642174,
      "bic": -3354561.2101453124,
      "params": [
        100.00103933249476,
        -99.9989606626781
      ],
      "confidence_score": 0.505
    },
    "Linear": {
      "r2": 0.5174884115465893,
      "aic": -3489070.1506412574,
      "bic": -3489049.8993223524,
      "params": [
        2.841533271764189e-11,
        0.0019348051077310053
      ],
      "confidence_score": 0.3004930469279536
    },
    "Quadratic": {
      "r2": 0.4182849871547091,
      "aic": -3454562.3422314357,
      "bic": -3454531.965253078,
      "params": [
        2.4507135085957022e-18,
        1.0,
        0.00199581732985311
      ],
      "confidence_score": 0.23097099229282544
    },
    "Cubic": {
      "r2": 0.35032804229415915,
      "aic": -3434170.3170557716,
      "bic": -3434129.8144179615,
      "params": [
        2.352672784279339e-25,
        1.0,
        1.0,
        0.002018963216900682
      ],
      "confidence_score": 0.1901968253764955
    },
    "Logarithmic": {
      "r2": 0.5942638451243863,
      "aic": -3521052.487983851,
      "bic": -3521032.236664946,
      "params": [
        9.806860209644597e-05,
        0.0005912334138040708
      ],
      "confidence_score": 0.7951319225621931
    },
    "N Log N": {
      "r2": 0.5103321366510813,
      "aic": -3486353.1771132387,
      "bic": -3486332.9257943337,
      "params": [
        1.7303428362125288e-12,
        0.0019418249963728674
      ],
      "confidence_score": 0.25316606832554067
    }
  }
}