{
  "valid_points": 14,
  "models": {
    "Constant": {
      "r2": 0.7,
      "aic": 85.31338687681271,
      "bic": 86.59150153604322,
      "params": [
        5.728226585047585,
        1.0
      ],
      "confidence_score": 0.09999999999999998
    },
    "Linear": {
      "r2": 0.9303195458950848,
      "aic": 48.01969086445633,
      "bic": 49.29780552368685,
      "params": [
        0.003916093500962559,
        -2.1467601719916862
      ],
      "confidence_score": 0.45819172753705084
    },
    "Quadratic": {
      "r2": 0.9999157637443655,
      "aic": -44.03300508193355,
      "bic": -42.11583309308778,
      "params": [
        2.62133022223577e-07,
        1.0,
        0.08681044399637777
      ],
      "confidence_score": 0.9799494582466193
    },
    "Cubic": {
      "r2": 0.9812444410101449,
      "aic": 33.64567560213892,
      "bic": 36.20190492059996,
      "params": [
        1.6011010784034248e-11,
        1.0,
        1.0,
        0.9896990799748613
      ],
      "confidence_score": 0.5687466646060869
    },
    "Logarithmic": {
      "r2": 0.3177584692882899,
      "aic": 79.96018541157149,
      "bic": 81.238300070802,
      "params": [
        3.5665105237233172,
        -11.319543840162092
      ],
      "confidence_score": 0.10687923464414494
    },
    "N Log N": {
      "r2": 0.9500774262143247,
      "aic": 43.351438904205025,
      "bic": 44.62955356343554,
      "params": [
        0.0004117390907471906,
        -1.7026632989359571
      ],
      "confidence_score": 0.648
    }
  }
}