{
  "Constant": {
    "name": "Constant",
    "r2": 2.220446049250313e-16,
    "bic": 293.5843993549016,
    "confidence_score": -0.14978661367769933,
    "params": [
      1087.0351688786393,
      57.87215142712657
    ],
    "order": 0
  },
  "Linear": {
    "name": "Linear",
    "r2": 0.7105798113063762,
    "bic": 268.7868852208838,
    "confidence_score": 0.5207931976286766,
    "params": [
      12.818580821908098,
      1.1990168887798807e-17
    ],
    "order": 2
  },
  "Quadratic": {
    "name": "Quadratic",
    "r2": 0.9462453047641303,
    "bic": 238.1136463771766,
    "confidence_score": 0.6415653842475809,
    "params": [
      0.08207287628198713,
      5.1467865852194224e-20,
      1.6027931529667524e-20
    ],
    "order": 4
  },
  "Cubic": {
    "name": "Cubic",
    "r2": 0.9996988639158721,
    "bic": 137.41689812905364,
    "confidence_score": 0.6001256365604731,
    "params": [
      0.0004540130512127127,
      9.924457948219286e-21,
      6.0264017447904004e-21,
      4.707415815959563e-21
    ],
    "order": 5
  },
  "Logarithmic": {
    "name": "Logarithmic",
    "r2": 0.23980488627006913,
    "bic": 288.1007963537238,
    "confidence_score": 0.07001827259236958,
    "params": [
      294.63710831639054,
      4.601244038094236e-16
    ],
    "order": 1
  },
  "N Log N": {
    "name": "N Log N",
    "r2": 0.7831943976476526,
    "bic": 263.00931598206347,
    "confidence_score": 0.5734077839699532,
    "params": [
      2.5960592080000784,
      1.446023984959851e-14
    ],
    "order": 3
  },
  "confidence_analysis": {
    "best_model": "Quadratic",
    "best_score": 0.6415653842475809,
    "second_best_model": "Cubic",
    "second_best_score": 0.6001256365604731,
    "confidence_gap": 0.041439747687107786,
    "is_confident": true,
    "threshold": 0.03
  }
}