{
  "Constant": {
    "r2": -2.220446049250313e-16,
    "aic": -195.5005090954711,
    "bic": -190.37181271253542,
    "params": [
      -99.52702666632818,
      100.47297333367177
    ]
  },
  "Linear": {
    "r2": 0.9888802422051581,
    "aic": -627.407559153357,
    "bic": -622.2788627704214,
    "params": [
      0.00025225921671345096,
      0.4093282486369475
    ]
  },
  "Quadratic": {
    "r2": 0.9055200362207371,
    "aic": -419.99978817986755,
    "bic": -412.306743605464,
    "params": [
      5.446020800992102e-08,
      1.0,
      0.5935763214125654
    ]
  },
  "Cubic": {
    "r2": 0.7962427673473476,
    "aic": -344.21980795717957,
    "bic": -333.9624151913082,
    "params": [
      1.2008373602162944e-11,
      1.0,
      1.0,
      0.6811273707997612
    ]
  },
  "Logarithmic": {
    "r2": 0.6318364009860009,
    "aic": -291.42638529359715,
    "bic": -286.29768891066146,
    "params": [
      0.15729246411037137,
      -0.15539740555728215
    ]
  },
  "N Log N": {
    "r2": 0.9852477192633161,
    "aic": -600.2708369611207,
    "bic": -595.142140578185,
    "params": [
      2.971680458902789e-05,
      0.44473147023432874
    ]
  }
}