{
  "valid_points": 75,
  "models": {
    "Constant": {
      "r2": 1.1102230246251565e-16,
      "aic": -322.3018302338157,
      "bic": -317.66685400674305,
      "params": [
        -99.80230594674748,
        100.19769405325259
      ],
      "confidence_score": 1.1102230246251565e-16
    },
    "Linear": {
      "r2": 0.9780965213550771,
      "aic": -608.8850661743044,
      "bic": -604.2500899472318,
      "params": [
        9.804811454105394e-05,
        0.10320472516619
      ],
      "confidence_score": 0.9580965213550771
    },
    "Quadratic": {
      "r2": 0.9597419363933466,
      "aic": -561.2352020184945,
      "bic": -554.2827376778856,
      "params": [
        1.5991927997268387e-08,
        1.0,
        0.23238771507158515
      ],
      "confidence_score": 0.9197419363933466
    },
    "Cubic": {
      "r2": 0.9038442497882397,
      "aic": -493.9357805443968,
      "bic": -484.6658280902515,
      "params": [
        3.071543561314026e-12,
        1.0,
        1.0,
        0.2779660676996022
      ],
      "confidence_score": 0.8538442497882397
    },
    "Logarithmic": {
      "r2": 0.9289111820205707,
      "aic": -520.5887222047725,
      "bic": -515.9537459776999,
      "params": [
        0.2527362948546189,
        -1.60471723963077
      ],
      "confidence_score": 0.9189111820205706
    },
    "N Log N": {
      "r2": 0.9789343645199196,
      "aic": -611.8102464657522,
      "bic": -607.1752702386797,
      "params": [
        1.0951245599476422e-05,
        0.13179451058174665
      ],
      "confidence_score": 0.9489343645199195
    }
  }
}