{
  "valid_points": 54,
  "models": {
    "Constant": {
      "r2": 0.7,
      "aic": 446.3664992286745,
      "bic": 450.34446732180305,
      "params": [
        136.31186749311914,
        -41.59004517667122
      ],
      "confidence_score": 0.11999999999999998
    },
    "Linear": {
      "r2": 0.9940165879792601,
      "aic": 169.95322693666736,
      "bic": 173.9311950297959,
      "params": [
        8.046619144241873e-05,
        -15.202277384156442
      ],
      "confidence_score": 0.4964110400737928
    },
    "Quadratic": {
      "r2": 0.9660867378699124,
      "aic": 265.63324632624466,
      "bic": 271.60019846593747,
      "params": [
        2.8209327762178483e-11,
        1.0,
        26.43564435165011
      ],
      "confidence_score": 0.5596520427219474
    },
    "Cubic": {
      "r2": 0.8836711487318982,
      "aic": 334.19445383421925,
      "bic": 342.1503900204763,
      "params": [
        1.0608942197263025e-17,
        1.0,
        1.0,
        43.5669866860008
      ],
      "confidence_score": 0.5102026892391389
    },
    "Logarithmic": {
      "r2": 0.8149167055539334,
      "aic": 355.27123621961783,
      "bic": 359.2492043127464,
      "params": [
        69.22492709066653,
        -867.3397753095885
      ],
      "confidence_score": 0.498
    },
    "N Log N": {
      "r2": 0.9962777008233645,
      "aic": 144.32215708609692,
      "bic": 148.30012517922546,
      "params": [
        5.3656916663275936e-06,
        -10.062152265646924
      ],
      "confidence_score": 0.998
    }
  }
}