{
  "Constant": {
    "r2": 0.0,
    "aic": 512.122027930968,
    "bic": 516.2429139520608,
    "params": [
      121.87261150777336,
      1.0
    ]
  },
  "Linear": {
    "r2": 0.9762861379634158,
    "aic": 295.1036885964425,
    "bic": 299.2245746175353,
    "params": [
      0.08923929294011501,
      -101.22571636684286
    ]
  },
  "Quadratic": {
    "r2": 0.9944622719974878,
    "aic": 212.7441116599508,
    "bic": 218.92544069159004,
    "params": [
      1.7676208471262278e-05,
      1.0,
      -2.418944614228936
    ]
  },
  "Cubic": {
    "r2": 0.9728805733999019,
    "aic": 306.886740297502,
    "bic": 315.1285123396877,
    "params": [
      4.195692920340592e-09,
      1.0,
      1.0,
      31.66883616891109
    ]
  },
  "Logarithmic": {
    "r2": 0.8995528637866308,
    "aic": 378.8308534643199,
    "bic": 382.9517394854127,
    "params": [
      195.05789636182556,
      -1390.4563132350024
    ]
  },
  "N Log N": {
    "r2": 0.98109071607333,
    "aic": 281.97209659165844,
    "bic": 286.09298261275126,
    "params": [
      0.010174287166841768,
      -78.79082391861978
    ]
  }
}