{
  "valid_points": 10,
  "models": {
    "Constant": {
      "r2": 0.7,
      "aic": 67.64298389911545,
      "bic": 68.24815408510355,
      "params": [
        9.277048870921135,
        1.0
      ],
      "confidence_score": 0.1000000000001613
    },
    "Linear": {
      "r2": 0.8988936074723175,
      "aic": 44.72716464706498,
      "bic": 45.332334833053075,
      "params": [
        0.036501804753071826,
        -4.622987834609324
      ],
      "confidence_score": 0.439336184840213
    },
    "Quadratic": {
      "r2": 0.9972067576708604,
      "aic": 10.83746157157618,
      "bic": 11.745216850558318,
      "params": [
        1.9262696524887642e-05,
        1.0,
        -0.4796762303626027
      ],
      "confidence_score": 0.9783240546025163
    },
    "Cubic": {
      "r2": 0.9942453017085389,
      "aic": 20.065597262661193,
      "bic": 21.27593763463738,
      "params": [
        9.41550474273962e-09,
        1.0,
        1.0,
        1.049568766344949
      ],
      "confidence_score": 0.579955107911021
    },
    "Logarithmic": {
      "r2": 0.37985536829206645,
      "aic": 62.8649583871199,
      "bic": 63.47012857310799,
      "params": [
        7.210586223057541,
        -21.81448722483529
      ],
      "confidence_score": 0.33792768414779195
    },
    "N Log N": {
      "r2": 0.9279995015786973,
      "aic": 41.332161524395964,
      "bic": 41.93733171038406,
      "params": [
        0.004881650930096117,
        -3.5558507093162097
      ],
      "confidence_score": 0.6980000833655873
    }
  }
}