{
  "valid_points": 19,
  "models": {
    "Constant": {
      "r2": 0.7,
      "aic": 49.74739950435467,
      "bic": 51.636277462687545,
      "params": [
        -98.31513884036166,
        101.68486115963837
      ],
      "confidence_score": 0.09999999999999998
    },
    "Linear": {
      "r2": 0.8750343758719048,
      "aic": 10.23278436130256,
      "bic": 12.12166231963544,
      "params": [
        0.0517484352578416,
        -2.4778508623091584
      ],
      "confidence_score": 0.42502062552314285
    },
    "Quadratic": {
      "r2": 0.982009711563942,
      "aic": -24.593141257939564,
      "bic": -21.759824320440245,
      "params": [
        0.00023600624156879077,
        1.0,
        -0.500544035852221
      ],
      "confidence_score": 0.5692058270713143
    },
    "Cubic": {
      "r2": 0.9984511418479061,
      "aic": -69.18710911201752,
      "bic": -65.40935319535177,
      "params": [
        1.1409230753489652e-06,
        1.0,
        1.0,
        0.3195021281908872
      ],
      "confidence_score": 0.9790706851087436
    },
    "Logarithmic": {
      "r2": 0.6083675045079044,
      "aic": 31.9362030861809,
      "bic": 33.82508104451378,
      "params": [
        3.5281607142913955,
        -12.565507022363638
      ],
      "confidence_score": 0.548
    },
    "N Log N": {
      "r2": 0.9048344620739714,
      "aic": 5.056788917716917,
      "bic": 6.945666876049797,
      "params": [
        0.009354132646691238,
        -1.7953644009972487
      ],
      "confidence_score": 0.6980000000000002
    }
  }
}