{
  "Constant": {
    "r2": -2.220446049250313e-16,
    "aic": 113.57878665158778,
    "bic": 116.09497972763074,
    "params": [
      103.88870918406896,
      -96.11129081593108
    ]
  },
  "Linear": {
    "r2": 0.855105033095891,
    "aic": 63.35338635586609,
    "bic": 65.86957943190906,
    "params": [
      0.09220145011744751,
      -6.191101324655507
    ]
  },
  "Quadratic": {
    "r2": 0.9740661807685146,
    "aic": 20.62139424615834,
    "bic": 24.395683860222785,
    "params": [
      0.00031558950814736253,
      1.0,
      -1.6140520100684763
    ]
  },
  "Cubic": {
    "r2": 0.9996237523654641,
    "aic": -87.43805209899853,
    "bic": -82.40566594691259,
    "params": [
      1.134404163380473e-06,
      1.0,
      1.0,
      0.32358155801777533
    ]
  },
  "Logarithmic": {
    "r2": 0.5664087384834069,
    "aic": 91.8518091094823,
    "bic": 94.36800218552527,
    "params": [
      7.956416451893837,
      -30.3537976972683
    ]
  },
  "N Log N": {
    "r2": 0.886023331561442,
    "aic": 57.11298727839414,
    "bic": 59.6291803544371,
    "params": [
      0.015875510116854372,
      -4.700030766540984
    ]
  }
}