{
  "valid_points": 74,
  "models": {
    "Constant": {
      "r2": 0.7,
      "aic": -218.17606990736837,
      "bic": -213.56793972096003,
      "params": [
        100.37125583637412,
        -99.62874416362595
      ],
      "confidence_score": 0.37
    },
    "Linear": {
      "r2": 0.9923658327915746,
      "aic": -578.935055118941,
      "bic": -574.3269249325327,
      "params": [
        0.0001919963134651148,
        0.16782000474095993
      ],
      "confidence_score": 0.9854194996749448
    },
    "Quadratic": {
      "r2": 0.9599064128195172,
      "aic": -454.1999468900617,
      "bic": -447.2877516104492,
      "params": [
        3.1118623827021554e-08,
        1.0,
        0.42209497769228094
      ],
      "confidence_score": 0.5559438476917102
    },
    "Cubic": {
      "r2": 0.8943718184747803,
      "aic": -380.51549529527887,
      "bic": -371.2992349224622,
      "params": [
        5.95235233230755e-12,
        1.0,
        1.0,
        0.5114417573441962
      ],
      "confidence_score": 0.5166230910848681
    },
    "Logarithmic": {
      "r2": 0.9598751406540615,
      "aic": -456.1422509245786,
      "bic": -451.53412073817026,
      "params": [
        0.4994601441091781,
        -3.211624786096778
      ],
      "confidence_score": 0.598
    },
    "N Log N": {
      "r2": 0.9914148194643122,
      "aic": -570.2471838257003,
      "bic": -565.639053639292,
      "params": [
        2.1426407412209076e-05,
        0.2241418723214184
      ],
      "confidence_score": 0.6018955965599176
    }
  }
}