{
  "valid_points": 10,
  "models": {
    "Constant": {
      "r2": 2.220446049250313e-16,
      "aic": 58.6572990801592,
      "bic": 59.26246926614729,
      "params": [
        12.078394159674643,
        1.0
      ],
      "confidence_score": 2.220446049250313e-16
    },
    "Linear": {
      "r2": 0.9430111596719463,
      "aic": 30.008300939818433,
      "bic": 30.613471125806527,
      "params": [
        0.06756055212756751,
        -10.466458256782607
      ],
      "confidence_score": 0.9230111596719462
    },
    "Quadratic": {
      "r2": 0.9997328834436923,
      "aic": -21.62095546325859,
      "bic": -20.713200184276452,
      "params": [
        7.86447124988543e-05,
        1.0,
        -0.31499699070543863
      ],
      "confidence_score": 0.9597328834436922
    },
    "Cubic": {
      "r2": 0.9757344978190811,
      "aic": 25.47030307366854,
      "bic": 26.680643445644723,
      "params": [
        9.746400179355299e-08,
        1.0,
        1.0,
        3.1907771673296534
      ],
      "confidence_score": 0.925734497819081
    },
    "Logarithmic": {
      "r2": 0.7581808507491486,
      "aic": 44.4616475866457,
      "bic": 45.06681777263379,
      "params": [
        20.20797430715405,
        -100.96159302329279
      ],
      "confidence_score": 0.7481808507491486
    },
    "N Log N": {
      "r2": 0.9588970646526311,
      "aic": 26.74054167629722,
      "bic": 27.345711862285313,
      "params": [
        0.009771604533803381,
        -7.514635270765566
      ],
      "confidence_score": 0.9288970646526311
    }
  }
}