{
  "Constant": {
    "r2": 1.1102230246251565e-16,
    "aic": -321.24500194374406,
    "bic": -316.6368717573357,
    "params": [
      100.19610366104425,
      -99.80389633895574
    ]
  },
  "Linear": {
    "r2": 0.983082378307858,
    "aic": -623.1205646931769,
    "bic": -618.5124345067686,
    "params": [
      9.62140131952287e-05,
      0.10421537718651323
    ]
  },
  "Quadratic": {
    "r2": 0.9565447644616584,
    "aic": -551.3107734168454,
    "bic": -544.3985781372329,
    "params": [
      1.5597153268727936e-08,
      1.0,
      0.23203088119143353
    ]
  },
  "Cubic": {
    "r2": 0.8950354452015152,
    "aic": -484.0508113218124,
    "bic": -474.8345509489957,
    "params": [
      2.9825257577065843e-12,
      1.0,
      1.0,
      0.27709089637146844
    ]
  },
  "Logarithmic": {
    "r2": 0.9424345002898203,
    "aic": -532.5025591468069,
    "bic": -527.8944289603986,
    "params": [
      0.2497339920463274,
      -1.5854121664041034
    ]
  },
  "N Log N": {
    "r2": 0.9829107593004953,
    "aic": -622.3736616585004,
    "bic": -617.7655314720921,
    "params": [
      1.0738182329674865e-05,
      0.13247360500543612
    ]
  }
}