{
  "valid_points": 94,
  "models": {
    "Constant": {
      "r2": 0.7,
      "aic": -246.67828659522564,
      "bic": -241.59169703068562,
      "params": [
        100.30441504922959,
        -99.69558495077045
      ],
      "confidence_score": 0.41
    },
    "Linear": {
      "r2": 0.9891647678867542,
      "aic": -672.0237954332376,
      "bic": -666.9372058686977,
      "params": [
        0.0001886167037637998,
        0.21535960192134818
      ],
      "confidence_score": 0.9834988607320525
    },
    "Quadratic": {
      "r2": 0.9099697777483768,
      "aic": -470.99361364439443,
      "bic": -463.3637292975844,
      "params": [
        4.0982193749705687e-08,
        1.0,
        0.3513211541181245
      ],
      "confidence_score": 0.525981866649026
    },
    "Cubic": {
      "r2": 0.8047343607583768,
      "aic": -396.21735971783846,
      "bic": -386.0441805887584,
      "params": [
        9.073197605685397e-12,
        1.0,
        1.0,
        0.41556641968836633
      ],
      "confidence_score": 0.46284061645502605
    },
    "Logarithmic": {
      "r2": 0.6337878391842957,
      "aic": -341.105275876943,
      "bic": -336.01868631240296,
      "params": [
        0.11676971430016085,
        -0.20521361552789824
      ],
      "confidence_score": 0.5148939195921479
    },
    "N Log N": {
      "r2": 0.9857832836367929,
      "aic": -646.4919456133523,
      "bic": -641.4053560488123,
      "params": [
        2.223706277805069e-05,
        0.24163384180321526
      ],
      "confidence_score": 0.598000856940187
    }
  }
}