{
  "valid_points": 20,
  "models": {
    "Constant": {
      "r2": 0.7,
      "aic": 144.19188446653345,
      "bic": 146.18334901364145,
      "params": [
        105.44136893004182,
        -94.55863106995818
      ],
      "confidence_score": 0.11999999999999998
    },
    "Linear": {
      "r2": 0.998680185608655,
      "aic": 11.586601168769684,
      "bic": 13.578065715877667,
      "params": [
        7.196809046583486e-05,
        -0.4367848392319704
      ],
      "confidence_score": 0.49920811166096457
    },
    "Quadratic": {
      "r2": 0.9692982102232905,
      "aic": 76.5231979230798,
      "bic": 79.51039474374178,
      "params": [
        3.425869096491993e-11,
        1.0,
        2.7213857584705248
      ],
      "confidence_score": 0.5615789261339743
    },
    "Cubic": {
      "r2": 0.9516399636929339,
      "aic": 87.61025441714614,
      "bic": 91.5931835113621,
      "params": [
        1.6161061608237548e-17,
        1.0,
        1.0,
        3.2966863434027442
      ],
      "confidence_score": 0.5509839782157603
    },
    "Logarithmic": {
      "r2": 0.27696247491587966,
      "aic": 137.7060013414171,
      "bic": 139.6974658885251,
      "params": [
        4.218946423669776,
        -19.707153960035182
      ],
      "confidence_score": 0.38648123745793983
    },
    "N Log N": {
      "r2": 0.9998387860883685,
      "aic": -30.463684156906183,
      "bic": -28.472219609798202,
      "params": [
        4.964854160213845e-06,
        0.05715028564600474
      ],
      "confidence_score": 0.998
    }
  }
}