{
  "valid_points": 19,
  "models": {
    "Constant": {
      "r2": 0.7,
      "aic": 108.8135077253314,
      "bic": 110.70238568366429,
      "params": [
        -96.79887775135667,
        103.20112224864334
      ],
      "confidence_score": 0.11999999999999998
    },
    "Linear": {
      "r2": 0.9999196463389891,
      "aic": -70.33887744158051,
      "bic": -68.44999948324762,
      "params": [
        6.160266025134753e-05,
        0.027798991465270873
      ],
      "confidence_score": 0.8999517878033935
    },
    "Quadratic": {
      "r2": 0.9205466496641189,
      "aic": 62.69438858756175,
      "bic": 65.52770552506107,
      "params": [
        6.075518991786537e-11,
        1.0,
        1.769400065827472
      ],
      "confidence_score": 0.5323279897984713
    },
    "Cubic": {
      "r2": 0.841474327300102,
      "aic": 77.81857193302297,
      "bic": 81.59632784968872,
      "params": [
        5.619968898682619e-17,
        1.0,
        1.0,
        2.511544692201738
      ],
      "confidence_score": 0.4848845963800611
    },
    "Logarithmic": {
      "r2": 0.39521078287548106,
      "aic": 99.25887734635054,
      "bic": 101.14775530468343,
      "params": [
        2.443195538428724,
        -10.640375603661361
      ],
      "confidence_score": 0.4456053914377406
    },
    "N Log N": {
      "r2": 0.9984849159893122,
      "aic": -14.539895664890736,
      "bic": -12.651017706557855,
      "params": [
        4.485416893790177e-06,
        0.24673529073017028
      ],
      "confidence_score": 0.6980000000002293
    }
  }
}