{
  "Constant": {
    "r2": 0.0,
    "aic": 733.7963713764934,
    "bic": 737.9514462643049,
    "params": [
      -31.577955538841763,
      768.4564735502458
    ]
  },
  "Linear": {
    "r2": 0.9697398483386362,
    "aic": 527.4188814136345,
    "bic": 531.573956301446,
    "params": [
      0.5365187217976872,
      -613.0571441939326
    ]
  },
  "Quadratic": {
    "r2": 0.9995113469963697,
    "aic": 285.9887538365722,
    "bic": 292.22136616828936,
    "params": [
      0.00010787047582074462,
      1.0,
      -31.60263258010271
    ]
  },
  "Cubic": {
    "r2": 0.9870604119965203,
    "aic": 481.29600544157154,
    "bic": 489.60615521719444,
    "params": [
      2.5869544283478928e-08,
      1.0,
      1.0,
      170.78608077248032
    ]
  },
  "Logarithmic": {
    "r2": 0.8849655183082327,
    "aic": 606.207493445407,
    "bic": 610.3625683332184,
    "params": [
      1154.6241771103923,
      -8221.050954903318
    ]
  },
  "N Log N": {
    "r2": 0.975829037299309,
    "aic": 514.1627793513679,
    "bic": 518.3178542391794,
    "params": [
      0.06128307332962025,
      -480.6643588823955
    ]
  }
}