{
  "valid_points": 23,
  "models": {
    "Constant": {
      "r2": 0.7,
      "aic": 173.81960997548143,
      "bic": 176.0905984073397,
      "params": [
        106.8446554891442,
        -93.1553445108559
      ],
      "confidence_score": 0.11999999999999998
    },
    "Linear": {
      "r2": 0.9999919602091771,
      "aic": -95.9958623442493,
      "bic": -93.724873912391,
      "params": [
        1.075053903554224e-05,
        -0.034033951537322915
      ],
      "confidence_score": 0.8999951761255063
    },
    "Quadratic": {
      "r2": 0.9418208042983648,
      "aic": 110.40237861810319,
      "bic": 113.80886126589064,
      "params": [
        6.657820222309577e-13,
        1.0,
        3.334729765257962
      ],
      "confidence_score": 0.5450924825790189
    },
    "Cubic": {
      "r2": 0.8754592043686992,
      "aic": 129.90780533252905,
      "bic": 134.44978219624565,
      "params": [
        3.8895401297228025e-20,
        1.0,
        1.0,
        4.687220156549538
      ],
      "confidence_score": 0.5052755226212194
    },
    "Logarithmic": {
      "r2": 0.3039910280186986,
      "aic": 165.4845772325608,
      "bic": 167.75556566441912,
      "params": [
        4.627468085665918,
        -24.829905440234523
      ],
      "confidence_score": 0.3999955140093493
    },
    "N Log N": {
      "r2": 0.999565663548424,
      "aic": -4.23928509812162,
      "bic": -1.9682966662633206,
      "params": [
        6.508175988422289e-07,
        0.36233434216556737
      ],
      "confidence_score": 0.698
    }
  }
}