{
  "valid_points": 96,
  "models": {
    "Constant": {
      "r2": 0.0,
      "aic": -756.9965453134662,
      "bic": -751.8678489305305,
      "params": [
        -99.9620106148843,
        100.03798938511574
      ],
      "confidence_score": 0.0
    },
    "Linear": {
      "r2": 0.5061998515240869,
      "aic": -824.736487846987,
      "bic": -819.6077914640513,
      "params": [
        9.707580483506839e-06,
        0.055732802170767405
      ],
      "confidence_score": 0.48619985152408685
    },
    "Quadratic": {
      "r2": 0.4607826182911643,
      "aic": -814.2896477579515,
      "bic": -806.5966031835479,
      "params": [
        2.1013514737523875e-09,
        1.0,
        0.06276550359696799
      ],
      "confidence_score": 0.4207826182911643
    },
    "Cubic": {
      "r2": 0.3987085366042963,
      "aic": -801.829393116785,
      "bic": -791.5720003509136,
      "params": [
        4.614782060005676e-13,
        1.0,
        1.0,
        0.06613573358012559
      ],
      "confidence_score": 0.3487085366042963
    },
    "Logarithmic": {
      "r2": 0.3472926060215492,
      "aic": -797.952674443994,
      "bic": -792.8239780610584,
      "params": [
        0.00627623714140957,
        0.032187801929567175
      ],
      "confidence_score": 0.3372926060215492
    },
    "N Log N": {
      "r2": 0.5039543678474872,
      "aic": -824.3009315068896,
      "bic": -819.1722351239539,
      "params": [
        1.1437120011147435e-06,
        0.0570968930564963
      ],
      "confidence_score": 0.4739543678474871
    }
  }
}