{
  "valid_points": 191,
  "models": {
    "Constant": {
      "r2": 0.7,
      "aic": -3498.7222436864117,
      "bic": -3492.2176968303183,
      "params": [
        100.00051543779695,
        -99.999484562203
      ],
      "confidence_score": 0.4817401642283896
    },
    "Linear": {
      "r2": 0.005642592048436423,
      "aic": -3499.8030308639336,
      "bic": -3493.29848400784,
      "params": [
        -2.7220540332745373e-12,
        0.001044549920871776
      ],
      "confidence_score": 0.11181412736753983
    },
    "Quadratic": {
      "r2": 0.0029424512409361725,
      "aic": -3497.2850803398214,
      "bic": -3487.5282600556816,
      "params": [
        -1.8923501157481892e-19,
        1.0,
        0.0010372150472596857
      ],
      "confidence_score": 0.0
    },
    "Cubic": {
      "r2": 0.0020043143594065116,
      "aic": -3495.1054518923297,
      "bic": -3482.0963581801434,
      "params": [
        -1.6358616463486203e-26,
        1.0,
        1.0,
        0.001034988644756261
      ],
      "confidence_score": 0.0
    },
    "Logarithmic": {
      "r2": 0.018235332301287044,
      "aic": -3502.237339934001,
      "bic": -3495.7327930779074,
      "params": [
        -1.536685937974815e-05,
        0.0012636328852088726
      ],
      "confidence_score": 0.5071176661506436
    },
    "N Log N": {
      "r2": 0.005333982390655856,
      "aic": -3499.743761129499,
      "bic": -3493.2392142734057,
      "params": [
        -1.6237948806243586e-13,
        0.0010436156345865093
      ],
      "confidence_score": 0.2868948292156747
    }
  }
}