{
  "Constant": {
    "r2": -2.220446049250313e-16,
    "aic": -760.5261830384742,
    "bic": -755.8912068114016,
    "params": [
      100.02896209557854,
      -99.97103790442155
    ]
  },
  "Linear": {
    "r2": 0.023907869530142234,
    "aic": -762.3410556172878,
    "bic": -757.7060793902152,
    "params": [
      -8.22271460698687e-07,
      0.06039100553952215
    ]
  },
  "Quadratic": {
    "r2": 0.0161826561198688,
    "aic": -759.749809935871,
    "bic": -752.7973455952621,
    "params": [
      -1.1157057779117847e-10,
      1.0,
      0.05907589704136885
    ]
  },
  "Cubic": {
    "r2": 0.01169955678370771,
    "aic": -757.4088231737331,
    "bic": -748.1388707195879,
    "params": [
      -1.880699729857173e-14,
      1.0,
      1.0,
      0.05865529436916003
    ]
  },
  "Logarithmic": {
    "r2": 0.03584219894013241,
    "aic": -763.2637058176613,
    "bic": -758.6287295905887,
    "params": [
      -0.0026609455315594888,
      0.07899906630364845
    ]
  },
  "N Log N": {
    "r2": 0.022818704355083486,
    "aic": -762.257414079443,
    "bic": -757.6224378523705,
    "params": [
      -8.970065480344121e-08,
      0.06009954723760498
    ]
  }
}