{
  "valid_points": 201,
  "models": {
    "Constant": {
      "r2": 0.85,
      "aic": -3247.7390754553385,
      "bic": -3241.1324656392203,
      "params": [
        -99.99698386411742,
        100.00301613588269
      ],
      "confidence_score": 0.2672113959154527
    },
    "Linear": {
      "r2": 0.009235959965334661,
      "aic": -3249.6041295101336,
      "bic": -3242.9975196940154,
      "params": [
        1.037309933153715e-11,
        0.005979576630357711
      ],
      "confidence_score": 0.2346447042954075
    },
    "Quadratic": {
      "r2": 0.005536142021553281,
      "aic": -3246.8549316286912,
      "bic": -3236.945016904514,
      "params": [
        7.6802844615268705e-19,
        1.0,
        0.0060062416107796845
      ],
      "confidence_score": 0.0
    },
    "Cubic": {
      "r2": 0.0035923760270806238,
      "aic": -3244.4624431204434,
      "bic": -3231.249223488207,
      "params": [
        6.481174041095099e-26,
        1.0,
        1.0,
        0.0060157995657791515
      ],
      "confidence_score": 0.0
    },
    "Logarithmic": {
      "r2": 0.014071055201478333,
      "aic": -3250.5874446614353,
      "bic": -3243.980834845317,
      "params": [
        4.198735901555392e-05,
        0.005394949716595258
      ],
      "confidence_score": 0.7050355276007392
    },
    "N Log N": {
      "r2": 0.008932007355725302,
      "aic": -3249.5424749662534,
      "bic": -3242.935865150135,
      "params": [
        6.253391877360876e-13,
        0.005982650461391183
      ],
      "confidence_score": 0.3803795303548891
    }
  }
}