{
  "valid_points": 10,
  "models": {
    "Constant": {
      "r2": 0.7,
      "aic": 58.60613219922271,
      "bic": 59.21130238521081,
      "params": [
        12.763116300106047,
        1.0
      ],
      "confidence_score": 0.09999999999999998
    },
    "Linear": {
      "r2": 0.9521306880645218,
      "aic": 28.213325706351966,
      "bic": 28.81849589234006,
      "params": [
        0.06771298836190476,
        -9.834860144017764
      ],
      "confidence_score": 0.4712784128387179
    },
    "Quadratic": {
      "r2": 0.9999374243152114,
      "aic": -36.18520557297553,
      "bic": -35.2774502939934,
      "params": [
        7.845179364542378e-05,
        1.0,
        0.4025797088509161
      ],
      "confidence_score": 0.9799624545891268
    },
    "Cubic": {
      "r2": 0.9701110188997983,
      "aic": 27.503478283378524,
      "bic": 28.713818655354707,
      "params": [
        9.693442837203519e-08,
        1.0,
        1.0,
        3.929223944642281
      ],
      "confidence_score": 0.5620666113398841
    },
    "Logarithmic": {
      "r2": 0.7758651920318179,
      "aic": 43.651056330598955,
      "bic": 44.25622651658705,
      "params": [
        20.390056289362917,
        -101.30441706842822
      ],
      "confidence_score": 0.548
    },
    "N Log N": {
      "r2": 0.966590309247733,
      "aic": 24.617039411230976,
      "bic": 25.22220959721907,
      "params": [
        0.009785657949096686,
        -6.859529781602136
      ],
      "confidence_score": 0.6980000000000219
    }
  }
}