{
  "valid_points": 17,
  "models": {
    "Constant": {
      "r2": 0.7,
      "aic": 129.19344801034578,
      "bic": 130.85987469845819,
      "params": [
        108.58873106977524,
        -91.41126893022482
      ],
      "confidence_score": 0.09999999999999998
    },
    "Linear": {
      "r2": 0.9999707200480067,
      "aic": -48.2628796332519,
      "bic": -46.59645294513947,
      "params": [
        0.0005928992467416627,
        0.035663747037337434
      ],
      "confidence_score": 0.899982432028804
    },
    "Quadratic": {
      "r2": 0.9224670302669142,
      "aic": 87.72356371835811,
      "bic": 90.22320375052675,
      "params": [
        2.331647306397211e-09,
        1.0,
        4.757840847484548
      ],
      "confidence_score": 0.5334802181601485
    },
    "Cubic": {
      "r2": 0.8440474391567447,
      "aic": 101.60398995299744,
      "bic": 104.9368433292223,
      "params": [
        8.620503491207981e-15,
        1.0,
        1.0,
        6.755563280592213
      ],
      "confidence_score": 0.4864284634940468
    },
    "Logarithmic": {
      "r2": 0.4305464645448033,
      "aic": 119.62112051881043,
      "bic": 121.28754720692287,
      "params": [
        7.080261170815552,
        -27.340276452132166
      ],
      "confidence_score": 0.4632732322724017
    },
    "N Log N": {
      "r2": 0.9985054168125814,
      "aic": 18.593013448291167,
      "bic": 20.259440136403597,
      "params": [
        4.798290773604003e-05,
        0.7020231075711898
      ],
      "confidence_score": 0.6980000000000008
    }
  }
}