{
  "valid_points": 10,
  "models": {
    "Constant": {
      "r2": 0.7,
      "aic": -29.972245137723867,
      "bic": -29.367074951735773,
      "params": [
        -0.88323338329792,
        1.0
      ],
      "confidence_score": 0.09999999999999998
    },
    "Linear": {
      "r2": 0.9996431090640883,
      "aic": -109.35304838279994,
      "bic": -108.74787819681185,
      "params": [
        0.0005844197843908328,
        -0.0022212513997965644
      ],
      "confidence_score": 0.899785865438453
    },
    "Quadratic": {
      "r2": 0.9283367240684871,
      "aic": -54.330013669977866,
      "bic": -53.42225839099573,
      "params": [
        5.648956153958551e-07,
        1.0,
        0.03801915109113507
      ],
      "confidence_score": 0.5370020344414796
    },
    "Cubic": {
      "r2": 0.8528718272668434,
      "aic": -45.136756625253334,
      "bic": -43.926416253277154,
      "params": [
        5.303636106590215e-10,
        1.0,
        1.0,
        0.05190604603787902
      ],
      "confidence_score": 0.49172309636010936
    },
    "Logarithmic": {
      "r2": 0.5870716402775333,
      "aic": -38.81705677981688,
      "bic": -38.21188659382879,
      "params": [
        0.06510454944221283,
        -0.12335204434286219
      ],
      "confidence_score": 0.5415358201387669
    },
    "N Log N": {
      "r2": 0.9972268443469474,
      "aic": -88.84993896050828,
      "bic": -88.2447687745202,
      "params": [
        8.455973464319917e-05,
        0.009122716510735845
      ],
      "confidence_score": 0.6480105907718579
    }
  }
}