{
  "valid_points": 28,
  "models": {
    "Constant": {
      "r2": 0.7,
      "aic": -642.8993382608442,
      "bic": -640.2349292404938,
      "params": [
        -99.9999485776892,
        100.00005142231073
      ],
      "confidence_score": 0.6603176060445948
    },
    "Linear": {
      "r2": 0.0023406106109461478,
      "aic": -642.9649521762543,
      "bic": -640.3005431559039,
      "params": [
        -4.203796229837637e-15,
        0.00010300582839498589
      ],
      "confidence_score": 0.3914043663665677
    },
    "Quadratic": {
      "r2": 4.6027464266296114e-05,
      "aic": -640.9006270595039,
      "bic": -636.9040135289783,
      "params": [
        -1.1961937399348393e-24,
        1.0,
        0.00010286103952151749
      ],
      "confidence_score": 0.05322793216726403
    },
    "Cubic": {
      "r2": 0.0001582639603945335,
      "aic": -638.903770002437,
      "bic": -633.5749519617361,
      "params": [
        4.203169143436832e-33,
        1.0,
        1.0,
        0.00010281807415103662
      ],
      "confidence_score": 0.0
    },
    "Logarithmic": {
      "r2": 0.0005099960121315306,
      "aic": -642.9136217917654,
      "bic": -640.249212771415,
      "params": [
        -3.682152839211855e-08,
        0.00010323221498498681
      ],
      "confidence_score": 0.5906534057567658
    },
    "N Log N": {
      "r2": 0.0020673877545116515,
      "aic": -642.9572850378597,
      "bic": -640.2928760175093,
      "params": [
        -1.982265389672505e-16,
        0.00010299215374713646
      ],
      "confidence_score": 0.49788582474172766
    }
  }
}