{
  "valid_points": 19,
  "models": {
    "Constant": {
      "r2": 0.7,
      "aic": 96.8631640949863,
      "bic": 98.75204205331919,
      "params": [
        -97.50158112300072,
        102.49841887699934
      ],
      "confidence_score": 0.09999999999999998
    },
    "Linear": {
      "r2": 0.9999992673095509,
      "aic": -171.54114399570412,
      "bic": -169.65226603737125,
      "params": [
        0.00018078187346015628,
        -0.0012196718820658425
      ],
      "confidence_score": 0.8999995603857305
    },
    "Quadratic": {
      "r2": 0.9197402421049002,
      "aic": 50.935912412531415,
      "bic": 53.769229350030734,
      "params": [
        7.10181844251862e-10,
        1.0,
        1.5720431347846144
      ],
      "confidence_score": 0.5318441452629401
    },
    "Cubic": {
      "r2": 0.8420275722170034,
      "aic": 65.80180348615298,
      "bic": 69.57955940281873,
      "params": [
        2.627454382930897e-15,
        1.0,
        1.0,
        2.1498373701773983
      ],
      "confidence_score": 0.48521654333020203
    },
    "Logarithmic": {
      "r2": 0.3979632825399393,
      "aic": 87.22186407656685,
      "bic": 89.11074203489973,
      "params": [
        2.016566732092823,
        -8.18690288768724
      ],
      "confidence_score": 0.44698164126996964
    },
    "N Log N": {
      "r2": 0.998628430829055,
      "aic": -28.381032377431765,
      "bic": -26.492154419098885,
      "params": [
        1.4636950651688177e-05,
        0.2321990053392753
      ],
      "confidence_score": 0.648
    }
  }
}