{
  "Constant": {
    "name": "Constant",
    "r2": 0.0,
    "bic": 620.7897352304235,
    "confidence_score": -0.09393747810588837,
    "params": [
      122.07168546924511,
      2156.9947216028722
    ],
    "order": 0
  },
  "Linear": {
    "name": "Linear",
    "r2": 0.722887864183668,
    "bic": 570.7397469718286,
    "confidence_score": 0.5889503860777796,
    "params": [
      12.594719077303274,
      1.0622755531512843e-18
    ],
    "order": 2
  },
  "Quadratic": {
    "name": "Quadratic",
    "r2": 0.9514540735043684,
    "bic": 506.4687422257029,
    "confidence_score": 0.7305478563455359,
    "params": [
      0.03969523226621844,
      5.151418705772943e-19,
      1.3946553212073569e-19
    ],
    "order": 4
  },
  "Cubic": {
    "name": "Cubic",
    "r2": 0.9999657636555397,
    "bic": 227.11017031147992,
    "confidence_score": 0.712090807443763,
    "params": [
      0.00010855505219464546,
      4.696231493858151e-21,
      1.0869068026725471e-20,
      1.2439723016705778e-19
    ],
    "order": 5
  },
  "Logarithmic": {
    "name": "Logarithmic",
    "r2": 0.21574768054913707,
    "bic": 611.3117807297762,
    "confidence_score": 0.10181020244324869,
    "params": [
      500.4995238043227,
      2.72241216673587e-16
    ],
    "order": 1
  },
  "N Log N": {
    "name": "N Log N",
    "r2": 0.7864941549064943,
    "bic": 560.5701835315818,
    "confidence_score": 0.6325566768006059,
    "params": [
      2.231353279770192,
      1.187476033854268e-18
    ],
    "order": 3
  },
  "confidence_analysis": {
    "best_model": "Quadratic",
    "best_score": 0.7305478563455359,
    "second_best_model": "Cubic",
    "second_best_score": 0.712090807443763,
    "confidence_gap": 0.01845704890177291,
    "is_confident": false,
    "threshold": 0.03
  }
}