{
  "best_model": "O(log n)",
  "details": {
    "O(1)": {
      "r2": 0.0,
      "aic": 45.54670776170701,
      "params_norm": [
        0.9987705243118902
      ],
      "rss": 7207.5
    },
    "O(n)": {
      "r2": 0.4285714285712343,
      "aic": 47.18901303409652,
      "params_norm": [
        0.006323013567084206,
        0.9950820997310879
      ],
      "rss": 4118.571428572829
    },
    "O(n^2)": {
      "r2": 0.7857142857139519,
      "aic": 51.30403751603347,
      "params_norm": [
        -0.023711338629448023,
        0.033986247770163534,
        0.9889347122574433
      ],
      "rss": 1544.4642857166918
    },
    "O(n^3)": {
      "r2": 0.9523809523809402,
      "aic": 72.279573135368,
      "params_norm": [
        0.073768519936819,
        -0.15280622654157744,
        0.09894350066380334,
        0.9803283915175277
      ],
      "rss": 343.2142857143731
    },
    "O(log n)": {
      "r2": 0.6572064278856594,
      "aic": 44.12294670035095,
      "params_norm": [
        0.003684400446655425,
        1.0013319843499149
      ],
      "rss": 2470.68467101411
    },
    "O(n log n)": {
      "r2": 0.04407436344041804,
      "aic": 50.27625683181641,
      "params_norm": [
        0.004539514888456164,
        0.9998552042177703
      ],
      "rss": 6889.834025503187
    },
    "O(2^n)": {
      "r2": 0.4279692788973012,
      "aic": 47.19533227676858,
      "params_norm": [
        0.9950924458709564,
        0.006321920329275378
      ],
      "rss": 4122.911422347702
    },
    "O(n^k)": {
      "r2": 0.6563385171633631,
      "aic": 44.13811875588763,
      "params_norm": [
        1.0013313076923778,
        0.003686812204683832
      ],
      "rss": 2476.9401375450607
    }
  }
}