{
  "valid_points": 19,
  "models": {
    "Constant": {
      "r2": 0.7,
      "aic": -16.781955285161537,
      "bic": -14.893077326828656,
      "params": [
        -99.41113993133368,
        100.5888600686663
      ],
      "confidence_score": 0.09999999999999998
    },
    "Linear": {
      "r2": 0.9605912685197923,
      "aic": -78.22354493025583,
      "bic": -76.33466697192294,
      "params": [
        0.008717976659935983,
        0.24306127165974292
      ],
      "confidence_score": 0.47635476137785676
    },
    "Quadratic": {
      "r2": 0.9963502117032491,
      "aic": -121.43059145040189,
      "bic": -118.59727451290257,
      "params": [
        3.997350465456684e-05,
        1.0,
        0.5490399986818335
      ],
      "confidence_score": 0.9778101270219495
    },
    "Cubic": {
      "r2": 0.9556985560786564,
      "aic": -71.99997744287994,
      "bic": -68.22222152621418,
      "params": [
        1.9059779446556794e-07,
        1.0,
        1.0,
        0.6826373207064911
      ],
      "confidence_score": 0.5534191336517991
    },
    "Logarithmic": {
      "r2": 0.6146332119327896,
      "aic": -34.89958962207773,
      "bic": -33.01071166374484,
      "params": [
        0.42892646945835666,
        -0.6776418119619603
      ],
      "confidence_score": 0.548
    },
    "N Log N": {
      "r2": 0.9797649174758716,
      "aic": -90.88836631030684,
      "bic": -88.99948835197395,
      "params": [
        0.001589213977838475,
        0.3446071548352309
      ],
      "confidence_score": 0.6480001122131236
    }
  }
}