{
  "Constant": {
    "r2": -2.220446049250313e-16,
    "aic": 250.30832405739537,
    "bic": 252.29978860450336,
    "params": [
      377.6852491080424,
      34.43504918817082
    ]
  },
  "Linear": {
    "r2": 0.8354629681245943,
    "aic": 214.21593173082945,
    "bic": 216.20739627793745,
    "params": [
      6.806655051422217,
      -319.5951197316749
    ]
  },
  "Quadratic": {
    "r2": 0.9714726875961366,
    "aic": 181.17045764434727,
    "bic": 184.15765446500924,
    "params": [
      0.03301693107088377,
      1.0,
      -102.26697932262397
    ]
  },
  "Cubic": {
    "r2": 0.9999784849738516,
    "aic": 39.37314453106858,
    "bic": 43.356073625284544,
    "params": [
      0.00016263946950079156,
      1.0,
      1.0,
      -0.9506131436793415
    ]
  },
  "Logarithmic": {
    "r2": 0.43951467724296345,
    "aic": 238.72927960149786,
    "bic": 240.72074414860586,
    "params": [
      302.62892978467727,
      -903.0094313232372
    ]
  },
  "N Log N": {
    "r2": 0.8747718789869955,
    "aic": 208.75595932125867,
    "bic": 210.74742386836667,
    "params": [
      1.2573907028318343,
      -247.66761675675806
    ]
  }
}