{
  "Constant": {
    "r2": 0.0,
    "aic": 30.81341009095936,
    "bic": 35.5523057958934,
    "params": [
      -98.36748779480213,
      101.63251220519783
    ]
  },
  "Linear": {
    "r2": 0.9924314631249331,
    "aic": -355.0032751672152,
    "bic": -350.2643794622811,
    "params": [
      0.0010168528704871393,
      0.23441670968457784
    ]
  },
  "Quadratic": {
    "r2": 0.9709538735599966,
    "aic": -246.75733142019337,
    "bic": -239.6489878627923,
    "params": [
      1.6670283929078194e-07,
      1.0,
      1.5595963353359077
    ]
  },
  "Cubic": {
    "r2": 0.913397758388403,
    "aic": -158.45452665701444,
    "bic": -148.97673524714637,
    "params": [
      3.21393862454907e-11,
      1.0,
      1.0,
      2.027569096675937
    ]
  },
  "Logarithmic": {
    "r2": 0.9458425173527142,
    "aic": -199.53946128829003,
    "bic": -194.800565583356,
    "params": [
      2.595612474988263,
      -17.2670033787271
    ]
  },
  "N Log N": {
    "r2": 0.9928668038532538,
    "aic": -359.6832642372227,
    "bic": -354.94436853228865,
    "params": [
      0.00011365813494996463,
      0.5280408007049244
    ]
  }
}