{
  "best_model": "O(2^n)",
  "details": {
    "O(1)": {
      "r2": 0,
      "aic": Infinity,
      "params_norm": [
        1.0
      ],
      "rss": 0.0
    },
    "O(n)": {
      "r2": 0,
      "aic": -3717.3524877431955,
      "params_norm": [
        3.539513381405014e-10,
        0.9999999997936918
      ],
      "rss": 1.0050379646333032e-14
    },
    "O(n^2)": {
      "r2": 0,
      "aic": -3182.354778483107,
      "params_norm": [
        2.262728146446774e-08,
        -2.697387986981183e-08,
        1.000000006707853
      ],
      "rss": 1.965649665725287e-12
    },
    "O(n^3)": {
      "r2": 0,
      "aic": -3127.2823232108317,
      "params_norm": [
        9.207473059506364e-09,
        1.2993395631032284e-08,
        -2.4496106730549883e-08,
        1.0000000064036458
      ],
      "rss": 3.318845496776463e-12
    },
    "O(log n)": {
      "r2": 0,
      "aic": -3257.3429098163265,
      "params_norm": [
        -1.7262467729194512e-09,
        0.9999999988883356
      ],
      "rss": 9.554292214456015e-13
    },
    "O(n log n)": {
      "r2": 0,
      "aic": -3686.32966494109,
      "params_norm": [
        9.149493385152141e-10,
        1.000000000238507
      ],
      "rss": 1.3664033256944406e-14
    },
    "O(2^n)": {
      "r2": 0,
      "aic": -3895.758294984361,
      "params_norm": [
        1.0000000000853677,
        -1.463447165138362e-10
      ],
      "rss": 1.7180952741313988e-15
    },
    "O(n^k)": {
      "r2": 0,
      "aic": -3596.0429803000466,
      "params_norm": [
        0.999999999792065,
        -3.2278032427202367e-10
      ],
      "rss": 3.340463429338416e-14
    }
  }
}