{
  "valid_points": 207,
  "models": {
    "Constant": {
      "r2": 0.7,
      "aic": 339.88765335244835,
      "bic": 346.5530909389791,
      "params": [
        -98.06646947807423,
        101.93353052192586
      ],
      "confidence_score": 0.11999999999999998
    },
    "Linear": {
      "r2": 0.9999037921168554,
      "aic": -1574.6551931115416,
      "bic": -1567.9897555250109,
      "params": [
        7.82713164587917e-07,
        -0.08229615723806151
      ],
      "confidence_score": 0.8099422752701133
    },
    "Quadratic": {
      "r2": 0.9419256592287164,
      "aic": -247.2408364544183,
      "bic": -237.24268007462217,
      "params": [
        7.298821347170884e-14,
        1.0,
        1.4052796483976382
      ],
      "confidence_score": 0.5451553955372298
    },
    "Cubic": {
      "r2": 0.8469138946086825,
      "aic": -44.60057690759316,
      "bic": -31.269701734531683,
      "params": [
        7.258071062007543e-21,
        1.0,
        1.0,
        2.026326536361877
      ],
      "confidence_score": 0.4881483367652094
    },
    "Logarithmic": {
      "r2": 0.8075877604953774,
      "aic": -1.2721781197427102,
      "bic": 5.393259466788027,
      "params": [
        2.235228975194384,
        -30.009592083740504
      ],
      "confidence_score": 0.5980000000000001
    },
    "N Log N": {
      "r2": 0.9997420939191118,
      "aic": -1370.5357654921204,
      "bic": -1363.8703279055896,
      "params": [
        4.800409743265238e-08,
        0.08346817925952854
      ],
      "confidence_score": 0.648
    }
  }
}