{
  "valid_points": 28,
  "models": {
    "Constant": {
      "r2": 0.7,
      "aic": -580.5137663208004,
      "bic": -577.84935730045,
      "params": [
        -99.99985431454009,
        100.00014568545994
      ],
      "confidence_score": 0.12488250968347488
    },
    "Linear": {
      "r2": 0.004434604111961837,
      "aic": -580.6382113725997,
      "bic": -577.9738023522493,
      "params": [
        -1.762876710102967e-14,
        0.0002920469463441714
      ],
      "confidence_score": 0.0
    },
    "Quadratic": {
      "r2": 0.009806289307141669,
      "aic": -578.789697574366,
      "bic": -574.7930840438404,
      "params": [
        -5.31922163676612e-23,
        1.0,
        0.0002921009965549356
      ],
      "confidence_score": 0.0
    },
    "Cubic": {
      "r2": 0.01056493222192656,
      "aic": -576.8111581662555,
      "bic": -571.4823401255546,
      "params": [
        -1.0462484909386108e-31,
        1.0,
        1.0,
        0.0002920317324712972
      ],
      "confidence_score": 0.0
    },
    "Logarithmic": {
      "r2": 0.2548365215710593,
      "aic": -588.7500125359742,
      "bic": -586.0856035156238,
      "params": [
        2.627752060567969e-06,
        0.0002631904410513793
      ],
      "confidence_score": 0.8254182607855297
    },
    "N Log N": {
      "r2": 0.005058312905069862,
      "aic": -580.6557585061195,
      "bic": -577.9913494857691,
      "params": [
        -9.446452528918672e-16,
        0.0002920739824934603
      ],
      "confidence_score": 0.2057709067024911
    }
  }
}