{
  "valid_points": 30,
  "models": {
    "Constant": {
      "r2": 0.7,
      "aic": -620.3297791947376,
      "bic": -617.5273844314133,
      "params": [
        100.00014683852595,
        -99.999853161474
      ],
      "confidence_score": 0.3516490552701686
    },
    "Linear": {
      "r2": 0.029558882999994873,
      "aic": -621.2299157266211,
      "bic": -618.4275209632968,
      "params": [
        3.723248288875703e-14,
        0.00029167684683020876
      ],
      "confidence_score": 0.01118387650992001
    },
    "Quadratic": {
      "r2": 0.0352393819951925,
      "aic": -619.4060373745345,
      "bic": -615.2024452295481,
      "params": [
        7.863364905405178e-23,
        1.0,
        0.00029191424628066047
      ],
      "confidence_score": 0.0018312037820971787
    },
    "Cubic": {
      "r2": 0.038921026115485535,
      "aic": -617.5207400305861,
      "bic": -611.9159505039376,
      "params": [
        1.5484921596085318e-31,
        1.0,
        1.0,
        0.00029196549789805816
      ],
      "confidence_score": 0.003485558999411404
    },
    "Logarithmic": {
      "r2": 0.29312775362991117,
      "aic": -630.7369390232476,
      "bic": -627.9345442599233,
      "params": [
        2.8669882915665624e-06,
        0.0002617348675807814
      ],
      "confidence_score": 0.7445638768149555
    },
    "N Log N": {
      "r2": 0.02955875686646925,
      "aic": -621.2299118273577,
      "bic": -618.4275170640334,
      "params": [
        1.859578921327604e-15,
        0.0002917154667631069
      ],
      "confidence_score": 0.015365783423134804
    }
  }
}