{
  "valid_points": 57,
  "models": {
    "Constant": {
      "r2": -2.220446049250313e-16,
      "aic": 455.0319262020466,
      "bic": 459.1180287377157,
      "params": [
        -59.647732378359315,
        140.3522676216406
      ],
      "confidence_score": -2.220446049250313e-16
    },
    "Linear": {
      "r2": 0.9753191246322739,
      "aic": 244.03350932571678,
      "bic": 248.1196118613859,
      "params": [
        0.06000106234121738,
        -65.03488723288639
      ],
      "confidence_score": 0.9553191246322739
    },
    "Quadratic": {
      "r2": 0.9993788412054246,
      "aic": 36.14826955259291,
      "bic": 42.27742335609656,
      "params": [
        1.2173636425139023e-05,
        1.0,
        -0.12787668744462377
      ],
      "confidence_score": 0.9593788412054246
    },
    "Cubic": {
      "r2": 0.980709000724494,
      "aic": 233.98927711599723,
      "bic": 242.16148218733542,
      "params": [
        2.946230224661897e-09,
        1.0,
        1.0,
        22.442968257026802
      ],
      "confidence_score": 0.9307090007244939
    },
    "Logarithmic": {
      "r2": 0.8936943927383723,
      "aic": 327.27000320161534,
      "bic": 331.35610573728445,
      "params": [
        127.90909506110812,
        -907.427634314451
      ],
      "confidence_score": 0.8836943927383722
    },
    "N Log N": {
      "r2": 0.9808548470369004,
      "aic": 229.55670105298577,
      "bic": 233.64280358865489,
      "params": [
        0.006860646295280597,
        -50.274918923980955
      ],
      "confidence_score": 0.9508548470369004
    }
  }
}