{
  "valid_points": 74,
  "models": {
    "Constant": {
      "r2": 0.7,
      "aic": -658.5471799064267,
      "bic": -653.9390497200184,
      "params": [
        -99.94901701103193,
        100.05098298896804
      ],
      "confidence_score": 0.6036608872332636
    },
    "Linear": {
      "r2": 0.008813922151491349,
      "aic": -659.2023015009048,
      "bic": -654.5941713144965,
      "params": [
        -9.363102815296287e-07,
        0.10477490877998663
      ],
      "confidence_score": 0.31657938182481077
    },
    "Quadratic": {
      "r2": 0.004657629572782596,
      "aic": -656.8926496558698,
      "bic": -649.9804543762573,
      "params": [
        -1.117886496011852e-10,
        1.0,
        0.10311740102706983
      ],
      "confidence_score": 0.014786673805266468
    },
    "Cubic": {
      "r2": 0.002207364637797693,
      "aic": -654.7107054363308,
      "bic": -645.4944450635141,
      "params": [
        -1.5197928411828942e-14,
        1.0,
        1.0,
        0.10255413776571522
      ],
      "confidence_score": 0.0
    },
    "Logarithmic": {
      "r2": 0.014666465191868205,
      "aic": -659.6405359084504,
      "bic": -655.0324057220421,
      "params": [
        -0.003200321273732496,
        0.12731866503462075
      ],
      "confidence_score": 0.5053332325959341
    },
    "N Log N": {
      "r2": 0.008252229943229494,
      "aic": -659.1603785446076,
      "bic": -654.5522483581993,
      "params": [
        -1.0112109703983964e-07,
        0.1044178371353785
      ],
      "confidence_score": 0.43809590600459053
    }
  }
}