{
  "valid_points": 10,
  "models": {
    "Constant": {
      "r2": 0.7,
      "aic": -54.422053937689796,
      "bic": -53.8168837517017,
      "params": [
        -0.9655064195394516,
        1.0
      ],
      "confidence_score": 0.37000000000006555
    },
    "Linear": {
      "r2": 0.9970629425551619,
      "aic": -112.72552461707163,
      "bic": -112.12035443108354,
      "params": [
        0.00017188693075032013,
        -0.0005025986401701044
      ],
      "confidence_score": 0.9882377655330972
    },
    "Quadratic": {
      "r2": 0.9222820731530907,
      "aic": -77.96874723238551,
      "bic": -77.06099195340337,
      "params": [
        1.658160134754283e-07,
        1.0,
        0.01137852971691966
      ],
      "confidence_score": 0.5333692536421135
    },
    "Cubic": {
      "r2": 0.8427150914933446,
      "aic": -68.91901808124496,
      "bic": -67.70867770926877,
      "params": [
        1.552570633736964e-10,
        1.0,
        1.0,
        0.015506490368324586
      ],
      "confidence_score": 0.48562905498682785
    },
    "Logarithmic": {
      "r2": 0.5788971467822024,
      "aic": -63.07083561976178,
      "bic": -62.46566543377369,
      "params": [
        0.01903906618026843,
        -0.03572632162205688
      ],
      "confidence_score": 0.48744857339605274
    },
    "N Log N": {
      "r2": 0.9947092180392979,
      "aic": -106.83994619146779,
      "bic": -106.2347760054797,
      "params": [
        2.4871034552519547e-05,
        0.002832942193068862
      ],
      "confidence_score": 0.6138155441259641
    }
  }
}