{
  "valid_points": 77,
  "models": {
    "Constant": {
      "r2": -2.220446049250313e-16,
      "aic": 11.702880455320573,
      "bic": 16.390491299027943,
      "params": [
        -98.63776126755519,
        101.36223873244482
      ],
      "confidence_score": -2.220446049250313e-16
    },
    "Linear": {
      "r2": 0.9983134008150896,
      "aic": -479.94528379019954,
      "bic": -475.25767294649216,
      "params": [
        0.0009073798690075741,
        0.05536655151035674
      ],
      "confidence_score": 0.9783134008150896
    },
    "Quadratic": {
      "r2": 0.9752105628163834,
      "aic": -270.99211755951865,
      "bic": -263.9607012939576,
      "params": [
        1.4876534071284198e-07,
        1.0,
        1.237886666318006
      ],
      "confidence_score": 0.9352105628163834
    },
    "Cubic": {
      "r2": 0.9146427908930624,
      "aic": -173.78721788713693,
      "bic": -164.41199619972218,
      "params": [
        2.863690238412197e-11,
        1.0,
        1.0,
        1.6548054813742712
      ],
      "confidence_score": 0.8646427908930624
    },
    "Logarithmic": {
      "r2": 0.9499100765699797,
      "aic": -218.83014690483867,
      "bic": -214.1425360611313,
      "params": [
        2.3095705444482233,
        -15.51344861653749
      ],
      "confidence_score": 0.9399100765699797
    },
    "N Log N": {
      "r2": 0.9987187543686874,
      "aic": -501.111153953558,
      "bic": -496.42354310985064,
      "params": [
        0.00010143554528907996,
        0.3172409873642716
      ],
      "confidence_score": 0.9687187543686874
    }
  }
}