{
  "Constant": {
    "r2": 0.0,
    "aic": 120.32997237502522,
    "bic": 124.96494860209785,
    "params": [
      -96.78790176908177,
      103.2120982309183
    ]
  },
  "Linear": {
    "r2": 0.998972469423147,
    "aic": -395.7147916406413,
    "bic": -391.07981541356867,
    "params": [
      0.002461100231375246,
      0.2852280446940072
    ]
  },
  "Quadratic": {
    "r2": 0.975280113859776,
    "aic": -155.18107155356827,
    "bic": -148.22860721295933,
    "params": [
      4.801018040900829e-07,
      1.0,
      3.063524804722258
    ]
  },
  "Cubic": {
    "r2": 0.921052611085894,
    "aic": -66.09304848594725,
    "bic": -56.82309603180201,
    "params": [
      1.1245794031588388e-10,
      1.0,
      1.0,
      4.022840210172223
    ]
  },
  "Logarithmic": {
    "r2": 0.9685700722377426,
    "aic": -139.16963211580912,
    "bic": -134.5346558887365,
    "params": [
      5.482433934761565,
      -36.070525118109025
    ]
  },
  "N Log N": {
    "r2": 0.9986045802228103,
    "aic": -372.7620271319706,
    "bic": -368.127050904898,
    "params": [
      0.00028006223907771805,
      0.9145883597788431
    ]
  }
}