{
  "valid_points": 28,
  "models": {
    "Constant": {
      "r2": 0.7,
      "aic": -560.2880751617522,
      "bic": -557.6236661414018,
      "params": [
        -99.99982364741824,
        100.00017635258192
      ],
      "confidence_score": 0.1200058510888602
    },
    "Linear": {
      "r2": 0.03594328187768969,
      "aic": -561.3130193582776,
      "bic": -558.6486103379273,
      "params": [
        7.202076183578716e-14,
        0.0003499433175064531
      ],
      "confidence_score": 0.0
    },
    "Quadratic": {
      "r2": 0.0152677797029801,
      "aic": -558.718870067174,
      "bic": -554.7222565366484,
      "params": [
        9.524433250328894e-23,
        1.0,
        0.0003513979107755611
      ],
      "confidence_score": 0.0
    },
    "Cubic": {
      "r2": 0.010906333151819214,
      "aic": -556.5951299713731,
      "bic": -551.2663119306723,
      "params": [
        1.525444270977539e-31,
        1.0,
        1.0,
        0.0003517416898762715
      ],
      "confidence_score": 0.0
    },
    "Logarithmic": {
      "r2": 0.5391286891505256,
      "aic": -581.9778951212814,
      "bic": -579.3134861009311,
      "params": [
        5.484729898306657e-06,
        0.0002938859484076744
      ],
      "confidence_score": 0.9480000000000001
    },
    "N Log N": {
      "r2": 0.03350353955519769,
      "aic": -561.2422491540118,
      "bic": -558.5778401336614,
      "params": [
        3.4887205202285278e-15,
        0.00035010864462141063
      ],
      "confidence_score": 0.31476119806784364
    }
  }
}