{
  "valid_points": 18,
  "models": {
    "Constant": {
      "r2": 0.0,
      "aic": -214.7112075556579,
      "bic": -212.93046403986557,
      "params": [
        100.02751706375004,
        -99.97248293624978
      ],
      "confidence_score": 0.0
    },
    "Linear": {
      "r2": 0.1674643343119251,
      "aic": -218.0102334504594,
      "bic": -216.22948993466707,
      "params": [
        -3.343611432615745e-06,
        0.06004954464930368
      ],
      "confidence_score": 0.1474643343119251
    },
    "Quadratic": {
      "r2": 0.15747684264346917,
      "aic": -215.79558190747983,
      "bic": -213.12446663379134,
      "params": [
        -1.0774839393538004e-09,
        1.0,
        0.05754376717573369
      ],
      "confidence_score": 0.11747684264346916
    },
    "Cubic": {
      "r2": 0.1493075005546064,
      "aic": -213.62188956293906,
      "bic": -210.0604025313544,
      "params": [
        -4.5324619041167513e-13,
        1.0,
        1.0,
        0.0567253023482957
      ],
      "confidence_score": 0.0993075005546064
    },
    "Logarithmic": {
      "r2": 0.17929399247104705,
      "aic": -218.26783339426802,
      "bic": -216.4870898784757,
      "params": [
        -0.005067146126452484,
        0.0919993414890726
      ],
      "confidence_score": 0.16929399247104704
    },
    "N Log N": {
      "r2": 0.16613644011231643,
      "aic": -217.9815463264073,
      "bic": -216.200802810615,
      "params": [
        -4.01079193321851e-07,
        0.05944459090458134
      ],
      "confidence_score": 0.13613644011231643
    }
  }
}