{
  "valid_points": 76,
  "models": {
    "Constant": {
      "r2": 0.7,
      "aic": -624.649851538974,
      "bic": -619.9883848584013,
      "params": [
        100.07016415168574,
        -99.92983584831421
      ],
      "confidence_score": 0.47814520736961447
    },
    "Linear": {
      "r2": 0.046815409973340216,
      "aic": -628.293800773705,
      "bic": -623.6323340931324,
      "params": [
        -2.994356688601485e-06,
        0.14929167372394037
      ],
      "confidence_score": 0.4150662234314138
    },
    "Quadratic": {
      "r2": 0.04974709972166946,
      "aic": -626.5279125826751,
      "bic": -619.5357125618161,
      "params": [
        -5.074591980331863e-10,
        1.0,
        0.1455527961281981
      ],
      "confidence_score": 0.0610394536776641
    },
    "Cubic": {
      "r2": 0.05335354293086858,
      "aic": -624.8168999905592,
      "bic": -615.4939666294139,
      "params": [
        -1.0399615959928418e-13,
        1.0,
        1.0,
        0.14436592005878424
      ],
      "confidence_score": 0.018796991841198308
    },
    "Logarithmic": {
      "r2": 0.04679361877440469,
      "aic": -628.2920633220027,
      "bic": -623.6305966414301,
      "params": [
        -0.007944616287942928,
        0.2032291696702298
      ],
      "confidence_score": 0.5188710066654241
    },
    "N Log N": {
      "r2": 0.04700568323172716,
      "aic": -628.3089732925424,
      "bic": -623.6475066119698,
      "params": [
        -3.348945622333901e-07,
        0.14843065945328515
      ],
      "confidence_score": 0.5215028416158636
    }
  }
}