{
  "valid_points": 58,
  "models": {
    "Constant": {
      "r2": 0.7,
      "aic": 690.8213106129779,
      "bic": 694.9421966340707,
      "params": [
        405.1851972928507,
        164.0806030105755
      ],
      "confidence_score": 0.09999999999999998
    },
    "Linear": {
      "r2": 0.9725764420852445,
      "aic": 482.23284490264894,
      "bic": 486.35373092374175,
      "params": [
        0.42318245447748126,
        -467.1664007056466
      ],
      "confidence_score": 0.4835458652511467
    },
    "Quadratic": {
      "r2": 0.9998249351836177,
      "aic": 191.1007627623294,
      "bic": 197.28209179396865,
      "params": [
        8.5560165230536e-05,
        1.0,
        -8.505030981232595
      ],
      "confidence_score": 0.9798949611101706
    },
    "Cubic": {
      "r2": 0.9851860560824245,
      "aic": 450.5145002731134,
      "bic": 458.7562723152991,
      "params": [
        2.0663930566992066e-08,
        1.0,
        1.0,
        150.28291971005623
      ],
      "confidence_score": 0.5711116336494546
    },
    "Logarithmic": {
      "r2": 0.8883125702535619,
      "aic": 563.6823459382388,
      "bic": 567.8032319593316,
      "params": [
        905.3977613107961,
        -6432.240123716002
      ],
      "confidence_score": 0.498
    },
    "N Log N": {
      "r2": 0.978439821907095,
      "aic": 468.2806888000529,
      "bic": 472.40157482114574,
      "params": [
        0.04836664163036374,
        -362.8135078240838
      ],
      "confidence_score": 0.698
    }
  }
}