{
  "valid_points": 59,
  "models": {
    "Constant": {
      "r2": -2.220446049250313e-16,
      "aic": 762.0951271085255,
      "bic": 766.250201996337,
      "params": [
        849.6695351511661,
        49.66952985416623
      ],
      "confidence_score": -2.220446049250313e-16
    },
    "Linear": {
      "r2": 0.9647094289031569,
      "aic": 564.7908990593461,
      "bic": 568.9459739471575,
      "params": [
        0.7013512488257825,
        -824.9151426256275
      ],
      "confidence_score": 0.9447094289031569
    },
    "Quadratic": {
      "r2": 0.9977582640918498,
      "aic": 404.1653466080587,
      "bic": 410.3979589397759,
      "params": [
        0.00014245544339663851,
        1.0,
        -67.96357025012101
      ],
      "confidence_score": 0.9577582640918497
    },
    "Cubic": {
      "r2": 0.9874263172452601,
      "aic": 507.9023172522886,
      "bic": 516.2124670279114,
      "params": [
        3.4531560591956803e-08,
        1.0,
        1.0,
        195.4665430629482
      ],
      "confidence_score": 0.93742631724526
    },
    "Logarithmic": {
      "r2": 0.874987865557046,
      "aic": 639.4138033285094,
      "bic": 643.5688782163209,
      "params": [
        1493.6601736219359,
        -10658.210045278547
      ],
      "confidence_score": 0.864987865557046
    },
    "N Log N": {
      "r2": 0.9712641896710433,
      "aic": 552.6680670547604,
      "bic": 556.8231419425719,
      "params": [
        0.08020294021189711,
        -652.7071705497584
      ],
      "confidence_score": 0.9412641896710433
    }
  }
}