{
  "valid_points": 21,
  "models": {
    "Constant": {
      "r2": 0.7,
      "aic": 151.97071040039495,
      "bic": 154.0597552758418,
      "params": [
        107.97346997119134,
        -92.02653002880864
      ],
      "confidence_score": 0.09999999999999998
    },
    "Linear": {
      "r2": 0.9998548652379462,
      "aic": -33.624094527051405,
      "bic": -31.53504965160456,
      "params": [
        0.0002146441806120114,
        -0.13977259662660568
      ],
      "confidence_score": 0.8999129191427677
    },
    "Quadratic": {
      "r2": 0.9561843664984331,
      "aic": 88.28765388388435,
      "bic": 91.42122119705462,
      "params": [
        4.1094389172604293e-10,
        1.0,
        3.3959369882918673
      ],
      "confidence_score": 0.5537106198990598
    },
    "Cubic": {
      "r2": 0.9123974542359652,
      "aic": 104.83686077559042,
      "bic": 109.01495052648411,
      "params": [
        7.678257336912181e-16,
        1.0,
        1.0,
        4.655648008864236
      ],
      "confidence_score": 0.527438472541579
    },
    "Logarithmic": {
      "r2": 0.4386586498691648,
      "aic": 139.84476248426688,
      "bic": 141.93380735971374,
      "params": [
        5.695111937540324,
        -24.8832682488625
      ],
      "confidence_score": 0.36732932493458237
    },
    "N Log N": {
      "r2": 0.9996982233914933,
      "aic": -18.25158354561938,
      "bic": -16.162538670172534,
      "params": [
        1.6361153111523048e-05,
        0.36924601261131906
      ],
      "confidence_score": 0.6481377282117243
    }
  }
}