{
  "valid_points": 18,
  "models": {
    "Constant": {
      "r2": 0.9,
      "aic": -218.4781346332963,
      "bic": -216.69739111750397,
      "params": [
        100.03027460641324,
        -99.96972539358667
      ],
      "confidence_score": 0.6272745993657769
    },
    "Linear": {
      "r2": 0.3268855004050141,
      "aic": -225.60325158554787,
      "bic": -223.82250806975554,
      "params": [
        -4.207355934093826e-06,
        0.06686024672717217
      ],
      "confidence_score": 0.33193795077594396
    },
    "Quadratic": {
      "r2": 0.3150242591511049,
      "aic": -223.28882804428721,
      "bic": -220.61771277059873,
      "params": [
        -1.372559593459031e-09,
        1.0,
        0.06374613287972118
      ],
      "confidence_score": 0.23788531106670954
    },
    "Cubic": {
      "r2": 0.30333572979112,
      "aic": -220.98426455989588,
      "bic": -217.42277752831123,
      "params": [
        -5.818511620484412e-13,
        1.0,
        1.0,
        0.06272024497501612
      ],
      "confidence_score": 0.17594146037479633
    },
    "Logarithmic": {
      "r2": 0.3385136763172615,
      "aic": -225.916922099519,
      "bic": -224.1361785837267,
      "params": [
        -0.006270834181598399,
        0.10629542215857314
      ],
      "confidence_score": 0.5172568381586308
    },
    "N Log N": {
      "r2": 0.325433269349814,
      "aic": -225.5644587782805,
      "bic": -223.7837152624882,
      "params": [
        -5.055747638342225e-07,
        0.0661087607426038
      ],
      "confidence_score": 0.26224375399797906
    }
  }
}