{
  "valid_points": 76,
  "models": {
    "Constant": {
      "r2": 2.220446049250313e-16,
      "aic": -312.4897896443509,
      "bic": -307.8283229637782,
      "params": [
        -99.7582266744422,
        100.2417733255578
      ],
      "confidence_score": 2.220446049250313e-16
    },
    "Linear": {
      "r2": 0.9486974636473607,
      "aic": -538.2109362149835,
      "bic": -533.5494695344108,
      "params": [
        0.00010634067413697269,
        0.16872228689424223
      ],
      "confidence_score": 0.9286974636473607
    },
    "Quadratic": {
      "r2": 0.9279386906955556,
      "aic": -510.38787796238614,
      "bic": -503.39567794152714,
      "params": [
        1.72933523215345e-08,
        1.0,
        0.30942989853082986
      ],
      "confidence_score": 0.8879386906955555
    },
    "Cubic": {
      "r2": 0.8722732381677567,
      "aic": -464.88729935755424,
      "bic": -455.5643659964089,
      "params": [
        3.316423131882302e-12,
        1.0,
        1.0,
        0.3587749582312649
      ],
      "confidence_score": 0.8222732381677567
    },
    "Logarithmic": {
      "r2": 0.9048746751612776,
      "aic": -491.284353288124,
      "bic": -486.6228866075513,
      "params": [
        0.27520605202379633,
        -1.6926886797593192
      ],
      "confidence_score": 0.8948746751612776
    },
    "N Log N": {
      "r2": 0.9491009881602801,
      "aic": -538.811084116628,
      "bic": -534.1496174360553,
      "params": [
        1.1872647935300037e-05,
        0.1998701417194851
      ],
      "confidence_score": 0.9191009881602801
    }
  }
}