{
  "valid_points": 58,
  "models": {
    "Constant": {
      "r2": 0.7,
      "aic": 200.4858043364555,
      "bic": 204.60669035754833,
      "params": [
        7.832408179496895,
        1.0
      ],
      "confidence_score": 0.09999999999999998
    },
    "Linear": {
      "r2": 0.978442512655282,
      "aic": -22.062056430316495,
      "bic": -17.94117040922366,
      "params": [
        0.006126252916240915,
        -6.372317808310527
      ],
      "confidence_score": 0.4870655075931692
    },
    "Quadratic": {
      "r2": 0.9998858907847342,
      "aic": -324.05875895682294,
      "bic": -317.87742992518366,
      "params": [
        1.2375854388478405e-06,
        1.0,
        0.2541807291879659
      ],
      "confidence_score": 0.9799315344708405
    },
    "Cubic": {
      "r2": 0.9812571345411161,
      "aic": -26.17683791809653,
      "bic": -17.935065875910855,
      "params": [
        2.991473259853433e-10,
        1.0,
        1.0,
        2.5446092637544058
      ],
      "confidence_score": 0.5687542807246696
    },
    "Logarithmic": {
      "r2": 0.9022434011404596,
      "aic": 65.61987899337417,
      "bic": 69.74076501446702,
      "params": [
        13.164957375877446,
        -93.13423666697064
      ],
      "confidence_score": 0.548
    },
    "N Log N": {
      "r2": 0.9835174424755782,
      "aic": -37.630445126805014,
      "bic": -33.50955910571218,
      "params": [
        0.0007000108126721106,
        -4.8617141667342985
      ],
      "confidence_score": 0.698
    }
  }
}