{
  "valid_points": 204,
  "models": {
    "Constant": {
      "r2": 0.85,
      "aic": -3178.6236921403192,
      "bic": -3171.987452152631,
      "params": [
        100.00290501059278,
        -99.99709498940724
      ],
      "confidence_score": 0.445
    },
    "Linear": {
      "r2": 0.005194276270042764,
      "aic": -3179.686086078103,
      "bic": -3173.0498460904146,
      "params": [
        6.926902409357049e-13,
        0.005803147751928513
      ],
      "confidence_score": 0.0
    },
    "Quadratic": {
      "r2": 0.0023244488051796797,
      "aic": -3177.0984316644385,
      "bic": -3167.144071682906,
      "params": [
        9.513128781766313e-22,
        1.0,
        0.005808200485818806
      ],
      "confidence_score": 0.0
    },
    "Cubic": {
      "r2": 0.002412545144586109,
      "aic": -3175.116445984552,
      "bic": -3161.843966009175,
      "params": [
        1.847832246621706e-30,
        1.0,
        1.0,
        0.005808418889994724
      ],
      "confidence_score": 0.0
    },
    "Logarithmic": {
      "r2": 0.31529685642832783,
      "aic": -3255.892752086957,
      "bic": -3249.2565120992685,
      "params": [
        0.00022235794036396645,
        0.0024227864840342984
      ],
      "confidence_score": 0.7556484282141639
    },
    "N Log N": {
      "r2": 0.004376916304463463,
      "aic": -3179.518542841461,
      "bic": -3172.8823028537727,
      "params": [
        3.190450751731248e-14,
        0.005804444691419436
      ],
      "confidence_score": 0.20018845815223174
    }
  }
}