{
  "Constant": {
    "r2": 0.0,
    "aic": -609.1923320028135,
    "bic": -604.6389997647814,
    "params": [
      -99.93801044507167,
      100.06198955492832
    ]
  },
  "Linear": {
    "r2": 0.045171825933408294,
    "aic": -612.5204511563716,
    "bic": -607.9671189183395,
    "params": [
      -3.4932206831594925e-06,
      0.132770381908895
    ]
  },
  "Quadratic": {
    "r2": 0.035358088006875565,
    "aic": -609.7842111985892,
    "bic": -602.9542128415411,
    "params": [
      -6.072016204256293e-10,
      1.0,
      0.12827472398709522
    ]
  },
  "Cubic": {
    "r2": 0.027833593243990373,
    "aic": -607.2247687970287,
    "bic": -598.1181043209644,
    "params": [
      -1.2960990262887514e-13,
      1.0,
      1.0,
      0.12676969763051404
    ]
  },
  "Logarithmic": {
    "r2": 0.05682184460509487,
    "aic": -613.4043384918766,
    "bic": -608.8510062538445,
    "params": [
      -0.008952562924841633,
      0.19349221461007662
    ]
  },
  "N Log N": {
    "r2": 0.04392471358937955,
    "aic": -612.4264724668402,
    "bic": -607.8731402288081,
    "params": [
      -3.9174564283919765e-07,
      0.1317593031586288
    ]
  }
}