{
  "Constant": {
    "params": [
      0.0005360944771472318
    ],
    "r_squared": 0.0,
    "success": true
  },
  "Linear": {
    "params": [
      1.7238664830413717e-07,
      1.893453367274512e-05
    ],
    "r_squared": 0.1421959866631175,
    "success": true
  },
  "Quadratic": {
    "params": [
      -1.0056932279058682e-11,
      2.3272823878475115e-07,
      -5.783337419052612e-05
    ],
    "r_squared": 0.1427248771916334,
    "success": true
  },
  "Cubic": {
    "params": [
      -5.9152316363270204e-15,
      4.318012852348983e-11,
      8.756565070424095e-08,
      5.823212565445371e-05
    ],
    "r_squared": 0.14291754628385356,
    "success": true
  },
  "Logarithmic": {
    "params": [
      0.0004493196208368833,
      -0.003021148736964145
    ],
    "r_squared": 0.1391195123988399,
    "success": true
  },
  "n_log_n": {
    "params": [
      1.9218500370815848e-08,
      6.987399195928018e-05
    ],
    "r_squared": 0.14180247728587014,
    "success": true
  },
  "Exponential": {
    "params": [
      0.00020223169028319235,
      0.0003055104476234161
    ],
    "r_squared": 0.13569632891616124,
    "success": true
  },
  "Sqrt_Exponential": {
    "params": [
      0.00020223169307290902,
      0.0006110208883405412
    ],
    "r_squared": 0.13569632891614425,
    "success": true
  },
  "Power": {
    "params": [
      2.7098691769101346e-07,
      0.9486448493150365
    ],
    "r_squared": 0.1423203254054901,
    "success": true
  }
}