{
  "Constant": {
    "r2": 0.0,
    "aic": 4.073737098302406,
    "bic": 8.262426222746607,
    "params": [
      100.87883329639834,
      -99.12116670360167
    ]
  },
  "Linear": {
    "r2": 0.3407126336883337,
    "aic": -20.922009421025283,
    "bic": -16.733320296581084,
    "params": [
      0.0006667241015131387,
      0.10307961420885514
    ]
  },
  "Quadratic": {
    "r2": 0.3305874781166849,
    "aic": -18.00754995669927,
    "bic": -11.724516270032968,
    "params": [
      1.299876158933344e-07,
      1.0,
      0.8573615342003149
    ]
  },
  "Cubic": {
    "r2": 0.31103958790582376,
    "aic": -14.28055090170784,
    "bic": -5.903172652819439,
    "params": [
      3.041217887256647e-11,
      1.0,
      1.0,
      1.1184880060747882
    ]
  },
  "Logarithmic": {
    "r2": 0.3326104204838126,
    "aic": -20.189142481951734,
    "bic": -16.00045335750753,
    "params": [
      1.4841254978087022,
      -9.738813620597792
    ]
  },
  "N Log N": {
    "r2": 0.3403201274645692,
    "aic": -20.886299096420647,
    "bic": -16.697609971976448,
    "params": [
      7.586953516876189e-05,
      0.2737357939941461
    ]
  }
}