{
  "valid_points": 29,
  "models": {
    "Constant": {
      "r2": 0.85,
      "aic": -593.2819189012229,
      "bic": -590.54732724125,
      "params": [
        -99.99976877508487,
        100.00023122491511
      ],
      "confidence_score": 0.42659968543739374
    },
    "Linear": {
      "r2": 0.0988839944125961,
      "aic": -596.3014359522706,
      "bic": -593.5668442922977,
      "params": [
        9.723763121046228e-14,
        0.00045884603533617594
      ],
      "confidence_score": 0.05898319256982464
    },
    "Quadratic": {
      "r2": 0.05466698496223665,
      "aic": -592.9122413855295,
      "bic": -588.8103538955701,
      "params": [
        1.4682882240132503e-22,
        1.0,
        0.00046050405325478034
      ],
      "confidence_score": 0.013695131881196667
    },
    "Cubic": {
      "r2": 0.03519411307575737,
      "aic": -590.3209410896072,
      "bic": -584.8517577696614,
      "params": [
        2.2330727657522945e-31,
        1.0,
        1.0,
        0.0004610880517355502
      ],
      "confidence_score": 0.0012401184179503498
    },
    "Logarithmic": {
      "r2": 0.30299578804774074,
      "aic": -603.7498698339589,
      "bic": -601.015278173986,
      "params": [
        3.335670332405758e-06,
        0.0004263164798656826
      ],
      "confidence_score": 0.6494978940238705
    },
    "N Log N": {
      "r2": 0.09595965907304083,
      "aic": -596.2074764465491,
      "bic": -593.4728847865762,
      "params": [
        4.806385295191108e-15,
        0.0004589935672271912
      ],
      "confidence_score": 0.05288717759485258
    }
  }
}