{
  "Constant": {
    "r2": 1.1102230246251565e-16,
    "aic": -752.851065121121,
    "bic": -748.2429349347127,
    "params": [
      -99.97298215591422,
      100.02701784408568
    ]
  },
  "Linear": {
    "r2": 0.001851318049351458,
    "aic": -752.98818962651,
    "bic": -748.3800594401017,
    "params": [
      -2.2673508359716266e-07,
      0.05472186819857461
    ]
  },
  "Quadratic": {
    "r2": 0.0003157572544160159,
    "aic": -750.8744348477222,
    "bic": -743.9622395681097,
    "params": [
      -1.5265449692044994e-11,
      1.0,
      0.054195376636961175
    ]
  },
  "Cubic": {
    "r2": 3.5437244860769823e-06,
    "aic": -748.8513273571975,
    "bic": -739.6350669843808,
    "params": [
      -3.1828801514123e-16,
      1.0,
      1.0,
      0.0540482746321731
    ]
  },
  "Logarithmic": {
    "r2": 0.005955011604821592,
    "aic": -753.2930533123402,
    "bic": -748.684923125932,
    "params": [
      -0.001093964280061371,
      0.06271366839959785
    ]
  },
  "N Log N": {
    "r2": 0.0015726246042824243,
    "aic": -752.9675309443694,
    "bic": -748.3594007579611,
    "params": [
      -2.329733130056444e-08,
      0.05460605604523998
    ]
  }
}