{
  "valid_points": 92,
  "models": {
    "Constant": {
      "r2": 0.7,
      "aic": -160.76357577296417,
      "bic": -155.7199986188661,
      "params": [
        -99.54058612575342,
        100.45941387424664
      ],
      "confidence_score": 0.41
    },
    "Linear": {
      "r2": 0.9949382887351393,
      "aic": -647.0802363293124,
      "bic": -642.0366591752143,
      "params": [
        0.00029002972102754043,
        0.31049671363193576
      ],
      "confidence_score": 0.9869629732410836
    },
    "Quadratic": {
      "r2": 0.9200411875533494,
      "aic": -391.1779889328417,
      "bic": -383.6126232016946,
      "params": [
        6.313370382038386e-08,
        1.0,
        0.5165128964901664
      ],
      "confidence_score": 0.5320247125320096
    },
    "Cubic": {
      "r2": 0.8135039603692493,
      "aic": -311.2633411049428,
      "bic": -301.17618679674666,
      "params": [
        1.3976213325507421e-11,
        1.0,
        1.0,
        0.6148879077798424
      ],
      "confidence_score": 0.46810237622154954
    },
    "Logarithmic": {
      "r2": 0.6224190140409742,
      "aic": -250.36883426128782,
      "bic": -245.32525710718974,
      "params": [
        0.177514956784103,
        -0.31729888758717895
      ],
      "confidence_score": 0.5092095070204872
    },
    "N Log N": {
      "r2": 0.9928870319704897,
      "aic": -615.7804581394948,
      "bic": -610.7368809853967,
      "params": [
        3.42145349271684e-05,
        0.35010487711162047
      ],
      "confidence_score": 0.548000047913818
    }
  }
}