{
  "valid_points": 40,
  "models": {
    "Constant": {
      "r2": 2.220446049250313e-16,
      "aic": 466.24969295101084,
      "bic": 469.6274518592387,
      "params": [
        -58.523520221933495,
        341.4764797780662
      ],
      "confidence_score": 2.220446049250313e-16
    },
    "Linear": {
      "r2": 0.8356741206433128,
      "aic": 394.0135428101885,
      "bic": 397.39130171841634,
      "params": [
        2.3264746180444806,
        -223.05526980423053
      ],
      "confidence_score": 0.8156741206433128
    },
    "Quadratic": {
      "r2": 0.9709035622666311,
      "aic": 326.76411187265717,
      "bic": 331.83075023499896,
      "params": [
        0.005578088207142784,
        1.0,
        -70.86238637882569
      ],
      "confidence_score": 0.9309035622666311
    },
    "Cubic": {
      "r2": 0.9995689004068645,
      "aic": 160.28283615125963,
      "bic": 167.03835396771538,
      "params": [
        1.3629047098007163e-05,
        1.0,
        1.0,
        -0.6611049089145344
      ],
      "confidence_score": 0.9495689004068645
    },
    "Logarithmic": {
      "r2": 0.4292879082446216,
      "aic": 443.814876387897,
      "bic": 447.1926352961249,
      "params": [
        205.2818031278004,
        -755.5420058868394
      ],
      "confidence_score": 0.4192879082446216
    },
    "N Log N": {
      "r2": 0.8703939797246415,
      "aic": 384.51945121497505,
      "bic": 387.8972101232029,
      "params": [
        0.3801157794685981,
        -178.44178962365547
      ],
      "confidence_score": 0.8403939797246415
    }
  }
}