{
  "valid_points": 95,
  "models": {
    "Constant": {
      "r2": 0.0,
      "aic": 1283.5967353981607,
      "bic": 1288.7044891813619,
      "params": [
        1122.9625541241032,
        58.923680791514585
      ],
      "confidence_score": 0.0
    },
    "Linear": {
      "r2": 0.9988487064731136,
      "aic": 640.7441649379447,
      "bic": 645.8519187211458,
      "params": [
        0.6093543494143758,
        -15.30263069731145
      ],
      "confidence_score": 0.9788487064731136
    },
    "Quadratic": {
      "r2": 0.9245300865147019,
      "aic": 1040.1147214901578,
      "bic": 1047.7763521649595,
      "params": [
        0.00013618525319480934,
        1.0,
        397.03831720524255
      ],
      "confidence_score": 0.8845300865147019
    },
    "Cubic": {
      "r2": 0.8148738999093231,
      "aic": 1127.3585193190263,
      "bic": 1137.5740268854286,
      "params": [
        3.057323960541068e-08,
        1.0,
        1.0,
        595.4904804929223
      ],
      "confidence_score": 0.7648738999093231
    },
    "Logarithmic": {
      "r2": 0.6109441433113023,
      "aic": 1193.9136616529793,
      "bic": 1199.0214154361804,
      "params": [
        347.53261103373654,
        -1193.974463471788
      ],
      "confidence_score": 0.6009441433113023
    },
    "N Log N": {
      "r2": 0.9975597675865902,
      "aic": 712.1088460806731,
      "bic": 717.2165998638742,
      "params": [
        0.07221813430566114,
        63.45052818638004
      ],
      "confidence_score": 0.9675597675865901
    }
  }
}