{
  "Constant": {
    "r2": 0.0,
    "aic": -476.499204173188,
    "bic": -471.3705077902523,
    "params": [
      -99.90179880599794,
      100.09820119400213
    ]
  },
  "Linear": {
    "r2": 0.9584280793325899,
    "aic": -781.8109152364491,
    "bic": -776.6822188535134,
    "params": [
      5.71476294626283e-05,
      0.07543038103702981
    ]
  },
  "Quadratic": {
    "r2": 0.888852171192009,
    "aic": -685.4010447479661,
    "bic": -677.7080001735626,
    "params": [
      1.2449902965550332e-08,
      1.0,
      0.11612404372356722
    ]
  },
  "Cubic": {
    "r2": 0.7858105749169169,
    "aic": -620.4250753617209,
    "bic": -610.1676825958496,
    "params": [
      2.757650061020914e-12,
      1.0,
      1.0,
      0.13569262015154096
    ]
  },
  "Logarithmic": {
    "r2": 0.6077570669800934,
    "aic": -566.3430989621424,
    "bic": -561.2144025792068,
    "params": [
      0.03568148114330761,
      -0.053055372945852
    ]
  },
  "N Log N": {
    "r2": 0.9567100844388787,
    "aic": -777.9234187079272,
    "bic": -772.7947223249915,
    "params": [
      6.739662786865731e-06,
      0.08328520982183199
    ]
  }
}