{
  "best_model": "O(2^n)",
  "details": {
    "O(1)": {
      "r2": 0,
      "aic": Infinity,
      "params_norm": [
        1.0
      ],
      "rss": 0.0
    },
    "O(n)": {
      "r2": 0,
      "aic": -3296.6533319335153,
      "params_norm": [
        3.539513381405014e-10,
        0.9999999997936918
      ],
      "rss": 6.473897998967878e-13
    },
    "O(n^2)": {
      "r2": 0,
      "aic": -2761.6556250938784,
      "params_norm": [
        2.262728146446774e-08,
        -2.697387986981183e-08,
        1.000000006707853
      ],
      "rss": 1.2661626307112719e-10
    },
    "O(n^3)": {
      "r2": 0,
      "aic": -2706.58316817757,
      "params_norm": [
        9.207473059506364e-09,
        1.2993395631032284e-08,
        -2.4496106730549883e-08,
        1.0000000064036458
      ],
      "rss": 2.137816461802579e-10
    },
    "O(log n)": {
      "r2": 0,
      "aic": -2836.643753283633,
      "params_norm": [
        -1.7262467729194512e-09,
        0.9999999988883356
      ],
      "rss": 6.154345991702993e-11
    },
    "O(n log n)": {
      "r2": 0,
      "aic": -3265.63051214489,
      "params_norm": [
        9.149493385152141e-10,
        1.000000000238507
      ],
      "rss": 8.801613275665699e-13
    },
    "O(2^n)": {
      "r2": 0,
      "aic": -3475.059134036427,
      "params_norm": [
        1.0000000000853677,
        -1.463447165138362e-10
      ],
      "rss": 1.1067018873412892e-13
    },
    "O(n^k)": {
      "r2": 0,
      "aic": -3175.3438199624647,
      "params_norm": [
        0.999999999792065,
        -3.2278032427202367e-10
      ],
      "rss": 2.1517416497008474e-12
    }
  }
}