{
  "valid_points": 207,
  "models": {
    "Constant": {
      "r2": 0.7,
      "aic": -3700.811567611419,
      "bic": -3694.1461300248884,
      "params": [
        -99.9992663607647,
        100.00073363923543
      ],
      "confidence_score": 0.37000000021818447
    },
    "Linear": {
      "r2": 0.16113051730200778,
      "aic": -3737.1814981543844,
      "bic": -3730.516060567854,
      "params": [
        1.813279219588206e-11,
        0.0013757560489290068
      ],
      "confidence_score": 0.1096605648887616
    },
    "Quadratic": {
      "r2": 0.13452955667346078,
      "aic": -3728.7193529496176,
      "bic": -3718.7211965698216,
      "params": [
        1.5920694909990455e-18,
        1.0,
        0.0014135561555764819
      ],
      "confidence_score": 0.060780854507676035
    },
    "Cubic": {
      "r2": 0.12066062733737692,
      "aic": -3723.428531439512,
      "bic": -3710.0976562664505,
      "params": [
        1.5812242666564511e-25,
        1.0,
        1.0,
        0.0014271596996992858
      ],
      "confidence_score": 0.05239722283520036
    },
    "Logarithmic": {
      "r2": 0.18396784666232402,
      "aic": -3742.8949824986266,
      "bic": -3736.229544912096,
      "params": [
        6.155791429956251e-05,
        0.0005342987408669478
      ],
      "confidence_score": 0.689983923331162
    },
    "N Log N": {
      "r2": 0.15899701819950118,
      "aic": -3736.6557028205075,
      "bic": -3729.990265233977,
      "params": [
        1.1048065879386786e-12,
        0.0013801704771450372
      ],
      "confidence_score": 0.3907504315911361
    }
  }
}