{
  "Constant": {
    "r2": 0.0,
    "aic": -312.45915813145535,
    "bic": -307.90582589342324,
    "params": [
      100.21170359104876,
      -99.78829640895117
    ]
  },
  "Linear": {
    "r2": 0.9736417534937543,
    "aic": -574.2492927963385,
    "bic": -569.6959605583064,
    "params": [
      0.00012656962675006156,
      0.10487362144299028
    ]
  },
  "Quadratic": {
    "r2": 0.946576667387063,
    "aic": -521.3837116767749,
    "bic": -514.5537133197267,
    "params": [
      2.4607440293972996e-08,
      1.0,
      0.24910448001512628
    ]
  },
  "Cubic": {
    "r2": 0.8873385398019978,
    "aic": -465.6616458151196,
    "bic": -456.55498133905536,
    "params": [
      5.745053894204578e-12,
      1.0,
      1.0,
      0.29940593884286826
    ]
  },
  "Logarithmic": {
    "r2": 0.9469267106482576,
    "aic": -523.8570263247663,
    "bic": -519.3036940867341,
    "params": [
      0.2841157642207171,
      -1.7823066852318936
    ]
  },
  "N Log N": {
    "r2": 0.97295508026511,
    "aic": -572.3975974393553,
    "bic": -567.8442652013232,
    "params": [
      1.4395709109060574e-05,
      0.13747126784572683
    ]
  }
}