{
  "valid_points": 59,
  "models": {
    "Constant": {
      "r2": 0.7,
      "aic": 640.7739457371947,
      "bic": 644.9290206250062,
      "params": [
        -20.77376554462273,
        142.5121954678016
      ],
      "confidence_score": 0.12115161980070602
    },
    "Linear": {
      "r2": 0.08597791234060959,
      "aic": 635.4698137656453,
      "bic": 639.6248886534568,
      "params": [
        0.07584016850082631,
        -64.13425423308378
      ],
      "confidence_score": 0.39
    },
    "Quadratic": {
      "r2": 0.08023226049889531,
      "aic": 637.8395339625274,
      "bic": 644.0721462942446,
      "params": [
        1.4752015276564556e-05,
        1.0,
        22.396108744172484
      ],
      "confidence_score": 0.07142563634428938
    },
    "Cubic": {
      "r2": 0.07104334271425816,
      "aic": 640.4260471441253,
      "bic": 648.7361969197482,
      "params": [
        3.414913442910882e-09,
        1.0,
        1.0,
        53.18731207631776
      ],
      "confidence_score": 0.026829055467769248
    },
    "Logarithmic": {
      "r2": 0.08556116721187479,
      "aic": 635.4967084755581,
      "bic": 639.6517833633695,
      "params": [
        168.16564003584858,
        -1179.1335626344103
      ],
      "confidence_score": 0.48677338064480247
    },
    "N Log N": {
      "r2": 0.08560000993472361,
      "aic": 635.4942022725841,
      "bic": 639.6492771603955,
      "params": [
        0.00863147757224442,
        -44.68726668230888
      ],
      "confidence_score": 0.78716394351076
    }
  }
}