{
  "valid_points": 31,
  "models": {
    "Constant": {
      "r2": 0.95,
      "aic": -363.3608658091201,
      "bic": -360.49289140014986,
      "params": [
        -99.87558479751303,
        100.1244152024869
      ],
      "confidence_score": 0.8059642666319334
    },
    "Linear": {
      "r2": 0.0030065392745730612,
      "aic": -363.4542089169105,
      "bic": -360.5862345079402,
      "params": [
        1.0628727726417492e-12,
        0.24877514739148726
      ],
      "confidence_score": 0.24979897703565784
    },
    "Quadratic": {
      "r2": 0.005830771694737336,
      "aic": -361.54214875650234,
      "bic": -357.2401871430469,
      "params": [
        2.8653949704414294e-21,
        1.0,
        0.2487682408177241
      ],
      "confidence_score": 0.032257204033411924
    },
    "Cubic": {
      "r2": 0.00797079235252951,
      "aic": -359.60895040618857,
      "bic": -353.873001588248,
      "params": [
        6.279013809897741e-30,
        1.0,
        1.0,
        0.24876324158725346
      ],
      "confidence_score": 0.0
    },
    "Logarithmic": {
      "r2": 0.03038230604238934,
      "aic": -364.31732167768314,
      "bic": -361.44934726871287,
      "params": [
        7.816264092816902e-05,
        0.24798765746614493
      ],
      "confidence_score": 0.298
    },
    "N Log N": {
      "r2": 0.003121442505024663,
      "aic": -363.4577818645374,
      "bic": -360.58980745556715,
      "params": [
        5.409455829722862e-14,
        0.24877518379423724
      ],
      "confidence_score": 0.19319763694347278
    }
  }
}