{
  "valid_points": 93,
  "models": {
    "Constant": {
      "r2": -2.220446049250313e-16,
      "aic": -699.0945133104732,
      "bic": -694.0293143241666,
      "params": [
        100.13988941747655,
        -99.86011058252352
      ],
      "confidence_score": -2.220446049250313e-16
    },
    "Linear": {
      "r2": 0.005452382054237148,
      "aic": -699.6029722608336,
      "bic": -694.537773274527,
      "params": [
        -1.1988835475484905e-06,
        0.28229945538279566
      ],
      "confidence_score": -0.014547617945762852
    },
    "Quadratic": {
      "r2": 0.005041047106973506,
      "aic": -697.5645163429679,
      "bic": -689.966717863508,
      "params": [
        -2.598494752703573e-10,
        1.0,
        0.28144082925785396
      ],
      "confidence_score": -0.034958952893026495
    },
    "Cubic": {
      "r2": 0.004576409665532966,
      "aic": -695.5210962647665,
      "bic": -685.3906982921535,
      "params": [
        -5.813294936698115e-14,
        1.0,
        1.0,
        0.2810505131223527
      ],
      "confidence_score": -0.04542359033446704
    },
    "Logarithmic": {
      "r2": 0.0010764814378543264,
      "aic": -699.1946800076668,
      "bic": -694.1294810213602,
      "params": [
        -0.0004141746509356281,
        0.28266622967797495
      ],
      "confidence_score": -0.008923518562145674
    },
    "N Log N": {
      "r2": 0.00550051285245301,
      "aic": -699.6074730735327,
      "bic": -694.5422740872261,
      "params": [
        -1.4211508019429318e-07,
        0.282147005382178
      ],
      "confidence_score": -0.02449948714754699
    }
  }
}