{
  "valid_points": 107,
  "models": {
    "Constant": {
      "r2": 0.7,
      "aic": 870.7070405002262,
      "bic": 876.05269816915,
      "params": [
        137.31892785401058,
        -38.65628264439508
      ],
      "confidence_score": 0.11999999999999998
    },
    "Linear": {
      "r2": 0.9996110694073892,
      "aic": 30.531307369174993,
      "bic": 35.8769650380988,
      "params": [
        3.6855374850763845e-05,
        -1.3095316964155375
      ],
      "confidence_score": 0.4997666416444335
    },
    "Quadratic": {
      "r2": 0.9509067922028067,
      "aic": 550.2053396034772,
      "bic": 558.2238261068629,
      "params": [
        6.382494562996414e-12,
        1.0,
        36.22548165433006
      ],
      "confidence_score": 0.550544075321684
    },
    "Cubic": {
      "r2": 0.864994484786332,
      "aic": 660.4459981702602,
      "bic": 671.1373135081078,
      "params": [
        1.1869880389182155e-18,
        1.0,
        1.0,
        51.423681595563004
      ],
      "confidence_score": 0.4989966908717992
    },
    "Logarithmic": {
      "r2": 0.8260232497163034,
      "aic": 683.5818444704794,
      "bic": 688.9275021394031,
      "params": [
        60.0060119988255,
        -774.0967755207508
      ],
      "confidence_score": 0.548
    },
    "N Log N": {
      "r2": 0.9998418301058463,
      "aic": -65.73992758029912,
      "bic": -60.39426991137531,
      "params": [
        2.348196736438213e-06,
        3.1142078896831094
      ],
      "confidence_score": 0.998
    }
  }
}