{
  "valid_points": 205,
  "models": {
    "Constant": {
      "r2": 0.7,
      "aic": -1038.3358630531009,
      "bic": -1031.689843094824,
      "params": [
        100.12020939915658,
        -99.87979060084348
      ],
      "confidence_score": 0.37
    },
    "Linear": {
      "r2": 0.9639133826738651,
      "aic": -1719.3116677331222,
      "bic": -1712.6656477748454,
      "params": [
        2.7323904341253474e-08,
        0.10061371924044596
      ],
      "confidence_score": 0.968348029604319
    },
    "Quadratic": {
      "r2": 0.8339778006325969,
      "aic": -1404.4407855828642,
      "bic": -1394.471755645449,
      "params": [
        2.4111254610010296e-15,
        1.0,
        0.15802279696888993
      ],
      "confidence_score": 0.4803866803795581
    },
    "Cubic": {
      "r2": 0.7112445702304219,
      "aic": -1288.9817817029568,
      "bic": -1275.6897417864031,
      "params": [
        2.32609851474241e-22,
        1.0,
        1.0,
        0.18071892489378366
      ],
      "confidence_score": 0.40674674213825307
    },
    "Logarithmic": {
      "r2": 0.9465580101069184,
      "aic": -1638.8133585099713,
      "bic": -1632.1673385516945,
      "params": [
        0.09385232000765377,
        -1.1866162631140622
      ],
      "confidence_score": 0.598
    },
    "N Log N": {
      "r2": 0.9571503065711839,
      "aic": -1684.0975046923186,
      "bic": -1677.4514847340417,
      "params": [
        1.6674559680807067e-09,
        0.10714289772438547
      ],
      "confidence_score": 0.5980000067680399
    }
  }
}