{
  "valid_points": 114,
  "models": {
    "Constant": {
      "r2": 2.220446049250313e-16,
      "aic": -432.3822430657265,
      "bic": -426.9098461689375,
      "params": [
        100.21831831780455,
        -99.7816816821955
      ],
      "confidence_score": 2.220446049250313e-16
    },
    "Linear": {
      "r2": 0.9864570028646735,
      "aic": -922.7972107947136,
      "bic": -917.3248138979246,
      "params": [
        0.00011299615795457019,
        0.16496512724960288
      ],
      "confidence_score": 0.9664570028646735
    },
    "Quadratic": {
      "r2": 0.923024879000639,
      "aic": -722.7093665753337,
      "bic": -714.5007712301501,
      "params": [
        2.0351754392855526e-08,
        1.0,
        0.2847879059577091
      ],
      "confidence_score": 0.883024879000639
    },
    "Cubic": {
      "r2": 0.8353333959907321,
      "aic": -634.019140196639,
      "bic": -623.074346403061,
      "params": [
        4.061369590106526e-12,
        1.0,
        1.0,
        0.32812809841528034
      ],
      "confidence_score": 0.785333395990732
    },
    "Logarithmic": {
      "r2": 0.8260268814869637,
      "aic": -631.7516541285254,
      "bic": -626.2792572317364,
      "params": [
        0.18344373645819087,
        -0.9545169237807556
      ],
      "confidence_score": 0.8160268814869637
    },
    "N Log N": {
      "r2": 0.9834061603190108,
      "aic": -899.6367512554806,
      "bic": -894.1643543586916,
      "params": [
        1.28709200155094e-05,
        0.1909509705714791
      ],
      "confidence_score": 0.9534061603190108
    }
  }
}