{
  "Constant": {
    "r2": -2.220446049250313e-16,
    "aic": -309.6841234775874,
    "bic": -305.0226567970147,
    "params": [
      -99.7474878144107,
      100.25251218558928
    ]
  },
  "Linear": {
    "r2": 0.9830608396895119,
    "aic": -619.6217875946436,
    "bic": -614.960320914071,
    "params": [
      0.00010965620299763223,
      0.17749860696156117
    ]
  },
  "Quadratic": {
    "r2": 0.9528267828199901,
    "aic": -539.7827259627825,
    "bic": -532.7905259419235,
    "params": [
      1.7796856805598985e-08,
      1.0,
      0.3227939242559328
    ]
  },
  "Cubic": {
    "r2": 0.8900503470060606,
    "aic": -473.47181004721824,
    "bic": -464.1488766860729,
    "params": [
      3.411140981938097e-12,
      1.0,
      1.0,
      0.3738054077871434
    ]
  },
  "Logarithmic": {
    "r2": 0.9502703884349518,
    "aic": -537.7718819820341,
    "bic": -533.1104153014614,
    "params": [
      0.28535032010690475,
      -1.753771817743557
    ]
  },
  "N Log N": {
    "r2": 0.9822772845355927,
    "aic": -616.1851392777202,
    "bic": -611.5236725971475,
    "params": [
      1.2238280745894687e-05,
      0.2096875835681072
    ]
  }
}