{
  "valid_points": 19,
  "models": {
    "Constant": {
      "r2": 0.7,
      "aic": 148.99624354861004,
      "bic": 150.8851215069429,
      "params": [
        -91.35884779848548,
        108.6411522015145
      ],
      "confidence_score": 0.11999999999999998
    },
    "Linear": {
      "r2": 0.9999984826658559,
      "aic": -105.57631314464027,
      "bic": -103.68743518630738,
      "params": [
        8.959567319843931e-05,
        -0.02377420058282942
      ],
      "confidence_score": 0.8999990895995135
    },
    "Quadratic": {
      "r2": 0.9410966391595819,
      "aic": 97.19095808158363,
      "bic": 100.02427501908295,
      "params": [
        4.415215234036881e-11,
        1.0,
        4.294189443351325
      ],
      "confidence_score": 0.5446579834957491
    },
    "Cubic": {
      "r2": 0.8741912963785112,
      "aic": 113.60938128096485,
      "bic": 117.38713719763061,
      "params": [
        2.0599081988239735e-17,
        1.0,
        1.0,
        6.010416911226673
      ],
      "confidence_score": 0.5045147778271067
    },
    "Logarithmic": {
      "r2": 0.3668529523582025,
      "aic": 140.31224450838621,
      "bic": 142.20112246671908,
      "params": [
        6.952097954432779,
        -36.031191575808435
      ],
      "confidence_score": 0.43142647617910124
    },
    "N Log N": {
      "r2": 0.9993528719838899,
      "aic": 9.479881531204764,
      "bic": 11.368759489537645,
      "params": [
        6.199258056512132e-06,
        0.5637312217738127
      ],
      "confidence_score": 0.698
    }
  }
}