{
  "valid_points": 20,
  "models": {
    "Constant": {
      "r2": 0.7,
      "aic": 156.3478327442276,
      "bic": 158.33929729133558,
      "params": [
        110.31443038955334,
        -89.68556961044665
      ],
      "confidence_score": 0.09999999999999998
    },
    "Linear": {
      "r2": 0.9977269163816872,
      "aic": 34.61547380132247,
      "bic": 36.606938348430454,
      "params": [
        0.00027891096638199553,
        -0.8625958443742625
      ],
      "confidence_score": 0.49863619070921006
    },
    "Quadratic": {
      "r2": 0.9695925844175873,
      "aic": 88.48645741052889,
      "bic": 91.47365423119086,
      "params": [
        5.391303883353705e-10,
        1.0,
        3.3684395762585333
      ],
      "confidence_score": 0.5617555506505524
    },
    "Cubic": {
      "r2": 0.930611227591227,
      "aic": 106.98722863601301,
      "bic": 110.97015773022898,
      "params": [
        1.0099646732275862e-15,
        1.0,
        1.0,
        5.035957873397691
      ],
      "confidence_score": 0.5383667365547362
    },
    "Logarithmic": {
      "r2": 0.44890665979679123,
      "aic": 144.43081108986158,
      "bic": 146.42227563696957,
      "params": [
        7.6095200552814735,
        -32.69828157973596
      ],
      "confidence_score": 0.17245332989839562
    },
    "N Log N": {
      "r2": 0.9995454719268522,
      "aic": 2.422815161182416,
      "bic": 4.4142797082903975,
      "params": [
        2.128932452047066e-05,
        -0.2918644798483242
      ],
      "confidence_score": 0.9480000000000001
    }
  }
}