{
  "valid_points": 27,
  "models": {
    "Constant": {
      "r2": 0.9,
      "aic": -439.062563492387,
      "bic": -436.4708897603784,
      "params": [
        100.00365437180905,
        -99.99634562819095
      ],
      "confidence_score": 0.7673255679434903
    },
    "Linear": {
      "r2": 0.016758256662216975,
      "aic": -439.5188706480015,
      "bic": -436.92719691599285,
      "params": [
        -3.145624329460129e-13,
        0.007321253212320928
      ],
      "confidence_score": 0.3975842186405409
    },
    "Quadratic": {
      "r2": 0.021832673194682406,
      "aic": -437.65857587741186,
      "bic": -433.7710652793989,
      "params": [
        -7.277636916819971e-22,
        1.0,
        0.007319102314519718
      ],
      "confidence_score": 0.07513925948302862
    },
    "Cubic": {
      "r2": 0.023155909161422294,
      "aic": -435.6951254097935,
      "bic": -430.5117779457762,
      "params": [
        -1.4198797908255462e-30,
        1.0,
        1.0,
        0.007318043755890935
      ],
      "confidence_score": 0.009973268991879797
    },
    "Logarithmic": {
      "r2": 0.002031783377210772,
      "aic": -439.1174774491142,
      "bic": -436.52580371710553,
      "params": [
        -2.2756597813132046e-06,
        0.007333959475064903
      ],
      "confidence_score": 0.4429479851890215
    },
    "N Log N": {
      "r2": 0.01720942422514804,
      "aic": -439.53126263596073,
      "bic": -436.9395889039521,
      "params": [
        -1.5991790205331276e-14,
        0.007321086502914402
      ],
      "confidence_score": 0.5066047121125741
    }
  }
}