{
  "valid_points": 59,
  "models": {
    "Constant": {
      "r2": 1.1102230246251565e-16,
      "aic": 655.3279627683876,
      "bic": 659.483037656199,
      "params": [
        21.69228768173653,
        373.63948022686304
      ],
      "confidence_score": 1.1102230246251565e-16
    },
    "Linear": {
      "r2": 0.9759760804615268,
      "aic": 435.3343502146415,
      "bic": 439.48942510245297,
      "params": [
        0.2829278704405897,
        -306.9527511765613
      ],
      "confidence_score": 0.9559760804615268
    },
    "Quadratic": {
      "r2": 0.9999354472455211,
      "aic": 88.09432436427025,
      "bic": 94.32693669598741,
      "params": [
        5.722721062539904e-05,
        1.0,
        -0.721752610013294
      ],
      "confidence_score": 0.959935447245521
    },
    "Cubic": {
      "r2": 0.9827983924307288,
      "aic": 419.62556903256205,
      "bic": 427.93571880818496,
      "params": [
        1.383874204444568e-08,
        1.0,
        1.0,
        105.6394284019841
      ],
      "confidence_score": 0.9327983924307287
    },
    "Logarithmic": {
      "r2": 0.8966676626076282,
      "aic": 521.409473175393,
      "bic": 525.5645480632045,
      "params": [
        606.6726841093897,
        -4304.294155413634
      ],
      "confidence_score": 0.8866676626076282
    },
    "N Log N": {
      "r2": 0.9813859211643885,
      "aic": 420.28157634982716,
      "bic": 424.4366512376386,
      "params": [
        0.032334747620642056,
        -237.22877527869056
      ],
      "confidence_score": 0.9513859211643885
    }
  }
}