{
  "valid_points": 40,
  "models": {
    "Constant": {
      "r2": 0.0,
      "aic": 270.2751199281223,
      "bic": 273.65287883635017,
      "params": [
        -84.45491017773736,
        115.54508982226257
      ],
      "confidence_score": 0.0
    },
    "Linear": {
      "r2": 0.9317117566779572,
      "aic": 162.91441352272415,
      "bic": 166.292172430952,
      "params": [
        0.21204946639421343,
        -15.03057926955783
      ],
      "confidence_score": 0.9117117566779572
    },
    "Quadratic": {
      "r2": 0.9997535354564179,
      "aic": -60.05657664191591,
      "bic": -54.989938279574105,
      "params": [
        0.0004886077586290227,
        1.0,
        0.09803381855996651
      ],
      "confidence_score": 0.9597535354564178
    },
    "Cubic": {
      "r2": 0.9734953508034907,
      "aic": 129.05771512811071,
      "bic": 135.81323294456647,
      "params": [
        1.161027802676351e-06,
        1.0,
        1.0,
        6.929736751912725
      ],
      "confidence_score": 0.9234953508034907
    },
    "Logarithmic": {
      "r2": 0.5420448878362406,
      "aic": 239.035755606236,
      "bic": 242.41351451446386,
      "params": [
        19.91179007765258,
        -69.64107579815064
      ],
      "confidence_score": 0.5320448878362406
    },
    "N Log N": {
      "r2": 0.9557549348516383,
      "aic": 145.55466249539555,
      "bic": 148.9324214036234,
      "params": [
        0.034383318551640445,
        -10.645216498642585
      ],
      "confidence_score": 0.9257549348516383
    }
  }
}