{
  "Constant": {
    "r2": 0.0,
    "aic": -559.1848689748674,
    "bic": -554.7166559656729,
    "params": [
      100.12578510179898,
      -99.87421489820103
    ]
  },
  "Linear": {
    "r2": 0.0002702546263331218,
    "aic": -559.2035190643344,
    "bic": -554.7353060551399,
    "params": [
      -3.157784087548521e-07,
      0.25236926026691364
    ]
  },
  "Quadratic": {
    "r2": 9.175505308545162e-05,
    "aic": -557.1912003640032,
    "bic": -550.4888808502114,
    "params": [
      3.6021741145475517e-11,
      1.0,
      0.2513117037268814
    ]
  },
  "Cubic": {
    "r2": 0.0008810929791309707,
    "aic": -555.245691189377,
    "bic": -546.3092651709879,
    "params": [
      2.6739367709408995e-14,
      1.0,
      1.0,
      0.2509802724025779
    ]
  },
  "Logarithmic": {
    "r2": 0.0021815138611623874,
    "aic": -559.3355578560551,
    "bic": -554.8673448468605,
    "params": [
      -0.002054445931532865,
      0.2675283232457116
    ]
  },
  "N Log N": {
    "r2": 0.00017381565242413632,
    "aic": -559.1968632973153,
    "bic": -554.7286502881208,
    "params": [
      -2.8790769560923967e-08,
      0.25214567494667006
    ]
  }
}