{
  "valid_points": 26,
  "models": {
    "Constant": {
      "r2": 0.9,
      "aic": -413.0569339338404,
      "bic": -410.54074085779746,
      "params": [
        100.00360737053256,
        -99.99639262946752
      ],
      "confidence_score": 0.4970802320690841
    },
    "Linear": {
      "r2": 0.006094840180996486,
      "aic": -413.21588466173944,
      "bic": -410.6996915856965,
      "params": [
        -2.2442338661325582e-13,
        0.007224009254415478
      ],
      "confidence_score": 0.39
    },
    "Quadratic": {
      "r2": 0.006831031068540883,
      "aic": -411.2351501372192,
      "bic": -407.46086052315474,
      "params": [
        -4.810371092609804e-22,
        1.0,
        0.007221851296038638
      ],
      "confidence_score": 0.06330437803824988
    },
    "Cubic": {
      "r2": 0.007064853225013823,
      "aic": -409.2412720479975,
      "bic": -404.2088858959116,
      "params": [
        -9.26484752604656e-31,
        1.0,
        1.0,
        0.0072210428922242775
      ],
      "confidence_score": 0.0
    },
    "Logarithmic": {
      "r2": 0.0010063250954218672,
      "aic": -413.0831115601328,
      "bic": -410.56691848408985,
      "params": [
        2.0029457489735473e-06,
        0.007191843355472444
      ],
      "confidence_score": 0.6792338841729283
    },
    "N Log N": {
      "r2": 0.006083065509676078,
      "aic": -413.21557664478445,
      "bic": -410.6993835687415,
      "params": [
        -1.1246465864123698e-14,
        0.007223755241849712
      ],
      "confidence_score": 0.5009953337691988
    }
  }
}