{
  "valid_points": 19,
  "models": {
    "Constant": {
      "r2": 2.220446049250313e-16,
      "aic": -240.31811539762438,
      "bic": -238.4292374392915,
      "params": [
        100.0269177712892,
        -99.97308222871078
      ],
      "confidence_score": 2.220446049250313e-16
    },
    "Linear": {
      "r2": 0.07351246839565051,
      "aic": -241.76885452417173,
      "bic": -239.87997656583886,
      "params": [
        -1.5972999103386343e-06,
        0.05623149244449066
      ],
      "confidence_score": 0.053512468395650506
    },
    "Quadratic": {
      "r2": 0.06776504488049295,
      "aic": -239.651352965327,
      "bic": -236.81803602782767,
      "params": [
        -5.095148885895906e-10,
        1.0,
        0.05502016469441704
      ],
      "confidence_score": 0.027765044880492952
    },
    "Cubic": {
      "r2": 0.06289446048843716,
      "aic": -237.5523433807956,
      "bic": -233.77458746412984,
      "params": [
        -2.1192077729000986e-13,
        1.0,
        1.0,
        0.05462229846413539
      ],
      "confidence_score": 0.012894460488437162
    },
    "Logarithmic": {
      "r2": 0.08026071716427596,
      "aic": -241.90775110676364,
      "bic": -240.01887314843077,
      "params": [
        -0.002443889833552269,
        0.07166623752314766
      ],
      "confidence_score": 0.07026071716427597
    },
    "N Log N": {
      "r2": 0.07275674008976629,
      "aic": -241.75336269690857,
      "bic": -239.8644847385757,
      "params": [
        -1.9137449385644064e-07,
        0.055939721793419224
      ],
      "confidence_score": 0.04275674008976629
    }
  }
}