{
  "valid_points": 18,
  "models": {
    "Constant": {
      "r2": 0.9,
      "aic": -203.9900114916587,
      "bic": -202.20926797586637,
      "params": [
        100.04028342664238,
        -99.95971657335758
      ],
      "confidence_score": 0.8384910624689058
    },
    "Linear": {
      "r2": 0.029464685066073137,
      "aic": -204.5283462872442,
      "bic": -202.74760277145188,
      "params": [
        -1.8890489610345895e-06,
        0.08340042672635128
      ],
      "confidence_score": 0.3713030935176003
    },
    "Quadratic": {
      "r2": 0.025829147106708472,
      "aic": -202.46104587900209,
      "bic": -199.7899306053136,
      "params": [
        -5.877534015041874e-10,
        1.0,
        0.08193582877289307
      ],
      "confidence_score": 0.08239752863522269
    },
    "Cubic": {
      "r2": 0.023529496959029395,
      "aic": -200.4186047385953,
      "bic": -196.85711770701064,
      "params": [
        -2.4234681345906513e-13,
        1.0,
        1.0,
        0.08147110983255493
      ],
      "confidence_score": 0.014170162350286026
    },
    "Logarithmic": {
      "r2": 0.0346131468551053,
      "aic": -204.62408622163792,
      "bic": -202.8433427058456,
      "params": [
        -0.0029987381355272864,
        0.1024428746418026
      ],
      "confidence_score": 0.3653065734275526
    },
    "N Log N": {
      "r2": 0.028938215637313247,
      "aic": -204.51858478733942,
      "bic": -202.7378412715471,
      "params": [
        -2.2546101472373656e-07,
        0.08304613311254953
      ],
      "confidence_score": 0.2825849370474814
    }
  }
}