{
  "Constant": {
    "r2": 2.220446049250313e-16,
    "aic": 514.3151071428213,
    "bic": 517.6928660510491,
    "params": [
      389.1787613113858,
      79.45518695512082
    ]
  },
  "Linear": {
    "r2": 0.7868222903162705,
    "aic": 452.4899414084882,
    "bic": 455.8677003167161,
    "params": [
      4.116707123945373,
      -426.7498503281845
    ]
  },
  "Quadratic": {
    "r2": 0.9445942919740818,
    "aic": 400.5922008397166,
    "bic": 405.6588392020584,
    "params": [
      0.010033484651305158,
      1.0,
      -167.78496642346224
    ]
  },
  "Cubic": {
    "r2": 0.9949732577471143,
    "aic": 306.5957804173307,
    "bic": 313.3512982337864,
    "params": [
      2.479685659017303e-05,
      1.0,
      1.0,
      -47.37698247257004
    ]
  },
  "Logarithmic": {
    "r2": 0.38420910939490305,
    "aic": 494.9211936875116,
    "bic": 498.2989525957395,
    "params": [
      354.1536750527566,
      -1322.9852000070673
    ]
  },
  "N Log N": {
    "r2": 0.8246499406774008,
    "aic": 444.67626857936744,
    "bic": 448.0540274875953,
    "params": [
      0.6747215471673074,
      -350.3611988347901
    ]
  }
}