{
  "Constant": {
    "r2": 2.220446049250313e-16,
    "aic": -764.2333153471383,
    "bic": -759.1255615639371,
    "params": [
      100.06465335425565,
      -99.93534664574429
    ]
  },
  "Linear": {
    "r2": 0.016603491107399337,
    "aic": -765.8238883817581,
    "bic": -760.716134598557,
    "params": [
      -1.611954870250898e-06,
      0.1326944268027741
    ]
  },
  "Quadratic": {
    "r2": 0.014600957360790146,
    "aic": -763.6306323868577,
    "bic": -755.9690017120561,
    "params": [
      -3.4014746574939636e-10,
      1.0,
      0.13147767587091774
    ]
  },
  "Cubic": {
    "r2": 0.014463497963246197,
    "aic": -761.6173811744341,
    "bic": -751.4018736080319,
    "params": [
      -7.96010214460237e-14,
      1.0,
      1.0,
      0.13104347664718347
    ]
  },
  "Logarithmic": {
    "r2": 0.011534676590272297,
    "aic": -765.3354784618699,
    "bic": -760.2277246786688,
    "params": [
      -0.0010511834166703862,
      0.13664589078768238
    ]
  },
  "N Log N": {
    "r2": 0.016192535641500805,
    "aic": -765.7841967479884,
    "bic": -760.6764429647873,
    "params": [
      -1.8777124538395359e-07,
      0.1324333709233138
    ]
  }
}