{
  "valid_points": 20,
  "models": {
    "Constant": {
      "r2": 0.7,
      "aic": -5.119880932422911,
      "bic": -3.128416385314929,
      "params": [
        102.48897746205331,
        -97.51102253794663
      ],
      "confidence_score": 0.09999999999999998
    },
    "Linear": {
      "r2": 0.9985476573409019,
      "aic": -135.81142891855677,
      "bic": -133.81996437144878,
      "params": [
        0.0027593114322292944,
        0.9079705615681173
      ],
      "confidence_score": 0.7763904517094012
    },
    "Quadratic": {
      "r2": 0.9923312209684104,
      "aic": -100.53183820866035,
      "bic": -97.54464138799837,
      "params": [
        9.28927877176783e-07,
        1.0,
        2.879739081400631
      ],
      "confidence_score": 0.5753987362606735
    },
    "Cubic": {
      "r2": 0.9726959458264981,
      "aic": -73.13428259828389,
      "bic": -69.15135350406793,
      "params": [
        4.02125923344624e-10,
        1.0,
        1.0,
        3.539600761632271
      ],
      "confidence_score": 0.5636175674959014
    },
    "Logarithmic": {
      "r2": 0.9890889568984099,
      "aic": -95.47947841300658,
      "bic": -93.4880138658986,
      "params": [
        3.939624116339179,
        -23.689180142384167
      ],
      "confidence_score": 0.6980000003630611
    },
    "N Log N": {
      "r2": 0.9985999223991665,
      "aic": -136.5444332270291,
      "bic": -134.5529686799211,
      "params": [
        0.00033305081292380644,
        1.3840967102898531
      ],
      "confidence_score": 0.898
    }
  }
}