{
  "valid_points": 98,
  "models": {
    "Constant": {
      "r2": 0.7,
      "aic": -109.31602938884366,
      "bic": -104.14609443150252,
      "params": [
        100.45694910674071,
        -99.54305089325925
      ],
      "confidence_score": 0.09999999999999998
    },
    "Linear": {
      "r2": 0.865261093349857,
      "aic": -305.74883639268023,
      "bic": -300.5789014353391,
      "params": [
        0.00037059400916950036,
        0.1441971458659811
      ],
      "confidence_score": 0.8191566560099142
    },
    "Quadratic": {
      "r2": 0.766973375934855,
      "aic": -250.06308081473583,
      "bic": -242.3081783787241,
      "params": [
        7.917293520787183e-08,
        1.0,
        0.4154229472437615
      ],
      "confidence_score": 0.44018402556100183
    },
    "Cubic": {
      "r2": 0.6609450424581146,
      "aic": -211.3121500624908,
      "bic": -200.9722801478085,
      "params": [
        1.735876536025462e-11,
        1.0,
        1.0,
        0.5409903286038086
      ],
      "confidence_score": 0.3765670254748687
    },
    "Logarithmic": {
      "r2": 0.5653131286521965,
      "aic": -190.96270501086326,
      "bic": -185.7927700535221,
      "params": [
        0.23531995777289416,
        -0.7233534614122186
      ],
      "confidence_score": 0.5306565643260983
    },
    "N Log N": {
      "r2": 0.8585640098154347,
      "aic": -300.9950163713867,
      "bic": -295.8250814140456,
      "params": [
        4.359657717353331e-05,
        0.19676067389824922
      ],
      "confidence_score": 0.6758511000308911
    }
  }
}