{
  "best_model": "O(2^n)",
  "details": {
    "O(1)": {
      "r2": 0,
      "aic": Infinity,
      "params_norm": [
        1.0
      ],
      "rss": 0.0
    },
    "O(n)": {
      "r2": 0,
      "aic": -164.86439041083958,
      "params_norm": [
        9.36426321460069e-09,
        0.9999999945375131
      ],
      "rss": 1.844206032192153e-12
    },
    "O(n^2)": {
      "r2": 0,
      "aic": -164.7200650162183,
      "params_norm": [
        1.3968810166677247e-08,
        -1.4862539108855611e-08,
        1.000000003305388
      ],
      "rss": 3.5680581376910183e-13
    },
    "O(n^3)": {
      "r2": 0,
      "aic": -128.10738218115637,
      "params_norm": [
        1.0922999163697997e-07,
        -1.936360687196331e-07,
        1.0137572068589287e-07,
        0.9999999843147139
      ],
      "rss": 1.0741720960208336e-12
    },
    "O(log n)": {
      "r2": 0,
      "aic": -165.36418216724178,
      "params_norm": [
        -4.218004269987846e-09,
        0.9999999972302877
      ],
      "rss": 1.6968103499707984e-12
    },
    "O(n log n)": {
      "r2": 0,
      "aic": -175.6484575648705,
      "params_norm": [
        -8.531161804738576e-09,
        0.9999999979301961
      ],
      "rss": 3.056557911602525e-13
    },
    "O(2^n)": {
      "r2": 0,
      "aic": -208.23457874983816,
      "params_norm": [
        0.9999999998528463,
        2.5226359021217946e-10
      ],
      "rss": 1.3383525346755996e-15
    },
    "O(n^k)": {
      "r2": 0,
      "aic": -163.39366709339976,
      "params_norm": [
        0.9999999973302715,
        -4.845089375126886e-09
      ],
      "rss": 2.3564809961805604e-12
    }
  }
}