{
  "valid_points": 94,
  "models": {
    "Constant": {
      "r2": 0.7,
      "aic": -346.54569480732584,
      "bic": -341.4591052427858,
      "params": [
        100.15151159877475,
        -99.84848840122521
      ],
      "confidence_score": 0.41
    },
    "Linear": {
      "r2": 0.9828329820735255,
      "aic": -728.6336328619565,
      "bic": -723.5470432974165,
      "params": [
        0.00011014101941401209,
        0.07736065275175877
      ],
      "confidence_score": 0.9796997892441153
    },
    "Quadratic": {
      "r2": 0.9031103923562172,
      "aic": -563.9588981322651,
      "bic": -556.329013785455,
      "params": [
        2.3871337943622454e-08,
        1.0,
        0.1563772830424439
      ],
      "confidence_score": 0.5218662354137302
    },
    "Cubic": {
      "r2": 0.7953706070192568,
      "aic": -491.68184366441125,
      "bic": -481.5086645353312,
      "params": [
        5.275800023181592e-12,
        1.0,
        1.0,
        0.19297727835511622
      ],
      "confidence_score": 0.45722236421155404
    },
    "Logarithmic": {
      "r2": 0.611597206036661,
      "aic": -435.4426556199435,
      "bic": -430.35606605540346,
      "params": [
        0.06758934096151062,
        -0.1665916386333298
      ],
      "confidence_score": 0.5037986030183306
    },
    "N Log N": {
      "r2": 0.9799366459325713,
      "aic": -713.9785638212597,
      "bic": -708.8919742567198,
      "params": [
        1.2981576000964839e-05,
        0.09275449576523051
      ],
      "confidence_score": 0.5981971575653754
    }
  }
}