{
  "best_model": "O(2^n)",
  "details": {
    "O(1)": {
      "r2": 0,
      "aic": Infinity,
      "params_norm": [
        1.0
      ],
      "rss": 0.0
    },
    "O(n)": {
      "r2": 0,
      "aic": -164.80683651387383,
      "params_norm": [
        9.36426321460069e-09,
        0.9999999945375131
      ],
      "rss": 1.861981356488306e-12
    },
    "O(n^2)": {
      "r2": 0,
      "aic": -164.66251062907202,
      "params_norm": [
        1.3968810166677247e-08,
        -1.4862539108855611e-08,
        1.000000003305388
      ],
      "rss": 3.6024490528941944e-13
    },
    "O(n^3)": {
      "r2": 0,
      "aic": -128.04982821214406,
      "params_norm": [
        1.0922999163697997e-07,
        -1.936360687196331e-07,
        1.0137572068589287e-07,
        0.9999999843147139
      ],
      "rss": 1.0845254844383613e-12
    },
    "O(log n)": {
      "r2": 0,
      "aic": -165.3066282261106,
      "params_norm": [
        -4.218004269987846e-09,
        0.9999999972302877
      ],
      "rss": 1.7131650180336776e-12
    },
    "O(n log n)": {
      "r2": 0,
      "aic": -175.5909036003311,
      "params_norm": [
        -8.531161804738576e-09,
        0.9999999979301961
      ],
      "rss": 3.086018487729486e-13
    },
    "O(2^n)": {
      "r2": 0,
      "aic": -208.1770203321574,
      "params_norm": [
        0.9999999998528463,
        2.5226359021217946e-10
      ],
      "rss": 1.3512532233763375e-15
    },
    "O(n^k)": {
      "r2": 0,
      "aic": -163.33611297721453,
      "params_norm": [
        0.9999999973302715,
        -4.845089375126886e-09
      ],
      "rss": 2.379193954215651e-12
    }
  }
}