{
  "valid_points": 12,
  "models": {
    "Constant": {
      "r2": 0.7,
      "aic": 99.40384303810677,
      "bic": 100.37365633768277,
      "params": [
        139.9324471537649,
        -30.291700838444562
      ],
      "confidence_score": 0.11999999999999998
    },
    "Linear": {
      "r2": 0.9990340790859286,
      "aic": 16.09469987897265,
      "bic": 17.06451317854865,
      "params": [
        0.0003227631812500187,
        -7.449182617898607
      ],
      "confidence_score": 0.8994204474515571
    },
    "Quadratic": {
      "r2": 0.9550202957416479,
      "aic": 64.18531614892989,
      "bic": 65.64003609829389,
      "params": [
        4.2640236532737967e-10,
        1.0,
        41.9254527021511
      ],
      "confidence_score": 0.5530121774563133
    },
    "Cubic": {
      "r2": 0.8731349823526136,
      "aic": 78.62826370703436,
      "bic": 80.56789030618637,
      "params": [
        6.401378133975297e-16,
        1.0,
        1.0,
        60.12826625384968
      ],
      "confidence_score": 0.5038809894115746
    },
    "Logarithmic": {
      "r2": 0.9408050174233878,
      "aic": 65.48082110461769,
      "bic": 66.45063440419368,
      "params": [
        93.92817148549527,
        -1080.4621945190263
      ],
      "confidence_score": 0.5480000000056632
    },
    "N Log N": {
      "r2": 0.9984644407617668,
      "aic": 21.657515361573335,
      "bic": 22.627328661149335,
      "params": [
        2.3498798192734613e-05,
        -0.43702049272130344
      ],
      "confidence_score": 0.6665853703954304
    }
  }
}