{
  "valid_points": 31,
  "models": {
    "Constant": {
      "r2": 0.7,
      "aic": -685.4252342423462,
      "bic": -682.5572598333758,
      "params": [
        -99.99991113380071,
        100.00008886619922
      ],
      "confidence_score": 0.35222327961040284
    },
    "Linear": {
      "r2": 0.030789121768765026,
      "aic": -686.3946992937565,
      "bic": -683.5267248847862,
      "params": [
        1.8865264536550516e-14,
        0.00017675161099696667
      ],
      "confidence_score": 0.013286845676802847
    },
    "Quadratic": {
      "r2": 0.023519428615878635,
      "aic": -684.1630474185658,
      "bic": -679.8610858051104,
      "params": [
        3.1919276871805794e-23,
        1.0,
        0.0001770399162692447
      ],
      "confidence_score": 0.0
    },
    "Cubic": {
      "r2": 0.01861775157808676,
      "aic": -682.0078247910039,
      "bic": -676.2718759730634,
      "params": [
        5.322606586837189e-32,
        1.0,
        1.0,
        0.00017716306653994221
      ],
      "confidence_score": 0.0
    },
    "Logarithmic": {
      "r2": 0.2712602812502777,
      "aic": -695.2348323761978,
      "bic": -692.3668579672275,
      "params": [
        1.2953915783498122e-06,
        0.00016376552102044292
      ],
      "confidence_score": 0.7336301406251388
    },
    "N Log N": {
      "r2": 0.030464382638342058,
      "aic": -686.3843143226835,
      "bic": -683.5163399137132,
      "params": [
        9.373317699071381e-16,
        0.00017677554496138955
      ],
      "confidence_score": 0.016823524337576126
    }
  }
}