{
  "valid_points": 30,
  "models": {
    "Constant": {
      "r2": 0.7,
      "aic": -570.0452848091307,
      "bic": -567.2428900458065,
      "params": [
        100.00021370748678,
        -99.99978629251314
      ],
      "confidence_score": 0.3500000013413466
    },
    "Linear": {
      "r2": 0.3266521932678207,
      "aic": -581.9100832793071,
      "bic": -579.1076885159828,
      "params": [
        2.861490144297241e-13,
        0.00041204246403491493
      ],
      "confidence_score": 0.18599199031480493
    },
    "Quadratic": {
      "r2": 0.1959734130677354,
      "aic": -574.5889730699167,
      "bic": -570.3853809249302,
      "params": [
        4.2871057680484755e-22,
        1.0,
        0.0004178041592791604
      ],
      "confidence_score": 0.0975840564478628
    },
    "Cubic": {
      "r2": 0.15534458628885994,
      "aic": -571.1100806857429,
      "bic": -565.5052911590943,
      "params": [
        7.1521439892599566e-31,
        1.0,
        1.0,
        0.00041950968305190766
      ],
      "confidence_score": 0.07320675252349504
    },
    "Logarithmic": {
      "r2": 0.7224371630161499,
      "aic": -608.496522764564,
      "bic": -605.6941280012397,
      "params": [
        1.0405639526584863e-05,
        0.0003114818684083179
      ],
      "confidence_score": 0.898
    },
    "N Log N": {
      "r2": 0.31436586986312,
      "aic": -581.3676187548637,
      "bic": -578.5652239915394,
      "params": [
        1.4020406860334075e-14,
        0.00041262548503595786
      ],
      "confidence_score": 0.3551833205471636
    }
  }
}