{
  "valid_points": 78,
  "models": {
    "Constant": {
      "r2": 0.7,
      "aic": 31.27047408789224,
      "bic": 35.98389174127142,
      "params": [
        -98.1819881985966,
        101.81801180140333
      ],
      "confidence_score": 0.35
    },
    "Linear": {
      "r2": 0.8953409863097923,
      "aic": -144.77924667003407,
      "bic": -140.06582901665487,
      "params": [
        0.0009821571943658958,
        0.6889224317636609
      ],
      "confidence_score": 0.5556224483849681
    },
    "Quadratic": {
      "r2": 0.8430432862659925,
      "aic": -111.1687730993336,
      "bic": -104.09864661926483,
      "params": [
        1.5664675152397303e-07,
        1.0,
        2.019353815783426
      ],
      "confidence_score": 0.48582597219955914
    },
    "Cubic": {
      "r2": 0.7752155618905463,
      "aic": -81.15337024245065,
      "bic": -71.72653493569229,
      "params": [
        2.973862246363782e-11,
        1.0,
        1.0,
        2.4801719515205756
      ],
      "confidence_score": 0.4451293371343278
    },
    "Logarithmic": {
      "r2": 0.9022022815954369,
      "aic": -150.06814036210267,
      "bic": -145.35472270872347,
      "params": [
        2.618718981190162,
        -17.1075493128853
      ],
      "confidence_score": 0.898
    },
    "N Log N": {
      "r2": 0.8910559296699715,
      "aic": -141.64933619718292,
      "bic": -136.93591854380372,
      "params": [
        0.00010935383557269538,
        0.9836163370871093
      ],
      "confidence_score": 0.6024565743689442
    }
  }
}