{
  "valid_points": 10,
  "models": {
    "Constant": {
      "r2": 0.7,
      "aic": 37.70619970945739,
      "bic": 38.31136989544548,
      "params": [
        3.8429418355226517,
        1.0
      ],
      "confidence_score": 0.09999999999999998
    },
    "Linear": {
      "r2": 0.9472366148340037,
      "aic": 8.286821793540751,
      "bic": 8.891991979528843,
      "params": [
        0.023752901660113478,
        -3.4349443930268957
      ],
      "confidence_score": 0.46834196890040225
    },
    "Quadratic": {
      "r2": 0.9999670785819128,
      "aic": -63.50767135371184,
      "bic": -62.599916074729705,
      "params": [
        2.7591356285494584e-05,
        1.0,
        0.1440648817129776
      ],
      "confidence_score": 0.9799802471491477
    },
    "Cubic": {
      "r2": 0.9740756365156948,
      "aic": 5.1804789358126,
      "bic": 6.390819307788783,
      "params": [
        3.416075075888447e-08,
        1.0,
        1.0,
        1.377370832863958
      ],
      "confidence_score": 0.5644453819094173
    },
    "Logarithmic": {
      "r2": 0.7672972117813338,
      "aic": 23.126267442312898,
      "bic": 23.731437628300988,
      "params": [
        7.1313350018679325,
        -35.40143594570581
      ],
      "confidence_score": 0.548
    },
    "N Log N": {
      "r2": 0.9624016850342609,
      "aic": 4.898239266142573,
      "bic": 5.503409452130665,
      "params": [
        0.0034340825610871804,
        -2.3941667609702204
      ],
      "confidence_score": 0.6980000000000004
    }
  }
}