{
  "valid_points": 29,
  "models": {
    "Constant": {
      "r2": 0.95,
      "aic": -607.1494425789869,
      "bic": -604.4148509190139,
      "params": [
        -99.99950781207663,
        100.00049218792351
      ],
      "confidence_score": 0.3287913309824045
    },
    "Linear": {
      "r2": 0.008334954801393568,
      "aic": -607.392169237192,
      "bic": -604.6575775772191,
      "params": [
        2.2224759320288042e-14,
        0.0009835529630190664
      ],
      "confidence_score": 0.05592259670389068
    },
    "Quadratic": {
      "r2": 0.0024224079009969035,
      "aic": -605.2197776326466,
      "bic": -601.1178901426872,
      "params": [
        2.4335311691627792e-23,
        1.0,
        0.0009840533559470198
      ],
      "confidence_score": 0.0
    },
    "Cubic": {
      "r2": 0.001133736554521536,
      "aic": -603.1823395908661,
      "bic": -597.7131562709203,
      "params": [
        3.1556538841357486e-32,
        1.0,
        1.0,
        0.000984183407867573
      ],
      "confidence_score": 0.0
    },
    "Logarithmic": {
      "r2": 0.12428410252211808,
      "aic": -610.9981357782654,
      "bic": -608.2635441182924,
      "params": [
        1.5942240698132504e-06,
        0.0009678686481902173
      ],
      "confidence_score": 0.760142051261059
    },
    "N Log N": {
      "r2": 0.007649665137173911,
      "aic": -607.3721357220768,
      "bic": -604.6375440621039,
      "params": [
        1.0683769222495976e-15,
        0.0009836081144876604
      ],
      "confidence_score": 0.2507740042234012
    }
  }
}