{
  "valid_points": 77,
  "models": {
    "Constant": {
      "r2": -2.220446049250313e-16,
      "aic": -226.620584669759,
      "bic": -221.93297382605164,
      "params": [
        -99.65545926968765,
        100.34454073031227
      ],
      "confidence_score": -2.220446049250313e-16
    },
    "Linear": {
      "r2": 0.9791117425644551,
      "aic": -524.5003301480558,
      "bic": -519.8127193043484,
      "params": [
        0.00019285294922133378,
        0.11427948859555137
      ],
      "confidence_score": 0.9591117425644551
    },
    "Quadratic": {
      "r2": 0.9622021979236639,
      "aic": -476.83441763129724,
      "bic": -469.8030013657362,
      "params": [
        3.1369999785526555e-08,
        1.0,
        0.36908709277140306
      ],
      "confidence_score": 0.9222021979236639
    },
    "Cubic": {
      "r2": 0.9095978206030357,
      "aic": -407.68907623934444,
      "bic": -398.3138545519297,
      "params": [
        6.026382598736736e-12,
        1.0,
        1.0,
        0.4581673064660008
      ],
      "confidence_score": 0.8595978206030357
    },
    "Logarithmic": {
      "r2": 0.930565614435657,
      "aic": -432.00831067066895,
      "bic": -427.3206998269616,
      "params": [
        0.4996337728288438,
        -3.265122989290484
      ],
      "confidence_score": 0.920565614435657
    },
    "N Log N": {
      "r2": 0.9799830531977783,
      "aic": -527.7811385260003,
      "bic": -523.0935276822929,
      "params": [
        2.1530411139543887e-05,
        0.17074587815145376
      ],
      "confidence_score": 0.9499830531977783
    }
  }
}