{
  "Constant": {
    "r2": 0.0,
    "aic": -611.6310885256602,
    "bic": -606.9961122985876,
    "params": [
      100.06663521130885,
      -99.93336478869129
    ]
  },
  "Linear": {
    "r2": 0.0020086795349754105,
    "aic": -611.7818909984595,
    "bic": -607.146914771387,
    "params": [
      -6.465671231747905e-07,
      0.135192882197529
    ]
  },
  "Quadratic": {
    "r2": 0.0015081129677185778,
    "aic": -609.7442823742648,
    "bic": -602.7918180336559,
    "params": [
      -9.215583851585052e-11,
      1.0,
      0.13420574300618848
    ]
  },
  "Cubic": {
    "r2": 0.0013903409310657144,
    "aic": -607.7354366520466,
    "bic": -598.4654841979013,
    "params": [
      -1.7496108848830832e-14,
      1.0,
      1.0,
      0.13393557801973663
    ]
  },
  "Logarithmic": {
    "r2": 0.003395004097959564,
    "aic": -611.8861470407608,
    "bic": -607.2511708136882,
    "params": [
      -0.002224437683923548,
      0.1508696131093171
    ]
  },
  "N Log N": {
    "r2": 0.0019163440333017645,
    "aic": -611.7749522183914,
    "bic": -607.1399759913188,
    "params": [
      -7.05005239679309e-08,
      0.13496308147195907
    ]
  }
}