{
  "Constant": {
    "r2": 2.220446049250313e-16,
    "aic": 174.43977099052125,
    "bic": 176.9559640665642,
    "params": [
      112.65955909800076,
      -87.34044090199927
    ]
  },
  "Linear": {
    "r2": 0.6937728160084811,
    "aic": 143.67064244060202,
    "bic": 146.18683551664498,
    "params": [
      0.2676926585668358,
      -12.29170033263902
    ]
  },
  "Quadratic": {
    "r2": 0.7543868409166875,
    "aic": 139.93583586533066,
    "bic": 143.71012547939512,
    "params": [
      0.0009609493134818958,
      1.0,
      -0.19072275434956998
    ]
  },
  "Cubic": {
    "r2": 0.7476682319467184,
    "aic": 142.63749753667847,
    "bic": 147.6698836887644,
    "params": [
      3.5592653040428246e-06,
      1.0,
      1.0,
      5.23653498040974
    ]
  },
  "Logarithmic": {
    "r2": 0.40659588135810376,
    "aic": 160.87090060017127,
    "bic": 163.38709367621422,
    "params": [
      16.34458922545299,
      -50.14100906339653
    ]
  },
  "N Log N": {
    "r2": 0.7141808743343956,
    "aic": 141.87747249525685,
    "bic": 144.3936655712998,
    "params": [
      0.046763699240386924,
      -8.495621348271788
    ]
  }
}