{
  "valid_points": 59,
  "models": {
    "Constant": {
      "r2": 0.0,
      "aic": 877.8088628025249,
      "bic": 881.9639376903364,
      "params": [
        741.2056779744189,
        1879.2253483747104
      ],
      "confidence_score": 0.0
    },
    "Linear": {
      "r2": 0.9753518347664305,
      "aic": 659.3287467777684,
      "bic": 663.4838216655799,
      "params": [
        1.9040766632818256,
        -2046.170422777124
      ],
      "confidence_score": 0.9553518347664305
    },
    "Quadratic": {
      "r2": 0.9999396353080275,
      "aic": 306.6175973598774,
      "bic": 312.85020969159456,
      "params": [
        0.00038820548498119667,
        1.0,
        6.196072700112308
      ],
      "confidence_score": 0.9599396353080275
    },
    "Cubic": {
      "r2": 0.9833612769033556,
      "aic": 640.1435303751982,
      "bic": 648.4536801508211,
      "params": [
        9.470490733263986e-08,
        1.0,
        1.0,
        719.32070385279
      ],
      "confidence_score": 0.9333612769033556
    },
    "Logarithmic": {
      "r2": 0.8953570333921823,
      "aic": 744.6340013796757,
      "bic": 748.7890762674872,
      "params": [
        4055.038427411638,
        -28747.962171215255
      ],
      "confidence_score": 0.8853570333921823
    },
    "N Log N": {
      "r2": 0.9808378262482168,
      "aic": 644.4746562462175,
      "bic": 648.6297311340289,
      "params": [
        0.21779343905393855,
        -1578.8992368544828
      ],
      "confidence_score": 0.9508378262482168
    }
  }
}