{
  "Constant": {
    "r2": 0.0,
    "aic": 347.2965277543177,
    "bic": 349.88820148632635,
    "params": [
      394.4751363916266,
      105.38261588185372
    ]
  },
  "Linear": {
    "r2": 0.8295433898296669,
    "aic": 299.5261162421658,
    "bic": 302.11778997417446,
    "params": [
      6.130710835908201,
      -395.22602976911713
    ]
  },
  "Quadratic": {
    "r2": 0.9678491311701065,
    "aic": 256.4890010353639,
    "bic": 260.3765116333769,
    "params": [
      0.021938479620088658,
      1.0,
      -128.82594537285775
    ]
  },
  "Cubic": {
    "r2": 0.9997300809330621,
    "aic": 129.42704106278813,
    "bic": 134.61038852680542,
    "params": [
      7.984643961744808e-05,
      1.0,
      1.0,
      -5.358457748124466
    ]
  },
  "Logarithmic": {
    "r2": 0.4287171536847574,
    "aic": 332.1800150903392,
    "bic": 334.77168882234787,
    "params": [
      365.1100925796003,
      -1199.9854021315168
    ]
  },
  "N Log N": {
    "r2": 0.8670345636768475,
    "aic": 292.8195440856134,
    "bic": 295.41121781762206,
    "params": [
      1.0720484784829405,
      -311.64905437608417
    ]
  }
}