{
  "valid_points": 203,
  "models": {
    "Constant": {
      "r2": 0.7,
      "aic": -3284.542753153488,
      "bic": -3277.916341195404,
      "params": [
        100.00172455983235,
        -99.99827544016767
      ],
      "confidence_score": 0.37
    },
    "Linear": {
      "r2": 0.07857650072462352,
      "aic": -3301.1553643072966,
      "bic": -3294.528952349213,
      "params": [
        1.992244593488357e-12,
        0.0034293872903112805
      ],
      "confidence_score": 0.03714590043477411
    },
    "Quadratic": {
      "r2": 0.054193161965118364,
      "aic": -3293.853287690857,
      "bic": -3283.913669753732,
      "params": [
        3.3969402954569375e-21,
        1.0,
        0.0034425884846741384
      ],
      "confidence_score": 0.012515897179071016
    },
    "Cubic": {
      "r2": 0.048713733019733474,
      "aic": -3290.680622874191,
      "bic": -3277.427798958024,
      "params": [
        6.1404569249410366e-30,
        1.0,
        1.0,
        0.003443768946655486
      ],
      "confidence_score": 0.009228239811840084
    },
    "Logarithmic": {
      "r2": 0.43425462979925933,
      "aic": -3400.173822282196,
      "bic": -3393.547410324112,
      "params": [
        0.00019337926387887603,
        0.0005049494016375745
      ],
      "confidence_score": 0.8151273148996296
    },
    "N Log N": {
      "r2": 0.07464720855083706,
      "aic": -3300.2915374118493,
      "bic": -3293.6651254537655,
      "params": [
        9.743162575787601e-14,
        0.0034321116644485234
      ],
      "confidence_score": 0.3353236042754185
    }
  }
}