{
  "valid_points": 59,
  "models": {
    "Constant": {
      "r2": 0.7,
      "aic": -2.7416727679278807,
      "bic": 1.4134021198835587,
      "params": [
        -98.8892982887514,
        101.11070171124855
      ],
      "confidence_score": 0.35
    },
    "Linear": {
      "r2": 0.9637477156375764,
      "aic": -198.45959285150477,
      "bic": -194.3045179636933,
      "params": [
        0.001087058529094631,
        -0.4428112098247221
      ],
      "confidence_score": 0.5682521631399328
    },
    "Quadratic": {
      "r2": 0.9771963222954982,
      "aic": -223.8108465067644,
      "bic": -217.57823417504724,
      "params": [
        2.2041094505098613e-07,
        1.0,
        0.7371224954788007
      ],
      "confidence_score": 0.966317793377299
    },
    "Cubic": {
      "r2": 0.9525353751366301,
      "aic": -178.56013728979894,
      "bic": -170.24998751417607,
      "params": [
        5.353329286852058e-11,
        1.0,
        1.0,
        1.1467738328254187
      ],
      "confidence_score": 0.5515212251031062
    },
    "Logarithmic": {
      "r2": 0.8965019793374424,
      "aic": -136.5656374070054,
      "bic": -132.41056251919395,
      "params": [
        2.330450850496373,
        -15.806168921035654
      ],
      "confidence_score": 0.598
    },
    "N Log N": {
      "r2": 0.9678252922202507,
      "aic": -205.49957462551205,
      "bic": -201.3444997377006,
      "params": [
        0.00012425450475144083,
        -0.17437904188094652
      ],
      "confidence_score": 0.5980895386642658
    }
  }
}