{
  "Constant": {
    "r2": 0.0,
    "aic": 155.18819007159104,
    "bic": 157.704383147634,
    "params": [
      108.65633198275022,
      -91.34366801724983
    ]
  },
  "Linear": {
    "r2": 0.863422848637443,
    "aic": 103.42568414446824,
    "bic": 105.9418772205112,
    "params": [
      0.20623098210762336,
      -13.93132982380463
    ]
  },
  "Quadratic": {
    "r2": 0.978845260295581,
    "aic": 56.93501629507736,
    "bic": 60.709305909141804,
    "params": [
      0.0007042055858612633,
      1.0,
      -3.643437933481148
    ]
  },
  "Cubic": {
    "r2": 0.9996101155409508,
    "aic": -44.90297308954592,
    "bic": -39.87058693745999,
    "params": [
      2.5251022596206596e-06,
      1.0,
      1.0,
      0.7209581316905016
    ]
  },
  "Logarithmic": {
    "r2": 0.5742808075209952,
    "aic": 132.98483168276826,
    "bic": 135.5010247588112,
    "params": [
      17.833180408135103,
      -68.15305551084236
    ]
  },
  "N Log N": {
    "r2": 0.8939644867773008,
    "aic": 96.84467859657863,
    "bic": 99.3608716726216,
    "params": [
      0.03549599573197154,
      -10.58561947806344
    ]
  }
}