{
  "Constant": {
    "r2": 0.0,
    "aic": 421.54724375187396,
    "bic": 425.7023186396854,
    "params": [
      -73.40606383474191,
      126.59393616525806
    ]
  },
  "Linear": {
    "r2": 0.9740715796210512,
    "aic": 206.0547233545411,
    "bic": 210.20979824235255,
    "params": [
      0.03897014676393429,
      -42.81739601080361
    ]
  },
  "Quadratic": {
    "r2": 0.9999625417323464,
    "aic": -177.79745957600068,
    "bic": -171.56484724428353,
    "params": [
      7.833591288530783e-06,
      1.0,
      -0.3065940109546652
    ]
  },
  "Cubic": {
    "r2": 0.9822653904334183,
    "aic": 187.64524860661155,
    "bic": 195.95539838223442,
    "params": [
      1.875792848611587e-09,
      1.0,
      1.0,
      14.538619218385282
    ]
  },
  "Logarithmic": {
    "r2": 0.8898021916643384,
    "aic": 291.42402579106187,
    "bic": 295.5791006788733,
    "params": [
      83.6715870015147,
      -594.3530655008458
    ]
  },
  "N Log N": {
    "r2": 0.9798601342649214,
    "aic": 191.14905431253084,
    "bic": 195.3041292003423,
    "params": [
      0.004451659460892683,
      -33.16755101944477
    ]
  }
}