{
  "valid_points": 192,
  "models": {
    "Constant": {
      "r2": 0.7,
      "aic": -3602.8251102116014,
      "bic": -3596.310119467546,
      "params": [
        100.00030872179174,
        -99.99969127820823
      ],
      "confidence_score": 0.5965502149605761
    },
    "Linear": {
      "r2": 0.006111308059481124,
      "aic": -3604.0020814503023,
      "bic": -3597.487090706247,
      "params": [
        2.2855352907915985e-12,
        0.0006058415824613852
      ],
      "confidence_score": 0.3936667848356887
    },
    "Quadratic": {
      "r2": 0.002790460958279506,
      "aic": -3601.3616276296716,
      "bic": -3591.5891415135884,
      "params": [
        1.4735859641462536e-19,
        1.0,
        0.0006124494203429085
      ],
      "confidence_score": 0.0026316376952916568
    },
    "Cubic": {
      "r2": 0.001127883599318813,
      "aic": -3599.041786078231,
      "bic": -3586.01180459012,
      "params": [
        9.78931343772323e-27,
        1.0,
        1.0,
        0.0006149515400101216
      ],
      "confidence_score": 0.0
    },
    "Logarithmic": {
      "r2": 0.005759458933718986,
      "aic": -3603.9341230583323,
      "bic": -3597.419132314277,
      "params": [
        7.2547950802367494e-06,
        0.0005073431875773412
      ],
      "confidence_score": 0.2908572134912837
    },
    "N Log N": {
      "r2": 0.0058835777406275325,
      "aic": -3603.95809341315,
      "bic": -3597.4431026690945,
      "params": [
        1.374609481313753e-13,
        0.0006065437399776145
      ],
      "confidence_score": 0.49441561477176804
    }
  }
}