{
  "valid_points": 75,
  "models": {
    "Constant": {
      "r2": 0.7,
      "aic": -767.2888996687323,
      "bic": -762.6539234416597,
      "params": [
        100.02334453165533,
        -99.97665546834475
      ],
      "confidence_score": 0.568025781739606
    },
    "Linear": {
      "r2": 0.015069414693325012,
      "aic": -768.4277080734703,
      "bic": -763.7927318463977,
      "params": [
        -6.209188949668487e-07,
        0.04855181999559932
      ],
      "confidence_score": 0.32426974375018525
    },
    "Quadratic": {
      "r2": 0.011720996131657335,
      "aic": -766.1731668077514,
      "bic": -759.2207024671425,
      "params": [
        -8.99765779072583e-11,
        1.0,
        0.04761906121987257
      ],
      "confidence_score": 0.020098813037621333
    },
    "Cubic": {
      "r2": 0.00990618711431035,
      "aic": -764.035568157662,
      "bic": -754.7656157035168,
      "params": [
        -1.6348177098230113e-14,
        1.0,
        1.0,
        0.04732703457370432
      ],
      "confidence_score": 0.0
    },
    "Logarithmic": {
      "r2": 0.020489628289684925,
      "aic": -768.8415836342291,
      "bic": -764.2066074071565,
      "params": [
        -0.0019197221107146172,
        0.06189246612623077
      ],
      "confidence_score": 0.5082448141448425
    },
    "N Log N": {
      "r2": 0.01458302090516761,
      "aic": -768.3906795455985,
      "bic": -763.7557033185259,
      "params": [
        -6.817682171842962e-08,
        0.048342560911359155
      ],
      "confidence_score": 0.5447381111373026
    }
  }
}