{
  "best_model": "O(2^n)",
  "details": {
    "O(1)": {
      "r2": 0,
      "aic": Infinity,
      "params_norm": [
        1.0
      ],
      "rss": 0.0
    },
    "O(n)": {
      "r2": 0,
      "aic": -165.88756626825727,
      "params_norm": [
        9.36426321460069e-09,
        0.9999999945375131
      ],
      "rss": 1.5550684134435684e-12
    },
    "O(n^2)": {
      "r2": 0,
      "aic": -165.743240738672,
      "params_norm": [
        1.3968810166677247e-08,
        -1.4862539108855611e-08,
        1.000000003305388
      ],
      "rss": 3.0086522520847797e-13
    },
    "O(n^3)": {
      "r2": 0,
      "aic": -129.13055811632495,
      "params_norm": [
        1.0922999163697997e-07,
        -1.936360687196331e-07,
        1.0137572068589287e-07,
        0.9999999843147139
      ],
      "rss": 9.057616374309939e-13
    },
    "O(log n)": {
      "r2": 0,
      "aic": -166.38735807732795,
      "params_norm": [
        -4.218004269987846e-09,
        0.9999999972302877
      ],
      "rss": 1.430781653254273e-12
    },
    "O(n log n)": {
      "r2": 0,
      "aic": -176.67163372761544,
      "params_norm": [
        -8.531161804738576e-09,
        0.9999999979301961
      ],
      "rss": 2.5773456638498195e-13
    },
    "O(2^n)": {
      "r2": 0,
      "aic": -209.2577493424621,
      "params_norm": [
        0.9999999998528463,
        2.5226359021217946e-10
      ],
      "rss": 1.1285244395717791e-15
    },
    "O(n^k)": {
      "r2": 0,
      "aic": -164.41684299876704,
      "params_norm": [
        0.9999999973302715,
        -4.845089375126886e-09
      ],
      "rss": 1.987028060199655e-12
    }
  }
}