{
  "valid_points": 41,
  "models": {
    "Constant": {
      "r2": 0.85,
      "params": [
        0.0008073161219858127
      ]
    },
    "Linear": {
      "r2": 0.3283468892582201,
      "params": [
        6.130808083426587e-08,
        0.0007459467331407676
      ]
    },
    "Quadratic": {
      "r2": 0.4164220878001561,
      "params": [
        3.3343860619126914e-11,
        0.0007622351890850791
      ]
    },
    "Cubic": {
      "r2": 0.4669714133893108,
      "params": [
        1.8386364260469665e-14,
        0.0007695495552723169
      ]
    },
    "Logarithmic": {
      "r2": 0.14840713073663936,
      "params": [
        1.8276557961149623e-05,
        0.000688346067110523
      ]
    },
    "N Log N": {
      "r2": 0.34264957613506675,
      "params": [
        8.066437097513797e-09,
        0.0007498729274771227
      ]
    },
    "np": {
      "r2": -Infinity,
      "success": false
    }
  }
}