{
  "best_model": "O(2^n)",
  "details": {
    "O(1)": {
      "r2": 0,
      "aic": Infinity,
      "params_norm": [
        1.0
      ],
      "rss": 0.0
    },
    "O(n)": {
      "r2": 0,
      "aic": -3419.0204491990885,
      "params_norm": [
        3.539513381405014e-10,
        0.9999999997936918
      ],
      "rss": 1.927497989513182e-13
    },
    "O(n^2)": {
      "r2": 0,
      "aic": -2884.0227455746353,
      "params_norm": [
        2.262728146446774e-08,
        -2.697387986981183e-08,
        1.000000006707853
      ],
      "rss": 3.76979348113189e-11
    },
    "O(n^3)": {
      "r2": 0,
      "aic": -2828.9502904479696,
      "params_norm": [
        9.207473059506364e-09,
        1.2993395631032284e-08,
        -2.4496106730549883e-08,
        1.0000000064036458
      ],
      "rss": 6.365001006411787e-11
    },
    "O(log n)": {
      "r2": 0,
      "aic": -2959.0108758722527,
      "params_norm": [
        -1.7262467729194512e-09,
        0.9999999988883356
      ],
      "rss": 1.83235647247968e-11
    },
    "O(n log n)": {
      "r2": 0,
      "aic": -3387.997624283971,
      "params_norm": [
        9.149493385152141e-10,
        1.000000000238507
      ],
      "rss": 2.6205375427796065e-13
    },
    "O(2^n)": {
      "r2": 0,
      "aic": -3597.426271697914,
      "params_norm": [
        1.0000000000853677,
        -1.463447165138362e-10
      ],
      "rss": 3.295024469662593e-14
    },
    "O(n^k)": {
      "r2": 0,
      "aic": -3297.7109480258214,
      "params_norm": [
        0.999999999792065,
        -3.2278032427202367e-10
      ],
      "rss": 6.406460622347964e-13
    }
  }
}