{
  "valid_points": 17,
  "models": {
    "Constant": {
      "r2": 0.7,
      "aic": 115.12613898354128,
      "bic": 116.79256567165372,
      "params": [
        104.11166699931911,
        -95.88833300068102
      ],
      "confidence_score": 0.11999999999999998
    },
    "Linear": {
      "r2": 0.9999925964007843,
      "aic": -85.70411403996513,
      "bic": -84.0376873518527,
      "params": [
        0.0002143474148822433,
        -0.0396453670281367
      ],
      "confidence_score": 0.8999955578404706
    },
    "Quadratic": {
      "r2": 0.9862141428172067,
      "aic": 44.29623406290624,
      "bic": 46.795874095074886,
      "params": [
        4.0383430723049137e-10,
        1.0,
        1.5576159452025073
      ],
      "confidence_score": 0.571728485690324
    },
    "Cubic": {
      "r2": 0.9829477851310306,
      "aic": 49.911060934573136,
      "bic": 53.243914310798004,
      "params": [
        7.68177571105068e-16,
        1.0,
        1.0,
        1.6967151608406752
      ],
      "confidence_score": 0.5697686710786184
    },
    "Logarithmic": {
      "r2": 0.2998208223850093,
      "aic": 109.06701583612508,
      "bic": 110.73344252423752,
      "params": [
        3.943278148458465,
        -16.409574168030147
      ],
      "confidence_score": 0.3979104111925047
    },
    "N Log N": {
      "r2": 0.9995770949481092,
      "aic": -16.936029767848737,
      "bic": -15.269603079736305,
      "params": [
        1.626415096032314e-05,
        0.31376495301542895
      ],
      "confidence_score": 0.6980000000000004
    }
  }
}