{
  "Constant": {
    "r2": -2.220446049250313e-16,
    "aic": 708.68972333437,
    "bic": 712.8447982221815,
    "params": [
      370.02076469254973,
      226.8885294964835
    ]
  },
  "Linear": {
    "r2": 0.9688859255219999,
    "aic": 503.9541179445789,
    "bic": 508.10919283239036,
    "params": [
      0.43931340992101864,
      -496.1620376144507
    ]
  },
  "Quadratic": {
    "r2": 0.9995280748218635,
    "aic": 258.82700708971095,
    "bic": 265.0596194214281,
    "params": [
      8.854661867141456e-05,
      1.0,
      -19.667825842251833
    ]
  },
  "Cubic": {
    "r2": 0.9869024938837646,
    "aic": 456.9050503917933,
    "bic": 465.2152001674162,
    "params": [
      2.1266502521510848e-08,
      1.0,
      1.0,
      146.6958137486584
    ]
  },
  "Logarithmic": {
    "r2": 0.8821021967871991,
    "aic": 582.5514341840072,
    "bic": 586.7065090718187,
    "params": [
      941.980708746593,
      -6701.839078948168
    ]
  },
  "N Log N": {
    "r2": 0.9751356400326827,
    "aic": 490.72485351472085,
    "bic": 494.8799284025323,
    "params": [
      0.05019690171578061,
      -387.81507777782
    ]
  }
}