{
  "valid_points": 10,
  "models": {
    "Constant": {
      "r2": 0.7,
      "aic": 59.258965611327184,
      "bic": 59.86413579731528,
      "params": [
        12.734005391597748,
        1.0
      ],
      "confidence_score": 0.09999999999999998
    },
    "Linear": {
      "r2": 0.9428954454421734,
      "aic": 30.630251602169245,
      "bic": 31.23542178815734,
      "params": [
        0.06961960672716638,
        -10.528427552819798
      ],
      "confidence_score": 0.4657372672676622
    },
    "Quadratic": {
      "r2": 0.9997425017300835,
      "aic": -21.386009955211073,
      "bic": -20.478254676228936,
      "params": [
        8.10469434826544e-05,
        1.0,
        -0.06849170085919543
      ],
      "confidence_score": 0.9798455010380501
    },
    "Cubic": {
      "r2": 0.9760203519985072,
      "aic": 25.953467528053825,
      "bic": 27.163807900030008,
      "params": [
        1.0045530323922703e-07,
        1.0,
        1.0,
        3.542924115407069
      ],
      "confidence_score": 0.5656122112171643
    },
    "Logarithmic": {
      "r2": 0.7585221800587413,
      "aic": 45.049189081320534,
      "bic": 45.65435926730863,
      "params": [
        20.82982088358448,
        -103.81525860100977
      ],
      "confidence_score": 0.49800000000000133
    },
    "N Log N": {
      "r2": 0.9587642644742476,
      "aic": 27.374465296904802,
      "bic": 27.979635482892895,
      "params": [
        0.010069335921566695,
        -7.486473838888154
      ],
      "confidence_score": 0.6980000000090079
    }
  }
}