{
  "valid_points": 26,
  "models": {
    "Constant": {
      "r2": 0.7,
      "aic": 140.25836288940476,
      "bic": 142.77455596544772,
      "params": [
        101.4905167313723,
        -98.50948326862773
      ],
      "confidence_score": 0.09999999999999998
    },
    "Linear": {
      "r2": 0.9993881418006363,
      "aic": -52.115897180397276,
      "bic": -49.59970410435431,
      "params": [
        2.6683501587283997e-07,
        -0.12901523947639532
      ],
      "confidence_score": 0.4996331500428459
    },
    "Quadratic": {
      "r2": 0.9983550471785106,
      "aic": -24.40277006376093,
      "bic": -20.628480449696482,
      "params": [
        9.909650244486816e-16,
        1.0,
        0.22028139544766337
      ],
      "confidence_score": 0.5790130283072419
    },
    "Cubic": {
      "r2": 0.9980520608336156,
      "aic": -18.007202988722284,
      "bic": -12.974816836636355,
      "params": [
        3.690371195008804e-24,
        1.0,
        1.0,
        0.23479959632872185
      ],
      "confidence_score": 0.5788312365001723
    },
    "Logarithmic": {
      "r2": 0.17034876651562325,
      "aic": 135.40286634423936,
      "bic": 137.9190594202823,
      "params": [
        1.0886514057040437,
        -7.066932442152483
      ],
      "confidence_score": 0.2331743832578116
    },
    "N Log N": {
      "r2": 0.9997951892922421,
      "aic": -80.57067104757402,
      "bic": -78.05447797153106,
      "params": [
        1.3747672580200807e-08,
        -0.06423549922219542
      ],
      "confidence_score": 0.9480000000000001
    }
  }
}