{
  "valid_points": 26,
  "models": {
    "Constant": {
      "r2": 0.7,
      "aic": 140.42133886432177,
      "bic": 142.93753194036472,
      "params": [
        101.60316642946927,
        -98.39683357053076
      ],
      "confidence_score": 0.11999999999999998
    },
    "Linear": {
      "r2": 0.9975850214770589,
      "aic": -16.25634814851752,
      "bic": -13.740155072474558,
      "params": [
        2.6679980501314263e-07,
        -0.23686528573597254
      ],
      "confidence_score": 0.4985660291578625
    },
    "Quadratic": {
      "r2": 0.994493206852451,
      "aic": 7.1752452547349925,
      "bic": 10.94953486879944,
      "params": [
        9.926534129751787e-16,
        1.0,
        0.3979333421812226
      ],
      "confidence_score": 0.5766959241768234
    },
    "Cubic": {
      "r2": 0.9923402934649197,
      "aic": 17.75501707424213,
      "bic": 22.78740322632806,
      "params": [
        3.6916287960832036e-24,
        1.0,
        1.0,
        0.4537992319745973
      ],
      "confidence_score": 0.5754041760791274
    },
    "Logarithmic": {
      "r2": 0.17533270291882985,
      "aic": 135.40918235781018,
      "bic": 137.92537543385313,
      "params": [
        1.0751605110602538,
        -6.860431923053162
      ],
      "confidence_score": 0.3356663514594149
    },
    "N Log N": {
      "r2": 0.9988972162466364,
      "aic": -36.636519024083164,
      "bic": -34.1203259480402,
      "params": [
        1.3764939208617262e-08,
        -0.14289882645062013
      ],
      "confidence_score": 0.998
    }
  }
}