{
  "valid_points": 41,
  "models": {
    "Constant": {
      "r2": 0.7,
      "params": [
        8.193147903955655
      ]
    },
    "Linear": {
      "r2": 0.9987694479163636,
      "params": [
        0.007189940663828609,
        0.9960172994632617
      ]
    },
    "Quadratic": {
      "r2": 0.9279616976227074,
      "params": [
        3.346997886288783e-06,
        3.6680034147079326
      ]
    },
    "Cubic": {
      "r2": 0.8283483218653906,
      "params": [
        1.646639845679545e-09,
        4.810862403347482
      ]
    },
    "Logarithmic": {
      "r2": 0.6187133782208891,
      "params": [
        2.5093035462139355,
        -8.140998891014478
      ]
    },
    "N Log N": {
      "r2": 0.995129533756675,
      "params": [
        0.0009243530183281042,
        1.6105898824671372
      ]
    },
    "np": {
      "r2": -Infinity,
      "success": false
    }
  }
}