{
  "valid_points": 41,
  "models": {
    "Constant": {
      "r2": 0.7,
      "params": [
        0.00010731931003471473
      ]
    },
    "Linear": {
      "r2": 0.004042993756300239,
      "params": [
        -1.3801502163346413e-09,
        0.00010870084043690387
      ]
    },
    "Quadratic": {
      "r2": 0.0008722540516503674,
      "params": [
        -3.0959783506739387e-13,
        0.00010773788661755535
      ]
    },
    "Cubic": {
      "r2": 5.221539171540446e-05,
      "params": [
        -3.944524726207629e-17,
        0.00010740033266343435
      ]
    },
    "Logarithmic": {
      "r2": 0.0019080565174759423,
      "params": [
        -4.204232898582613e-07,
        0.00011005602785528648
      ]
    },
    "N Log N": {
      "r2": 0.003381316499056819,
      "params": [
        -1.625635290200804e-10,
        0.00010847696723983995
      ]
    },
    "np": {
      "r2": -Infinity,
      "success": false
    }
  }
}