{
  "valid_points": 746,
  "models": {
    "Constant": {
      "r2": 0.7,
      "aic": 1945.7313353957982,
      "bic": 1954.9607865962057,
      "params": [
        -94.17115612150181,
        105.82884387849809
      ],
      "confidence_score": 0.41
    },
    "Linear": {
      "r2": 0.9950251999923925,
      "aic": -2010.5827656611948,
      "bic": -2001.3533144607873,
      "params": [
        1.4375068435393429e-06,
        -0.3504644987535575
      ],
      "confidence_score": 0.9870151199954355
    },
    "Quadratic": {
      "r2": 0.9677103152694371,
      "aic": -613.2922282320068,
      "bic": -599.4480514313955,
      "params": [
        1.1767887873635258e-13,
        1.0,
        2.680924253845023
      ],
      "confidence_score": 0.5606261891616622
    },
    "Cubic": {
      "r2": 0.9305088155853887,
      "aic": -39.51897615345831,
      "bic": -21.06007375264327,
      "params": [
        1.099695961520186e-20,
        1.0,
        1.0,
        3.800924843402517
      ],
      "confidence_score": 0.5383052893512331
    },
    "Logarithmic": {
      "r2": 0.8657841528423174,
      "aic": 447.53507782695834,
      "bic": 456.7645290273659,
      "params": [
        5.415544801522818,
        -74.03401950022787
      ],
      "confidence_score": 0.548
    },
    "N Log N": {
      "r2": 0.9947874867111434,
      "aic": -1975.7617488640835,
      "bic": -1966.532297663676,
      "params": [
        8.7183045643574e-08,
        0.0031154466591946095
      ],
      "confidence_score": 0.5980000082382227
    }
  }
}