{
  "valid_points": 75,
  "models": {
    "Constant": {
      "r2": -2.220446049250313e-16,
      "aic": 220.227975888368,
      "bic": 224.86295211544063,
      "params": [
        -96.36164168516795,
        103.63835831483209
      ],
      "confidence_score": -2.220446049250313e-16
    },
    "Linear": {
      "r2": 0.9840035782325893,
      "aic": -89.9262907083999,
      "bic": -85.29131448132728,
      "params": [
        0.0036601476372813625,
        -3.7086064790296933
      ],
      "confidence_score": 0.9640035782325893
    },
    "Quadratic": {
      "r2": 0.9977571935727823,
      "aic": -235.2740737121825,
      "bic": -228.32160937157357,
      "params": [
        6.104046965660359e-07,
        1.0,
        0.9770553060526882
      ],
      "confidence_score": 0.9577571935727822
    },
    "Cubic": {
      "r2": 0.966829448090883,
      "aic": -31.22898316347826,
      "bic": -21.95903070933302,
      "params": [
        1.196038940415058e-10,
        1.0,
        1.0,
        2.637561054227837
      ],
      "confidence_score": 0.916829448090883
    },
    "Logarithmic": {
      "r2": 0.9043627763059175,
      "aic": 44.18848847404335,
      "bic": 48.823464701115974,
      "params": [
        9.242120910493481,
        -65.92817870143114
      ],
      "confidence_score": 0.8943627763059175
    },
    "N Log N": {
      "r2": 0.9885768287110566,
      "aic": -115.18038040538917,
      "bic": -110.54540417831655,
      "params": [
        0.000409833162203707,
        -2.6666793003728477
      ],
      "confidence_score": 0.9585768287110565
    }
  }
}