{
  "valid_points": 67,
  "models": {
    "Constant": {
      "r2": 1.1102230246251565e-16,
      "aic": -335.12035946188143,
      "bic": -330.7109742230995,
      "params": [
        -99.8474566738552,
        100.1525433261448
      ],
      "confidence_score": 1.1102230246251565e-16
    },
    "Linear": {
      "r2": 0.9759212733079621,
      "aic": -584.790937519757,
      "bic": -580.381552280975,
      "params": [
        9.783177947397803e-05,
        0.07099126594296834
      ],
      "confidence_score": 0.9559212733079621
    },
    "Quadratic": {
      "r2": 0.9519578811345755,
      "aic": -536.5107302852748,
      "bic": -529.8966524271019,
      "params": [
        1.991274357663332e-08,
        1.0,
        0.17820811882281853
      ],
      "confidence_score": 0.9119578811345754
    },
    "Cubic": {
      "r2": 0.8985443343346099,
      "aic": -484.4252950773777,
      "bic": -475.60652459981384,
      "params": [
        4.9061322617313e-12,
        1.0,
        1.0,
        0.21507067391683327
      ],
      "confidence_score": 0.8485443343346099
    },
    "Logarithmic": {
      "r2": 0.9511420048323708,
      "aic": -537.3824549556421,
      "bic": -532.9730697168601,
      "params": [
        0.21213441255685447,
        -1.3320254103001303
      ],
      "confidence_score": 0.9411420048323708
    },
    "N Log N": {
      "r2": 0.9753516788160116,
      "aic": -583.2244740867941,
      "bic": -578.8150888480121,
      "params": [
        1.1179193682542614e-05,
        0.09540375934404505
      ],
      "confidence_score": 0.9453516788160116
    }
  }
}