{
  "valid_points": 198,
  "models": {
    "Constant": {
      "r2": 0.7,
      "aic": -3790.404546098197,
      "bic": -3783.828012036808,
      "params": [
        -99.99968680280317,
        100.00031319719682
      ],
      "confidence_score": 0.3710030484564212
    },
    "Linear": {
      "r2": 0.04779941519964137,
      "aic": -3800.1025005750357,
      "bic": -3793.525966513647,
      "params": [
        5.2735041344232206e-12,
        0.0005998090769154575
      ],
      "confidence_score": 0.1893447446020985
    },
    "Quadratic": {
      "r2": 0.04018390342010136,
      "aic": -3796.5252347271253,
      "bic": -3786.6604336350415,
      "params": [
        4.630111183532386e-19,
        1.0,
        0.000610841421555445
      ],
      "confidence_score": 0.009622392526539524
    },
    "Cubic": {
      "r2": 0.032990074435157335,
      "aic": -3793.046756918652,
      "bic": -3779.893688795874,
      "params": [
        4.388687509636639e-26,
        1.0,
        1.0,
        0.0006153308914983455
      ],
      "confidence_score": 0.0
    },
    "Logarithmic": {
      "r2": 0.0559566749795235,
      "aic": -3801.8060234089103,
      "bic": -3795.2294893475214,
      "params": [
        1.8598391777362082e-05,
        0.00034435679547590475
      ],
      "confidence_score": 0.6259783374897617
    },
    "N Log N": {
      "r2": 0.04728659187407158,
      "aic": -3799.9958931152837,
      "bic": -3793.419359053895,
      "params": [
        3.216090484634943e-13,
        0.0006010738350147813
      ],
      "confidence_score": 0.4429979553410772
    }
  }
}