{
  "valid_points": 76,
  "models": {
    "Constant": {
      "r2": 0.0,
      "aic": -699.2144695313298,
      "bic": -694.5530028507571,
      "params": [
        100.03829039633273,
        -99.9617096036673
      ],
      "confidence_score": 0.0
    },
    "Linear": {
      "r2": 0.04047688254641413,
      "aic": -702.3547036965683,
      "bic": -697.6932370159957,
      "params": [
        -1.723970091127569e-06,
        0.08175270293952897
      ],
      "confidence_score": 0.020476882546414128
    },
    "Quadratic": {
      "r2": 0.0341634958860092,
      "aic": -699.8562834528494,
      "bic": -692.8640834319905,
      "params": [
        -2.6114674088582284e-10,
        1.0,
        0.0792719785531365
      ],
      "confidence_score": -0.005836504113990802
    },
    "Cubic": {
      "r2": 0.030681175082086898,
      "aic": -697.5827584672323,
      "bic": -688.259825106087,
      "params": [
        -4.9037337321265514e-14,
        1.0,
        1.0,
        0.07847940867759372
      ],
      "confidence_score": -0.019318824917913105
    },
    "Logarithmic": {
      "r2": 0.05104594519840111,
      "aic": -703.196481617709,
      "bic": -698.5350149371363,
      "params": [
        -0.005115504005453814,
        0.11710175161863391
      ],
      "confidence_score": 0.04104594519840111
    },
    "N Log N": {
      "r2": 0.03954521497405106,
      "aic": -702.2809458257452,
      "bic": -697.6194791451726,
      "params": [
        -1.9027301635070672e-07,
        0.08119457638660951
      ],
      "confidence_score": 0.009545214974051058
    }
  }
}