{
  "Constant": {
    "r2": 0.0,
    "aic": -663.3177821645535,
    "bic": -658.7096519781452,
    "params": [
      -99.9589314684272,
      100.04106853157276
    ]
  },
  "Linear": {
    "r2": 0.012946344568379287,
    "aic": -664.2820672021759,
    "bic": -659.6739370157676,
    "params": [
      -1.4371422760670107e-06,
      0.08575710801400091
    ]
  },
  "Quadratic": {
    "r2": 0.01058940614006132,
    "aic": -662.1055767582594,
    "bic": -655.1933814786469,
    "params": [
      -2.5489299559922074e-10,
      1.0,
      0.08394804352798313
    ]
  },
  "Cubic": {
    "r2": 0.009351819077472845,
    "aic": -660.0130729844084,
    "bic": -650.7968126115917,
    "params": [
      -5.754435982968163e-14,
      1.0,
      1.0,
      0.08338734967578186
    ]
  },
  "Logarithmic": {
    "r2": 0.016814102919406104,
    "aic": -664.572604954578,
    "bic": -659.9644747681697,
    "params": [
      -0.0037520395025162833,
      0.11126802270847604
    ]
  },
  "N Log N": {
    "r2": 0.012596004324685328,
    "aic": -664.2558066457228,
    "bic": -659.6476764593145,
    "params": [
      -1.6117481011243898e-07,
      0.08534184419567807
    ]
  }
}