{
  "valid_points": 74,
  "models": {
    "Constant": {
      "r2": 1.1102230246251565e-16,
      "aic": -268.4722453550949,
      "bic": -263.86411516868657,
      "params": [
        100.26187391297243,
        -99.73812608702762
      ],
      "confidence_score": 1.1102230246251565e-16
    },
    "Linear": {
      "r2": 0.9779948829481427,
      "aic": -550.8917845509317,
      "bic": -546.2836543645234,
      "params": [
        0.00013574163616758683,
        0.12110878352872816
      ],
      "confidence_score": 0.9579948829481427
    },
    "Quadratic": {
      "r2": 0.9621670720714877,
      "aic": -508.7908283836724,
      "bic": -501.87863310405993,
      "params": [
        2.216322085907726e-08,
        1.0,
        0.29913556263195445
      ],
      "confidence_score": 0.9221670720714876
    },
    "Cubic": {
      "r2": 0.9092983431645074,
      "aic": -442.08553981198946,
      "bic": -432.8692794391728,
      "params": [
        4.2663207227181536e-12,
        1.0,
        1.0,
        0.3613581107973923
      ],
      "confidence_score": 0.8592983431645074
    },
    "Logarithmic": {
      "r2": 0.9275683995668851,
      "aic": -462.7305781062376,
      "bic": -458.12244791982926,
      "params": [
        0.3501303273552724,
        -2.24489161362248
      ],
      "confidence_score": 0.9175683995668851
    },
    "N Log N": {
      "r2": 0.9790583489369822,
      "aic": -554.557372324885,
      "bic": -549.9492421384767,
      "params": [
        1.5161816558330602e-05,
        0.16062024732498742
      ],
      "confidence_score": 0.9490583489369822
    }
  }
}