{
  "valid_points": 57,
  "models": {
    "Constant": {
      "r2": 1.1102230246251565e-16,
      "aic": -243.7152763421784,
      "bic": -239.6291738065093,
      "params": [
        -99.77243057729902,
        100.22756942270101
      ],
      "confidence_score": 1.1102230246251565e-16
    },
    "Linear": {
      "r2": 0.957049969455389,
      "aic": -423.135197747146,
      "bic": -419.04909521147687,
      "params": [
        0.00012718730040206516,
        0.14163330669188345
      ],
      "confidence_score": 0.937049969455389
    },
    "Quadratic": {
      "r2": 0.9328368850681881,
      "aic": -395.6512471662396,
      "bic": -389.522093362736,
      "params": [
        2.5124644614685342e-08,
        1.0,
        0.2832223626678162
      ],
      "confidence_score": 0.892836885068188
    },
    "Cubic": {
      "r2": 0.8767290496424717,
      "aic": -359.03739472178773,
      "bic": -350.8651896504495,
      "params": [
        5.944435762580276e-12,
        1.0,
        1.0,
        0.33237190725694216
      ],
      "confidence_score": 0.8267290496424716
    },
    "Logarithmic": {
      "r2": 0.9265366531167551,
      "aic": -392.5404910455839,
      "bic": -388.4543885099148,
      "params": [
        0.27944758920805735,
        -1.707330177245049
      ],
      "confidence_score": 0.9165366531167551
    },
    "N Log N": {
      "r2": 0.9567057053422261,
      "aic": -422.6801380402204,
      "bic": -418.5940355045513,
      "params": [
        1.4495679042201618e-05,
        0.1737400237939011
      ],
      "confidence_score": 0.9267057053422261
    }
  }
}