{
  "valid_points": 60,
  "models": {
    "Constant": {
      "r2": -2.220446049250313e-16,
      "aic": 999.3397433194548,
      "bic": 1003.528432443899,
      "params": [
        3593.9300461051957,
        1562.8489944941384
      ],
      "confidence_score": -2.220446049250313e-16
    },
    "Linear": {
      "r2": 0.9404710636219431,
      "aic": 830.0621777814388,
      "bic": 834.250866905883,
      "params": [
        4.481847404859571,
        -5935.793230317253
      ],
      "confidence_score": 0.9204710636219431
    },
    "Quadratic": {
      "r2": 0.9913969502884494,
      "aic": 716.001432061706,
      "bic": 722.2844657483723,
      "params": [
        0.0009184497811415282,
        1.0,
        -1157.9458360461465
      ],
      "confidence_score": 0.9513969502884494
    },
    "Cubic": {
      "r2": 0.9984843899525075,
      "aic": 613.8235083519089,
      "bic": 622.2008866007973,
      "params": [
        2.2466752418628288e-07,
        1.0,
        1.0,
        499.84257513443333
      ],
      "confidence_score": 0.9484843899525075
    },
    "Logarithmic": {
      "r2": 0.8362328817586188,
      "aic": 890.7811510563396,
      "bic": 894.9698401807838,
      "params": [
        9466.081465529021,
        -68153.69803012596
      ],
      "confidence_score": 0.8262328817586188
    },
    "N Log N": {
      "r2": 0.9489734732590422,
      "aic": 820.8151643612134,
      "bic": 825.0038534856576,
      "params": [
        0.5130255881886832,
        -4845.868425863386
      ],
      "confidence_score": 0.9189734732590422
    }
  }
}