{
  "valid_points": 28,
  "models": {
    "Constant": {
      "r2": 0.95,
      "aic": -516.2237140630315,
      "bic": -513.5593050426811,
      "params": [
        100.007494552327,
        -99.99250544767297
      ],
      "confidence_score": 0.663703518940178
    },
    "Linear": {
      "r2": 0.12854992646502617,
      "aic": -520.076421764731,
      "bic": -517.4120127443806,
      "params": [
        -2.987690504472102e-13,
        0.01500039399642495
      ],
      "confidence_score": 0.39
    },
    "Quadratic": {
      "r2": 0.10466027263311617,
      "aic": -517.3191714372933,
      "bic": -513.3225579067678,
      "params": [
        -5.477123901651729e-22,
        1.0,
        0.014996616662369932
      ],
      "confidence_score": 0.09456234813623958
    },
    "Cubic": {
      "r2": 0.0931501093614594,
      "aic": -514.9615076814117,
      "bic": -509.6326896407109,
      "params": [
        -9.792154096226683e-31,
        1.0,
        1.0,
        0.014995289233664734
      ],
      "confidence_score": 0.044070972376435785
    },
    "Logarithmic": {
      "r2": 0.10476409393585595,
      "aic": -519.3224184338743,
      "bic": -516.6580094135239,
      "params": [
        -5.388193767034678e-06,
        0.015046355054178614
      ],
      "confidence_score": 0.20377447946587132
    },
    "N Log N": {
      "r2": 0.1272316992318605,
      "aic": -520.0340986587483,
      "bic": -517.369689638398,
      "params": [
        -1.491591417906845e-14,
        0.015000065053979947
      ],
      "confidence_score": 0.29171823447831713
    }
  }
}