{
  "valid_points": 9,
  "models": {
    "Constant": {
      "r2": 0.7,
      "aic": -70.13373017275737,
      "bic": -69.73928101808492,
      "params": [
        -0.8898257811864216,
        1.0
      ],
      "confidence_score": 0.37000063680604733
    },
    "Linear": {
      "r2": 0.94513340824911,
      "aic": -96.25938597616738,
      "bic": -95.86493682149494,
      "params": [
        7.322193134484678e-05,
        0.08263463685757833
      ],
      "confidence_score": 0.957080044949466
    },
    "Quadratic": {
      "r2": 0.8832951348620339,
      "aic": -87.46669363434265,
      "bic": -86.87501990233399,
      "params": [
        7.7131945445618e-08,
        1.0,
        0.09566462859767944
      ],
      "confidence_score": 0.5144431386813271
    },
    "Cubic": {
      "r2": 0.7893606832362775,
      "aic": -80.15220223953831,
      "bic": -79.36330393019344,
      "params": [
        9.008906821617008e-11,
        1.0,
        1.0,
        0.10002929760041478
      ],
      "confidence_score": 0.4537208280781426
    },
    "Logarithmic": {
      "r2": 0.9075698284326071,
      "aic": -91.56544656643615,
      "bic": -91.17099741176371,
      "params": [
        0.026021767482168823,
        -0.03967644024519089
      ],
      "confidence_score": 0.6266975791717213
    },
    "N Log N": {
      "r2": 0.9408130824886813,
      "aic": -95.57722291824027,
      "bic": -95.18277376356782,
      "params": [
        1.0396755689472136e-05,
        0.0863612109662039
      ],
      "confidence_score": 0.8113002816021179
    }
  }
}