{
  "valid_points": 56,
  "models": {
    "Constant": {
      "r2": 0.0,
      "aic": -125.6788140412718,
      "bic": -121.62811065980151,
      "params": [
        -99.40657765338462,
        100.59342234661541
      ],
      "confidence_score": 0.0
    },
    "Linear": {
      "r2": 0.9919506261035156,
      "aic": -395.71982821626966,
      "bic": -391.6691248347994,
      "params": [
        0.00036453824442583826,
        0.2820086936741125
      ],
      "confidence_score": 0.9719506261035156
    },
    "Quadratic": {
      "r2": 0.9625340936907079,
      "aic": -307.60095382069534,
      "bic": -301.5248987484899,
      "params": [
        7.107727240107664e-08,
        1.0,
        0.6965701689801964
      ],
      "confidence_score": 0.9225340936907078
    },
    "Cubic": {
      "r2": 0.9045375751842596,
      "aic": -253.2240777567003,
      "bic": -245.1226709937597,
      "params": [
        1.6700097950579108e-11,
        1.0,
        1.0,
        0.839478928164176
      ],
      "confidence_score": 0.8545375751842595
    },
    "Logarithmic": {
      "r2": 0.971507049050501,
      "aic": -324.9323332559632,
      "bic": -320.8816298744929,
      "params": [
        0.8191171312945614,
        -5.1612699278317145
      ],
      "confidence_score": 0.961507049050501
    },
    "N Log N": {
      "r2": 0.9907600723767241,
      "aic": -387.9952027162012,
      "bic": -383.94449933473095,
      "params": [
        4.146643692054844e-05,
        0.37591559972175703
      ],
      "confidence_score": 0.9607600723767241
    }
  }
}