{
  "valid_points": 18,
  "models": {
    "Constant": {
      "r2": 0.9,
      "aic": -229.3669398015418,
      "bic": -227.58619628574948,
      "params": [
        100.02090798483952,
        -99.97909201516049
      ],
      "confidence_score": 0.7189350839655619
    },
    "Linear": {
      "r2": 0.1110463030171116,
      "aic": -231.48572212729252,
      "bic": -229.7049786115002,
      "params": [
        -1.8121903400114547e-06,
        0.044534255188962146
      ],
      "confidence_score": 0.370519396696345
    },
    "Quadratic": {
      "r2": 0.10735937897795744,
      "aic": -229.41122174662476,
      "bic": -226.74010647293628,
      "params": [
        -5.921334211151191e-10,
        1.0,
        0.04319514710577135
      ],
      "confidence_score": 0.13082542637402858
    },
    "Cubic": {
      "r2": 0.10492183262024857,
      "aic": -227.3621358815395,
      "bic": -223.80064884995485,
      "params": [
        -2.5288525204478283e-13,
        1.0,
        1.0,
        0.042759547775782794
      ],
      "confidence_score": 0.0628263031829393
    },
    "Logarithmic": {
      "r2": 0.11596410985539585,
      "aic": -231.5855769157777,
      "bic": -229.80483339998537,
      "params": [
        -0.002712309868613013,
        0.061602475178444915
      ],
      "confidence_score": 0.4059820549276979
    },
    "N Log N": {
      "r2": 0.11051676963596968,
      "aic": -231.4750030503372,
      "bic": -229.69425953454487,
      "params": [
        -2.17725280506382e-07,
        0.0442101835839474
      ],
      "confidence_score": 0.28186408280614683
    }
  }
}