{
  "valid_points": 96,
  "models": {
    "Constant": {
      "r2": 1.1102230246251565e-16,
      "aic": -177.69821124948623,
      "bic": -172.56951486655055,
      "params": [
        -99.60692694488286,
        100.39307305511723
      ],
      "confidence_score": 1.1102230246251565e-16
    },
    "Linear": {
      "r2": 0.9555127966662913,
      "aic": -476.5033661326358,
      "bic": -471.3746697497001,
      "params": [
        0.0002703423837324692,
        0.2335888064169076
      ],
      "confidence_score": 0.9355127966662913
    },
    "Quadratic": {
      "r2": 0.9014986248440305,
      "aic": -398.19594916250105,
      "bic": -390.5029045880975,
      "params": [
        5.970655103659794e-08,
        1.0,
        0.4191059565445414
      ],
      "confidence_score": 0.8614986248440305
    },
    "Cubic": {
      "r2": 0.8077440026092564,
      "aic": -331.99524887755257,
      "bic": -321.73785611168125,
      "params": [
        1.3352924644544378e-11,
        1.0,
        1.0,
        0.5071388612754786
      ],
      "confidence_score": 0.7577440026092563
    },
    "Logarithmic": {
      "r2": 0.5811502901907616,
      "aic": -261.24154992564337,
      "bic": -256.1128535427077,
      "params": [
        0.16423806110245054,
        -0.3522681413343966
      ],
      "confidence_score": 0.5711502901907616
    },
    "N Log N": {
      "r2": 0.9564230207372114,
      "aic": -478.48793284571366,
      "bic": -473.359236462778,
      "params": [
        3.195653016481996e-05,
        0.2695326909552535
      ],
      "confidence_score": 0.9264230207372114
    }
  }
}