{
  "valid_points": 13,
  "models": {
    "Constant": {
      "r2": 0.7,
      "aic": 107.84649305428364,
      "bic": 108.97639176920671,
      "params": [
        114.64108385489538,
        1.0
      ],
      "confidence_score": 0.11999999999999998
    },
    "Linear": {
      "r2": 0.9992605021981062,
      "aic": 14.122482827163193,
      "bic": 15.252381542086265,
      "params": [
        0.0003035080891554687,
        -1.7139609141393177
      ],
      "confidence_score": 0.8995563013188638
    },
    "Quadratic": {
      "r2": 0.9562943168629248,
      "aic": 69.15289028065601,
      "bic": 70.84773835304063,
      "params": [
        3.7612673805474937e-10,
        1.0,
        47.38743847497452
      ],
      "confidence_score": 0.5537765901180934
    },
    "Cubic": {
      "r2": 0.8744470912691882,
      "aic": 84.87112871967385,
      "bic": 87.13092614952,
      "params": [
        5.272325825374642e-16,
        1.0,
        1.0,
        65.61803445499172
      ],
      "confidence_score": 0.504668254761513
    },
    "Logarithmic": {
      "r2": 0.9352393901667159,
      "aic": 72.2647425201263,
      "bic": 73.39464123504938,
      "params": [
        92.9193481340737,
        -1067.03780157633
      ],
      "confidence_score": 0.5480000000000711
    },
    "N Log N": {
      "r2": 0.9988648252729883,
      "aic": 19.693900014171327,
      "bic": 20.8237987290944,
      "params": [
        2.2001556486668607e-05,
        5.212235384036875
      ],
      "confidence_score": 0.7165056091079103
    }
  }
}