{
  "valid_points": 30,
  "models": {
    "Constant": {
      "r2": 0.7,
      "aic": 506.89784940923954,
      "bic": 509.7002441725638,
      "params": [
        3497.8166544809874,
        297.8166544809976
      ],
      "confidence_score": 0.09999999999999998
    },
    "Linear": {
      "r2": 0.8316568260613437,
      "aic": 453.4453289779787,
      "bic": 456.247723741303,
      "params": [
        41.820207778324864,
        -3000.1504550158043
      ],
      "confidence_score": 0.3989940956368062
    },
    "Quadratic": {
      "r2": 0.9681094713349673,
      "aic": 405.53446279936264,
      "bic": 409.73805494434913,
      "params": [
        0.13431369639934776,
        1.0,
        -968.63020163534
      ],
      "confidence_score": 0.5608656828009804
    },
    "Cubic": {
      "r2": 0.9982109848387303,
      "aic": 321.11514941602314,
      "bic": 326.7199389426718,
      "params": [
        0.0004390425560243383,
        1.0,
        1.0,
        -28.498698424456787
      ],
      "confidence_score": 0.9789265909032382
    },
    "Logarithmic": {
      "r2": 0.42941624736630657,
      "aic": 490.06498996563766,
      "bic": 492.86738472896195,
      "params": [
        2767.9375112891144,
        -9391.008660413692
      ],
      "confidence_score": 0.3627081236831533
    },
    "N Log N": {
      "r2": 0.8682052044911854,
      "aic": 446.10257504463226,
      "bic": 448.90496980795655,
      "params": [
        7.1766580689244295,
        -2374.8004280295854
      ],
      "confidence_score": 0.698
    }
  }
}