{
  "valid_points": 18,
  "models": {
    "Constant": {
      "r2": 0.9,
      "aic": -244.5425721890315,
      "bic": -242.76182867323917,
      "params": [
        100.01419366647791,
        -99.98580633352195
      ],
      "confidence_score": 0.5595267398159476
    },
    "Linear": {
      "r2": 0.19012689209891753,
      "aic": -248.33837079802922,
      "bic": -246.5576272822369,
      "params": [
        -1.555602801239786e-06,
        0.03072073715756407
      ],
      "confidence_score": 0.3667406646113012
    },
    "Quadratic": {
      "r2": 0.15860032581465755,
      "aic": -245.65096510002155,
      "bic": -242.97984982633307,
      "params": [
        -4.721465180977847e-10,
        1.0,
        0.029487040887732286
      ],
      "confidence_score": 0.11906347125949308
    },
    "Cubic": {
      "r2": 0.13246084370328004,
      "aic": -243.10027555132092,
      "bic": -239.53878851973627,
      "params": [
        -1.86405750818028e-13,
        1.0,
        1.0,
        0.029082859415197237
      ],
      "confidence_score": 0.06733392602269624
    },
    "Logarithmic": {
      "r2": 0.22710306957581605,
      "aic": -249.17954456390177,
      "bic": -247.39880104810945,
      "params": [
        -0.0024900849354448354,
        0.04655269077119017
      ],
      "confidence_score": 0.6115515347879081
    },
    "N Log N": {
      "r2": 0.18600298942019722,
      "aic": -248.24694672790056,
      "bic": -246.46620321210824,
      "params": [
        -1.8530189772496676e-07,
        0.030425003451574114
      ],
      "confidence_score": 0.2791974163670013
    }
  }
}