{
  "valid_points": 30,
  "models": {
    "Constant": {
      "r2": 0.7,
      "aic": -592.5572761611253,
      "bic": -589.754881397801,
      "params": [
        100.00012206534548,
        -99.9998779346545
      ],
      "confidence_score": 0.35002437540910597
    },
    "Linear": {
      "r2": 0.01953048987100936,
      "aic": -593.1489880634375,
      "bic": -590.3465933001132,
      "params": [
        6.258605182527278e-14,
        0.00024188846136941462
      ],
      "confidence_score": 0.0017619836421701885
    },
    "Quadratic": {
      "r2": 0.015144729207816177,
      "aic": -591.0150936154761,
      "bic": -586.8115014704896,
      "params": [
        1.1202720286299925e-22,
        1.0,
        0.00024269559155895587
      ],
      "confidence_score": 0.0
    },
    "Cubic": {
      "r2": 0.015021237137217702,
      "aic": -589.0113321187616,
      "bic": -583.406542592113,
      "params": [
        2.1152913016602292e-31,
        1.0,
        1.0,
        0.00024288373670345304
      ],
      "confidence_score": 0.0
    },
    "Logarithmic": {
      "r2": 0.4662694721425058,
      "aic": -611.3932020672432,
      "bic": -608.590807303919,
      "params": [
        5.6573143061853385e-06,
        0.00018489108510537304
      ],
      "confidence_score": 0.731134736071253
    },
    "N Log N": {
      "r2": 0.018624006921515446,
      "aic": -593.1212646872842,
      "bic": -590.3188699239599,
      "params": [
        3.0669295183061433e-15,
        0.000241998781564592
      ],
      "confidence_score": 0.3073443196740454
    }
  }
}