{
  "valid_points": 28,
  "models": {
    "Constant": {
      "r2": 0.7,
      "aic": -566.6025952786819,
      "bic": -563.9381862583315,
      "params": [
        -99.99985231884887,
        100.00014768115116
      ],
      "confidence_score": 0.35000087397291363
    },
    "Linear": {
      "r2": 0.11418542391153685,
      "aic": -569.9975289843923,
      "bic": -567.3331199640419,
      "params": [
        1.1468546385604952e-13,
        0.0002909622056748044
      ],
      "confidence_score": 0.05851761698466142
    },
    "Quadratic": {
      "r2": 0.09373921645084804,
      "aic": -567.3585841449509,
      "bic": -563.3619706144253,
      "params": [
        2.108341905736102e-22,
        1.0,
        0.0002924685428013554
      ],
      "confidence_score": 0.03624440347140814
    },
    "Cubic": {
      "r2": 0.08608103552503121,
      "aic": -565.1229696882529,
      "bic": -559.794151647552,
      "params": [
        3.828599670010561e-31,
        1.0,
        1.0,
        0.0002929441507951888
      ],
      "confidence_score": 0.03164876806262559
    },
    "Logarithmic": {
      "r2": 0.5976552516456262,
      "aic": -592.0950825760558,
      "bic": -589.4306735557054,
      "params": [
        5.1478128386655174e-06,
        0.0002400288095860544
      ],
      "confidence_score": 0.8968276258228131
    },
    "N Log N": {
      "r2": 0.11193915241557229,
      "aic": -569.9266157346048,
      "bic": -567.2622067142544,
      "params": [
        5.697166546888866e-15,
        0.00029112056995826886
      ],
      "confidence_score": 0.25397418195230537
    }
  }
}