{
  "valid_points": 44,
  "models": {
    "Constant": {
      "r2": 0.7,
      "aic": 356.45209982035897,
      "bic": 360.0204790881955,
      "params": [
        -36.48682823293486,
        138.0320148785403
      ],
      "confidence_score": 0.11999999999999998
    },
    "Linear": {
      "r2": 0.9996043221932631,
      "aic": 11.71604674228168,
      "bic": 15.284426010118203,
      "params": [
        9.043872674852071e-05,
        -0.39784355819660666
      ],
      "confidence_score": 0.5064064596926381
    },
    "Quadratic": {
      "r2": 0.951509473265645,
      "aic": 225.2910795123524,
      "bic": 230.6436484141072,
      "params": [
        3.805416794395513e-11,
        1.0,
        39.18703111201316
      ],
      "confidence_score": 0.5509056839593869
    },
    "Cubic": {
      "r2": 0.8643167878119313,
      "aic": 272.5650727910801,
      "bic": 279.70183132675317,
      "params": [
        1.7362313508362028e-17,
        1.0,
        1.0,
        55.067829660544746
      ],
      "confidence_score": 0.4985900726871587
    },
    "Logarithmic": {
      "r2": 0.8703660949319922,
      "aic": 266.5582995119743,
      "bic": 270.12667877981085,
      "params": [
        67.51585803678388,
        -824.5060012328221
      ],
      "confidence_score": 0.548
    },
    "N Log N": {
      "r2": 0.9996715653226818,
      "aic": 3.5205058074066353,
      "bic": 7.088885075243158,
      "params": [
        6.1004649331786046e-06,
        4.600462144734251
      ],
      "confidence_score": 0.9480000000000001
    }
  }
}