{
  "valid_points": 203,
  "models": {
    "Constant": {
      "r2": 0.7,
      "aic": -2459.7435365379406,
      "bic": -2453.117124579857,
      "params": [
        100.00595129255612,
        -99.99404870744382
      ],
      "confidence_score": 0.3700000000006557
    },
    "Linear": {
      "r2": 0.17778876805370092,
      "aic": -2499.4823991226876,
      "bic": -2492.855987164604,
      "params": [
        3.425882978468548e-10,
        0.01017977786603731
      ],
      "confidence_score": 0.09704551756900114
    },
    "Quadratic": {
      "r2": 0.12236667342065022,
      "aic": -2484.240394938512,
      "bic": -2474.300777001387,
      "params": [
        2.7237660110858517e-17,
        1.0,
        0.010992650455376882
      ],
      "confidence_score": 0.05342003885644733
    },
    "Cubic": {
      "r2": 0.08593187163363081,
      "aic": -2473.983121375136,
      "bic": -2460.730297458969,
      "params": [
        2.388624960513918e-24,
        1.0,
        1.0,
        0.011305220207386134
      ],
      "confidence_score": 0.031559123019518784
    },
    "Logarithmic": {
      "r2": 0.23242787579509194,
      "aic": -2513.4416712371412,
      "bic": -2506.8152592790575,
      "params": [
        0.0012799904379204841,
        -0.0075076416158297585
      ],
      "confidence_score": 0.714213937897546
    },
    "N Log N": {
      "r2": 0.1737332297825548,
      "aic": -2498.4835675593813,
      "bic": -2491.8571556012976,
      "params": [
        2.076537169052276e-11,
        0.01027209832879335
      ],
      "confidence_score": 0.3850360526941471
    }
  }
}