{
  "best_model": "O(2^n)",
  "details": {
    "O(1)": {
      "r2": 0,
      "aic": Infinity,
      "params_norm": [
        1.0
      ],
      "rss": 0.0
    },
    "O(n)": {
      "r2": 0,
      "aic": -3743.333203374768,
      "params_norm": [
        3.539513381405014e-10,
        0.9999999997936918
      ],
      "rss": 7.770819288161712e-15
    },
    "O(n^2)": {
      "r2": 0,
      "aic": -3208.3354906218856,
      "params_norm": [
        2.262728146446774e-08,
        -2.697387986981183e-08,
        1.000000006707853
      ],
      "rss": 1.5198141166728484e-12
    },
    "O(n^3)": {
      "r2": 0,
      "aic": -3153.263033579073,
      "params_norm": [
        9.207473059506364e-09,
        1.2993395631032284e-08,
        -2.4496106730549883e-08,
        1.0000000064036458
      ],
      "rss": 2.566087138227654e-12
    },
    "O(log n)": {
      "r2": 0,
      "aic": -3283.3236202572148,
      "params_norm": [
        -1.7262467729194512e-09,
        0.9999999988883356
      ],
      "rss": 7.387251492292323e-13
    },
    "O(n log n)": {
      "r2": 0,
      "aic": -3712.310382516411,
      "params_norm": [
        9.149493385152141e-10,
        1.000000000238507
      ],
      "rss": 1.0564847784873005e-14
    },
    "O(2^n)": {
      "r2": 0,
      "aic": -3921.73899224881,
      "params_norm": [
        1.0000000000853677,
        -1.463447165138362e-10
      ],
      "rss": 1.3284085569750672e-15
    },
    "O(n^k)": {
      "r2": 0,
      "aic": -3622.0236940968084,
      "params_norm": [
        0.999999999792065,
        -3.2278032427202367e-10
      ],
      "rss": 2.582801748105099e-14
    }
  }
}