{
  "Constant": {
    "r2": 0.0,
    "aic": 266.4104494717395,
    "bic": 270.5991385961837,
    "params": [
      106.87440180530147,
      -93.12559819469844
    ]
  },
  "Linear": {
    "r2": 0.9629566637339918,
    "aic": 68.67044139470357,
    "bic": 72.85913051914777,
    "params": [
      0.009872540423675054,
      -10.850276278387328
    ]
  },
  "Quadratic": {
    "r2": 0.9984000898369406,
    "aic": -117.85801849230023,
    "bic": -111.57498480563393,
    "params": [
      1.983965341789684e-06,
      1.0,
      -0.12324739204630686
    ]
  },
  "Cubic": {
    "r2": 0.9912110104496831,
    "aic": -13.644882229290875,
    "bic": -5.2675039804024735,
    "params": [
      4.760340858553202e-10,
      1.0,
      1.0,
      3.5879552249222924
    ]
  },
  "Logarithmic": {
    "r2": 0.8710891277945345,
    "aic": 143.4924078789275,
    "bic": 147.68109700337172,
    "params": [
      21.229071832665603,
      -150.76244798289
    ]
  },
  "N Log N": {
    "r2": 0.969749986467638,
    "aic": 56.51493064246485,
    "bic": 60.70361976690905,
    "params": [
      0.0011276209722609085,
      -8.408930454881839
    ]
  }
}