{
  "valid_points": 202,
  "models": {
    "Constant": {
      "r2": 0.7,
      "aic": -2476.321377081601,
      "bic": -2469.7048416867988,
      "params": [
        100.0045890726224,
        -99.9954109273776
      ],
      "confidence_score": 0.3700000000054046
    },
    "Linear": {
      "r2": 0.0717706409334492,
      "aic": -2491.365614440126,
      "bic": -2484.749079045324,
      "params": [
        1.3491600567240295e-11,
        0.009043657342611804
      ],
      "confidence_score": 0.0330623978805488
    },
    "Quadratic": {
      "r2": 0.05025764251217146,
      "aic": -2484.7374129120353,
      "bic": -2474.812609819832,
      "params": [
        2.3177506197138648e-20,
        1.0,
        0.009133354463045697
      ],
      "confidence_score": 0.010154585599952356
    },
    "Cubic": {
      "r2": 0.04487664177564332,
      "aic": -2481.5961618189954,
      "bic": -2468.3630910293905,
      "params": [
        4.175727395528281e-29,
        1.0,
        1.0,
        0.009141578193217858
      ],
      "confidence_score": 0.006925985069070231
    },
    "Logarithmic": {
      "r2": 0.21725509437965818,
      "aic": -2525.8009593571765,
      "bic": -2519.1844239623742,
      "params": [
        0.0009682815393246558,
        -0.005570420459217452
      ],
      "confidence_score": 0.706627547189829
    },
    "N Log N": {
      "r2": 0.06885913383939479,
      "aic": -2490.733007866464,
      "bic": -2484.116472471662,
      "params": [
        6.630728589060213e-13,
        0.009061646065188356
      ],
      "confidence_score": 0.3324295742010547
    }
  }
}