{
  "valid_points": 203,
  "models": {
    "Constant": {
      "r2": 0.85,
      "aic": -3386.1174842588207,
      "bic": -3379.491072300737,
      "params": [
        100.00166749866162,
        -99.99833250133837
      ],
      "confidence_score": 0.44500000000000356
    },
    "Linear": {
      "r2": 0.01856523809267807,
      "aic": -3389.921650508618,
      "bic": -3383.295238550534,
      "params": [
        7.541219230668996e-13,
        0.0033274973461777046
      ],
      "confidence_score": 0.0011391428556384794
    },
    "Quadratic": {
      "r2": 0.010713359115006482,
      "aic": -3386.3040298094033,
      "bic": -3376.364411872278,
      "params": [
        1.17605057558906e-21,
        1.0,
        0.003332735699998645
      ],
      "confidence_score": 0.0
    },
    "Cubic": {
      "r2": 0.009552839169469918,
      "aic": -3384.0660325839945,
      "bic": -3370.8132086678274,
      "params": [
        2.1173257374175025e-30,
        1.0,
        1.0,
        0.003333152303695124
      ],
      "confidence_score": 0.0
    },
    "Logarithmic": {
      "r2": 0.27091343086003805,
      "aic": -3450.2579333670546,
      "bic": -3443.631521408971,
      "params": [
        0.00011960093640745182,
        0.001512609348406061
      ],
      "confidence_score": 0.733456715430019
    },
    "N Log N": {
      "r2": 0.017086121505145657,
      "aic": -3389.615940292172,
      "bic": -3382.9895283340884,
      "params": [
        3.6299423503227394e-14,
        0.0033286367693891087
      ],
      "confidence_score": 0.2065430607525932
    }
  }
}