{
  "valid_points": 56,
  "models": {
    "Constant": {
      "r2": 0.0,
      "aic": -418.4327405736161,
      "bic": -414.38203719214584,
      "params": [
        100.16074364871845,
        -99.83925635128149
      ],
      "confidence_score": 0.0
    },
    "Linear": {
      "r2": 0.044061078813496746,
      "aic": -420.9561710184837,
      "bic": -416.90546763701343,
      "params": [
        5.559582705871868e-06,
        0.30758834067141283
      ],
      "confidence_score": 0.024061078813496745
    },
    "Quadratic": {
      "r2": 0.032105218524956514,
      "aic": -418.26012666207635,
      "bic": -412.1840715898709,
      "params": [
        9.38651822934844e-10,
        1.0,
        0.3149121255028896
      ],
      "confidence_score": -0.007894781475043487
    },
    "Cubic": {
      "r2": 0.021984237468786194,
      "aic": -415.6775921239148,
      "bic": -407.5761853609742,
      "params": [
        1.8837294020282943e-13,
        1.0,
        1.0,
        0.3174774346172697
      ],
      "confidence_score": -0.02801576253121381
    },
    "Logarithmic": {
      "r2": 0.055327955386735184,
      "aic": -421.6201180233172,
      "bic": -417.56941464184695,
      "params": [
        0.014176777775256829,
        0.21153283616640917
      ],
      "confidence_score": 0.04532795538673518
    },
    "N Log N": {
      "r2": 0.04267062713404601,
      "aic": -420.8747759438885,
      "bic": -416.8240725624182,
      "params": [
        6.226178187602939e-07,
        0.30921112894099195
      ],
      "confidence_score": 0.012670627134046014
    }
  }
}