{
  "Constant": {
    "name": "Constant",
    "r2": 0.0,
    "bic": 110.99184823180613,
    "confidence_score": -0.09393747810588837,
    "params": [
      4.82811172727548,
      2.0425036404306396
    ],
    "order": 0
  },
  "Linear": {
    "name": "Linear",
    "r2": 0.9996311772903226,
    "bic": -197.31073691567585,
    "confidence_score": 0.8656936991844342,
    "params": [
      0.029489070870632236,
      0.5108057499396534
    ],
    "order": 2
  },
  "Quadratic": {
    "name": "Quadratic",
    "r2": 0.9996311772897966,
    "bic": -193.6471752139291,
    "confidence_score": 0.778724960130964,
    "params": [
      1.5962630429731646e-14,
      0.02948907086366834,
      0.5108057504372546
    ],
    "order": 4
  },
  "Cubic": {
    "name": "Cubic",
    "r2": 0.9996311772901055,
    "bic": -189.98361360047315,
    "confidence_score": 0.7117562210783288,
    "params": [
      1.0926318846737652e-17,
      8.550423339945993e-18,
      0.02948907086874988,
      0.5108057501186374
    ],
    "order": 5
  },
  "Logarithmic": {
    "name": "Logarithmic",
    "r2": 0.5197641288538961,
    "bic": 82.38621022713312,
    "confidence_score": 0.4058266507480077,
    "params": [
      1.4352480779346841,
      7.265714763044762e-17
    ],
    "order": 1
  },
  "N Log N": {
    "name": "N Log N",
    "r2": 0.9961826148169389,
    "bic": -106.1675460823019,
    "confidence_score": 0.8422451367110506,
    "params": [
      0.004710982318488824,
      1.2034875274712071
    ],
    "order": 3
  },
  "confidence_analysis": {
    "best_model": "Linear",
    "best_score": 0.8656936991844342,
    "second_best_model": "N Log N",
    "second_best_score": 0.8422451367110506,
    "confidence_gap": 0.02344856247338356,
    "is_confident": false,
    "threshold": 0.03
  }
}