{
  "valid_points": 204,
  "models": {
    "Constant": {
      "r2": 0.85,
      "aic": -3034.643531075986,
      "bic": -3028.0072910882977,
      "params": [
        100.00444159057801,
        -99.99555840942199
      ],
      "confidence_score": 0.4450000000000271
    },
    "Linear": {
      "r2": 0.00513476088450604,
      "aic": -3035.693720846468,
      "bic": -3029.0574808587794,
      "params": [
        9.80149032678925e-13,
        0.008873450042638783
      ],
      "confidence_score": 0.0
    },
    "Quadratic": {
      "r2": 0.004065823012063485,
      "aic": -3033.4746497083406,
      "bic": -3023.520289726808,
      "params": [
        1.790601085909996e-21,
        1.0,
        0.008879753909811538
      ],
      "confidence_score": 0.0
    },
    "Cubic": {
      "r2": 0.004828672845958115,
      "aic": -3031.6309662605327,
      "bic": -3018.358486285156,
      "params": [
        3.7204670054828756e-30,
        1.0,
        1.0,
        0.008879955051214212
      ],
      "confidence_score": 0.0
    },
    "Logarithmic": {
      "r2": 0.25507777980718627,
      "aic": -3094.7165266456295,
      "bic": -3088.080286657941,
      "params": [
        0.00028429580695495766,
        0.004552525819965451
      ],
      "confidence_score": 0.7255388899035932
    },
    "N Log N": {
      "r2": 0.00454309146670151,
      "aic": -3035.572433380587,
      "bic": -3028.9361933928985,
      "params": [
        4.625958030784934e-14,
        0.008875091138190436
      ],
      "confidence_score": 0.20027154573339384
    }
  }
}