{
  "valid_points": 30,
  "models": {
    "Constant": {
      "r2": 0.7,
      "aic": -599.0957091639997,
      "bic": -596.2933144006754,
      "params": [
        100.00019595026973,
        -99.99980404973024
      ],
      "confidence_score": 0.35061217097174807
    },
    "Linear": {
      "r2": 0.33636789209099494,
      "aic": -611.396529286133,
      "bic": -608.5941345228088,
      "params": [
        2.3291719680199816e-13,
        0.0003835559674093913
      ],
      "confidence_score": 0.5745578862071591
    },
    "Quadratic": {
      "r2": 0.33106155896763867,
      "aic": -609.1576063484524,
      "bic": -604.9540142034659,
      "params": [
        4.696998839324938e-22,
        1.0,
        0.00038588355447171144
      ],
      "confidence_score": 0.2406464790879779
    },
    "Cubic": {
      "r2": 0.307901529654803,
      "aic": -606.1365202230356,
      "bic": -600.5317306963871,
      "params": [
        8.588088788021553e-31,
        1.0,
        1.0,
        0.00038683790179442414
      ],
      "confidence_score": 0.17153564262012141
    },
    "Logarithmic": {
      "r2": 0.19590727627578153,
      "aic": -605.6369298171319,
      "bic": -602.8345350538076,
      "params": [
        3.2884431945665836e-06,
        0.0003574661650726811
      ],
      "confidence_score": 0.31207050986548474
    },
    "N Log N": {
      "r2": 0.3383168146896257,
      "aic": -611.4847614530794,
      "bic": -608.6823666897551,
      "params": [
        1.1722019504331197e-14,
        0.00038375223256673134
      ],
      "confidence_score": 0.6671584073448129
    }
  }
}