{
  "best_model": "O(n^k)",
  "details": {
    "O(1)": {
      "r2": 0,
      "aic": Infinity,
      "params_norm": [
        1.0
      ],
      "rss": 0.0
    },
    "O(n)": {
      "r2": 0,
      "aic": -192.5779253089327,
      "params_norm": [
        2.8260351387841162e-09,
        0.9999999984841539
      ],
      "rss": 1.819017559716235e-14
    },
    "O(n^2)": {
      "r2": 0,
      "aic": -175.84329289876777,
      "params_norm": [
        1.691220791766615e-08,
        -1.8127318966378344e-08,
        1.0000000027243656
      ],
      "rss": 5.5886362111384094e-14
    },
    "O(n^3)": {
      "r2": 0,
      "aic": -147.6370437550466,
      "params_norm": [
        5.0474880319685436e-08,
        -8.325298454069733e-08,
        3.6704286508715144e-08,
        0.9999999971310017
      ],
      "rss": 4.144477859811955e-14
    },
    "O(log n)": {
      "r2": 0,
      "aic": -197.16627575444016,
      "params_norm": [
        -4.880607029633666e-10,
        0.9999999994249709
      ],
      "rss": 8.466833346287922e-15
    },
    "O(n log n)": {
      "r2": 0,
      "aic": -191.229733663908,
      "params_norm": [
        7.7646453975935e-09,
        1.0000000017620052
      ],
      "rss": 2.2773105434330232e-14
    },
    "O(2^n)": {
      "r2": 0,
      "aic": -179.54503923952754,
      "params_norm": [
        0.9999999955732765,
        8.386664119902667e-09
      ],
      "rss": 1.596572490818724e-13
    },
    "O(n^k)": {
      "r2": 0,
      "aic": -206.73945901279666,
      "params_norm": [
        0.9999999998651462,
        -2.0467565852733526e-10
      ],
      "rss": 1.7170814680149495e-15
    }
  }
}