{
  "valid_points": 16,
  "models": {
    "Constant": {
      "r2": 0.7,
      "aic": 107.76858551425077,
      "bic": 109.31376295873034,
      "params": [
        10.635356349870563,
        1.0
      ],
      "confidence_score": 0.09999999999999998
    },
    "Linear": {
      "r2": 0.9982951698110425,
      "aic": 5.779949208234187,
      "bic": 7.325126652713749,
      "params": [
        0.001500179894942249,
        -0.6524296397818199
      ],
      "confidence_score": 0.4989771018866255
    },
    "Quadratic": {
      "r2": 0.9404921723547991,
      "aic": 64.62222682591117,
      "bic": 66.93999299263051,
      "params": [
        2.3658089450085476e-08,
        1.0,
        3.168183928455521
      ],
      "confidence_score": 0.5442953034128795
    },
    "Cubic": {
      "r2": 0.8695355945096114,
      "aic": 79.18210800566382,
      "bic": 82.27246289462295,
      "params": [
        3.5105154268875114e-13,
        1.0,
        1.0,
        4.577717230839549
      ],
      "confidence_score": 0.5017213567057668
    },
    "Logarithmic": {
      "r2": 0.4127351628802505,
      "aic": 99.25211526882481,
      "bic": 100.79729271330437,
      "params": [
        4.969827893456145,
        -17.259834888640682
      ],
      "confidence_score": 0.35436758144012526
    },
    "N Log N": {
      "r2": 0.9999994738681843,
      "aic": -123.55483937208919,
      "bic": -122.00966192760963,
      "params": [
        0.00013680736691851014,
        -0.016138039630439947
      ],
      "confidence_score": 0.998
    }
  }
}