{
  "Constant": {
    "r2": 0.0,
    "aic": -609.4215704433442,
    "bic": -604.7865942162716,
    "params": [
      100.07237178583938,
      -99.92762821416062
    ]
  },
  "Linear": {
    "r2": 0.01035962917659683,
    "aic": -610.2025952166135,
    "bic": -605.567618989541,
    "params": [
      -1.4847059389347215e-06,
      0.14914819929763706
    ]
  },
  "Quadratic": {
    "r2": 0.005405955292129505,
    "aic": -607.828116969199,
    "bic": -600.87565262859,
    "params": [
      -1.765201318448817e-10,
      1.0,
      0.14652983839339517
    ]
  },
  "Cubic": {
    "r2": 0.003168397954850244,
    "aic": -605.6595775399809,
    "bic": -596.3896250858356,
    "params": [
      -2.674637597012654e-14,
      1.0,
      1.0,
      0.14575767811349938
    ]
  },
  "Logarithmic": {
    "r2": 0.019969846747153075,
    "aic": -610.9344658807573,
    "bic": -606.2994896536848,
    "params": [
      -0.005457845965704889,
      0.18790843538174065
    ]
  },
  "N Log N": {
    "r2": 0.009590608651036003,
    "aic": -610.1443375471157,
    "bic": -605.5093613200431,
    "params": [
      -1.5947624937005553e-07,
      0.14856319629167547
    ]
  }
}