{
  "valid_points": 19,
  "models": {
    "Constant": {
      "r2": 0.7,
      "aic": 145.42329636221024,
      "bic": 147.3121743205431,
      "params": [
        -91.35847654389708,
        108.64152345610295
      ],
      "confidence_score": 0.11999999999999998
    },
    "Linear": {
      "r2": 0.9996477521603044,
      "aic": -5.649038899256416,
      "bic": -3.7601609409235355,
      "params": [
        0.0001617244657929895,
        -0.28842694976295813
      ],
      "confidence_score": 0.5553918212144536
    },
    "Quadratic": {
      "r2": 0.9290937681464249,
      "aic": 97.14175425666511,
      "bic": 99.97507119416443,
      "params": [
        1.6010227842325512e-10,
        1.0,
        4.938843945643547
      ],
      "confidence_score": 0.5374562608878549
    },
    "Cubic": {
      "r2": 0.8547055140538065,
      "aic": 112.77243584943345,
      "bic": 116.5501917660992,
      "params": [
        1.484498834457404e-16,
        1.0,
        1.0,
        6.988555384748417
      ],
      "confidence_score": 0.49282330843228384
    },
    "Logarithmic": {
      "r2": 0.39276500076087273,
      "aic": 135.94534749276713,
      "bic": 137.8342254511,
      "params": [
        6.270587071347234,
        -26.915242028836506
      ],
      "confidence_score": 0.44438250038043636
    },
    "N Log N": {
      "r2": 0.9997138182228973,
      "aic": -9.59548756837257,
      "bic": -7.70660961003969,
      "params": [
        1.178981004879033e-05,
        0.35646805779999746
      ],
      "confidence_score": 0.998
    }
  }
}