{
  "valid_points": 96,
  "models": {
    "Constant": {
      "r2": 0.0,
      "aic": -313.3330929044041,
      "bic": -308.2043965214684,
      "params": [
        -99.80435627124577,
        100.19564372875432
      ],
      "confidence_score": 0.0
    },
    "Linear": {
      "r2": 0.9790328412827777,
      "aic": -684.3536947593698,
      "bic": -679.2249983764341,
      "params": [
        0.0001362370982970872,
        0.10502493124041914
      ],
      "confidence_score": 0.9590328412827777
    },
    "Quadratic": {
      "r2": 0.8966380158529472,
      "aic": -529.2068250000456,
      "bic": -521.513780425642,
      "params": [
        2.938256592302246e-08,
        1.0,
        0.2047135005056886
      ],
      "confidence_score": 0.8566380158529472
    },
    "Cubic": {
      "r2": 0.7887506014932656,
      "aic": -458.58581546961756,
      "bic": -448.32842270374624,
      "params": [
        6.4758288709819314e-12,
        1.0,
        1.0,
        0.2514445810069953
      ],
      "confidence_score": 0.7387506014932655
    },
    "Logarithmic": {
      "r2": 0.62645555869719,
      "aic": -407.86604926303266,
      "bic": -402.737352880097,
      "params": [
        0.08497877662072519,
        -0.2026531054135701
      ],
      "confidence_score": 0.61645555869719
    },
    "N Log N": {
      "r2": 0.9753507501743658,
      "aic": -668.8219388557977,
      "bic": -663.693242472862,
      "params": [
        1.604520627270401e-05,
        0.12429472584087752
      ],
      "confidence_score": 0.9453507501743658
    }
  }
}