{
  "valid_points": 19,
  "models": {
    "Constant": {
      "r2": 0.7,
      "aic": -36.79816554530572,
      "bic": -34.90928758697284,
      "params": [
        -98.95450619882659,
        101.04549380117344
      ],
      "confidence_score": 0.09999999999999998
    },
    "Linear": {
      "r2": 0.9858161828398785,
      "aic": -117.65558396175365,
      "bic": -115.76670600342077,
      "params": [
        0.0012019038990102038,
        0.341901138786986
      ],
      "confidence_score": 0.7793874396532997
    },
    "Quadratic": {
      "r2": 0.9792020281821936,
      "aic": -108.38326185528646,
      "bic": -105.54994491778714,
      "params": [
        4.064828913463714e-07,
        1.0,
        1.1977414488280878
      ],
      "confidence_score": 0.5698059359542165
    },
    "Cubic": {
      "r2": 0.9576595790182533,
      "aic": -92.87641388366474,
      "bic": -89.09865796699899,
      "params": [
        1.7644718357838198e-10,
        1.0,
        1.0,
        1.4854406025009144
      ],
      "confidence_score": 0.554596359030321
    },
    "Logarithmic": {
      "r2": 0.9754687367189754,
      "aic": -107.24649707484855,
      "bic": -105.35761911651566,
      "params": [
        1.7058238593262494,
        -10.299523937253525
      ],
      "confidence_score": 0.6495564352144009
    },
    "N Log N": {
      "r2": 0.9859007948863584,
      "aic": -117.769265849323,
      "bic": -115.88038789099012,
      "params": [
        0.00014516371405239796,
        0.5484553001988343
      ],
      "confidence_score": 0.9480000000000001
    }
  }
}