{
  "best_model": "O(2^n)",
  "details": {
    "O(1)": {
      "r2": 0,
      "aic": Infinity,
      "params_norm": [
        1.0
      ],
      "rss": 0.0
    },
    "O(n)": {
      "r2": 0,
      "aic": -3828.2298008002213,
      "params_norm": [
        3.539513381405014e-10,
        0.9999999997936918
      ],
      "rss": 3.3528650889907184e-15
    },
    "O(n^2)": {
      "r2": 0,
      "aic": -3293.2320890168517,
      "params_norm": [
        2.262728146446774e-08,
        -2.697387986981183e-08,
        1.000000006707853
      ],
      "rss": 6.557521743422948e-13
    },
    "O(n^3)": {
      "r2": 0,
      "aic": -3238.1596336623406,
      "params_norm": [
        9.207473059506364e-09,
        1.2993395631032284e-08,
        -2.4496106730549883e-08,
        1.0000000064036458
      ],
      "rss": 1.107186184058021e-12
    },
    "O(log n)": {
      "r2": 0,
      "aic": -3368.220220814278,
      "params_norm": [
        -1.7262467729194512e-09,
        0.9999999988883356
      ],
      "rss": 3.1873675021452135e-13
    },
    "O(n log n)": {
      "r2": 0,
      "aic": -3797.2070017926317,
      "params_norm": [
        9.149493385152141e-10,
        1.000000000238507
      ],
      "rss": 4.5583998715438774e-15
    },
    "O(2^n)": {
      "r2": 0,
      "aic": -4006.635594652822,
      "params_norm": [
        1.0000000000853677,
        -1.463447165138362e-10
      ],
      "rss": 5.731666494722525e-16
    },
    "O(n^k)": {
      "r2": 0,
      "aic": -3706.9203171099352,
      "params_norm": [
        0.999999999792065,
        -3.2278032427202367e-10
      ],
      "rss": 1.1143977614175042e-14
    }
  }
}