{
  "valid_points": 27,
  "models": {
    "Constant": {
      "r2": 0.7,
      "aic": 219.20028177392007,
      "bic": 221.79195550592874,
      "params": [
        -40.15111595837712,
        136.8121118832915
      ],
      "confidence_score": 0.11999999999999998
    },
    "Linear": {
      "r2": 0.9874322965733173,
      "aic": 101.03140742725904,
      "bic": 103.6230811592677,
      "params": [
        0.00014365009651123907,
        -6.925232286104343
      ],
      "confidence_score": 0.8924593779439903
    },
    "Quadratic": {
      "r2": 0.9335061416489174,
      "aic": 148.01284811129895,
      "bic": 151.90035870931194,
      "params": [
        9.437600623009975e-11,
        1.0,
        34.51751811416959
      ],
      "confidence_score": 0.5401036850024962
    },
    "Cubic": {
      "r2": 0.8363082536204742,
      "aic": 174.33648596728753,
      "bic": 179.51983343130485,
      "params": [
        6.782120042389531e-17,
        1.0,
        1.0,
        50.91304157814148
      ],
      "confidence_score": 0.48178495217228445
    },
    "Logarithmic": {
      "r2": 0.8793267561960239,
      "aic": 162.1042228064477,
      "bic": 164.69589653845634,
      "params": [
        73.1865183554808,
        -876.6265614842712
      ],
      "confidence_score": 0.5480000000000165
    },
    "N Log N": {
      "r2": 0.9872037316769181,
      "aic": 101.51803620275189,
      "bic": 104.10970993476055,
      "params": [
        9.980863996642168e-06,
        -1.4813294746307308
      ],
      "confidence_score": 0.9332074961516779
    }
  }
}