{
  "Constant": {
    "params": [
      0.00012535519070095487
    ],
    "r_squared": 0.0,
    "success": true
  },
  "Linear": {
    "params": [
      4.567662692410438e-09,
      0.00011165220345699766
    ],
    "r_squared": 0.0002639999384890235,
    "success": true
  },
  "Quadratic": {
    "params": [
      -7.447821452913621e-12,
      4.925456454381579e-08,
      5.4800583199157394e-05
    ],
    "r_squared": 0.0010310724585291808,
    "success": true
  },
  "Cubic": {
    "params": [
      2.4155523076738184e-15,
      -2.918784277699065e-11,
      1.0853374245478466e-07,
      7.403392052281209e-06
    ],
    "r_squared": 0.0011160340572468064,
    "success": true
  },
  "Logarithmic": {
    "params": [
      1.5480862302144224e-05,
      2.7939005305662767e-06
    ],
    "r_squared": 0.000436726292636469,
    "success": true
  },
  "n_log_n": {
    "params": [
      4.917704253509907e-10,
      0.00011342536038040616
    ],
    "r_squared": 0.0002455329230194314,
    "success": true
  },
  "Exponential": {
    "params": [
      0.00011303922220466336,
      3.42226378938713e-05
    ],
    "r_squared": 0.00024788914328177647,
    "success": true
  },
  "Sqrt_Exponential": {
    "params": [
      0.00011303913691311606,
      6.844576963832577e-05
    ],
    "r_squared": 0.0002478891426895835,
    "success": true
  },
  "Power": {
    "params": [
      4.857843363062708e-05,
      0.11957202884849095
    ],
    "r_squared": 0.0004170544915839125,
    "success": true
  }
}