{
  "valid_points": 29,
  "models": {
    "Constant": {
      "r2": 0.7,
      "aic": -283.99629763074654,
      "bic": -281.2617059707736,
      "params": [
        -99.99852606962466,
        100.00147393037538
      ],
      "confidence_score": 0.5549424167727043
    },
    "Linear": {
      "r2": 0.01351586642905156,
      "aic": -284.3909307097171,
      "bic": -281.6563390497442,
      "params": [
        -5.705422300496999e-12,
        0.003251734002534521
      ],
      "confidence_score": 0.33097140939822417
    },
    "Quadratic": {
      "r2": 0.010689600769086871,
      "aic": -282.3079648358057,
      "bic": -278.20607734584627,
      "params": [
        -9.823244909026326e-21,
        1.0,
        0.0031741459131647714
      ],
      "confidence_score": 0.04571301920855966
    },
    "Cubic": {
      "r2": 0.009794809356154288,
      "aic": -280.2817473582823,
      "bic": -274.8125640383364,
      "params": [
        -1.7624483419790116e-29,
        1.0,
        1.0,
        0.00314919850368437
      ],
      "confidence_score": 0.0
    },
    "Logarithmic": {
      "r2": 0.02593724459208313,
      "aic": -284.7584044882816,
      "bic": -282.0238128283087,
      "params": [
        0.00019824862472611837,
        0.0007861349877414682
      ],
      "confidence_score": 0.5109686222960416
    },
    "N Log N": {
      "r2": 0.013283539039493308,
      "aic": -284.38410170880667,
      "bic": -281.64951004883375,
      "params": [
        -2.8246879381794495e-13,
        0.003244318639916498
      ],
      "confidence_score": 0.45343722250586055
    }
  }
}