{
  "valid_points": 18,
  "models": {
    "Constant": {
      "r2": 0.0,
      "aic": -196.78150387496507,
      "bic": -195.00076035917274,
      "params": [
        100.04325993359083,
        -99.9567400664091
      ],
      "confidence_score": 0.0
    },
    "Linear": {
      "r2": 0.025239462251094635,
      "aic": -197.24164580321428,
      "bic": -195.46090228742196,
      "params": [
        -2.1359636947747533e-06,
        0.08972381272394009
      ],
      "confidence_score": 0.005239462251094635
    },
    "Quadratic": {
      "r2": 0.024062692574950972,
      "aic": -195.21992859386535,
      "bic": -192.54881332017686,
      "params": [
        -6.930646998786484e-10,
        1.0,
        0.08813413037857862
      ],
      "confidence_score": -0.01593730742504903
    },
    "Cubic": {
      "r2": 0.02337872488920678,
      "aic": -193.20731804383416,
      "bic": -189.64583101224952,
      "params": [
        -2.9512285991280416e-13,
        1.0,
        1.0,
        0.08762104435282746
      ],
      "confidence_score": -0.02662127511079322
    },
    "Logarithmic": {
      "r2": 0.027050258004153505,
      "aic": -197.27511518855871,
      "bic": -195.4943716727664,
      "params": [
        -0.0032386599847915765,
        0.11014613656010891
      ],
      "confidence_score": 0.017050258004153503
    },
    "N Log N": {
      "r2": 0.02506016528525712,
      "aic": -197.23833519668239,
      "bic": -195.45759168089006,
      "params": [
        -2.5632365426523733e-07,
        0.08933852772625273
      ],
      "confidence_score": -0.00493983471474288
    }
  }
}