{
  "valid_points": 41,
  "models": {
    "Constant": {
      "r2": 0.7,
      "params": [
        0.0004778990930894844
      ]
    },
    "Linear": {
      "r2": 6.305951330221049e-05,
      "params": [
        2.8150642978519994e-09,
        0.0004750812137278841
      ]
    },
    "Quadratic": {
      "r2": 0.00014141199231498813,
      "params": [
        -2.0358824269884265e-12,
        0.0004806516081672045
      ]
    },
    "Cubic": {
      "r2": 0.0003944773206843166,
      "params": [
        -1.7706079072616983e-15,
        0.00048153601557576325
      ]
    },
    "Logarithmic": {
      "r2": 0.005026976141535355,
      "params": [
        1.114503748468288e-05,
        0.0004053512030341577
      ]
    },
    "N Log N": {
      "r2": 1.320258427306431e-05,
      "params": [
        1.6590059379585755e-10,
        0.0004767176714641701
      ]
    },
    "np": {
      "r2": -Infinity,
      "success": false
    }
  }
}