{
  "Constant": {
    "r2": 0.0,
    "aic": 592.6922813888303,
    "bic": 596.8809705132745,
    "params": [
      133.65750769943176,
      76.57773646046539
    ]
  },
  "Linear": {
    "r2": 0.9719481711235144,
    "aic": 378.2701944757598,
    "bic": 382.458883600204,
    "params": [
      0.1504182144372297,
      -167.06377705348743
    ]
  },
  "Quadratic": {
    "r2": 0.9998139348652855,
    "aic": 79.3274558539569,
    "bic": 85.6104895406232,
    "params": [
      3.01756697765887e-05,
      1.0,
      -3.2701927044731116
    ]
  },
  "Cubic": {
    "r2": 0.9856396886473838,
    "aic": 342.09505936922744,
    "bic": 350.47243761811586,
    "params": [
      7.2253680620822575e-09,
      1.0,
      1.0,
      53.72323498500294
    ]
  },
  "Logarithmic": {
    "r2": 0.8881099624558866,
    "aic": 461.2779595317675,
    "bic": 465.4666486562117,
    "params": [
      324.34999526883604,
      -2305.4543538721073
    ]
  },
  "N Log N": {
    "r2": 0.977843690497335,
    "aic": 364.1143032091966,
    "bic": 368.30299233364076,
    "params": [
      0.01717673251038013,
      -129.81148096192618
    ]
  }
}