{
  "Constant": {
    "r2": 0.0,
    "aic": -694.1686251841573,
    "bic": -689.6152929461252,
    "params": [
      -99.9634011959037,
      100.03659880409629
    ]
  },
  "Linear": {
    "r2": 0.0008386752246248852,
    "aic": -694.2290351360377,
    "bic": -689.6757028980056,
    "params": [
      2.620294358157693e-07,
      0.07253962316471874
    ]
  },
  "Quadratic": {
    "r2": 0.0012713266765224107,
    "aic": -692.2602189400042,
    "bic": -685.430220582956,
    "params": [
      6.355430571873665e-11,
      1.0,
      0.0727491266420732
    ]
  },
  "Cubic": {
    "r2": 0.0015681810899021986,
    "aic": -690.2816228462038,
    "bic": -681.1749583701396,
    "params": [
      1.701388635271742e-14,
      1.0,
      1.0,
      0.07283201731140942
    ]
  },
  "Logarithmic": {
    "r2": 0.0003553139448355669,
    "aic": -694.1942123341904,
    "bic": -689.6408800961583,
    "params": [
      0.00038864523092459793,
      0.07018128848431747
    ]
  },
  "N Log N": {
    "r2": 0.000894318349912715,
    "aic": -694.2330449155205,
    "bic": -689.6797126774884,
    "params": [
      3.0782336021563955e-08,
      0.07258769344835259
    ]
  }
}