{
  "valid_points": 60,
  "models": {
    "Constant": {
      "r2": 0.0,
      "aic": 571.8777749224995,
      "bic": 576.0664640469437,
      "params": [
        147.1021626708404,
        -0.06502891009017975
      ],
      "confidence_score": 0.0
    },
    "Linear": {
      "r2": 0.9419919121332184,
      "aic": 401.0474049917948,
      "bic": 405.236094116239,
      "params": [
        0.12728331646595667,
        -167.98907449249245
      ],
      "confidence_score": 0.9219919121332184
    },
    "Quadratic": {
      "r2": 0.9920651128845956,
      "aic": 283.68860584648115,
      "bic": 289.9716395331475,
      "params": [
        2.6071454662856912e-05,
        1.0,
        -32.21498011572634
      ],
      "confidence_score": 0.9520651128845956
    },
    "Cubic": {
      "r2": 0.9973531029482503,
      "aic": 219.8157399873592,
      "bic": 228.19311823624759,
      "params": [
        6.3717346400636225e-09,
        1.0,
        1.0,
        14.963021651099638
      ],
      "confidence_score": 0.9473531029482503
    },
    "Logarithmic": {
      "r2": 0.83748649481841,
      "aic": 462.8581246111452,
      "bic": 467.04681373558935,
      "params": [
        268.8184450621578,
        -1934.8389349975087
      ],
      "confidence_score": 0.82748649481841
    },
    "N Log N": {
      "r2": 0.9504616410901733,
      "aic": 391.5772960002489,
      "bic": 395.7659851246931,
      "params": [
        0.01456943922121598,
        -137.02855118761616
      ],
      "confidence_score": 0.9204616410901733
    }
  }
}