{
  "valid_points": 75,
  "models": {
    "Constant": {
      "r2": 0.0,
      "aic": -640.1076013451141,
      "bic": -635.4726251180415,
      "params": [
        100.05316870907949,
        -99.94683129092067
      ],
      "confidence_score": 0.0
    },
    "Linear": {
      "r2": 0.0001110535856033712,
      "aic": -640.1159308265522,
      "bic": -635.4809545994797,
      "params": [
        -1.2444588781690413e-07,
        0.10671075582172151
      ],
      "confidence_score": -0.01988894641439663
    },
    "Quadratic": {
      "r2": 0.0002681321726822894,
      "aic": -638.1277139546046,
      "bic": -631.1752496139957,
      "params": [
        -3.177236251872273e-11,
        1.0,
        0.1066658172985413
      ],
      "confidence_score": -0.03973186782731771
    },
    "Cubic": {
      "r2": 0.0006775024043921274,
      "aic": -636.1584312460785,
      "bic": -626.8884787919333,
      "params": [
        -9.981604282738162e-15,
        1.0,
        1.0,
        0.106726938851612
      ],
      "confidence_score": -0.049322497595607875
    },
    "Logarithmic": {
      "r2": 0.0001544377256872398,
      "aic": -640.1191850690457,
      "bic": -635.4842088419731,
      "params": [
        -0.0003891087483123681,
        0.10941899804191565
      ],
      "confidence_score": -0.00984556227431276
    },
    "N Log N": {
      "r2": 0.00011726745334839084,
      "aic": -640.1163969198426,
      "bic": -635.48142069277,
      "params": [
        -1.4273940413703901e-08,
        0.10668360511324916
      ],
      "confidence_score": -0.029882732546651608
    }
  }
}