{
  "valid_points": 19,
  "models": {
    "Constant": {
      "r2": 0.7,
      "aic": 257.7071928863869,
      "bic": 259.5960708447198,
      "params": [
        384.0889112957507,
        57.7085584958625
      ],
      "confidence_score": 0.10007391926231296
    },
    "Linear": {
      "r2": 0.46572790711584977,
      "aic": 245.79704226782815,
      "bic": 247.68592022616102,
      "params": [
        8.842627215549108,
        -465.26992195076633
      ],
      "confidence_score": 0.21745154400018013
    },
    "Quadratic": {
      "r2": 0.6114225607376896,
      "aic": 241.74719968301864,
      "bic": 244.58051662051795,
      "params": [
        0.046884067531978685,
        1.0,
        -227.38376139523652
      ],
      "confidence_score": 0.5264436941750408
    },
    "Cubic": {
      "r2": 0.694109064832649,
      "aic": 239.20118631628037,
      "bic": 242.97894223294614,
      "params": [
        0.00024719728521893636,
        1.0,
        1.0,
        -113.42453329827478
      ],
      "confidence_score": 0.7964654388995893
    },
    "Logarithmic": {
      "r2": 0.21180805515929335,
      "aic": 253.18493384109004,
      "bic": 255.0738117994229,
      "params": [
        352.0330870406705,
        -1070.2842676508737
      ],
      "confidence_score": 0.3546132030390563
    },
    "N Log N": {
      "r2": 0.49941170625024967,
      "aic": 244.55973847714284,
      "bic": 246.4486164354757,
      "params": [
        1.6630099621982417,
        -383.457449960095
      ],
      "confidence_score": 0.7006345345240637
    }
  }
}