{
  "Constant": {
    "r2": -2.220446049250313e-16,
    "aic": 420.5059727512638,
    "bic": 423.09764648327246,
    "params": [
      321.6181905592713,
      890.2099899260522
    ]
  },
  "Linear": {
    "r2": 0.41521802983512446,
    "aic": 406.02003530284577,
    "bic": 408.6117090348544,
    "params": [
      16.690536614494945,
      -1231.7900134813108
    ]
  },
  "Quadratic": {
    "r2": 0.5370840732058211,
    "aic": 401.7103074767475,
    "bic": 405.5978180747605,
    "params": [
      0.06212381270081846,
      1.0,
      -583.3406263107239
    ]
  },
  "Cubic": {
    "r2": 0.6066156918499119,
    "aic": 399.3158296881785,
    "bic": 404.4991771521958,
    "params": [
      0.0002324051970363783,
      1.0,
      1.0,
      -283.3190389340565
    ]
  },
  "Logarithmic": {
    "r2": 0.1905581235133459,
    "aic": 414.79789437618064,
    "bic": 417.3895681081893,
    "params": [
      943.1077082475341,
      -3180.303451012616
    ]
  },
  "N Log N": {
    "r2": 0.44198307370295153,
    "aic": 404.75509120499316,
    "bic": 407.3467649370018,
    "params": [
      2.9404198443854614,
      -1021.9852355300621
    ]
  }
}