{
  "Constant": {
    "r2": 0.0,
    "aic": 123.50806341989284,
    "bic": 125.49952796700082,
    "params": [
      108.8652449660003,
      -91.1347550339996
    ]
  },
  "Linear": {
    "r2": 0.7615808288140691,
    "aic": 94.83356480037739,
    "bic": 96.82502934748537,
    "params": [
      0.2729680414629242,
      -11.613574525263752
    ]
  },
  "Quadratic": {
    "r2": 0.9011165780742677,
    "aic": 79.23178983954342,
    "bic": 82.2189866602054,
    "params": [
      0.0013356588859897434,
      1.0,
      -3.078407682279824
    ]
  },
  "Cubic": {
    "r2": 0.9505273128788321,
    "aic": 67.38137267946362,
    "bic": 71.3643017736796,
    "params": [
      6.6603428228173556e-06,
      1.0,
      1.0,
      0.8145845326346106
    ]
  },
  "Logarithmic": {
    "r2": 0.40390946804467376,
    "aic": 113.16080893592468,
    "bic": 115.15227348303266,
    "params": [
      12.185670301238755,
      -35.22458375576924
    ]
  },
  "N Log N": {
    "r2": 0.7987255284994232,
    "aic": 91.44634796874385,
    "bic": 93.43781251585183,
    "params": [
      0.050466743650414106,
      -8.750815690579643
    ]
  }
}