{
  "valid_points": 10,
  "models": {
    "Constant": {
      "r2": 0.7,
      "aic": 83.59501944267299,
      "bic": 84.20018962866108,
      "params": [
        108.57922600209713,
        1.0
      ],
      "confidence_score": 0.12000000000069073
    },
    "Linear": {
      "r2": 0.994217399651586,
      "aic": 32.06600134069378,
      "bic": 32.671171526681874,
      "params": [
        0.00038875744196731343,
        -12.878007566546394
      ],
      "confidence_score": 0.6389750840281148
    },
    "Quadratic": {
      "r2": 0.972517649285581,
      "aic": 49.65290671717965,
      "bic": 50.560661996161784,
      "params": [
        5.993794025647645e-10,
        1.0,
        38.81973669652666
      ],
      "confidence_score": 0.5635291673005208
    },
    "Cubic": {
      "r2": 0.906035902989753,
      "aic": 63.94659427895445,
      "bic": 65.15693465093064,
      "params": [
        1.0587184986313887e-15,
        1.0,
        1.0,
        57.648362560966035
      ],
      "confidence_score": 0.523621554367239
    },
    "Logarithmic": {
      "r2": 0.9221613166087257,
      "aic": 58.063851887248255,
      "bic": 58.66902207323635,
      "params": [
        99.71731289683584,
        -1141.1840454392484
      ],
      "confidence_score": 0.49800024173852697
    },
    "N Log N": {
      "r2": 0.9952962914446246,
      "aic": 30.00097917196662,
      "bic": 30.606149357954713,
      "params": [
        2.8606318914780916e-05,
        -5.4146698558267135
      ],
      "confidence_score": 0.998
    }
  }
}