{
  "valid_points": 40,
  "models": {
    "Constant": {
      "r2": 0.0,
      "aic": 563.0806951017408,
      "bic": 566.4584540099687,
      "params": [
        55.70030896924493,
        1655.7003089692455
      ],
      "confidence_score": 0.0
    },
    "Linear": {
      "r2": 0.804935457096779,
      "aic": 497.70370366430245,
      "bic": 501.0814625725303,
      "params": [
        7.659933431435879,
        45.36509660118521
      ],
      "confidence_score": 0.784935457096779
    },
    "Quadratic": {
      "r2": 0.6173777693817092,
      "aic": 526.6524103180983,
      "bic": 531.7190486804401,
      "params": [
        0.014922357757834126,
        1.0,
        764.8829265379378
      ],
      "confidence_score": 0.5773777693817091
    },
    "Cubic": {
      "r2": 0.463276504143876,
      "aic": 542.1898062066055,
      "bic": 548.9453240230612,
      "params": [
        3.1127474491188245e-05,
        1.0,
        1.0,
        1063.6525036915828
      ],
      "confidence_score": 0.413276504143876
    },
    "Logarithmic": {
      "r2": 0.709980305754838,
      "aic": 513.5684372170502,
      "bic": 516.9461961252781,
      "params": [
        885.65361885405,
        -2769.010262580139
      ],
      "confidence_score": 0.6999803057548379
    },
    "N Log N": {
      "r2": 0.7772331739959563,
      "aic": 503.0155079870335,
      "bic": 506.3932668952614,
      "params": [
        1.2050310831454825,
        248.7015047212289
      ],
      "confidence_score": 0.7472331739959562
    }
  }
}