{
  "valid_points": 29,
  "models": {
    "Constant": {
      "r2": 0.85,
      "aic": -610.1967426846247,
      "bic": -607.4621510246518,
      "params": [
        -99.9998255536474,
        100.00017444635266
      ],
      "confidence_score": 0.4430859820791809
    },
    "Linear": {
      "r2": 0.10960980385263841,
      "aic": -613.5635118858548,
      "bic": -610.8289202258819,
      "params": [
        7.647872593462924e-14,
        0.0003460582712679761
      ],
      "confidence_score": 0.18559301805261558
    },
    "Quadratic": {
      "r2": 0.08310240857080908,
      "aic": -610.7127679176178,
      "bic": -606.6108804276585,
      "params": [
        1.3523840982874883e-22,
        1.0,
        0.0003471005245483708
      ],
      "confidence_score": 0.04561685739630873
    },
    "Cubic": {
      "r2": 0.07442169404643495,
      "aic": -608.4395023793552,
      "bic": -602.9703190594093,
      "params": [
        2.425840061418697e-31,
        1.0,
        1.0,
        0.00034741337290773006
      ],
      "confidence_score": 0.027205082504587145
    },
    "Logarithmic": {
      "r2": 0.17609469464232785,
      "aic": -615.8140332990354,
      "bic": -613.0794416390625,
      "params": [
        1.8996891193369254e-06,
        0.0003283144928540336
      ],
      "confidence_score": 0.5860473473211639
    },
    "N Log N": {
      "r2": 0.10717218194005762,
      "aic": -613.4842270435826,
      "bic": -610.7496353836096,
      "params": [
        3.794545819685027e-15,
        0.000346164054190259
      ],
      "confidence_score": 0.1451719550161476
    }
  }
}