{
  "valid_points": 96,
  "models": {
    "Constant": {
      "r2": 0.7,
      "aic": -1.7478313897314717,
      "bic": 3.3808649932042005,
      "params": [
        -99.22259844606732,
        100.77740155393269
      ],
      "confidence_score": 0.35
    },
    "Linear": {
      "r2": 0.9978835749053188,
      "aic": -592.9184128062938,
      "bic": -587.7897164233581,
      "params": [
        0.0006976645285876604,
        0.11066660304413656
      ],
      "confidence_score": 0.9887301449431912
    },
    "Quadratic": {
      "r2": 0.9208614241274018,
      "aic": -243.2570958594241,
      "bic": -235.5640512850206,
      "params": [
        1.5166887680139747e-07,
        1.0,
        0.6120695548624335
      ],
      "confidence_score": 0.532516854476441
    },
    "Cubic": {
      "r2": 0.8147673009883583,
      "aic": -159.61750292416477,
      "bic": -149.36011015829342,
      "params": [
        3.363979698789622e-11,
        1.0,
        1.0,
        0.8460121816701003
      ],
      "confidence_score": 0.46886038059301494
    },
    "Logarithmic": {
      "r2": 0.619874238207598,
      "aic": -94.60413176691534,
      "bic": -89.47543538397967,
      "params": [
        0.42906728130546795,
        -1.435904525444717
      ],
      "confidence_score": 0.598
    },
    "N Log N": {
      "r2": 0.995310256429498,
      "aic": -516.5360592762473,
      "bic": -511.40736289331164,
      "params": [
        8.224592694635735e-05,
        0.20819691820769637
      ],
      "confidence_score": 0.598
    }
  }
}