{
  "valid_points": 203,
  "models": {
    "Constant": {
      "r2": 0.7,
      "aic": -3555.266220221206,
      "bic": -3548.639808263122,
      "params": [
        100.00071768359919,
        -99.99928231640088
      ],
      "confidence_score": 0.37
    },
    "Linear": {
      "r2": 0.09973741022178018,
      "aic": -3576.5951849552102,
      "bic": -3569.9687729971265,
      "params": [
        1.152186285079709e-12,
        0.0014239411594934674
      ],
      "confidence_score": 0.04984244613453151
    },
    "Quadratic": {
      "r2": 0.0577942613124387,
      "aic": -3565.351139487791,
      "bic": -3555.411521550666,
      "params": [
        1.800811745896104e-21,
        1.0,
        0.0014319042166817096
      ],
      "confidence_score": 0.01467655678746423
    },
    "Cubic": {
      "r2": 0.04703402144212865,
      "aic": -3561.045963502001,
      "bic": -3547.793139585834,
      "params": [
        3.0973524469410005e-30,
        1.0,
        1.0,
        0.0014326681908551281
      ],
      "confidence_score": 0.008220412865277207
    },
    "Logarithmic": {
      "r2": 0.30546775591862974,
      "aic": -3629.2631083120177,
      "bic": -3622.636696353934,
      "params": [
        8.058920391534427e-05,
        0.00020948688001466343
      ],
      "confidence_score": 0.7507338779593148
    },
    "N Log N": {
      "r2": 0.09468086686633304,
      "aic": -3575.458176342813,
      "bic": -3568.8317643847295,
      "params": [
        5.6328741439835246e-14,
        0.0014255212077664483
      ],
      "confidence_score": 0.3453404334337882
    }
  }
}