{
  "Constant": {
    "r2": 0.0,
    "aic": -168.1618889934577,
    "bic": -163.09669000715118,
    "params": [
      -99.64914567047545,
      100.35085432952452
    ]
  },
  "Linear": {
    "r2": 0.9954250671759518,
    "aic": -669.168072511103,
    "bic": -664.1028735247965,
    "params": [
      0.00028293424104270916,
      0.11445278217024432
    ]
  },
  "Quadratic": {
    "r2": 0.916860175366346,
    "aic": -397.4744142572681,
    "bic": -389.87661577780835,
    "params": [
      6.142832212095915e-08,
      1.0,
      0.3171098765399898
    ]
  },
  "Cubic": {
    "r2": 0.8102013996698949,
    "aic": -318.7085233504729,
    "bic": -308.57812537785986,
    "params": [
      1.3601078319781166e-11,
      1.0,
      1.0,
      0.41206791806190185
    ]
  },
  "Logarithmic": {
    "r2": 0.6245774175165553,
    "aic": -259.27426807244615,
    "bic": -254.20906908613964,
    "params": [
      0.17366031423197203,
      -0.5067833598259357
    ]
  },
  "N Log N": {
    "r2": 0.9925700277064972,
    "aic": -624.069571874924,
    "bic": -619.0043728886175,
    "params": [
      3.335513594154254e-05,
      0.1537353865214713
    ]
  }
}