{
  "Constant": {
    "params": [
      0.00010081574089914628
    ],
    "r_squared": 0.0,
    "success": true
  },
  "Linear": {
    "params": [
      -5.678959676735842e-10,
      0.00010251942569318419
    ],
    "r_squared": 4.942067909352588e-06,
    "success": true
  },
  "Quadratic": {
    "params": [
      2.982724756122025e-12,
      -1.8464289377711905e-08,
      0.000125287692517091
    ],
    "r_squared": 0.00015390733572806514,
    "success": true
  },
  "Cubic": {
    "params": [
      2.6401101982205856e-15,
      -2.077827822307013e-11,
      4.632540852529582e-08,
      7.348466340352484e-05
    ],
    "r_squared": 0.0002768002744454323,
    "success": true
  },
  "Logarithmic": {
    "params": [
      -2.2451484779263875e-06,
      0.00011859047694423491
    ],
    "r_squared": 1.1120834963240789e-05,
    "success": true
  },
  "n_log_n": {
    "params": [
      -5.756633464553403e-11,
      0.00010221223609612593
    ],
    "r_squared": 4.073895289113949e-06,
    "success": true
  },
  "Exponential": {
    "params": [
      0.00010258910167773031,
      -5.820375903353694e-06
    ],
    "r_squared": 5.1068380275687275e-06,
    "success": true
  },
  "Sqrt_Exponential": {
    "params": [
      0.00010258621232781941,
      -1.1622017105444155e-05
    ],
    "r_squared": 5.106822768663477e-06,
    "success": true
  },
  "Power": {
    "params": [
      0.00012023574659626845,
      -0.02225714926624479
    ],
    "r_squared": 1.1147150520529614e-05,
    "success": true
  }
}