{
  "valid_points": 98,
  "models": {
    "Constant": {
      "r2": -2.220446049250313e-16,
      "aic": -563.1042772766475,
      "bic": -557.9343423193063,
      "params": [
        100.06063824177396,
        -99.939361758226
      ],
      "confidence_score": -2.220446049250313e-16
    },
    "Linear": {
      "r2": 0.9670166221790516,
      "aic": -897.4559288642067,
      "bic": -892.2859939068655,
      "params": [
        3.909292373915907e-05,
        0.03916538740041775
      ],
      "confidence_score": 0.9470166221790516
    },
    "Quadratic": {
      "r2": 0.8979177455327245,
      "aic": -784.7379619610844,
      "bic": -776.9830595250727,
      "params": [
        8.50326006774343e-09,
        1.0,
        0.06725594461172789
      ],
      "confidence_score": 0.8579177455327245
    },
    "Cubic": {
      "r2": 0.7961551534326893,
      "aic": -714.9630980705468,
      "bic": -704.6232281558646,
      "params": [
        1.886713399768211e-12,
        1.0,
        1.0,
        0.08049166277274444
      ],
      "confidence_score": 0.7461551534326892
    },
    "Logarithmic": {
      "r2": 0.6029574352760436,
      "aic": -653.6280325117023,
      "bic": -648.4580975543611,
      "params": [
        0.02428782489829386,
        -0.048609558137466084
      ],
      "confidence_score": 0.5929574352760436
    },
    "N Log N": {
      "r2": 0.9653554190655442,
      "aic": -892.6404453532276,
      "bic": -887.4705103958864,
      "params": [
        4.608227436758777e-06,
        0.044623247019685404
      ],
      "confidence_score": 0.9353554190655442
    }
  }
}