{
  "valid_points": 11,
  "models": {
    "Constant": {
      "r2": 0.7,
      "aic": -54.62463417539396,
      "bic": -53.82884362979722,
      "params": [
        100.02245080064652,
        -99.97754919935362
      ],
      "confidence_score": 0.3500000000004058
    },
    "Linear": {
      "r2": 0.9828302704035801,
      "aic": -99.335315056234,
      "bic": -98.53952451063725,
      "params": [
        0.00018153749988503165,
        -0.005582327084300731
      ],
      "confidence_score": 0.5824658238492245
    },
    "Quadratic": {
      "r2": 0.9922429104581166,
      "aic": -106.07526299131779,
      "bic": -104.88157717292268,
      "params": [
        1.7528440066083562e-07,
        1.0,
        0.006011617803725722
      ],
      "confidence_score": 0.6413044674517963
    },
    "Cubic": {
      "r2": 0.9674284179382203,
      "aic": -88.29210012877556,
      "bic": -86.70051903758207,
      "params": [
        1.677746196582339e-10,
        1.0,
        1.0,
        0.00991991419699173
      ],
      "confidence_score": 0.5604644861848138
    },
    "Logarithmic": {
      "r2": 0.5595723475425507,
      "aic": -63.64473412900449,
      "bic": -62.848943583407745,
      "params": [
        0.023099036050314495,
        -0.04710081841816458
      ],
      "confidence_score": 0.27778617380817844
    },
    "N Log N": {
      "r2": 0.9930490235224902,
      "aic": -109.28223859344327,
      "bic": -108.48644804784652,
      "params": [
        2.6147325751137316e-05,
        -0.0022106980413617605
      ],
      "confidence_score": 0.898
    }
  }
}