{
  "valid_points": 29,
  "models": {
    "Constant": {
      "r2": 0.7,
      "aic": -552.6357639426709,
      "bic": -549.901172282698,
      "params": [
        -99.99979851317815,
        100.0002014868219
      ],
      "confidence_score": 0.37000024404985954
    },
    "Linear": {
      "r2": 0.5143631403730761,
      "aic": -573.5822939095879,
      "bic": -570.8477022496149,
      "params": [
        4.4689937081189947e-13,
        0.00038642693567478845
      ],
      "confidence_score": 0.31012319855847603
    },
    "Quadratic": {
      "r2": 0.4004832211319713,
      "aic": -565.473072129951,
      "bic": -561.3711846399916,
      "params": [
        8.009261997781054e-22,
        1.0,
        0.0003923597926972164
      ],
      "confidence_score": 0.2203906487641834
    },
    "Cubic": {
      "r2": 0.34804644316813915,
      "aic": -561.0414405345924,
      "bic": -555.5722572146466,
      "params": [
        1.415266293484727e-30,
        1.0,
        1.0,
        0.0003943430288843882
      ],
      "confidence_score": 0.18883341059694472
    },
    "Logarithmic": {
      "r2": 0.6197890311093222,
      "aic": -580.6796049144413,
      "bic": -577.9450132544683,
      "params": [
        9.112825237259492e-06,
        0.00030861600668314655
      ],
      "confidence_score": 0.898
    },
    "N Log N": {
      "r2": 0.5062013731666102,
      "aic": -573.0989609464883,
      "bic": -570.3643692865154,
      "params": [
        2.2246146610144416e-14,
        0.000386987631012392
      ],
      "confidence_score": 0.5578771848634689
    }
  }
}