{
  "valid_points": 18,
  "models": {
    "Constant": {
      "r2": -2.220446049250313e-16,
      "aic": -216.26111520466134,
      "bic": -214.480371688869,
      "params": [
        100.02701880617269,
        -99.97298119382727
      ],
      "confidence_score": -2.220446049250313e-16
    },
    "Linear": {
      "r2": 0.21635503092852493,
      "aic": -220.64950092650963,
      "bic": -218.8687574107173,
      "params": [
        -3.640327536968968e-06,
        0.05949810365057484
      ],
      "confidence_score": 0.19635503092852494
    },
    "Quadratic": {
      "r2": 0.21010263884549563,
      "aic": -218.50645596657893,
      "bic": -215.83534069289044,
      "params": [
        -1.192121455827611e-09,
        1.0,
        0.05681426190301538
      ],
      "confidence_score": 0.17010263884549562
    },
    "Cubic": {
      "r2": 0.2044534897535626,
      "aic": -216.37818259680614,
      "bic": -212.8166955652215,
      "params": [
        -5.080341547985207e-13,
        1.0,
        1.0,
        0.055933214785575544
      ],
      "confidence_score": 0.1544534897535626
    },
    "Logarithmic": {
      "r2": 0.2231375263777563,
      "aic": -220.80597014095872,
      "bic": -219.0252266251664,
      "params": [
        -0.005414634412273689,
        0.09353777964393084
      ],
      "confidence_score": 0.2131375263777563
    },
    "N Log N": {
      "r2": 0.21554847907198993,
      "aic": -220.63098429211823,
      "bic": -218.8502407763259,
      "params": [
        -4.375951201805186e-07,
        0.058849622779807376
      ],
      "confidence_score": 0.18554847907198993
    }
  }
}