{
  "valid_points": 197,
  "models": {
    "Constant": {
      "r2": 0.7,
      "aic": -3511.1499887501195,
      "bic": -3504.5835812926434,
      "params": [
        100.00078460475838,
        -99.99921539524166
      ],
      "confidence_score": 0.37000000223153606
    },
    "Linear": {
      "r2": 0.15807883527743172,
      "aic": -3545.0475616007166,
      "bic": -3538.4811541432405,
      "params": [
        1.8397978736277326e-11,
        0.0014758510701563753
      ],
      "confidence_score": 0.1531294329740273
    },
    "Quadratic": {
      "r2": 0.1230925311746408,
      "aic": -3535.0266875328193,
      "bic": -3525.177076346605,
      "params": [
        1.558401170540433e-18,
        1.0,
        0.0015161181336307838
      ],
      "confidence_score": 0.053943697322108713
    },
    "Cubic": {
      "r2": 0.09690948530616039,
      "aic": -3527.2306898381084,
      "bic": -3514.0978749231563,
      "params": [
        1.4461448190455218e-25,
        1.0,
        1.0,
        0.0015320678093810052
      ],
      "confidence_score": 0.03814603755767919
    },
    "Logarithmic": {
      "r2": 0.17305432274179222,
      "aic": -3548.583194456951,
      "bic": -3542.016786999475,
      "params": [
        6.070263952013451e-05,
        0.0006490612249538507
      ],
      "confidence_score": 0.6845271613708961
    },
    "N Log N": {
      "r2": 0.15579818334418793,
      "aic": -3544.514636411028,
      "bic": -3537.9482289535517,
      "params": [
        1.1203820679027299e-12,
        0.0014803692689894254
      ],
      "confidence_score": 0.41513151190324116
    }
  }
}