{
  "Constant": {
    "r2": 2.220446049250313e-16,
    "aic": -260.7460167580361,
    "bic": -256.6251307369433,
    "params": [
      -0.5782975878181129,
      1.0
    ]
  },
  "Linear": {
    "r2": 0.9100624406242458,
    "aic": -400.44711553848674,
    "bic": -396.3262295173939,
    "params": [
      0.0001111602564151104,
      0.14092693692702174
    ]
  },
  "Quadratic": {
    "r2": 0.8910105645144816,
    "aic": -387.3032675269205,
    "bic": -381.1219384952812,
    "params": [
      2.1530884476510516e-08,
      1.0,
      0.26782155205041264
    ]
  },
  "Cubic": {
    "r2": 0.8448473860782106,
    "aic": -364.8200871083328,
    "bic": -356.5783150661471,
    "params": [
      5.0254480692414354e-12,
      1.0,
      1.0,
      0.3115162139820289
    ]
  },
  "Logarithmic": {
    "r2": 0.8825046928215923,
    "aic": -384.944716093991,
    "bic": -380.8238300728982,
    "params": [
      0.25113637525057325,
      -1.5287249430125174
    ]
  },
  "N Log N": {
    "r2": 0.9099240678462511,
    "aic": -400.357948636204,
    "bic": -396.2370626151112,
    "params": [
      1.2635513938149666e-05,
      0.16966977179531195
    ]
  }
}