{
  "valid_points": 58,
  "models": {
    "Constant": {
      "r2": 0.0,
      "aic": 443.2809359622239,
      "bic": 447.4018219833167,
      "params": [
        69.21325377040895,
        1.0
      ],
      "confidence_score": 0.0
    },
    "Linear": {
      "r2": 0.9760871611791915,
      "aic": 226.74722900503514,
      "bic": 230.86811502612798,
      "params": [
        0.05062758319408067,
        -54.34805867433749
      ],
      "confidence_score": 0.9560871611791915
    },
    "Quadratic": {
      "r2": 0.9999333651700152,
      "aic": -112.46348641160561,
      "bic": -106.28215737996635,
      "params": [
        1.0303463787608713e-05,
        1.0,
        0.20565848091159322
      ],
      "confidence_score": 0.9599333651700152
    },
    "Cubic": {
      "r2": 0.9820627825322481,
      "aic": 214.07003884446584,
      "bic": 222.31181088665153,
      "params": [
        2.504824148314559e-09,
        1.0,
        1.0,
        19.217819702056726
      ],
      "confidence_score": 0.9320627825322481
    },
    "Logarithmic": {
      "r2": 0.8969169698348602,
      "aic": 311.49214711400737,
      "bic": 315.6130331351002,
      "params": [
        107.91019191265529,
        -764.8422033003388
      ],
      "confidence_score": 0.8869169698348602
    },
    "N Log N": {
      "r2": 0.9814994926448765,
      "aic": 211.86342284721124,
      "bic": 215.98430886830408,
      "params": [
        0.005790173477616383,
        -41.92819712127875
      ],
      "confidence_score": 0.9514994926448764
    }
  }
}