{
  "Constant": {
    "r2": 0.0,
    "aic": -758.01569775182,
    "bic": -753.5474847426254,
    "params": [
      100.0251142065162,
      -99.97488579348381
    ]
  },
  "Linear": {
    "r2": 0.009483152034355569,
    "aic": -758.6731575886114,
    "bic": -754.2049445794169,
    "params": [
      -4.4876261440229825e-07,
      0.051358774516782835
    ]
  },
  "Quadratic": {
    "r2": 0.007265476881537003,
    "aic": -756.5188456828664,
    "bic": -749.8165261690747,
    "params": [
      -7.728062634271282e-11,
      1.0,
      0.050776903971512244
    ]
  },
  "Cubic": {
    "r2": 0.006667557587696216,
    "aic": -754.4772998203779,
    "bic": -745.5408738019888,
    "params": [
      -1.7808401371948705e-14,
      1.0,
      1.0,
      0.050614113495901725
    ]
  },
  "Logarithmic": {
    "r2": 0.014544263469201901,
    "aic": -759.0266214528511,
    "bic": -754.5584084436566,
    "params": [
      -0.001266422711969462,
      0.0600611427694374
    ]
  },
  "N Log N": {
    "r2": 0.009097155292902004,
    "aic": -758.6462740610118,
    "bic": -754.1780610518173,
    "params": [
      -4.999858096387536e-08,
      0.05122249503318135
    ]
  }
}