{
  "best_model": "O(n log n)",
  "details": {
    "O(1)": {
      "r2": 0,
      "aic": Infinity,
      "params_norm": [
        1.0
      ]
    },
    "O(n)": {
      "r2": 0,
      "aic": -432.6534315948521,
      "params_norm": [
        -6.137876948127969e-09,
        1.0000000037752714
      ]
    },
    "O(n^2)": {
      "r2": 0,
      "aic": -442.8982175948516,
      "params_norm": [
        -1.7118303900427273e-08,
        2.0093079771685762e-08,
        0.9999999951844625
      ]
    },
    "O(n^3)": {
      "r2": 0,
      "aic": -422.90291570724304,
      "params_norm": [
        -1.4198395753352415e-07,
        2.541998186838739e-07,
        -1.3570624383954715e-07,
        1.0000000208956157
      ]
    },
    "O(log n)": {
      "r2": 0,
      "aic": -427.0754592488014,
      "params_norm": [
        -3.892195263476915e-09,
        0.9999999974818918
      ]
    },
    "O(n log n)": {
      "r2": 0,
      "aic": -472.90580901160996,
      "params_norm": [
        3.0454654288305026e-09,
        1.000000000761887
      ]
    },
    "O(2^n)": {
      "r2": 0,
      "aic": -449.16628060891475,
      "params_norm": [
        1.0000000020912632,
        -3.4037404537311762e-09
      ]
    },
    "O(n^k)": {
      "r2": 0,
      "aic": -453.193564976967,
      "params_norm": [
        0.9999999990687947,
        -1.5364538716478857e-09
      ]
    }
  }
}