{
  "valid_points": 19,
  "models": {
    "Constant": {
      "r2": 0.7,
      "aic": -71.36983711046139,
      "bic": -69.4809591521285,
      "params": [
        -99.71050906338189,
        100.28949093661811
      ],
      "confidence_score": 0.35
    },
    "Linear": {
      "r2": 0.9828350648450186,
      "aic": -148.6026830771575,
      "bic": -146.71380511882464,
      "params": [
        0.0020965856306839337,
        0.3542058243044194
      ],
      "confidence_score": 0.5949081792085015
    },
    "Quadratic": {
      "r2": 0.9519885026323788,
      "aic": -127.05981770748701,
      "bic": -124.2265007699877,
      "params": [
        9.28983430592556e-06,
        1.0,
        0.432876737597478
      ],
      "confidence_score": 0.5511933006428453
    },
    "Cubic": {
      "r2": 0.8679806259202119,
      "aic": -105.841162393311,
      "bic": -102.06340647664524,
      "params": [
        4.318553655110777e-08,
        1.0,
        1.0,
        0.4668062987644449
      ],
      "confidence_score": 0.5007883755551914
    },
    "Logarithmic": {
      "r2": 0.6993915275663007,
      "aic": -94.20682283317528,
      "bic": -92.3179448748424,
      "params": [
        0.10878297010102399,
        0.10843086342966865
      ],
      "confidence_score": 0.547695763783168
    },
    "N Log N": {
      "r2": 0.9878334576108965,
      "aic": -155.14208202291726,
      "bic": -153.2532040645844,
      "params": [
        0.00037939289910870203,
        0.38009289153779985
      ],
      "confidence_score": 0.898
    }
  }
}