{
  "Constant": {
    "r2": 0.0,
    "aic": -659.3093128155435,
    "bic": -654.674336588471,
    "params": [
      100.04331315557158,
      -99.95668684442839
    ]
  },
  "Linear": {
    "r2": 0.10742289798447113,
    "aic": -667.8324913340477,
    "bic": -663.1975151069752,
    "params": [
      -3.4401362476454977e-06,
      0.09699258837018576
    ]
  },
  "Quadratic": {
    "r2": 0.09283847541929313,
    "aic": -664.6169196718809,
    "bic": -657.6644553312719,
    "params": [
      -5.236297702316727e-10,
      1.0,
      0.09206647536943292
    ]
  },
  "Cubic": {
    "r2": 0.08122426922976766,
    "aic": -661.6628045080486,
    "bic": -652.3928520539033,
    "params": [
      -9.652857130908126e-14,
      1.0,
      1.0,
      0.09040900844561482
    ]
  },
  "Logarithmic": {
    "r2": 0.12304564581018396,
    "aic": -669.1568379884369,
    "bic": -664.5218617613643,
    "params": [
      -0.009788685655047417,
      0.1642153120011584
    ]
  },
  "N Log N": {
    "r2": 0.10564039299986028,
    "aic": -667.6828632946066,
    "bic": -663.047887067534,
    "params": [
      -3.806253712843211e-07,
      0.09590124271737127
    ]
  }
}