{
  "valid_points": 208,
  "models": {
    "Constant": {
      "r2": 0.85,
      "aic": -3653.0644792052694,
      "bic": -3646.389403045867,
      "params": [
        100.00096957485815,
        -99.99903042514174
      ],
      "confidence_score": 0.7272108249295872
    },
    "Linear": {
      "r2": 0.0005205408230675168,
      "aic": -3653.1727798863762,
      "bic": -3646.4977037269737,
      "params": [
        1.2096224374159663e-12,
        0.0019330472689035628
      ],
      "confidence_score": 0.3875309451051707
    },
    "Quadratic": {
      "r2": 0.0017210883561700197,
      "aic": -3651.422774000372,
      "bic": -3641.410159761268,
      "params": [
        2.112678166445324e-19,
        1.0,
        0.00193203406733182
      ],
      "confidence_score": 0.012241912459835958
    },
    "Cubic": {
      "r2": 0.0029146831022688335,
      "aic": -3649.671618530358,
      "bic": -3636.321466211553,
      "params": [
        2.882415280269682e-26,
        1.0,
        1.0,
        0.0019318586263519385
      ],
      "confidence_score": 0.0
    },
    "Logarithmic": {
      "r2": 9.50574169716889e-05,
      "aic": -3653.0842520877936,
      "bic": -3646.409175928391,
      "params": [
        -1.642233894011596e-06,
        0.0019640409926149115
      ],
      "confidence_score": 0.583062251831549
    },
    "N Log N": {
      "r2": 0.000587597267288964,
      "aic": -3653.1867353590756,
      "bic": -3646.511659199673,
      "params": [
        7.882596818885536e-14,
        0.0019329382042950212
      ],
      "confidence_score": 0.5982937986336444
    }
  }
}