{
  "valid_points": 202,
  "models": {
    "Constant": {
      "r2": 0.7,
      "aic": -3437.7644478160373,
      "bic": -3431.147912421235,
      "params": [
        100.00118173400664,
        -99.99881826599325
      ],
      "confidence_score": 0.3700000000011646
    },
    "Linear": {
      "r2": 0.02375393367928602,
      "aic": -3442.6206504731344,
      "bic": -3436.0041150783322,
      "params": [
        7.18372840898234e-13,
        0.0023563454795302225
      ],
      "confidence_score": 0.004252360225176459
    },
    "Quadratic": {
      "r2": 0.013847928836354217,
      "aic": -3438.5812784043414,
      "bic": -3428.656475312138,
      "params": [
        1.1262091163855927e-21,
        1.0,
        0.0023612921355036587
      ],
      "confidence_score": 0.0
    },
    "Cubic": {
      "r2": 0.012186905567011852,
      "aic": -3436.2413263267204,
      "bic": -3423.0082555371155,
      "params": [
        2.0143307023919222e-30,
        1.0,
        1.0,
        0.0023617040618941834
      ],
      "confidence_score": 0.0
    },
    "Logarithmic": {
      "r2": 0.22906030274183464,
      "aic": -3490.3137624904575,
      "bic": -3483.6972270956553,
      "params": [
        8.93422316711409e-05,
        0.0010048607113255005
      ],
      "confidence_score": 0.7125301513709174
    },
    "N Log N": {
      "r2": 0.022064403923355735,
      "aic": -3442.2713635032483,
      "bic": -3435.654828108446,
      "params": [
        3.4740386063341156e-14,
        0.0023573941250015712
      ],
      "confidence_score": 0.3090322019727657
    }
  }
}