{
  "valid_points": 75,
  "models": {
    "Constant": {
      "r2": 0.7,
      "aic": -781.8400813455148,
      "bic": -777.2051051184422,
      "params": [
        100.02582406004271,
        -99.97417593995735
      ],
      "confidence_score": 0.5435067915309038
    },
    "Linear": {
      "r2": 0.013486148337221948,
      "aic": -782.8584247754253,
      "bic": -778.2234485483527,
      "params": [
        -5.330901573508129e-07,
        0.05324739055584482
      ],
      "confidence_score": 0.2499121707952519
    },
    "Quadratic": {
      "r2": 0.007051731725544852,
      "aic": -780.370834797593,
      "bic": -773.4183704569841,
      "params": [
        -6.333815147723452e-11,
        1.0,
        0.05230278321906701
      ],
      "confidence_score": 0.007017747733210265
    },
    "Cubic": {
      "r2": 0.004099080303956226,
      "aic": -778.1481441877135,
      "bic": -768.8781917335682,
      "params": [
        -9.543974795329715e-15,
        1.0,
        1.0,
        0.05202056415781133
      ],
      "confidence_score": 0.0
    },
    "Logarithmic": {
      "r2": 0.0255848765776302,
      "aic": -783.7839209500113,
      "bic": -779.1489447229387,
      "params": [
        -0.001946852010285064,
        0.06706638045211351
      ],
      "confidence_score": 0.5107924382888152
    },
    "N Log N": {
      "r2": 0.01249850633671934,
      "aic": -782.7833765683343,
      "bic": -778.1484003412618,
      "params": [
        -5.7281194011317046e-08,
        0.05303736520497028
      ],
      "confidence_score": 0.48615893019537326
    }
  }
}