{
  "valid_points": 117,
  "models": {
    "Constant": {
      "r2": 0.7,
      "aic": 954.0532854599446,
      "bic": 959.5776333295402,
      "params": [
        137.65418392890277,
        -37.64619587488394
      ],
      "confidence_score": 0.11999999999999998
    },
    "Linear": {
      "r2": 0.9998918440396988,
      "aic": -114.38326113144772,
      "bic": -108.85891326185221,
      "params": [
        3.313544055971729e-05,
        0.8146898740957538
      ],
      "confidence_score": 0.8999351064238192
    },
    "Quadratic": {
      "r2": 0.9408855607321561,
      "aic": 625.1445178364219,
      "bic": 633.4310396408151,
      "params": [
        5.108062416644978e-12,
        1.0,
        38.59558110961509
      ],
      "confidence_score": 0.5445313364392936
    },
    "Cubic": {
      "r2": 0.8513990008378417,
      "aic": 734.9939059824912,
      "bic": 746.0426017216822,
      "params": [
        8.480166221539253e-19,
        1.0,
        1.0,
        53.623986573934545
      ],
      "confidence_score": 0.490839400502705
    },
    "Logarithmic": {
      "r2": 0.8325097981317875,
      "aic": 744.9941256486957,
      "bic": 750.5184735182912,
      "params": [
        59.88225679525946,
        -776.3605749614704
      ],
      "confidence_score": 0.548
    },
    "N Log N": {
      "r2": 0.9993015120207567,
      "aic": 103.86195257010333,
      "bic": 109.38630043969884,
      "params": [
        2.0957273720127532e-06,
        5.2438296560741
      ],
      "confidence_score": 0.648
    }
  }
}