{
  "Constant": {
    "r2": 1.1102230246251565e-16,
    "aic": 40.1396611524777,
    "bic": 42.65585422852067,
    "params": [
      102.37850959484402,
      -97.62149040515607
    ]
  },
  "Linear": {
    "r2": 0.9990870736964832,
    "aic": -141.83057923886304,
    "bic": -139.31438616282009,
    "params": [
      0.022053462372151778,
      1.4439105733176973
    ]
  },
  "Quadratic": {
    "r2": 0.9432069774685063,
    "aic": -32.437225739983866,
    "bic": -28.66293612591942,
    "params": [
      6.846615034628023e-05,
      1.0,
      2.6471241676013038
    ]
  },
  "Cubic": {
    "r2": 0.8486116419642323,
    "aic": -4.945916592357939,
    "bic": 0.08646955972798942,
    "params": [
      2.2356182993732432e-07,
      1.0,
      1.0,
      3.163660215955191
    ]
  },
  "Logarithmic": {
    "r2": 0.7409109771779512,
    "aic": 5.024488621590817,
    "bic": 7.540681697633781,
    "params": [
      1.621715511780652,
      -2.80723142698863
    ]
  },
  "N Log N": {
    "r2": 0.9979479235797964,
    "aic": -120.77181972188649,
    "bic": -118.25562664584352,
    "params": [
      0.0037484890770366013,
      1.8145580531152758
    ]
  }
}