{
  "valid_points": 19,
  "models": {
    "Constant": {
      "r2": 0.7,
      "aic": 17.054119357287817,
      "bic": 18.942997315620694,
      "params": [
        -98.10112689278625,
        101.89887310721373
      ],
      "confidence_score": 0.35
    },
    "Linear": {
      "r2": 0.9981436748878044,
      "aic": -102.43985398595235,
      "bic": -100.55097602761947,
      "params": [
        0.021649542213224016,
        1.476687399251777
      ],
      "confidence_score": 0.9888862049326826
    },
    "Quadratic": {
      "r2": 0.9448011845865162,
      "aic": -35.98534257348239,
      "bic": -33.15202563598307,
      "params": [
        9.48292323899036e-05,
        1.0,
        2.306326948532954
      ],
      "confidence_score": 0.5468807107519106
    },
    "Cubic": {
      "r2": 0.8518213332367865,
      "aic": -15.223274626223585,
      "bic": -11.445518709557824,
      "params": [
        4.38366608124241e-07,
        1.0,
        1.0,
        2.659077344489949
      ],
      "confidence_score": 0.4910927999420719
    },
    "Logarithmic": {
      "r2": 0.7459591202282656,
      "aic": -8.980822180391444,
      "bic": -7.091944222058563,
      "params": [
        1.1511665251105943,
        -1.181733298587326
      ],
      "confidence_score": 0.598
    },
    "N Log N": {
      "r2": 0.9972038097506125,
      "aic": -94.65633149941605,
      "bic": -92.76745354108317,
      "params": [
        0.003905882741860756,
        1.750166929488993
      ],
      "confidence_score": 0.6041228105505281
    }
  }
}