{
  "valid_points": 18,
  "models": {
    "Constant": {
      "r2": 0.7,
      "aic": -101.18884467339853,
      "bic": -99.40810115760621,
      "params": [
        -99.79785612473881,
        100.20214387526114
      ],
      "confidence_score": 0.12000000000000001
    },
    "Linear": {
      "r2": 0.9822571408207731,
      "aic": -173.76074326120158,
      "bic": -171.97999974540926,
      "params": [
        0.00018979007780154782,
        0.12012982848053377
      ],
      "confidence_score": 0.725937256050808
    },
    "Quadratic": {
      "r2": 0.9849700193202968,
      "aic": -174.74759516540396,
      "bic": -172.07647989171548,
      "params": [
        6.309928914097657e-08,
        1.0,
        0.25785358076443765
      ],
      "confidence_score": 0.8192575200306857
    },
    "Cubic": {
      "r2": 0.9760499389951015,
      "aic": -164.36096401651773,
      "bic": -160.79947698493308,
      "params": [
        2.7111669054215086e-11,
        1.0,
        1.0,
        0.3036528122402702
      ],
      "confidence_score": 0.5665133764512477
    },
    "Logarithmic": {
      "r2": 0.9664680295643828,
      "aic": -162.3034518433034,
      "bic": -160.52270832751108,
      "params": [
        0.2759556198354937,
        -1.6083266576296635
      ],
      "confidence_score": 0.5485769331922254
    },
    "N Log N": {
      "r2": 0.9832628398641465,
      "aic": -174.81107440038025,
      "bic": -173.03033088458793,
      "params": [
        2.2866100304607835e-05,
        0.15336998093909052
      ],
      "confidence_score": 0.9480000000000001
    }
  }
}