{
  "valid_points": 28,
  "models": {
    "Constant": {
      "r2": 0.7,
      "aic": -311.45508183747245,
      "bic": -308.790672817122,
      "params": [
        -99.99570560508542,
        100.00429439491468
      ],
      "confidence_score": 0.37
    },
    "Linear": {
      "r2": 0.34953046064835913,
      "aic": -323.49678447943484,
      "bic": -320.8323754590844,
      "params": [
        1.9105375053773304e-11,
        0.007856138418828425
      ],
      "confidence_score": 0.19971827638901546
    },
    "Quadratic": {
      "r2": 0.21225733580955275,
      "aic": -316.1354285383472,
      "bic": -312.13881500782156,
      "params": [
        3.020971479162326e-20,
        1.0,
        0.008174153761304714
      ],
      "confidence_score": 0.10735440148573165
    },
    "Cubic": {
      "r2": 0.1677340856420414,
      "aic": -312.5959736948762,
      "bic": -307.2671556541754,
      "params": [
        5.088992844356484e-29,
        1.0,
        1.0,
        0.008267367996784099
      ],
      "confidence_score": 0.08064045138522483
    },
    "Logarithmic": {
      "r2": 0.9793335121999738,
      "aic": -420.0738532869138,
      "bic": -417.40944426656336,
      "params": [
        0.0006288376555828724,
        0.0018450233826289052
      ],
      "confidence_score": 0.898
    },
    "N Log N": {
      "r2": 0.3363879646123855,
      "aic": -322.93669419845895,
      "bic": -320.2722851781085,
      "params": [
        9.403840176903398e-13,
        0.007888898580521855
      ],
      "confidence_score": 0.4661939823061928
    }
  }
}