{
  "valid_points": 7480,
  "models": {
    "Constant": {
      "r2": 0.9,
      "aic": -61083.45135528332,
      "bic": -61069.61137914139,
      "params": [
        -99.80774105247102,
        100.192258947529
      ],
      "confidence_score": 0.22000000000000003
    },
    "Linear": {
      "r2": 0.46022282621683896,
      "aic": -65695.610870913,
      "bic": -65681.77089477106,
      "params": [
        4.326843018142385e-08,
        -0.03872565287010591
      ],
      "confidence_score": 0.17613369573010884
    },
    "Quadratic": {
      "r2": 0.46544776526836706,
      "aic": -65766.36854084325,
      "bic": -65745.60857663034,
      "params": [
        2.5232885027887613e-15,
        1.0,
        0.14290394238499732
      ],
      "confidence_score": 0.6592686591610202
    },
    "Cubic": {
      "r2": 0.4654163160222482,
      "aic": -65763.92848386467,
      "bic": -65736.2485315808,
      "params": [
        1.9120537739671613e-22,
        1.0,
        1.0,
        0.205197176638082
      ],
      "confidence_score": 0.26296131156604885
    },
    "Logarithmic": {
      "r2": 0.4494366462680305,
      "aic": -65547.6144313187,
      "bic": -65533.77445517676,
      "params": [
        0.3605629759770879,
        -5.418956572959576
      ],
      "confidence_score": 0.6227183231340152
    },
    "N Log N": {
      "r2": 0.4606847035346062,
      "aic": -65702.01410815751,
      "bic": -65688.17413201557,
      "params": [
        2.5525979568953485e-09,
        -0.017394436715585247
      ],
      "confidence_score": 0.5283423517674044
    }
  }
}