{
  "Constant": {
    "r2": 0.0,
    "aic": 150.60485002020704,
    "bic": 155.2663167007797,
    "params": [
      -96.49017076253102,
      103.50982923746895
    ]
  },
  "Linear": {
    "r2": 0.9993080450644505,
    "aic": -402.3703691942006,
    "bic": -397.7089025136279,
    "params": [
      0.0022888353516358206,
      0.3383673859842604
    ]
  },
  "Quadratic": {
    "r2": 0.9710322747026098,
    "aic": -116.55469718418783,
    "bic": -109.56249716332884,
    "params": [
      3.771382977067868e-07,
      1.0,
      3.310912711283061
    ]
  },
  "Cubic": {
    "r2": 0.9071969922371653,
    "aic": -26.068143344103667,
    "bic": -16.745209982958343,
    "params": [
      7.306991538657691e-11,
      1.0,
      1.0,
      4.356652690199665
    ]
  },
  "Logarithmic": {
    "r2": 0.9581605746111309,
    "aic": -90.61278063680396,
    "bic": -85.9513139562313,
    "params": [
      5.811896802350752,
      -38.83402475783891
    ]
  },
  "N Log N": {
    "r2": 0.9990105046076067,
    "aic": -375.187124136657,
    "bic": -370.52565745608433,
    "params": [
      0.00025597982053269207,
      0.9973287631455237
    ]
  }
}