{
  "valid_points": 95,
  "models": {
    "Constant": {
      "r2": 0.0,
      "aic": -68.12135486030722,
      "bic": -63.01360107710614,
      "params": [
        -99.35118863849253,
        100.64881136150746
      ],
      "confidence_score": 0.0
    },
    "Linear": {
      "r2": 0.9944103098562305,
      "aic": -560.8703401216999,
      "bic": -555.7625863384987,
      "params": [
        0.0004887104703779066,
        0.28854363241924985
      ],
      "confidence_score": 0.9744103098562304
    },
    "Quadratic": {
      "r2": 0.9183108348310931,
      "aic": -304.08057566262283,
      "bic": -296.4189449878212,
      "params": [
        1.0621280708511785e-07,
        1.0,
        0.6378212526473443
      ],
      "confidence_score": 0.8783108348310931
    },
    "Cubic": {
      "r2": 0.8138765141853527,
      "aic": -223.84912257620508,
      "bic": -213.63361500980292,
      "params": [
        2.3580454605124977e-11,
        1.0,
        1.0,
        0.7997264922724223
      ],
      "confidence_score": 0.7638765141853526
    },
    "Logarithmic": {
      "r2": 0.6184676188163627,
      "aic": -159.65951242053353,
      "bic": -154.55175863733245,
      "params": [
        0.3009290643523989,
        -0.7971469434874007
      ],
      "confidence_score": 0.6084676188163627
    },
    "N Log N": {
      "r2": 0.9918436317710462,
      "aic": -524.9722013710372,
      "bic": -519.864447587836,
      "params": [
        5.760528532598824e-05,
        0.35672067452424205
      ],
      "confidence_score": 0.9618436317710461
    }
  }
}