{
  "valid_points": 18,
  "models": {
    "Constant": {
      "r2": 0.7,
      "aic": 133.87941954128192,
      "bic": 135.66016305707424,
      "params": [
        -91.81624770992322,
        108.18375229007663
      ],
      "confidence_score": 0.09999999999999998
    },
    "Linear": {
      "r2": 0.9999673375419194,
      "aic": -52.047696248235994,
      "bic": -50.26695273244366,
      "params": [
        0.000566292930006429,
        -0.12634329921882959
      ],
      "confidence_score": 0.8999804025251515
    },
    "Quadratic": {
      "r2": 0.9227757870280318,
      "aic": 89.78065937261267,
      "bic": 92.45177464630117,
      "params": [
        2.2234295132790045e-09,
        1.0,
        5.049640415605164
      ],
      "confidence_score": 0.533665472216819
    },
    "Cubic": {
      "r2": 0.8459979100015225,
      "aic": 104.20521564692748,
      "bic": 107.76670267851215,
      "params": [
        8.226398282362045e-15,
        1.0,
        1.0,
        6.95851173676353
      ],
      "confidence_score": 0.48759874600091346
    },
    "Logarithmic": {
      "r2": 0.40126526147803687,
      "aic": 124.64656039063364,
      "bic": 126.42730390642596,
      "params": [
        6.314311656146693,
        -24.77588682427818
      ],
      "confidence_score": 0.4486326307390185
    },
    "N Log N": {
      "r2": 0.9990239882847471,
      "aic": 9.102772112054144,
      "bic": 10.883515627846473,
      "params": [
        4.5845855490971736e-05,
        0.6326613342818849
      ],
      "confidence_score": 0.6980000000000157
    }
  }
}