{
  "valid_points": 202,
  "models": {
    "Constant": {
      "r2": 0.85,
      "aic": -3220.7695482619683,
      "bic": -3214.153012867166,
      "params": [
        100.00217771249841,
        -99.99782228750156
      ],
      "confidence_score": 0.4452714774523462
    },
    "Linear": {
      "r2": 0.06703049081515533,
      "aic": -3234.7848655942917,
      "bic": -3228.1683301994894,
      "params": [
        -2.064859497682749e-12,
        0.004375776799384123
      ],
      "confidence_score": 0.4302182944890932
    },
    "Quadratic": {
      "r2": 0.04783439126390154,
      "aic": -3228.6708409757825,
      "bic": -3218.746037883579,
      "params": [
        -3.5814689854133016e-21,
        1.0,
        0.00436234021009427
      ],
      "confidence_score": 0.012298419797303197
    },
    "Cubic": {
      "r2": 0.03734756503058145,
      "aic": -3224.458244237867,
      "bic": -3211.225173448262,
      "params": [
        -6.0336690720597576e-30,
        1.0,
        1.0,
        0.004360708556151689
      ],
      "confidence_score": 0.002492272712117341
    },
    "Logarithmic": {
      "r2": 0.025360672591717592,
      "aic": -3225.958483261763,
      "bic": -3219.3419478669607,
      "params": [
        5.105496921610076e-05,
        0.003579405978383264
      ],
      "confidence_score": 0.3143152715840069
    },
    "N Log N": {
      "r2": 0.06700486321765686,
      "aic": -3234.779316963232,
      "bic": -3228.1627815684296,
      "params": [
        -1.035869504023116e-13,
        0.004373432386392626
      ],
      "confidence_score": 0.6306712904069246
    }
  }
}