{
  "Constant": {
    "r2": 0.0,
    "aic": -725.3769276929952,
    "bic": -720.8235954549631,
    "params": [
      -99.97630829198508,
      100.02369170801505
    ]
  },
  "Linear": {
    "r2": 0.010430367429963505,
    "aic": -726.1318581290349,
    "bic": -721.5785258910028,
    "params": [
      -7.467189877541358e-07,
      0.04927510413186853
    ]
  },
  "Quadratic": {
    "r2": 0.006770373751430969,
    "aic": -723.8660522558739,
    "bic": -717.0360538988258,
    "params": [
      -1.1776896340519564e-10,
      1.0,
      0.048227034371334576
    ]
  },
  "Cubic": {
    "r2": 0.004521399315456365,
    "aic": -721.7032066194705,
    "bic": -712.5965421434063,
    "params": [
      -2.3046157702540313e-14,
      1.0,
      1.0,
      0.04788835734540463
    ]
  },
  "Logarithmic": {
    "r2": 0.01617009502439215,
    "aic": -726.5506902451762,
    "bic": -721.997358007144,
    "params": [
      -0.00212835295880023,
      0.06392339164918893
    ]
  },
  "N Log N": {
    "r2": 0.009911262862490777,
    "aic": -726.0940985536591,
    "bic": -721.540766315627,
    "params": [
      -8.275410776038289e-08,
      0.04903915416172338
    ]
  }
}