{
  "valid_points": 19,
  "models": {
    "Constant": {
      "r2": 0.9,
      "aic": -232.95006835509025,
      "bic": -231.06119039675738,
      "params": [
        100.02968948530525,
        -99.9703105146948
      ],
      "confidence_score": 0.8601646338603666
    },
    "Linear": {
      "r2": 0.020663322025301634,
      "aic": -233.3467844733831,
      "bic": -231.45790651505024,
      "params": [
        -1.0280494100456394e-06,
        0.060921044725388396
      ],
      "confidence_score": 0.3804753309049381
    },
    "Quadratic": {
      "r2": 0.018269855967133153,
      "aic": -231.3004057603529,
      "bic": -228.46708882285358,
      "params": [
        -3.2116598269738006e-10,
        1.0,
        0.06012568149482733
      ],
      "confidence_score": 0.07848966901974566
    },
    "Cubic": {
      "r2": 0.016007797082775,
      "aic": -229.25667716578212,
      "bic": -225.47892124911635,
      "params": [
        -1.297898496284921e-13,
        1.0,
        1.0,
        0.059860815427213804
      ],
      "confidence_score": 0.009250646933295352
    },
    "Logarithmic": {
      "r2": 0.02314457050826646,
      "aic": -233.3949839792281,
      "bic": -231.50610602089523,
      "params": [
        -0.0015931686287142103,
        0.07100277763485545
      ],
      "confidence_score": 0.3595722852541332
    },
    "N Log N": {
      "r2": 0.020367865916606,
      "aic": -233.34105322735897,
      "bic": -231.4521752690261,
      "params": [
        -1.2292164571882644e-07,
        0.06073050480247012
      ],
      "confidence_score": 0.29001848314933193
    }
  }
}