{
  "valid_points": 28,
  "models": {
    "Constant": {
      "r2": 0.7,
      "aic": -543.3884946228743,
      "bic": -540.7240856025239,
      "params": [
        -99.99967942546522,
        100.00032057453488
      ],
      "confidence_score": 0.3500298107210982
    },
    "Linear": {
      "r2": 0.1874647404879921,
      "aic": -549.2011817660006,
      "bic": -546.5367727456502,
      "params": [
        1.7110814083332875e-13,
        0.000631300199466707
      ],
      "confidence_score": 0.1032058204938861
    },
    "Quadratic": {
      "r2": 0.17323666711331998,
      "aic": -546.7151250336267,
      "bic": -542.7185115031011,
      "params": [
        3.1757127465469347e-22,
        1.0,
        0.0006335212498187582
      ],
      "confidence_score": 0.08404974481500625
    },
    "Cubic": {
      "r2": 0.16593413543312163,
      "aic": -544.4688959752191,
      "bic": -539.1400779345182,
      "params": [
        5.820920638927696e-31,
        1.0,
        1.0,
        0.0006342556218404497
      ],
      "confidence_score": 0.07957848440254696
    },
    "Logarithmic": {
      "r2": 0.4822866389295346,
      "aic": -561.8218339357375,
      "bic": -559.1574249153871,
      "params": [
        7.475904777467623e-06,
        0.0005527206904088232
      ],
      "confidence_score": 0.7391433194647674
    },
    "N Log N": {
      "r2": 0.18608524138800564,
      "aic": -549.153684476036,
      "bic": -546.4892754556856,
      "params": [
        8.512786660597175e-15,
        0.0006315279079185586
      ],
      "confidence_score": 0.09157505686503226
    }
  }
}