{
  "valid_points": 28,
  "models": {
    "Constant": {
      "r2": 0.7,
      "aic": -460.79525615768785,
      "bic": -458.1308471373374,
      "params": [
        -99.99959800126297,
        100.0004019987371
      ],
      "confidence_score": 0.37
    },
    "Linear": {
      "r2": 0.3220556673540579,
      "aic": -471.6785789480149,
      "bic": -469.01416992766445,
      "params": [
        1.2741097744462302e-12,
        0.0007551380129326551
      ],
      "confidence_score": 0.18323340041243472
    },
    "Quadratic": {
      "r2": 0.221538312719762,
      "aic": -465.807450225783,
      "bic": -461.81083669525736,
      "params": [
        2.1442134668760436e-21,
        1.0,
        0.0007745675954795452
      ],
      "confidence_score": 0.1129229876318572
    },
    "Cubic": {
      "r2": 0.18719052293104155,
      "aic": -462.5984953461807,
      "bic": -457.2696773054799,
      "params": [
        3.735007119364754e-30,
        1.0,
        1.0,
        0.0007804070922719457
      ],
      "confidence_score": 0.09231431375862492
    },
    "Logarithmic": {
      "r2": 0.969127308593608,
      "aic": -558.1759874122691,
      "bic": -555.5115783919188,
      "params": [
        4.346022552951325e-05,
        0.0003379223144240355
      ],
      "confidence_score": 0.898
    },
    "N Log N": {
      "r2": 0.31257622893083614,
      "aic": -471.2897775106324,
      "bic": -468.62536849028197,
      "params": [
        6.297835563152588e-14,
        0.0007571251333741434
      ],
      "confidence_score": 0.45428811446541806
    }
  }
}