{
  "valid_points": 198,
  "models": {
    "Constant": {
      "r2": 0.7,
      "aic": -3492.334689531484,
      "bic": -3485.758155470095,
      "params": [
        -99.99931390688867,
        100.00068609311131
      ],
      "confidence_score": 0.397893175683301
    },
    "Linear": {
      "r2": 0.02321711668028459,
      "aic": -3496.9858836839953,
      "bic": -3490.4093496226064,
      "params": [
        7.828499978605526e-12,
        0.001332676958254084
      ],
      "confidence_score": 0.3844968751891696
    },
    "Quadratic": {
      "r2": 0.030033823829172968,
      "aic": -3496.372516979377,
      "bic": -3486.507715887293,
      "params": [
        8.556371553711707e-19,
        1.0,
        0.0013434445857362942
      ],
      "confidence_score": 0.052120843682636475
    },
    "Cubic": {
      "r2": 0.033294895859146134,
      "aic": -3495.0393238647343,
      "bic": -3481.886255741956,
      "params": [
        9.471879873159714e-26,
        1.0,
        1.0,
        0.0013483688228192083
      ],
      "confidence_score": 0.005343106633663854
    },
    "Logarithmic": {
      "r2": 0.015424700375499256,
      "aic": -3495.4125794708284,
      "bic": -3488.8360454094395,
      "params": [
        2.0750720976299613e-05,
        0.0010574616975078835
      ],
      "confidence_score": 0.4356853882488666
    },
    "N Log N": {
      "r2": 0.023708377432749006,
      "aic": -3497.08549036131,
      "bic": -3490.508956299921,
      "params": [
        4.851420534503815e-13,
        0.0013339488764842781
      ],
      "confidence_score": 0.6098541887163745
    }
  }
}