{
  "valid_points": 74,
  "models": {
    "Constant": {
      "r2": 0.7,
      "aic": -246.50213469675052,
      "bic": -241.89400451034217,
      "params": [
        100.32248539296361,
        -99.67751460703641
      ],
      "confidence_score": 0.11999999999999998
    },
    "Linear": {
      "r2": 0.9891022823385313,
      "aic": -580.9230753358246,
      "bic": -576.3149451494163,
      "params": [
        0.0001583561630321003,
        0.1752521672035333
      ],
      "confidence_score": 0.5300240891145612
    },
    "Quadratic": {
      "r2": 0.9711127072142698,
      "aic": -506.7842919617374,
      "bic": -499.8720966821249,
      "params": [
        2.5829263765613292e-08,
        1.0,
        0.38320515942683503
      ],
      "confidence_score": 0.5626676243285619
    },
    "Cubic": {
      "r2": 0.9182922214182034,
      "aic": -427.84298406683877,
      "bic": -418.6267236940221,
      "params": [
        4.973479515772612e-12,
        1.0,
        1.0,
        0.45566436142328937
      ],
      "confidence_score": 0.530975332850922
    },
    "Logarithmic": {
      "r2": 0.9429400384118674,
      "aic": -458.41242756893007,
      "bic": -453.8042973825217,
      "params": [
        0.409513644773379,
        -2.593239501438391
      ],
      "confidence_score": 0.648
    },
    "N Log N": {
      "r2": 0.9897846349745623,
      "aic": -585.7079461616888,
      "bic": -581.0998159752805,
      "params": [
        1.7684259694240547e-05,
        0.2214303494842314
      ],
      "confidence_score": 0.898
    }
  }
}