{
  "valid_points": 94,
  "models": {
    "Constant": {
      "r2": 0.0,
      "aic": -160.20504661654886,
      "bic": -155.11845705200884,
      "params": [
        100.36295941297685,
        -99.63704058702321
      ],
      "confidence_score": 0.0
    },
    "Linear": {
      "r2": 0.9939834840568806,
      "aic": -640.8502584304302,
      "bic": -635.7636688658903,
      "params": [
        0.0002984420855898229,
        0.11445544140208475
      ],
      "confidence_score": 0.9739834840568806
    },
    "Quadratic": {
      "r2": 0.9231352632718248,
      "aic": -399.3816049844028,
      "bic": -391.7517206375928,
      "params": [
        6.502798001871105e-08,
        1.0,
        0.32644027006863935
      ],
      "confidence_score": 0.8831352632718248
    },
    "Cubic": {
      "r2": 0.820250706049034,
      "aic": -317.52711438839754,
      "bic": -307.3539352593175,
      "params": [
        1.4435708870992418e-11,
        1.0,
        1.0,
        0.42480982935599493
      ],
      "confidence_score": 0.770250706049034
    },
    "Logarithmic": {
      "r2": 0.608593688373094,
      "aic": -248.377901864159,
      "bic": -243.291312299619,
      "params": [
        0.1816646554476754,
        -0.5362982091058222
      ],
      "confidence_score": 0.598593688373094
    },
    "N Log N": {
      "r2": 0.992465766023114,
      "aic": -619.7050693385813,
      "bic": -614.6184797740414,
      "params": [
        3.520038712700938e-05,
        0.15576157363455176
      ],
      "confidence_score": 0.962465766023114
    }
  }
}