{
  "Constant": {
    "r2": 2.220446049250313e-16,
    "aic": 1014.7580773974421,
    "bic": 1018.9798251257887,
    "params": [
      2826.741802599904,
      1373.6816193667025
    ]
  },
  "Linear": {
    "r2": 0.4989909509322945,
    "aic": 972.599079318453,
    "bic": 976.8208270467996,
    "params": [
      3.180407905329604,
      -3750.5963188706883
    ]
  },
  "Quadratic": {
    "r2": 0.5187292968734342,
    "aic": 972.1472295333195,
    "bic": 978.4798511258394,
    "params": [
      0.0006406510657436248,
      1.0,
      -300.1502923937113
    ]
  },
  "Cubic": {
    "r2": 0.5170076939570104,
    "aic": 974.3650495440244,
    "bic": 982.8085450007176,
    "params": [
      1.5415483973991871e-07,
      1.0,
      1.0,
      895.7290702575099
    ]
  },
  "Logarithmic": {
    "r2": 0.4509185448466557,
    "aic": 978.1880602128564,
    "bic": 982.409807941203,
    "params": [
      6829.702617271418,
      -48754.02774428918
    ]
  },
  "N Log N": {
    "r2": 0.5026192369647781,
    "aic": 972.1557125700118,
    "bic": 976.3774602983584,
    "params": [
      0.36334063371414943,
      -2965.2384320701112
    ]
  }
}