{
  "Constant": {
    "name": "Constant",
    "r2": 1.1102230246251565e-16,
    "bic": 303.26587268416,
    "confidence_score": -0.14978661367769944,
    "params": [
      0.00013275183129332464,
      1466.45538644758
    ],
    "order": 0
  },
  "Linear": {
    "name": "Linear",
    "r2": 0.714758201900366,
    "bic": 278.1775118035829,
    "confidence_score": 0.5249715882226664,
    "params": [
      16.398250195069846,
      8.120376135344149e-18
    ],
    "order": 2
  },
  "Quadratic": {
    "name": "Quadratic",
    "r2": 0.9490294744880223,
    "bic": 246.7314500684725,
    "confidence_score": 0.6443495539714731,
    "params": [
      0.10488752202498557,
      1.0074523847858943e-16,
      3.635459784787292e-17
    ],
    "order": 4
  },
  "Cubic": {
    "name": "Cubic",
    "r2": 0.9999288398995978,
    "bic": 118.24577154662845,
    "confidence_score": 0.6003556125441988,
    "params": [
      0.0005797402847687685,
      9.478163776230457e-27,
      7.772173182599497e-26,
      1.2309010856138688e-24
    ],
    "order": 5
  },
  "Logarithmic": {
    "name": "Logarithmic",
    "r2": 0.24191331391403337,
    "bic": 297.72672191840866,
    "confidence_score": 0.07212670023633382,
    "params": [
      377.28427911913616,
      1.832890835854877e-15
    ],
    "order": 1
  },
  "N Log N": {
    "name": "N Log N",
    "r2": 0.7873329385994975,
    "bic": 272.30532412032073,
    "confidence_score": 0.577546324921798,
    "params": [
      3.320315792729064,
      2.544854862129351e-18
    ],
    "order": 3
  },
  "confidence_analysis": {
    "best_model": "Quadratic",
    "best_score": 0.6443495539714731,
    "second_best_model": "Cubic",
    "second_best_score": 0.6003556125441988,
    "confidence_gap": 0.04399394142727431,
    "is_confident": true,
    "threshold": 0.03
  }
}