{
  "Constant": {
    "r2": 0.0,
    "aic": 477.76137268611745,
    "bic": 480.4257817064679,
    "params": [
      3343.046867018642,
      774.506837230231
    ]
  },
  "Linear": {
    "r2": 0.8355000499294465,
    "aic": 427.22571234173904,
    "bic": 429.8901213620895,
    "params": [
      48.57717552004421,
      -3241.8883738343225
    ]
  },
  "Quadratic": {
    "r2": 0.9711916563696196,
    "aic": 380.4428464026461,
    "bic": 384.43945993317175,
    "params": [
      0.16721482297211532,
      1.0,
      -1040.6055422913805
    ]
  },
  "Cubic": {
    "r2": 0.9999807221535862,
    "aic": 177.77786137066104,
    "bic": 183.10667941136185,
    "params": [
      0.0005856660088257026,
      1.0,
      1.0,
      -20.56142557980603
    ]
  },
  "Logarithmic": {
    "r2": 0.4329791381793301,
    "aic": 461.87531557340907,
    "bic": 464.5397245937595,
    "params": [
      3004.9016941413984,
      -9984.845897116453
    ]
  },
  "N Log N": {
    "r2": 0.8724499041586091,
    "aic": 420.1024823623391,
    "bic": 422.76689138268955,
    "params": [
      8.436970141313946,
      -2556.475711592739
    ]
  }
}