{
  "Constant": {
    "r2": 2.220446049250313e-16,
    "aic": -163.77480515737727,
    "bic": -158.7312280032792,
    "params": [
      -99.57426540229616,
      100.42573459770374
    ]
  },
  "Linear": {
    "r2": 0.9953115542974966,
    "aic": -657.1389877087398,
    "bic": -652.0954105546417,
    "params": [
      0.00028454573365555014,
      0.25773359325109324
    ]
  },
  "Quadratic": {
    "r2": 0.9193601939253319,
    "aic": -393.40899007045664,
    "bic": -385.84362433930954,
    "params": [
      6.188617806540925e-08,
      1.0,
      0.4592055471138168
    ]
  },
  "Cubic": {
    "r2": 0.8129002967214203,
    "aic": -313.97725926465455,
    "bic": -303.8901049564584,
    "params": [
      1.3717104786501663e-11,
      1.0,
      1.0,
      0.5542927813580829
    ]
  },
  "Logarithmic": {
    "r2": 0.6216193648738507,
    "aic": -253.18543008557754,
    "bic": -248.14185293147946,
    "params": [
      0.1746512261369204,
      -0.36345621447630894
    ]
  },
  "N Log N": {
    "r2": 0.9929488702148126,
    "aic": -619.5950079610512,
    "bic": -614.5514308069531,
    "params": [
      3.355274269313515e-05,
      0.29678701016594283
    ]
  }
}