{
  "valid_points": 18,
  "models": {
    "Constant": {
      "r2": 0.7,
      "aic": 122.51164818155289,
      "bic": 124.29239169734521,
      "params": [
        -94.39333130915952,
        105.60666869084037
      ],
      "confidence_score": 0.11999999999999998
    },
    "Linear": {
      "r2": 0.9999981024218533,
      "aic": -114.6371304195149,
      "bic": -112.85638690372258,
      "params": [
        0.00020544043994175087,
        -0.006221577866849293
      ],
      "confidence_score": 0.8999988614531119
    },
    "Quadratic": {
      "r2": 0.9258966846767617,
      "aic": 77.67033806497304,
      "bic": 80.34145333866152,
      "params": [
        4.055982240087772e-10,
        1.0,
        3.05164325841181
      ],
      "confidence_score": 0.535538010806057
    },
    "Cubic": {
      "r2": 0.8486792213436551,
      "aic": 92.5212881790761,
      "bic": 96.08277521066076,
      "params": [
        7.509490013672994e-16,
        1.0,
        1.0,
        4.353814121787185
      ],
      "confidence_score": 0.489207532806193
    },
    "Logarithmic": {
      "r2": 0.4088994163913242,
      "aic": 113.04780467268792,
      "bic": 114.82854818848024,
      "params": [
        4.444448326036217,
        -18.259667200538242
      ],
      "confidence_score": 0.4524497081956621
    },
    "N Log N": {
      "r2": 0.9990579976346952,
      "aic": -2.9034017225790887,
      "bic": -1.1226582067867596,
      "params": [
        1.5752701345721802e-05,
        0.40019237073659936
      ],
      "confidence_score": 0.698
    }
  }
}