{
  "Constant": {
    "r2": 1.1102230246251565e-16,
    "aic": -694.8059647800459,
    "bic": -690.1709885529733,
    "params": [
      100.04027364154655,
      -99.95972635845345
    ]
  },
  "Linear": {
    "r2": 0.02066200304870247,
    "aic": -696.3718484471292,
    "bic": -691.7368722200566,
    "params": [
      -1.1787792579820433e-06,
      0.08408362086801402
    ]
  },
  "Quadratic": {
    "r2": 0.019207182052953353,
    "aic": -694.2605175156552,
    "bic": -687.3080531750463,
    "params": [
      -1.8674055810253055e-10,
      1.0,
      0.08247743350168238
    ]
  },
  "Cubic": {
    "r2": 0.018672421946649642,
    "aic": -692.2196362231031,
    "bic": -682.9496837689578,
    "params": [
      -3.6389490635604953e-14,
      1.0,
      1.0,
      0.08196734657569828
    ]
  },
  "Logarithmic": {
    "r2": 0.023512181421427414,
    "aic": -696.5904400288304,
    "bic": -691.9554638017578,
    "params": [
      -0.0033340907248255148,
      0.10695189864851423
    ]
  },
  "N Log N": {
    "r2": 0.020422414864547545,
    "aic": -696.3535024662553,
    "bic": -691.7185262391828,
    "params": [
      -1.3080557509049709e-07,
      0.08371972057411302
    ]
  }
}