{
  "valid_points": 205,
  "models": {
    "Constant": {
      "r2": 0.85,
      "aic": -2932.823607537448,
      "bic": -2926.1775875791714,
      "params": [
        100.00610949971342,
        -99.99389050028667
      ],
      "confidence_score": 0.4450000000000014
    },
    "Linear": {
      "r2": 0.25118287841951215,
      "aic": -2992.1220077253765,
      "bic": -2985.4759877671,
      "params": [
        1.3523096587726962e-10,
        0.011540095104902663
      ],
      "confidence_score": 0.15466470365086069
    },
    "Quadratic": {
      "r2": 0.22516587929304166,
      "aic": -2983.1204011562504,
      "bic": -2973.1513712188353,
      "params": [
        1.233288817165664e-17,
        1.0,
        0.011806489826930248
      ],
      "confidence_score": 0.11512893605955483
    },
    "Cubic": {
      "r2": 0.20830337830219592,
      "aic": -2976.7068953999187,
      "bic": -2963.414855483365,
      "params": [
        1.2464730160457877e-24,
        1.0,
        1.0,
        0.011906289947305138
      ],
      "confidence_score": 0.10498225303683154
    },
    "Logarithmic": {
      "r2": 0.2753005967785893,
      "aic": -2998.8332644393768,
      "bic": -2992.1872444811,
      "params": [
        0.0004484003164179459,
        0.005425997005621151
      ],
      "confidence_score": 0.7356502983892946
    },
    "N Log N": {
      "r2": 0.24915366531674,
      "aic": -2991.567231334433,
      "bic": -2984.9212113761564,
      "params": [
        8.262336038658703e-12,
        0.011571219344870749
      ],
      "confidence_score": 0.33050772789914223
    }
  }
}