{
  "valid_points": 17,
  "models": {
    "Constant": {
      "r2": 0.7,
      "aic": 111.45205053846036,
      "bic": 113.1184772265728,
      "params": [
        105.08911820018999,
        -94.9108817998101
      ],
      "confidence_score": 0.11999999999999998
    },
    "Linear": {
      "r2": 0.9999706138416079,
      "aic": -65.94272501854833,
      "bic": -64.27629833043589,
      "params": [
        0.00035185481008093156,
        0.005472223358885975
      ],
      "confidence_score": 0.8999823683049647
    },
    "Quadratic": {
      "r2": 0.9225107286969421,
      "aic": 69.97258215937417,
      "bic": 72.47222219154281,
      "params": [
        1.3837440397801675e-09,
        1.0,
        2.807663118347269
      ],
      "confidence_score": 0.5335064372181652
    },
    "Cubic": {
      "r2": 0.8441321499153467,
      "aic": 83.8533558636156,
      "bic": 87.18620923984047,
      "params": [
        5.116076633918744e-15,
        1.0,
        1.0,
        3.9930718576192725
      ],
      "confidence_score": 0.48647928994920797
    },
    "Logarithmic": {
      "r2": 0.43024499513102676,
      "aic": 101.88872048676579,
      "bic": 103.55514717487823,
      "params": [
        4.20029498318369,
        -16.23147216941818
      ],
      "confidence_score": 0.4631224975655134
    },
    "N Log N": {
      "r2": 0.9985047294886947,
      "aic": 0.8594320821140893,
      "bic": 2.5258587702265216,
      "params": [
        2.8475347311468953e-05,
        0.40092464821889134
      ],
      "confidence_score": 0.6980000000000008
    }
  }
}