{
  "valid_points": 29,
  "models": {
    "Constant": {
      "r2": 0.85,
      "aic": -596.8946333928544,
      "bic": -594.1600417328815,
      "params": [
        -99.99979164065986,
        100.00020835934022
      ],
      "confidence_score": 0.4334832396033465
    },
    "Linear": {
      "r2": 0.17053114407150272,
      "aic": -602.3167551467634,
      "bic": -599.5821634867905,
      "params": [
        9.216306034785756e-14,
        0.0004116234211132859
      ],
      "confidence_score": 0.26249505390972494
    },
    "Quadratic": {
      "r2": 0.20568457041440347,
      "aic": -601.5725976670257,
      "bic": -597.4707101770663,
      "params": [
        1.9574932558377142e-22,
        1.0,
        0.0004121795350864454
      ],
      "confidence_score": 0.16262182305099118
    },
    "Cubic": {
      "r2": 0.22179480814070252,
      "aic": -600.1668197508667,
      "bic": -594.6976364309209,
      "params": [
        3.8079938343509643e-31,
        1.0,
        1.0,
        0.00041236456116470165
      ],
      "confidence_score": 0.12787606567155568
    },
    "Logarithmic": {
      "r2": 0.21800713298188656,
      "aic": -604.0260135310749,
      "bic": -601.291421871102,
      "params": [
        2.57495213310231e-06,
        0.0003884564684945494
      ],
      "confidence_score": 0.6070035664909432
    },
    "N Log N": {
      "r2": 0.17281933420393547,
      "aic": -602.3968657014321,
      "bic": -599.6622740414592,
      "params": [
        4.634130765174498e-15,
        0.0004116831540393585
      ],
      "confidence_score": 0.21725805798322523
    }
  }
}