{
  "best_model": "O(1)",
  "details": {
    "O(1)": {
      "r2": -2.220446049250313e-16,
      "aic": 69.28481133608659,
      "params_norm": [
        0.9587012987012086
      ]
    },
    "O(n)": {
      "r2": 0.0006266958811801393,
      "aic": 72.03361060094258,
      "params_norm": [
        0.004088905172539015,
        0.956189543301319
      ]
    },
    "O(n^2)": {
      "r2": 0.012404685274505112,
      "aic": 75.17672628402109,
      "params_norm": [
        0.08177536588356527,
        -0.09458369296128177,
        0.9811065947581
      ]
    },
    "O(n^3)": {
      "r2": 0.01776785148524207,
      "aic": 79.1449361202246,
      "params_norm": [
        -0.26494346678496994,
        0.5654240070891788,
        -0.3607022050800521,
        1.0234181150911377
      ]
    },
    "O(log n)": {
      "r2": 1.92529122460261e-05,
      "aic": 72.04211755029615,
      "params_norm": [
        -0.00037660073486533996,
        0.9584817572949585
      ]
    },
    "O(n log n)": {
      "r2": 0.0052228496988758755,
      "aic": 71.96907558329127,
      "params_norm": [
        0.024548123431593565,
        0.9647852719462157
      ]
    },
    "O(2^n)": {
      "r2": 0.0006292172779187588,
      "aic": 72.03357527920772,
      "params_norm": [
        0.9561818791087532,
        0.004282803083714567
      ]
    },
    "O(n^k)": {
      "r2": 1.937451492461939e-05,
      "aic": 72.04211584782578,
      "params_norm": [
        0.9584801945564204,
        -0.000395638430093603
      ]
    }
  }
}