{
  "valid_points": 196,
  "models": {
    "Constant": {
      "r2": 0.85,
      "aic": -3235.819886049046,
      "bic": -3229.263656730585,
      "params": [
        -99.99789307844262,
        100.00210692155738
      ],
      "confidence_score": 0.7643610643948007
    },
    "Linear": {
      "r2": 0.0014569479140630337,
      "aic": -3236.1056560668053,
      "bic": -3229.549426748344,
      "params": [
        3.459536820801281e-12,
        0.004196196914648882
      ],
      "confidence_score": 0.38980507844401113
    },
    "Quadratic": {
      "r2": 0.0019428642421150943,
      "aic": -3234.201057843043,
      "bic": -3224.366713865352,
      "params": [
        3.8377741691698942e-19,
        1.0,
        0.004200762647891116
      ],
      "confidence_score": 0.01105296357483505
    },
    "Cubic": {
      "r2": 0.0022817985133261054,
      "aic": -3232.2676295824126,
      "bic": -3219.1551709454907,
      "params": [
        4.363362401879938e-26,
        1.0,
        1.0,
        0.004202706739372606
      ],
      "confidence_score": 0.0
    },
    "Logarithmic": {
      "r2": 0.0012554185223526693,
      "aic": -3236.0661026642356,
      "bic": -3229.5098733457744,
      "params": [
        1.0372225759861584e-05,
        0.0040563923099139355
      ],
      "confidence_score": 0.4919668655236245
    },
    "N Log N": {
      "r2": 0.0014842169767538271,
      "aic": -3236.1110086745443,
      "bic": -3229.554779356083,
      "params": [
        2.1413752945869843e-13,
        0.004196777836213975
      ],
      "confidence_score": 0.2987421084883769
    }
  }
}