{
  "valid_points": 96,
  "models": {
    "Constant": {
      "r2": 0.7,
      "aic": -446.0540225446431,
      "bic": -440.9253261617074,
      "params": [
        -99.88876981660715,
        100.11123018339289
      ],
      "confidence_score": 0.41
    },
    "Linear": {
      "r2": 0.9772260259643413,
      "aic": -809.1391634740544,
      "bic": -804.0104670911187,
      "params": [
        6.800378393134743e-05,
        0.07779931741782631
      ],
      "confidence_score": 0.9763356155786047
    },
    "Quadratic": {
      "r2": 0.9048499529116425,
      "aic": -669.8748408186826,
      "bic": -662.1817962442791,
      "params": [
        1.4763146204985249e-08,
        1.0,
        0.12693934088478245
      ],
      "confidence_score": 0.5229099717469855
    },
    "Cubic": {
      "r2": 0.8005262349911562,
      "aic": -596.8129878260503,
      "bic": -586.5555950601789,
      "params": [
        3.2651985818241733e-12,
        1.0,
        1.0,
        0.15045331403077708
      ],
      "confidence_score": 0.46031574099469363
    },
    "Logarithmic": {
      "r2": 0.6087741085605063,
      "aic": -536.1471577462719,
      "bic": -531.0184613633362,
      "params": [
        0.04186914121417565,
        -0.07070263228758017
      ],
      "confidence_score": 0.30238705428025314
    },
    "N Log N": {
      "r2": 0.9755071757829915,
      "aic": -802.1540315142629,
      "bic": -797.0253351313272,
      "params": [
        8.018719043928362e-06,
        0.08721352911112486
      ],
      "confidence_score": 0.607126812361996
    }
  }
}