{
  "valid_points": 29,
  "models": {
    "Constant": {
      "r2": 0.7,
      "aic": -490.2901064178443,
      "bic": -487.5555147578714,
      "params": [
        -99.99963235238499,
        100.00036764761501
      ],
      "confidence_score": 0.35
    },
    "Linear": {
      "r2": 0.2900239062501546,
      "aic": -500.2233018462112,
      "bic": -497.4887101862383,
      "params": [
        9.83272860083905e-13,
        0.0006988534300084578
      ],
      "confidence_score": 0.16401434375009274
    },
    "Quadratic": {
      "r2": 0.17103473944518732,
      "aic": -493.7298402868691,
      "bic": -489.62795279690965,
      "params": [
        1.5334747629530917e-21,
        1.0,
        0.0007149736083434078
      ],
      "confidence_score": 0.08262084366711239
    },
    "Cubic": {
      "r2": 0.13278440844102768,
      "aic": -490.42166882644653,
      "bic": -484.95248550650064,
      "params": [
        2.5611036731798495e-30,
        1.0,
        1.0,
        0.0007196770389164017
      ],
      "confidence_score": 0.0596706450646166
    },
    "Logarithmic": {
      "r2": 0.9791814493683214,
      "aic": -602.5755205589242,
      "bic": -599.8409288989512,
      "params": [
        3.54064360033338e-05,
        0.0003517581812796005
      ],
      "confidence_score": 0.8480000000000001
    },
    "N Log N": {
      "r2": 0.2785544916820992,
      "aic": -499.75856086369663,
      "bic": -497.0239692037237,
      "params": [
        4.8352073178359024e-14,
        0.0007005253419740487
      ],
      "confidence_score": 0.3372772458410496
    }
  }
}