{
  "valid_points": 9,
  "models": {
    "Constant": {
      "r2": 0.7,
      "aic": -58.08947604721604,
      "bic": -57.6950268925436,
      "params": [
        -0.7698917157120173,
        1.0
      ],
      "confidence_score": 0.3700320407070831
    },
    "Linear": {
      "r2": 0.8653742287844521,
      "aic": -76.1367837813286,
      "bic": -75.74233462665616,
      "params": [
        0.00013680248774070248,
        0.17865534862106275
      ],
      "confidence_score": 0.8636818244632986
    },
    "Quadratic": {
      "r2": 0.8609328548629387,
      "aic": -73.84466168273592,
      "bic": -73.25298795072726,
      "params": [
        1.4868371475470244e-07,
        1.0,
        0.20213881250444804
      ],
      "confidence_score": 0.5986558115583346
    },
    "Cubic": {
      "r2": 0.8180911263573332,
      "aic": -69.42772075130677,
      "bic": -68.63882244196189,
      "params": [
        1.7907402164776906e-10,
        1.0,
        1.0,
        0.20994277612020157
      ],
      "confidence_score": 0.4810184694206199
    },
    "Logarithmic": {
      "r2": 0.7853006893798907,
      "aic": -71.93612711222484,
      "bic": -71.5416779575524,
      "params": [
        0.04726200245105461,
        -0.042057786481648506
      ],
      "confidence_score": 0.6305434931108161
    },
    "N Log N": {
      "r2": 0.8689423403830718,
      "aic": -76.37853717305441,
      "bic": -75.98408801838197,
      "params": [
        1.9509181064363612e-05,
        0.18542393313432973
      ],
      "confidence_score": 0.898
    }
  }
}