{
  "valid_points": 66,
  "models": {
    "Constant": {
      "r2": 0.7,
      "aic": -665.9844038566765,
      "bic": -661.6050943726236,
      "params": [
        100.0274869980233,
        -99.97251300197664
      ],
      "confidence_score": 0.6476289668876141
    },
    "Linear": {
      "r2": 0.0059269937307099285,
      "aic": -666.3767493094063,
      "bic": -661.9974398253534,
      "params": [
        -6.003122794417948e-07,
        0.056427479414121406
      ],
      "confidence_score": 0.3466191657204969
    },
    "Quadratic": {
      "r2": 0.004271324934502996,
      "aic": -664.266915081409,
      "bic": -657.6979508553297,
      "params": [
        -1.0485545105316233e-10,
        1.0,
        0.05565598861021907
      ],
      "confidence_score": 0.023699547315871042
    },
    "Cubic": {
      "r2": 0.0037601105200617546,
      "aic": -662.2330388921013,
      "bic": -653.4744199239956,
      "params": [
        -2.4909803525997847e-14,
        1.0,
        1.0,
        0.055443133095061596
      ],
      "confidence_score": 0.0
    },
    "Logarithmic": {
      "r2": 0.009679841207063444,
      "aic": -666.6263855539688,
      "bic": -662.2470760699159,
      "params": [
        -0.0016863532310801277,
        0.06800969107415528
      ],
      "confidence_score": 0.5028399206035318
    },
    "N Log N": {
      "r2": 0.005641572252759852,
      "aic": -666.3578018945226,
      "bic": -661.9784924104697,
      "params": [
        -6.693431054715903e-08,
        0.05624603346295185
      ],
      "confidence_score": 0.5631212472659921
    }
  }
}