{
  "Constant": {
    "r2": 0.0,
    "aic": 1215.6803057625953,
    "bic": 1219.8689948870394,
    "params": [
      9471.309647786698,
      26558.30810397881
    ]
  },
  "Linear": {
    "r2": 0.9710024926750007,
    "aic": 1003.2475813425763,
    "bic": 1007.4362704670204,
    "params": [
      27.189622722062804,
      -31536.59497724569
    ]
  },
  "Quadratic": {
    "r2": 0.9984712357067406,
    "aic": 828.6825744804914,
    "bic": 834.9656081671577,
    "params": [
      0.00544679514011126,
      1.0,
      -1822.4314395288127
    ]
  },
  "Cubic": {
    "r2": 0.9841067347674003,
    "aic": 971.1687159767594,
    "bic": 979.5460942256477,
    "params": [
      1.3021980182391193e-06,
      1.0,
      1.0,
      8501.50948640689
    ]
  },
  "Logarithmic": {
    "r2": 0.886860309498664,
    "aic": 1084.9323842861188,
    "bic": 1089.121073410563,
    "params": [
      58647.91434150054,
      -418330.54707402067
    ]
  },
  "N Log N": {
    "r2": 0.9768663962457147,
    "aic": 989.6921651302374,
    "bic": 993.8808542546816,
    "params": [
      3.1044676062707346,
      -24785.399227344744
    ]
  }
}