{
  "valid_points": 56,
  "models": {
    "Constant": {
      "r2": 0.0,
      "aic": -303.70547377563616,
      "bic": -299.6547703941659,
      "params": [
        -99.78432481709335,
        100.2156751829067
      ],
      "confidence_score": 0.0
    },
    "Linear": {
      "r2": 0.8834420462029952,
      "aic": -424.070007417846,
      "bic": -420.01930403637573,
      "params": [
        6.996547874216219e-05,
        0.2570613607323061
      ],
      "confidence_score": 0.8634420462029951
    },
    "Quadratic": {
      "r2": 0.8546283954433719,
      "aic": -409.6993471679257,
      "bic": -403.6232920957202,
      "params": [
        1.3639375357201529e-08,
        1.0,
        0.33659933012873
      ],
      "confidence_score": 0.8146283954433718
    },
    "Cubic": {
      "r2": 0.7982044471163626,
      "aic": -389.3334854545508,
      "bic": -381.2320786916102,
      "params": [
        3.1998397976295295e-12,
        1.0,
        1.0,
        0.3641430163176302
      ],
      "confidence_score": 0.7482044471163626
    },
    "Logarithmic": {
      "r2": 0.8650877283805527,
      "aic": -415.8807846673134,
      "bic": -411.8300812858431,
      "params": [
        0.15711539546295133,
        -0.7867972002770336
      ],
      "confidence_score": 0.8550877283805527
    },
    "N Log N": {
      "r2": 0.8822423491904613,
      "aic": -423.49656187307033,
      "bic": -419.4458584916,
      "params": [
        7.958941377612002e-06,
        0.275069380972244
      ],
      "confidence_score": 0.8522423491904613
    }
  }
}