{
  "valid_points": 31,
  "models": {
    "Constant": {
      "r2": 0.9,
      "aic": -398.90110537646854,
      "bic": -396.03313096749827,
      "params": [
        -99.98332325729625,
        100.0166767427037
      ],
      "confidence_score": 0.45000000000005946
    },
    "Linear": {
      "r2": 0.28417551730790613,
      "aic": -409.26503399375883,
      "bic": -406.39705958478856,
      "params": [
        5.824885324783493e-12,
        0.033050655020099386
      ],
      "confidence_score": 0.1605053103988594
    },
    "Quadratic": {
      "r2": 0.21208939557759743,
      "aic": -404.29059526991955,
      "bic": -399.9886336564641,
      "params": [
        9.741570364985208e-21,
        1.0,
        0.03314214403669078
      ],
      "confidence_score": 0.1072536373471314
    },
    "Cubic": {
      "r2": 0.1851472128392717,
      "aic": -401.24828752699614,
      "bic": -395.51233870905554,
      "params": [
        1.7058827104085494e-29,
        1.0,
        1.0,
        0.03317101589377899
      ],
      "confidence_score": 0.09108832770362413
    },
    "Logarithmic": {
      "r2": 0.8484831440116192,
      "aic": -457.39991576321114,
      "bic": -454.53194135424087,
      "params": [
        0.00023284096002953154,
        0.030843000392328117
      ],
      "confidence_score": 0.898
    },
    "N Log N": {
      "r2": 0.2777235960890241,
      "aic": -408.9868742323793,
      "bic": -406.11889982340904,
      "params": [
        2.876294212805362e-13,
        0.03305986556015902
      ],
      "confidence_score": 0.13686179805372423
    }
  }
}