{
  "valid_points": 19,
  "models": {
    "Constant": {
      "r2": 0.7,
      "aic": 5.637929469395733,
      "bic": 7.526807427728613,
      "params": [
        -97.44317611973531,
        102.55682388026462
      ],
      "confidence_score": 0.10000000571037569
    },
    "Linear": {
      "r2": 0.8051087048463615,
      "aic": -25.43302392615582,
      "bic": -23.54414596782294,
      "params": [
        0.003218972015263888,
        0.32754463257139343
      ],
      "confidence_score": 0.4255834574462916
    },
    "Quadratic": {
      "r2": 0.7523873288490374,
      "aic": -18.88397223878993,
      "bic": -16.05065530129061,
      "params": [
        1.0524728744076839e-06,
        1.0,
        2.697807063945233
      ],
      "confidence_score": 0.43243559009415006
    },
    "Cubic": {
      "r2": 0.6929881079009756,
      "aic": -12.798577648263418,
      "bic": -9.020821731597657,
      "params": [
        4.419636961726003e-10,
        1.0,
        1.0,
        3.495028416828064
      ],
      "confidence_score": 0.39582271000534536
    },
    "Logarithmic": {
      "r2": 0.8460710308751976,
      "aic": -29.91608695661234,
      "bic": -28.02720899827946,
      "params": [
        4.7231585225653685,
        -29.291190574366976
      ],
      "confidence_score": 0.998
    },
    "N Log N": {
      "r2": 0.799274111082737,
      "aic": -24.872556259982197,
      "bic": -22.983678301649316,
      "params": [
        0.0003872009116346978,
        0.8972176188797845
      ],
      "confidence_score": 0.6220953078456822
    }
  }
}