{
  "valid_points": 21,
  "models": {
    "Constant": {
      "r2": 0.7,
      "aic": 167.14730758933112,
      "bic": 169.23635246477798,
      "params": [
        111.36971531169758,
        -88.6302846883024
      ],
      "confidence_score": 0.09999999999999998
    },
    "Linear": {
      "r2": 0.9996663379897652,
      "aic": -0.9657148885213456,
      "bic": 1.1233299869255005,
      "params": [
        0.0001539984226832658,
        -0.32883643505399673
      ],
      "confidence_score": 0.5007097201629359
    },
    "Quadratic": {
      "r2": 0.9582562502789933,
      "aic": 102.4469911196813,
      "bic": 105.58055843285157,
      "params": [
        1.4761240869949157e-10,
        1.0,
        4.705968088310896
      ],
      "confidence_score": 0.5549537501673959
    },
    "Cubic": {
      "r2": 0.915433318350759,
      "aic": 119.27279418793024,
      "bic": 123.45088393882394,
      "params": [
        1.3798249996835314e-16,
        1.0,
        1.0,
        6.506522717228244
      ],
      "confidence_score": 0.5292599910104554
    },
    "Logarithmic": {
      "r2": 0.42271193908740035,
      "aic": 155.60961573058066,
      "bic": 157.69866060602752,
      "params": [
        7.46408417505863,
        -33.48353086691858
      ],
      "confidence_score": 0.3593559695437002
    },
    "N Log N": {
      "r2": 0.9998131096191584,
      "aic": -13.137446956349969,
      "bic": -11.048402080903124,
      "params": [
        1.1151982628097892e-05,
        0.3530274948277056
      ],
      "confidence_score": 0.9480000000000001
    }
  }
}