{
  "valid_points": 20,
  "models": {
    "Constant": {
      "r2": 0.0,
      "aic": -28.14568960461137,
      "bic": -26.15422505750339,
      "params": [
        101.22304558753972,
        -98.7769544124603
      ],
      "confidence_score": 0.0
    },
    "Linear": {
      "r2": 0.9991065461877989,
      "aic": -168.5540079609451,
      "bic": -166.56254341383712,
      "params": [
        0.0015521106639304616,
        0.15672794578185512
      ],
      "confidence_score": 0.9791065461877989
    },
    "Quadratic": {
      "r2": 0.990057964606656,
      "aic": -118.36535983128525,
      "bic": -115.37816301062327,
      "params": [
        5.21776407524932e-07,
        1.0,
        1.267528714523684
      ],
      "confidence_score": 0.9500579646066559
    },
    "Cubic": {
      "r2": 0.9677053308434603,
      "aic": -92.80275168396312,
      "bic": -88.81982258974716,
      "params": [
        2.2555140815595001e-10,
        1.0,
        1.0,
        1.6393219815986515
      ],
      "confidence_score": 0.9177053308434603
    },
    "Logarithmic": {
      "r2": 0.9923597070624591,
      "aic": -125.63207628318537,
      "bic": -123.64061173607739,
      "params": [
        2.2190757772609544,
        -13.701272926405126
      ],
      "confidence_score": 0.9823597070624591
    },
    "N Log N": {
      "r2": 0.9988191251111578,
      "aic": -162.97568328474532,
      "bic": -160.98421873763732,
      "params": [
        0.00018730898810155895,
        0.4248922489788034
      ],
      "confidence_score": 0.9688191251111578
    }
  }
}