{
  "valid_points": 18,
  "models": {
    "Constant": {
      "r2": 0.7,
      "aic": 132.44762587100257,
      "bic": 134.2283693867949,
      "params": [
        -93.032259763115,
        106.96774023688508
      ],
      "confidence_score": 0.09999999999999998
    },
    "Linear": {
      "r2": 0.9999955204555923,
      "aic": -89.2401799342405,
      "bic": -87.45943641844818,
      "params": [
        0.0005469743076101929,
        -0.03533729120933238
      ],
      "confidence_score": 0.8999973122733553
    },
    "Quadratic": {
      "r2": 0.941664604681561,
      "aic": 83.29979344236587,
      "bic": 85.97090871605437,
      "params": [
        2.1527911496516667e-09,
        1.0,
        3.4907201046448293
      ],
      "confidence_score": 0.5449987628089366
    },
    "Cubic": {
      "r2": 0.8749115398280489,
      "aic": 99.03041188033549,
      "bic": 102.59189891192015,
      "params": [
        8.032252264478453e-15,
        1.0,
        1.0,
        4.874141410948017
      ],
      "confidence_score": 0.5049469238968293
    },
    "Logarithmic": {
      "r2": 0.3872389343877696,
      "aic": 123.6315823105614,
      "bic": 125.41232582635372,
      "params": [
        6.242474002344277,
        -25.297173258960086
      ],
      "confidence_score": 0.3416194671938848
    },
    "N Log N": {
      "r2": 0.9991649337163817,
      "aic": 4.863635686668984,
      "bic": 6.644379202461313,
      "params": [
        4.418099154695759e-05,
        0.5385799063386452
      ],
      "confidence_score": 0.648
    }
  }
}