{
  "valid_points": 207,
  "models": {
    "Constant": {
      "r2": 0.85,
      "aic": -3477.540373717997,
      "bic": -3470.8749361314667,
      "params": [
        -99.99843262459893,
        100.0015673754011
      ],
      "confidence_score": 0.44500000013748786
    },
    "Linear": {
      "r2": 0.13122324727322632,
      "aic": -3506.658874948826,
      "bic": -3499.9934373622955,
      "params": [
        2.806893185232957e-11,
        0.002992993055204228
      ],
      "confidence_score": 0.06911960892590101
    },
    "Quadratic": {
      "r2": 0.08946286917123614,
      "aic": -3494.9405379064942,
      "bic": -3484.9423815266982,
      "params": [
        2.2273307043961892e-18,
        1.0,
        0.0030595358484172565
      ],
      "confidence_score": 0.03367792942930796
    },
    "Cubic": {
      "r2": 0.0671242391047665,
      "aic": -3487.9234060302924,
      "bic": -3474.592530857231,
      "params": [
        2.0231065686299633e-25,
        1.0,
        1.0,
        0.003083387922861948
      ],
      "confidence_score": 0.020274544639025473
    },
    "Logarithmic": {
      "r2": 0.18760077968389,
      "aic": -3520.5473993821215,
      "bic": -3513.881961795591,
      "params": [
        0.00010658815613417982,
        0.0015192111954141045
      ],
      "confidence_score": 0.691800389841945
    },
    "N Log N": {
      "r2": 0.12776815172534128,
      "aic": -3505.837275656415,
      "bic": -3499.1718380698844,
      "params": [
        1.6988566873836268e-12,
        0.0030007223171480326
      ],
      "confidence_score": 0.26207588022201495
    }
  }
}