{
  "valid_points": 67,
  "models": {
    "Constant": {
      "r2": -2.220446049250313e-16,
      "aic": -524.8545934435529,
      "bic": -520.4452082047709,
      "params": [
        100.0979008792496,
        -99.90209912075034
      ],
      "confidence_score": -2.220446049250313e-16
    },
    "Linear": {
      "r2": 0.19788547653694577,
      "aic": -539.6283536698587,
      "bic": -535.2189684310767,
      "params": [
        -1.079916557825197e-05,
        0.22165528325677467
      ],
      "confidence_score": 0.17788547653694578
    },
    "Quadratic": {
      "r2": 0.180367279002426,
      "aic": -536.1808224425824,
      "bic": -529.5667445844095,
      "params": [
        -2.129586342644595e-09,
        1.0,
        0.2093558445181926
      ],
      "confidence_score": 0.140367279002426
    },
    "Cubic": {
      "r2": 0.1575122165695939,
      "aic": -532.3381332986391,
      "bic": -523.5193628210753,
      "params": [
        -5.052573969470467e-13,
        1.0,
        1.0,
        0.20503230142700513
      ],
      "confidence_score": 0.10751221656959391
    },
    "Logarithmic": {
      "r2": 0.20441358241653806,
      "aic": -540.1758723158582,
      "bic": -535.7664870770762,
      "params": [
        -0.024030486137521196,
        0.3812895612228217
      ],
      "confidence_score": 0.19441358241653806
    },
    "N Log N": {
      "r2": 0.19635402765339227,
      "aic": -539.5005549021397,
      "bic": -535.0911696633577,
      "params": [
        -1.2299812774795742e-06,
        0.21888172813165854
      ],
      "confidence_score": 0.16635402765339227
    }
  }
}