{
  "valid_points": 75,
  "models": {
    "Constant": {
      "r2": 0.0,
      "aic": -592.0207143189224,
      "bic": -587.3857380918498,
      "params": [
        100.17073906958109,
        -99.82926093041907
      ],
      "confidence_score": 0.0
    },
    "Linear": {
      "r2": 0.005480763277161627,
      "aic": -592.4329021513156,
      "bic": -587.797925924243,
      "params": [
        -1.2110313325486288e-06,
        0.3450789389908908
      ],
      "confidence_score": -0.014519236722838374
    },
    "Quadratic": {
      "r2": 0.006609973631938382,
      "aic": -590.5181080380124,
      "bic": -583.5656436974035,
      "params": [
        -2.1910456422533938e-10,
        1.0,
        0.343704825813431
      ],
      "confidence_score": -0.03339002636806162
    },
    "Cubic": {
      "r2": 0.008552026356074216,
      "aic": -588.6648746766904,
      "bic": -579.3949222225451,
      "params": [
        -4.937284847202358e-14,
        1.0,
        1.0,
        0.3433605937691593
      ],
      "confidence_score": -0.04144797364392579
    },
    "Logarithmic": {
      "r2": 0.005494962295271133,
      "aic": -592.4339729540925,
      "bic": -587.7989967270199,
      "params": [
        -0.003209030548862703,
        0.36686422832770216
      ],
      "confidence_score": -0.004505037704728867
    },
    "N Log N": {
      "r2": 0.0055461790104044395,
      "aic": -592.437835531359,
      "bic": -587.8028593042865,
      "params": [
        -1.360119653887017e-07,
        0.3447440075680282
      ],
      "confidence_score": -0.02445382098959556
    }
  }
}