{
  "Constant": {
    "r2": 2.220446049250313e-16,
    "aic": 212.5571052859101,
    "bic": 215.8842285781694,
    "params": [
      107.90404542707479,
      -92.09595457292517
    ]
  },
  "Linear": {
    "r2": 0.9324771507646781,
    "aic": 107.44082526933116,
    "bic": 110.76794856159044,
    "params": [
      0.11002009454423001,
      -7.795450967685563
    ]
  },
  "Quadratic": {
    "r2": 0.9999422694587062,
    "aic": -166.07213900686602,
    "bic": -161.0814540684771,
    "params": [
      0.0002529791521778124,
      1.0,
      0.06960264604874078
    ]
  },
  "Cubic": {
    "r2": 0.9741848508640241,
    "aic": 73.9421477269995,
    "bic": 80.59639431151808,
    "params": [
      5.994948355514396e-07,
      1.0,
      1.0,
      3.580622596917674
    ]
  },
  "Logarithmic": {
    "r2": 0.5406406840363738,
    "aic": 182.21812576891244,
    "bic": 185.54524906117175,
    "params": [
      10.273196059947223,
      -35.965354535630006
    ]
  },
  "N Log N": {
    "r2": 0.9564608246133434,
    "aic": 90.32743294574642,
    "bic": 93.65455623800571,
    "params": [
      0.01783813653411158,
      -5.51486906285132
    ]
  }
}