{
  "Constant": {
    "r2": 0.0,
    "aic": 34.196759754746594,
    "bic": 38.910177408125776,
    "params": [
      -98.4115253274257,
      101.58847467257435
    ]
  },
  "Linear": {
    "r2": 0.9488580854009515,
    "aic": -197.70900821711493,
    "bic": -192.99559056373573,
    "params": [
      0.0010146365867386153,
      0.17271447710593524
    ]
  },
  "Quadratic": {
    "r2": 0.9124441120192914,
    "aic": -153.77052188448232,
    "bic": -146.70039540441354,
    "params": [
      1.6455620754918243e-07,
      1.0,
      1.5109285004187385
    ]
  },
  "Cubic": {
    "r2": 0.8424934631318743,
    "aic": -105.96972902219566,
    "bic": -96.5428937154373,
    "params": [
      3.1382671195064804e-11,
      1.0,
      1.0,
      1.9823559461429754
    ]
  },
  "Logarithmic": {
    "r2": 0.9152789203112979,
    "aic": -158.33772526365647,
    "bic": -153.62430761027727,
    "params": [
      2.610269408394099,
      -17.451775366970562
    ]
  },
  "N Log N": {
    "r2": 0.9476462426308558,
    "aic": -195.88230272370498,
    "bic": -191.16888507032579,
    "params": [
      0.00011328528235023388,
      0.4685813986224376
    ]
  }
}