{
  "valid_points": 13,
  "models": {
    "Constant": {
      "r2": 0.7,
      "aic": 75.63833210944216,
      "bic": 76.76823082436523,
      "params": [
        5.142652665193265,
        1.0
      ],
      "confidence_score": 0.09999999999999998
    },
    "Linear": {
      "r2": 0.928000323037173,
      "aic": 41.43411470359602,
      "bic": 42.564013418519096,
      "params": [
        0.006583588525591821,
        -2.1470981483004454
      ],
      "confidence_score": 0.45680019382230375
    },
    "Quadratic": {
      "r2": 0.9998661746982279,
      "aic": -38.30834713780841,
      "bic": -36.6134990654238,
      "params": [
        8.763318947084602e-07,
        1.0,
        0.1131027616496899
      ],
      "confidence_score": 0.9799197048189368
    },
    "Cubic": {
      "r2": 0.9808306451386586,
      "aic": 28.230581220839465,
      "bic": 30.490378650685614,
      "params": [
        1.0680027742390962e-10,
        1.0,
        1.0,
        0.9831807916658302
      ],
      "confidence_score": 0.5684983870831962
    },
    "Logarithmic": {
      "r2": 0.32775546797251465,
      "aic": 70.47560157928856,
      "bic": 71.60550029421164,
      "params": [
        3.2998993948737314,
        -9.553306994857325
      ],
      "confidence_score": 0.3118777339862573
    },
    "N Log N": {
      "r2": 0.9504560105822555,
      "aic": 36.57470583322893,
      "bic": 37.704604548152005,
      "params": [
        0.0007462587059925687,
        -1.6760814467351952
      ],
      "confidence_score": 0.698
    }
  }
}