{
  "valid_points": 60,
  "models": {
    "Constant": {
      "r2": 0.7,
      "aic": 544.0465963831398,
      "bic": 548.235285507584,
      "params": [
        146.1283892704107,
        -4.881587593561187
      ],
      "confidence_score": 0.09999999999999998
    },
    "Linear": {
      "r2": 0.9753989817709635,
      "aic": 321.7485496545695,
      "bic": 325.9372387790137,
      "params": [
        0.10271045440349398,
        -112.96157294887284
      ],
      "confidence_score": 0.4852393890625781
    },
    "Quadratic": {
      "r2": 0.9999600636572301,
      "aic": -61.646831753290456,
      "bic": -55.363798066624156,
      "params": [
        2.0756881634165225e-05,
        1.0,
        -1.465408257618594
      ],
      "confidence_score": 0.9799760381943381
    },
    "Cubic": {
      "r2": 0.9833625479982102,
      "aic": 302.2806575707601,
      "bic": 310.65803581964855,
      "params": [
        5.017248910383368e-09,
        1.0,
        1.0,
        37.248639097285505
      ],
      "confidence_score": 0.5700175287989261
    },
    "Logarithmic": {
      "r2": 0.8947325582440399,
      "aic": 408.9715302179622,
      "bic": 413.1602193424064,
      "params": [
        220.3395133215247,
        -1565.1820842541986
      ],
      "confidence_score": 0.498
    },
    "N Log N": {
      "r2": 0.9809017521880938,
      "aic": 306.55707523908535,
      "bic": 310.74576436352953,
      "params": [
        0.0117371836796209,
        -87.59736121028504
      ],
      "confidence_score": 0.698
    }
  }
}