{
  "Constant": {
    "params": [
      0.00013523042937855663
    ],
    "r_squared": 0.0,
    "success": true
  },
  "Linear": {
    "params": [
      2.4913015606541256e-08,
      6.0491384750032026e-05
    ],
    "r_squared": 0.007343230474923468,
    "success": true
  },
  "Quadratic": {
    "params": [
      -2.9044632857574223e-12,
      4.233980311202468e-08,
      3.8320620539853415e-05
    ],
    "r_squared": 0.007452304529813936,
    "success": true
  },
  "Cubic": {
    "params": [
      5.963214738546318e-15,
      -5.657338386713092e-11,
      1.8867999038628735e-07,
      -7.86864652516654e-05
    ],
    "r_squared": 0.007936456704659256,
    "success": true
  },
  "Logarithmic": {
    "params": [
      6.646470756329638e-05,
      -0.00039096766874318505
    ],
    "r_squared": 0.007526861741186774,
    "success": true
  },
  "n_log_n": {
    "params": [
      2.7721107588026643e-09,
      6.79819570216648e-05
    ],
    "r_squared": 0.007294914640274541,
    "success": true
  },
  "Exponential": {
    "params": [
      7.734112953651798e-05,
      0.00017921623981767052
    ],
    "r_squared": 0.007135749566869132,
    "success": true
  },
  "Sqrt_Exponential": {
    "params": [
      7.734091647508613e-05,
      0.00035843406476705785
    ],
    "r_squared": 0.007135749567094396,
    "success": true
  },
  "Power": {
    "params": [
      2.1494042226421577e-06,
      0.5199928202262972
    ],
    "r_squared": 0.0074918288063102745,
    "success": true
  }
}