{
  "valid_points": 31,
  "models": {
    "Constant": {
      "r2": 0.7,
      "aic": -604.2495767850801,
      "bic": -601.3816023761098,
      "params": [
        -99.99969050047852,
        100.00030949952142
      ],
      "confidence_score": 0.35007899364780015
    },
    "Linear": {
      "r2": 0.002727925954451038,
      "aic": -604.3342580443559,
      "bic": -601.4662836353856,
      "params": [
        -2.079672178425874e-14,
        0.0006200802451162604
      ],
      "confidence_score": 0.0
    },
    "Quadratic": {
      "r2": 0.007432385807530362,
      "aic": -602.4808412369979,
      "bic": -598.1788796235425,
      "params": [
        -6.645363913215236e-23,
        1.0,
        0.0006204407408872591
      ],
      "confidence_score": 0.0
    },
    "Cubic": {
      "r2": 0.007705821571212246,
      "aic": -600.4893823946334,
      "bic": -594.7534335766928,
      "params": [
        -1.2681929197935709e-31,
        1.0,
        1.0,
        0.0006203555636615295
      ],
      "confidence_score": 0.0
    },
    "Logarithmic": {
      "r2": 0.41242590593271855,
      "aic": -620.733917409074,
      "bic": -617.8659430001037,
      "params": [
        5.915563103236529e-06,
        0.0005552175993771094
      ],
      "confidence_score": 0.7042129529663592
    },
    "N Log N": {
      "r2": 0.0032234370399556456,
      "aic": -604.3496647337231,
      "bic": -601.4816903247528,
      "params": [
        -1.1292045515312167e-15,
        0.0006201517651858062
      ],
      "confidence_score": 0.0
    }
  }
}