{
  "valid_points": 22,
  "models": {
    "Constant": {
      "r2": 0.7,
      "aic": 178.95241582199975,
      "bic": 181.13450072871638,
      "params": [
        -33.96429302890411,
        138.82924570828905
      ],
      "confidence_score": 0.15999999999999998
    },
    "Linear": {
      "r2": 0.9999565698315271,
      "aic": -42.02342128734112,
      "bic": -39.84133638062449,
      "params": [
        0.0001718725706979507,
        0.7098545286426847
      ],
      "confidence_score": 0.8999739418989162
    },
    "Quadratic": {
      "r2": 0.9455721965829796,
      "aic": 116.91305222590732,
      "bic": 120.18617958598227,
      "params": [
        1.3196488222116306e-10,
        1.0,
        43.70536690897062
      ],
      "confidence_score": 0.5473433179497877
    },
    "Cubic": {
      "r2": 0.8494674186500932,
      "aic": 141.2937497433345,
      "bic": 145.65791955676775,
      "params": [
        1.1083748637686396e-16,
        1.0,
        1.0,
        60.58513160783217
      ],
      "confidence_score": 0.4896804511900559
    },
    "Logarithmic": {
      "r2": 0.9090958457162641,
      "aic": 126.1975251246617,
      "bic": 128.37961003137832,
      "params": [
        76.84793814510152,
        -904.5670097507535
      ],
      "confidence_score": 0.498
    },
    "N Log N": {
      "r2": 0.999378542015709,
      "aic": 16.516686255694594,
      "bic": 18.698771162411226,
      "params": [
        1.2068120222252005e-05,
        6.444690165388747
      ],
      "confidence_score": 0.6480000000000583
    }
  }
}