{
  "best_model": "O(2^n)",
  "details": {
    "O(1)": {
      "r2": 0,
      "aic": Infinity,
      "params_norm": [
        1.0
      ],
      "rss": 0.0
    },
    "O(n)": {
      "r2": 0,
      "aic": -162.8021873324593,
      "params_norm": [
        9.36426321460069e-09,
        0.9999999945375131
      ],
      "rss": 2.6006186605291322e-12
    },
    "O(n^2)": {
      "r2": 0,
      "aic": -162.65786167950796,
      "params_norm": [
        1.3968810166677247e-08,
        -1.4862539108855611e-08,
        1.000000003305388
      ],
      "rss": 5.03151969588592e-13
    },
    "O(n^3)": {
      "r2": 0,
      "aic": -126.04517932915255,
      "params_norm": [
        1.0922999163697997e-07,
        -1.936360687196331e-07,
        1.0137572068589287e-07,
        0.9999999843147139
      ],
      "rss": 1.5147504364321793e-12
    },
    "O(log n)": {
      "r2": 0,
      "aic": -163.3019791719388,
      "params_norm": [
        -4.218004269987846e-09,
        0.9999999972302877
      ],
      "rss": 2.3927676850550944e-12
    },
    "O(n log n)": {
      "r2": 0,
      "aic": -173.5862547123457,
      "params_norm": [
        -8.531161804738576e-09,
        0.9999999979301961
      ],
      "rss": 4.3102240768804935e-13
    },
    "O(2^n)": {
      "r2": 0,
      "aic": -206.17237285167766,
      "params_norm": [
        0.9999999998528463,
        2.5226359021217946e-10
      ],
      "rss": 1.8872870769408933e-15
    },
    "O(n^k)": {
      "r2": 0,
      "aic": -161.33146415974568,
      "params_norm": [
        0.9999999973302715,
        -4.845089375126886e-09
      ],
      "rss": 3.3230063219909083e-12
    }
  }
}