{
  "valid_points": 20,
  "models": {
    "Constant": {
      "r2": 0.7,
      "aic": 148.619325771363,
      "bic": 150.610790318471,
      "params": [
        104.86368797719481,
        -95.13631202280517
      ],
      "confidence_score": 0.11999999999999998
    },
    "Linear": {
      "r2": 0.995940412618174,
      "aic": 38.48584695885669,
      "bic": 40.47731150596467,
      "params": [
        4.07349758348996e-05,
        -0.9510087424487481
      ],
      "confidence_score": 0.4978056405009922
    },
    "Quadratic": {
      "r2": 0.9966212045450142,
      "aic": 36.81460562599965,
      "bic": 39.80180244666162,
      "params": [
        9.687351918559882e-12,
        1.0,
        1.028773555032125
      ],
      "confidence_score": 0.5783111064581523
    },
    "Cubic": {
      "r2": 0.9949209310917437,
      "aic": 46.96677937202385,
      "bic": 50.94970846623981,
      "params": [
        2.3056992215537493e-18,
        1.0,
        1.0,
        1.2018656631552844
      ],
      "confidence_score": 0.5769538429726646
    },
    "Logarithmic": {
      "r2": 0.22455518420489362,
      "aic": 143.5329566030869,
      "bic": 145.52442115019488,
      "params": [
        4.179802037556982,
        -20.723556260266054
      ],
      "confidence_score": 0.3602775921024468
    },
    "N Log N": {
      "r2": 0.9980655907980754,
      "aic": 23.66025934889383,
      "bic": 25.651723896001812,
      "params": [
        2.6744649675238815e-06,
        -0.5749960368411579
      ],
      "confidence_score": 0.998
    }
  }
}