{
  "Constant": {
    "r2": 3.3306690738754696e-16,
    "aic": -668.9609241873654,
    "bic": -664.2994575067928,
    "params": [
      100.04699157158791,
      -99.95300842841206
    ]
  },
  "Linear": {
    "r2": 0.002963954480646458,
    "aic": -669.1865192199984,
    "bic": -664.5250525394258,
    "params": [
      -5.67193408462785e-07,
      0.09569591800821808
    ]
  },
  "Quadratic": {
    "r2": 0.002533761017446068,
    "aic": -667.1537343954693,
    "bic": -660.1615343746104,
    "params": [
      -8.59754489823672e-11,
      1.0,
      0.09488017287187078
    ]
  },
  "Cubic": {
    "r2": 0.002713618718753419,
    "aic": -665.1674395388516,
    "bic": -655.8445061777062,
    "params": [
      -1.75710825408444e-14,
      1.0,
      1.0,
      0.09467568080642814
    ]
  },
  "Logarithmic": {
    "r2": 0.004478474419210454,
    "aic": -669.3020526822851,
    "bic": -664.6405860017124,
    "params": [
      -0.0018546138300603108,
      0.10868707365741381
    ]
  },
  "N Log N": {
    "r2": 0.002866398484654642,
    "aic": -669.1790832872408,
    "bic": -664.5176166066682,
    "params": [
      -6.2236806270137e-08,
      0.09550334991306576
    ]
  }
}