{
  "valid_points": 113,
  "models": {
    "Constant": {
      "r2": 0.0,
      "aic": -711.4191351797232,
      "bic": -705.9643595422986,
      "params": [
        -99.90164196794521,
        100.09835803205472
      ],
      "confidence_score": 0.0
    },
    "Linear": {
      "r2": 0.8753000405724457,
      "aic": -946.6675921169224,
      "bic": -941.2128164794977,
      "params": [
        3.0375742689159324e-05,
        0.12268930392768462
      ],
      "confidence_score": 0.8553000405724457
    },
    "Quadratic": {
      "r2": 0.8534238539528591,
      "aic": -926.4028897366425,
      "bic": -918.2207262805055,
      "params": [
        5.564205100728187e-09,
        1.0,
        0.15427383283318424
      ],
      "confidence_score": 0.8134238539528591
    },
    "Cubic": {
      "r2": 0.7940886802112925,
      "aic": -885.9941300752606,
      "bic": -875.0845788004112,
      "params": [
        1.121578673846949e-12,
        1.0,
        1.0,
        0.16594145159476795
      ],
      "confidence_score": 0.7440886802112925
    },
    "Logarithmic": {
      "r2": 0.68539220406226,
      "aic": -842.0955566050825,
      "bic": -836.6407809676579,
      "params": [
        0.047710457203085546,
        -0.16580026712778992
      ],
      "confidence_score": 0.67539220406226
    },
    "N Log N": {
      "r2": 0.8776978568996586,
      "aic": -948.8615957641362,
      "bic": -943.4068201267115,
      "params": [
        3.468902637838889e-06,
        0.12950270872480682
      ],
      "confidence_score": 0.8476978568996586
    }
  }
}