{
  "valid_points": 82,
  "models": {
    "Constant": {
      "r2": 0.7,
      "aic": 657.1296170166338,
      "bic": 661.9430555111624,
      "params": [
        144.19782109013414,
        -55.802178909865766
      ],
      "confidence_score": 0.11999999999999998
    },
    "Linear": {
      "r2": 0.9968787291838523,
      "aic": 184.02938314440726,
      "bic": 188.84282163893576,
      "params": [
        4.736833460516898e-05,
        -7.997426639114099
      ],
      "confidence_score": 0.49812723751351273
    },
    "Quadratic": {
      "r2": 0.9582606361469759,
      "aic": 398.67214632808736,
      "bic": 405.89230406988014,
      "params": [
        1.1074210178223587e-11,
        1.0,
        28.37401187748234
      ],
      "confidence_score": 0.5549563816881855
    },
    "Cubic": {
      "r2": 0.8701687680277853,
      "aic": 493.7249862386157,
      "bic": 503.3518632276727,
      "params": [
        2.766305513168098e-18,
        1.0,
        1.0,
        43.48671884830299
      ],
      "confidence_score": 0.5021012608166712
    },
    "Logarithmic": {
      "r2": 0.8119934064025631,
      "aic": 520.0848009725197,
      "bic": 524.8982394670483,
      "params": [
        58.30692436506293,
        -744.0817811686712
      ],
      "confidence_score": 0.548
    },
    "N Log N": {
      "r2": 0.9983262926763419,
      "aic": 132.9270560011859,
      "bic": 137.7404944957144,
      "params": [
        3.0770606488453335e-06,
        -3.662007048865369
      ],
      "confidence_score": 0.998
    }
  }
}