{
  "valid_points": 203,
  "models": {
    "Constant": {
      "r2": 0.85,
      "aic": -3537.6276923360683,
      "bic": -3531.0012803779846,
      "params": [
        100.00106427873608,
        -99.99893572126378
      ],
      "confidence_score": 0.44500000005720597
    },
    "Linear": {
      "r2": 0.18077868563428112,
      "aic": -3578.1060966601417,
      "bic": -3571.479684702058,
      "params": [
        2.4400021019720377e-11,
        0.002004780824855984
      ],
      "confidence_score": 0.14547329004970327
    },
    "Quadratic": {
      "r2": 0.15634126638334955,
      "aic": -3570.1391560089787,
      "bic": -3560.1995380718536,
      "params": [
        2.1659012935345782e-18,
        1.0,
        0.0020553989224979894
      ],
      "confidence_score": 0.07397175399817033
    },
    "Cubic": {
      "r2": 0.137481532229767,
      "aic": -3563.651132170931,
      "bic": -3550.398308254764,
      "params": [
        2.123096165612697e-25,
        1.0,
        1.0,
        0.002074835408338455
      ],
      "confidence_score": 0.062490162109379924
    },
    "Logarithmic": {
      "r2": 0.19787951446453478,
      "aic": -3582.3884719008915,
      "bic": -3575.762059942808,
      "params": [
        8.386250754698888e-05,
        0.0008555755450365615
      ],
      "confidence_score": 0.6969397572322674
    },
    "N Log N": {
      "r2": 0.17909070353694634,
      "aic": -3577.6882512952925,
      "bic": -3571.0618393372088,
      "params": [
        1.4885911952555926e-12,
        0.0020106198344134445
      ],
      "confidence_score": 0.31615294476150685
    }
  }
}