{
  "valid_points": 20,
  "models": {
    "Constant": {
      "r2": 0.7,
      "aic": 16.023695889154432,
      "bic": 18.015160436262416,
      "params": [
        102.02731275931002,
        -97.97268724068994
      ],
      "confidence_score": 0.10000000142979779
    },
    "Linear": {
      "r2": 0.840972180906672,
      "aic": -20.749826695145586,
      "bic": -18.758362148037605,
      "params": [
        0.0042960626402299695,
        -2.282066875719544
      ],
      "confidence_score": 0.5888650598422809
    },
    "Quadratic": {
      "r2": 0.8117723644049673,
      "aic": -15.378368530437918,
      "bic": -12.391171709775945,
      "params": [
        1.4253918401152532e-06,
        1.0,
        0.835021699708071
      ],
      "confidence_score": 0.47469939358542523
    },
    "Cubic": {
      "r2": 0.7693179391869097,
      "aic": -9.310601643454163,
      "bic": -5.3276725492381996,
      "params": [
        6.067222407111235e-10,
        1.0,
        1.0,
        1.8844559022903307
      ],
      "confidence_score": 0.4418141439513014
    },
    "Logarithmic": {
      "r2": 0.8528313395015517,
      "aic": -22.299824102389174,
      "bic": -20.308359555281193,
      "params": [
        6.206291464448379,
        -41.10617927376104
      ],
      "confidence_score": 0.9480000000000001
    },
    "N Log N": {
      "r2": 0.8383343805546367,
      "aic": -20.420807198671383,
      "bic": -18.429342651563402,
      "params": [
        0.0005177103458185613,
        -1.5318420921060125
      ],
      "confidence_score": 0.7152459684832763
    }
  }
}