{
  "Constant": {
    "r2": -4.440892098500626e-16,
    "aic": 518.1430650069918,
    "bic": 520.8074740273422,
    "params": [
      1740.5130994198298,
      6543.995642862186
    ]
  },
  "Linear": {
    "r2": 0.8259233765866841,
    "aic": 469.1917930638454,
    "bic": 471.85620208419584,
    "params": [
      99.33432965251755,
      -6764.642310658686
    ]
  },
  "Quadratic": {
    "r2": 0.9657759647413862,
    "aic": 425.64790630745676,
    "bic": 429.6445198379824,
    "params": [
      0.3429501249274497,
      1.0,
      -2294.6453470017864
    ]
  },
  "Cubic": {
    "r2": 0.997856806205252,
    "aic": 350.0702372253382,
    "bic": 355.399055266039,
    "params": [
      0.0012032580724424813,
      1.0,
      1.0,
      -217.3001906628119
    ]
  },
  "Logarithmic": {
    "r2": 0.42332376243979086,
    "aic": 502.72978507260575,
    "bic": 505.3941940929562,
    "params": [
      6110.877426427036,
      -20394.644332208656
    ]
  },
  "N Log N": {
    "r2": 0.863576213005517,
    "aic": 462.3673686019746,
    "bic": 465.031777622325,
    "params": [
      17.26382661522001,
      -5371.968137232983
    ]
  }
}