{
  "valid_points": 29,
  "models": {
    "Constant": {
      "r2": 0.7,
      "aic": -617.8364279104333,
      "bic": -615.1018362504603,
      "params": [
        -99.99986454073714,
        100.00013545926272
      ],
      "confidence_score": 0.36249291992225446
    },
    "Linear": {
      "r2": 0.19211421035821252,
      "aic": -624.0231307276797,
      "bic": -621.2885390677068,
      "params": [
        6.822539017830117e-14,
        0.00026712693172875965
      ],
      "confidence_score": 0.4725746256013998
    },
    "Quadratic": {
      "r2": 0.23831075867239315,
      "aic": -623.7307100718758,
      "bic": -619.6288225819164,
      "params": [
        1.4684766429822675e-22,
        1.0,
        0.0002675129831354603
      ],
      "confidence_score": 0.2831727236346988
    },
    "Cubic": {
      "r2": 0.2453981671969463,
      "aic": -622.0018141462497,
      "bic": -616.5326308263038,
      "params": [
        2.791563759409201e-31,
        1.0,
        1.0,
        0.00026772660258539817
      ],
      "confidence_score": 0.16130291155392187
    },
    "Logarithmic": {
      "r2": 0.07000005188894454,
      "aic": -619.9409796206859,
      "bic": -617.206387960713,
      "params": [
        1.0625990720094571e-06,
        0.00025871173324002757
      ],
      "confidence_score": 0.2687817740071131
    },
    "N Log N": {
      "r2": 0.1968511379159571,
      "aic": -624.1936687045056,
      "bic": -621.4590770445327,
      "params": [
        3.4489442592371096e-15,
        0.0002671549383959623
      ],
      "confidence_score": 0.39642556895797854
    }
  }
}