{
  "Constant": {
    "params": [
      0.00011281907816611985
    ],
    "r_squared": -2.220446049250313e-16,
    "success": true
  },
  "Linear": {
    "params": [
      -2.6976496651387378e-09,
      0.0001209120320629449
    ],
    "r_squared": 9.681266658190246e-05,
    "success": true
  },
  "Quadratic": {
    "params": [
      -2.8691524400677325e-12,
      1.4517247768386113e-08,
      9.901088811779745e-05
    ],
    "r_squared": 0.00021649904750897786,
    "success": true
  },
  "Cubic": {
    "params": [
      1.947309462464541e-15,
      -2.0395034899853258e-11,
      6.2305785146472e-08,
      6.08009940899698e-05
    ],
    "r_squared": 0.0002745432761572797,
    "success": true
  },
  "Logarithmic": {
    "params": [
      -4.9394337890119205e-06,
      0.00015192435796437928
    ],
    "r_squared": 4.67428102935985e-05,
    "success": true
  },
  "n_log_n": {
    "params": [
      -3.090163260721573e-10,
      0.00012031549217892797
    ],
    "r_squared": 0.00010192648032902873,
    "success": true
  },
  "Exponential": {
    "params": [
      0.00012092853066064884,
      -2.325779961996822e-05
    ],
    "r_squared": 9.416663628514232e-05,
    "success": true
  },
  "Sqrt_Exponential": {
    "params": [
      0.00012092839203032084,
      -4.6514815002060206e-05
    ],
    "r_squared": 9.416663652084267e-05,
    "success": true
  },
  "Power": {
    "params": [
      0.0001567733544653549,
      -0.041578889591235464
    ],
    "r_squared": 4.462215728640029e-05,
    "success": true
  }
}