{
  "Constant": {
    "r2": -2.220446049250313e-16,
    "aic": 362.65646339866515,
    "bic": 366.84515252310933,
    "params": [
      113.01366950695714,
      -86.98633049304286
    ]
  },
  "Linear": {
    "r2": 0.9441297245565258,
    "aic": 189.5730962719688,
    "bic": 193.76178539641302,
    "params": [
      0.022287766822562283,
      -29.134883871927045
    ]
  },
  "Quadratic": {
    "r2": 0.9928440371205328,
    "aic": 68.26790535792385,
    "bic": 74.55093904459015,
    "params": [
      4.561823887971883e-06,
      1.0,
      -5.3371009739817366
    ]
  },
  "Cubic": {
    "r2": 0.9977331308063669,
    "aic": 1.2951268390189323,
    "bic": 9.672505087907334,
    "params": [
      1.114662088026241e-09,
      1.0,
      1.0,
      2.9224839285405295
    ]
  },
  "Logarithmic": {
    "r2": 0.8415535515853452,
    "aic": 252.11614693991882,
    "bic": 256.30483606436303,
    "params": [
      47.13178261989344,
      -338.98678898457223
    ]
  },
  "N Log N": {
    "r2": 0.9523972303473445,
    "aic": 179.96460339122453,
    "bic": 184.15329251566874,
    "params": [
      0.002550864710051815,
      -23.707803176327598
    ]
  }
}