{
  "valid_points": 19,
  "models": {
    "Constant": {
      "r2": 0.9,
      "aic": -221.0683015164357,
      "bic": -219.17942355810283,
      "params": [
        100.0429043644353,
        -99.95709563556473
      ],
      "confidence_score": 0.6489721019407159
    },
    "Linear": {
      "r2": 0.21545093384362846,
      "aic": -225.67857863756225,
      "bic": -223.78970067922938,
      "params": [
        -4.5381878546191246e-06,
        0.09261601065230385
      ],
      "confidence_score": 0.3772823439437248
    },
    "Quadratic": {
      "r2": 0.21096400096956303,
      "aic": -223.57022484399675,
      "bic": -220.73690790649744,
      "params": [
        -1.4919707978443374e-09,
        1.0,
        0.0892775609755807
      ],
      "confidence_score": 0.19074158715687528
    },
    "Cubic": {
      "r2": 0.20488327542524698,
      "aic": -221.42436219951148,
      "bic": -217.6466062828457,
      "params": [
        -6.347795379505422e-13,
        1.0,
        1.0,
        0.08816534790523393
      ],
      "confidence_score": 0.12088026474998954
    },
    "Logarithmic": {
      "r2": 0.21811473934637693,
      "aic": -225.7431997359056,
      "bic": -223.85432177757272,
      "params": [
        -0.006686127687577031,
        0.1345909208997751
      ],
      "confidence_score": 0.4570573696731885
    },
    "N Log N": {
      "r2": 0.21499583391740085,
      "aic": -225.6675603443779,
      "bic": -223.77868238604503,
      "params": [
        -5.459650662911074e-07,
        0.09181166228709998
      ],
      "confidence_score": 0.28686596132869
    }
  }
}