{
  "valid_points": 19,
  "models": {
    "Constant": {
      "r2": 0.7,
      "aic": 138.5127118998499,
      "bic": 140.40158985818277,
      "params": [
        -94.95664513424825,
        105.0433548657518
      ],
      "confidence_score": 0.11999999999999998
    },
    "Linear": {
      "r2": 0.9999512497549564,
      "aic": -50.134494446099026,
      "bic": -48.24561648776614,
      "params": [
        7.392919627535743e-05,
        -0.11325867753417795
      ],
      "confidence_score": 0.8999707498529739
    },
    "Quadratic": {
      "r2": 0.9869579465102504,
      "aic": 58.060762985045564,
      "bic": 60.89407992254488,
      "params": [
        3.4895955972008527e-11,
        1.0,
        1.8408555471636316
      ],
      "confidence_score": 0.5721747679061502
    },
    "Cubic": {
      "r2": 0.9837673114072663,
      "aic": 64.21887504667035,
      "bic": 67.99663096333612,
      "params": [
        1.6597651522213396e-17,
        1.0,
        1.0,
        2.0115622704975897
      ],
      "confidence_score": 0.5702603868443598
    },
    "Logarithmic": {
      "r2": 0.26591947016566264,
      "aic": 132.63911758826555,
      "bic": 134.52799554659842,
      "params": [
        4.415893632721381,
        -20.555455063707996
      ],
      "confidence_score": 0.3809597350828313
    },
    "N Log N": {
      "r2": 0.999789437739748,
      "aic": -22.336142432860377,
      "bic": -20.447264474527497,
      "params": [
        5.078297001107086e-06,
        0.2764733446824062
      ],
      "confidence_score": 0.6980002759216715
    }
  }
}