{
  "valid_points": 112,
  "models": {
    "Constant": {
      "r2": -2.220446049250313e-16,
      "aic": -437.4594010800015,
      "bic": -432.02240333741133,
      "params": [
        100.19345372649195,
        -99.80654627350819
      ],
      "confidence_score": -2.220446049250313e-16
    },
    "Linear": {
      "r2": 0.9805451203861415,
      "aic": -878.7010254552044,
      "bic": -873.2640277126143,
      "params": [
        0.00010637868356611069,
        0.13085301183096787
      ],
      "confidence_score": 0.9605451203861415
    },
    "Quadratic": {
      "r2": 0.9253679677444223,
      "aic": -726.1201745184007,
      "bic": -717.9646779045155,
      "params": [
        1.9194610921712678e-08,
        1.0,
        0.24340579540532623
      ],
      "confidence_score": 0.8853679677444223
    },
    "Cubic": {
      "r2": 0.8425058360296936,
      "aic": -640.4764911426944,
      "bic": -629.602495657514,
      "params": [
        3.833547841726164e-12,
        1.0,
        1.0,
        0.2841584793213104
      ],
      "confidence_score": 0.7925058360296936
    },
    "Logarithmic": {
      "r2": 0.8042147555599317,
      "aic": -620.1019352343991,
      "bic": -614.6649374918089,
      "params": [
        0.1706069451530588,
        -0.9070482611433379
      ],
      "confidence_score": 0.7942147555599317
    },
    "N Log N": {
      "r2": 0.9788223279842078,
      "aic": -869.1978813012663,
      "bic": -863.7608835586761,
      "params": [
        1.212289948577282e-05,
        0.15520728825207522
      ],
      "confidence_score": 0.9488223279842077
    }
  }
}