{
  "Constant": {
    "r2": 0.0,
    "aic": -309.1706102968379,
    "bic": -304.53563406976525,
    "params": [
      -99.77612289289631,
      100.22387710710369
    ]
  },
  "Linear": {
    "r2": 0.9754940826304663,
    "aic": -587.3336601948557,
    "bic": -582.6986839677832,
    "params": [
      0.00010607058220438615,
      0.1316638792326614
    ]
  },
  "Quadratic": {
    "r2": 0.9516040210735371,
    "aic": -534.2960014525365,
    "bic": -527.3435371119276,
    "params": [
      1.7257042210481467e-08,
      1.0,
      0.27151379448894203
    ]
  },
  "Cubic": {
    "r2": 0.8929056163180825,
    "aic": -472.7239660104531,
    "bic": -463.45401355630787,
    "params": [
      3.3136089638789196e-12,
      1.0,
      1.0,
      0.32048180754844136
    ]
  },
  "Logarithmic": {
    "r2": 0.9343719398119543,
    "aic": -513.4520048758884,
    "bic": -508.8170286488158,
    "params": [
      0.2749780266424365,
      -1.7280392726138802
    ]
  },
  "N Log N": {
    "r2": 0.9755535448592714,
    "aic": -587.5158646162179,
    "bic": -582.8808883891453,
    "params": [
      1.1842060910043896e-05,
      0.16267849594347636
    ]
  }
}