{
  "valid_points": 33,
  "models": {
    "Constant": {
      "r2": 0.7,
      "aic": 265.6186507759481,
      "bic": 268.61166589888103,
      "params": [
        137.00875483341028,
        -39.575635317832266
      ],
      "confidence_score": 0.11999999999999998
    },
    "Linear": {
      "r2": 0.9995481940623484,
      "aic": 11.444142986403886,
      "bic": 14.437158109336846,
      "params": [
        0.00011510324730812371,
        -2.2324558477219467
      ],
      "confidence_score": 0.4997289166542007
    },
    "Quadratic": {
      "r2": 0.9546092012926235,
      "aic": 165.56793719401458,
      "bic": 170.05745987841402,
      "params": [
        6.287250280639086e-11,
        1.0,
        37.13915197561058
      ],
      "confidence_score": 0.5527655207755741
    },
    "Cubic": {
      "r2": 0.8660672229874261,
      "aic": 203.27488089921133,
      "bic": 209.26091114507724,
      "params": [
        3.728143221580444e-17,
        1.0,
        1.0,
        52.89996801588128
      ],
      "confidence_score": 0.49964033379245565
    },
    "Logarithmic": {
      "r2": 0.8785100387359859,
      "aic": 196.0571705583843,
      "bic": 199.0501856813173,
      "params": [
        68.54442841687744,
        -825.7340078574671
      ],
      "confidence_score": 0.548
    },
    "N Log N": {
      "r2": 0.9998760132938034,
      "aic": -31.22744402858433,
      "bic": -28.23442890565137,
      "params": [
        7.899950280765286e-06,
        2.8523301903513856
      ],
      "confidence_score": 0.998
    }
  }
}