{
  "best_model": "O(n log n)",
  "details": {
    "O(1)": {
      "r2": 0,
      "aic": Infinity,
      "params_norm": [
        1.0
      ],
      "rss": 0.0
    },
    "O(n)": {
      "r2": 0,
      "aic": -3070.5579858499177,
      "params_norm": [
        -9.778793904550355e-10,
        1.0000000005923924
      ],
      "rss": 2.6480412512057495e-15
    },
    "O(n^2)": {
      "r2": 0,
      "aic": -2862.5196829319984,
      "params_norm": [
        -1.6370592904487226e-08,
        1.8986107378921625e-08,
        0.9999999954126015
      ],
      "rss": 3.363456638654701e-14
    },
    "O(n^3)": {
      "r2": 0,
      "aic": -2751.48194577997,
      "params_norm": [
        -1.58316306908492e-07,
        2.880903192393119e-07,
        -1.5917913911634305e-07,
        1.0000000258094672
      ],
      "rss": 1.289016203965426e-13
    },
    "O(log n)": {
      "r2": 0,
      "aic": -3047.763447212166,
      "params_norm": [
        -5.934146138113041e-10,
        0.999999999643905
      ],
      "rss": 3.5086602640436762e-15
    },
    "O(n log n)": {
      "r2": 0,
      "aic": -3130.78069826488,
      "params_norm": [
        -1.4129476602064176e-09,
        0.9999999996352317
      ],
      "rss": 1.2590153402696545e-15
    },
    "O(2^n)": {
      "r2": 0,
      "aic": -3086.294582355895,
      "params_norm": [
        0.9999999994674227,
        8.876288830373813e-10
      ],
      "rss": 2.1804717380533344e-15
    },
    "O(n^k)": {
      "r2": 0,
      "aic": -3033.6913343811298,
      "params_norm": [
        1.000000000381851,
        6.470976220459377e-10
      ],
      "rss": 4.174372557988169e-15
    }
  }
}