{
  "valid_points": 94,
  "models": {
    "Constant": {
      "r2": 0.0,
      "aic": -302.4036526161404,
      "bic": -297.31706305160037,
      "params": [
        100.22209734913513,
        -99.77790265086472
      ],
      "confidence_score": 0.0
    },
    "Linear": {
      "r2": 0.9836607323224323,
      "aic": -689.1369493990609,
      "bic": -684.0503598345209,
      "params": [
        0.00013932111787262613,
        0.15059471016765502
      ],
      "confidence_score": 0.9636607323224323
    },
    "Quadratic": {
      "r2": 0.9087598624071879,
      "aic": -525.4641277284669,
      "bic": -517.8342433816568,
      "params": [
        3.0346186649013405e-08,
        1.0,
        0.25036944739029093
      ],
      "confidence_score": 0.8687598624071878
    },
    "Cubic": {
      "r2": 0.8023415776366005,
      "aic": -450.7978511136699,
      "bic": -440.62467198458984,
      "params": [
        6.719979351472104e-12,
        1.0,
        1.0,
        0.29826481285822715
      ],
      "confidence_score": 0.7523415776366005
    },
    "Logarithmic": {
      "r2": 0.6207032754061225,
      "aic": -393.5306803939779,
      "bic": -388.44409082943787,
      "params": [
        0.08575195378477195,
        -0.15446368132797472
      ],
      "confidence_score": 0.6107032754061225
    },
    "N Log N": {
      "r2": 0.9814003962387541,
      "aic": -676.9574627711197,
      "bic": -671.8708732065797,
      "params": [
        1.6434582542779384e-05,
        0.16975737044093867
      ],
      "confidence_score": 0.951400396238754
    }
  }
}