{
  "Constant": {
    "r2": -2.220446049250313e-16,
    "aic": 472.4110986584103,
    "bic": 475.07550767876074,
    "params": [
      236.007411724755,
      3436.0074117247573
    ]
  },
  "Linear": {
    "r2": 0.8240672033211968,
    "aic": 423.75680922880235,
    "bic": 426.4212182491528,
    "params": [
      43.84777652862601,
      -2970.9233206373306
    ]
  },
  "Quadratic": {
    "r2": 0.9651264388240802,
    "aic": 380.4423623621185,
    "bic": 384.4389758926441,
    "params": [
      0.15150314553439337,
      1.0,
      -1001.4784584226925
    ]
  },
  "Cubic": {
    "r2": 0.9994693958410533,
    "aic": 265.2492588717347,
    "bic": 270.5780769124355,
    "params": [
      0.0005321648635219223,
      1.0,
      1.0,
      -88.07956964816854
    ]
  },
  "Logarithmic": {
    "r2": 0.42268978869460727,
    "aic": 457.0285838455185,
    "bic": 459.6929928658689,
    "params": [
      2698.45330017768,
      -8992.182092485064
    ]
  },
  "N Log N": {
    "r2": 0.8617549100701941,
    "aic": 417.0067383159229,
    "bic": 419.67114733627335,
    "params": [
      7.621060140652304,
      -2356.5924587390273
    ]
  }
}