{
  "Constant": {
    "r2": -2.220446049250313e-16,
    "aic": 472.8322717159871,
    "bic": 475.4966807363375,
    "params": [
      243.78219129783906,
      3443.7821912978384
    ]
  },
  "Linear": {
    "r2": 0.8217678482902959,
    "aic": 424.5415577658514,
    "bic": 427.2059667862018,
    "params": [
      44.11711854526622,
      -2996.1790770121556
    ]
  },
  "Quadratic": {
    "r2": 0.9638371055612326,
    "aic": 381.88006407841885,
    "bic": 385.8766776089445,
    "params": [
      0.15254489214073863,
      1.0,
      -1018.0641777157653
    ]
  },
  "Cubic": {
    "r2": 0.9993163542873763,
    "aic": 272.766291037093,
    "bic": 278.09510907779384,
    "params": [
      0.0005361412837197044,
      1.0,
      1.0,
      -100.6260317071279
    ]
  },
  "Logarithmic": {
    "r2": 0.4207602932921011,
    "aic": 457.5431829118685,
    "bic": 460.2075919322189,
    "params": [
      2712.6121695342663,
      -9043.081967892122
    ]
  },
  "N Log N": {
    "r2": 0.8595807547889777,
    "aic": 417.8648354823009,
    "bic": 420.52924450265135,
    "params": [
      7.668901401304883,
      -2378.887527273268
    ]
  }
}