{
  "valid_points": 18,
  "models": {
    "Constant": {
      "r2": 0.7,
      "aic": 125.3735639115162,
      "bic": 127.15430742730852,
      "params": [
        -93.49204099012744,
        106.50795900987256
      ],
      "confidence_score": 0.11999999999999998
    },
    "Linear": {
      "r2": 0.9999985167296869,
      "aic": -116.20913835293553,
      "bic": -114.4283948371432,
      "params": [
        0.00044713175758159807,
        -0.007241551577034766
      ],
      "confidence_score": 0.8999991100378121
    },
    "Quadratic": {
      "r2": 0.9196020566695358,
      "aic": 81.99976360687344,
      "bic": 84.67087888056193,
      "params": [
        1.7525194349206169e-09,
        1.0,
        4.095115183452926
      ],
      "confidence_score": 0.5317612340017214
    },
    "Cubic": {
      "r2": 0.8418063995861697,
      "aic": 96.18272172603746,
      "bic": 99.74420875762212,
      "params": [
        6.479161494365508e-15,
        1.0,
        1.0,
        5.605337869927149
      ],
      "confidence_score": 0.4850838397517018
    },
    "Logarithmic": {
      "r2": 0.4052211924991148,
      "aic": 116.02138140776579,
      "bic": 117.80212492355811,
      "params": [
        5.010071445695677,
        -19.62918129743181
      ],
      "confidence_score": 0.45061059624955746
    },
    "N Log N": {
      "r2": 0.9986168559000991,
      "aic": 6.872435227204949,
      "bic": 8.653178742997278,
      "params": [
        3.61908826312093e-05,
        0.5947764779247169
      ],
      "confidence_score": 0.648
    }
  }
}