{
  "best_model": "O(log n)",
  "details": {
    "O(1)": {
      "r2": 0.0,
      "aic": 39.072503005864306,
      "params_norm": [
        0.7602739726022167
      ],
      "rss": 2450.0
    },
    "O(n)": {
      "r2": 0.7142857142857141,
      "aic": 36.555925194892104,
      "params_norm": [
        0.4109589079413161,
        0.5205479429703054
      ],
      "rss": 700.0000000000005
    },
    "O(n^2)": {
      "r2": 0.7142857142857135,
      "aic": 46.55592519489211,
      "params_norm": [
        2.4589477010117378e-08,
        0.4109588746812398,
        0.520547949031418
      ],
      "rss": 700.0000000000018
    },
    "O(n^3)": {
      "r2": 0.992063492063492,
      "aic": 55.05481156415547,
      "params_norm": [
        4.794520637352346,
        -8.390411117712517,
        4.632800690292857,
        -0.03881279642714493
      ],
      "rss": 19.444444444444567
    },
    "O(log n)": {
      "r2": 0.731138308895404,
      "aic": 36.1911538594559,
      "params_norm": [
        0.1956433149315765,
        0.8962886496645415
      ],
      "rss": 658.7111432062604
    },
    "O(n log n)": {
      "r2": 0.45972710422425056,
      "aic": 40.378417578691625,
      "params_norm": [
        0.7381027773183468,
        0.9366373537411288
      ],
      "rss": 1323.668594650586
    },
    "O(2^n)": {
      "r2": 0.7135161630361163,
      "aic": 36.57206404644881,
      "params_norm": [
        0.5479458121745401,
        0.5411879073390687
      ],
      "rss": 701.8854005615151
    },
    "O(n^k)": {
      "r2": 0.7301266426787879,
      "aic": 36.21368814398929,
      "params_norm": [
        0.9065256331053575,
        0.27168999851116543
      ],
      "rss": 661.1897254369696
    }
  }
}