{
  "Constant": {
    "r2": 2.220446049250313e-16,
    "aic": -498.72033621530136,
    "bic": -493.5709142582946,
    "params": [
      100.07878174794098,
      -99.92121825205906
    ]
  },
  "Linear": {
    "r2": 0.978131188621599,
    "aic": -869.5216343478146,
    "bic": -864.3722123908078,
    "params": [
      5.321176344874612e-05,
      0.046598866119951454
    ]
  },
  "Quadratic": {
    "r2": 0.9015286495004102,
    "aic": -721.5653304207138,
    "bic": -713.8411974852037,
    "params": [
      1.1528644343211972e-08,
      1.0,
      0.08507584809015029
    ]
  },
  "Cubic": {
    "r2": 0.7917171584247902,
    "aic": -646.8995920648083,
    "bic": -636.6007481507947,
    "params": [
      2.5425156060651833e-12,
      1.0,
      1.0,
      0.10322028502731923
    ]
  },
  "Logarithmic": {
    "r2": 0.6034048928308122,
    "aic": -588.4297580069177,
    "bic": -583.2803360499109,
    "params": [
      0.032771930304201335,
      -0.07126650511259172
    ]
  },
  "N Log N": {
    "r2": 0.9761034374559169,
    "aic": -860.920339943924,
    "bic": -855.7709179869172,
    "params": [
      6.272052837919782e-06,
      0.05404221037624173
    ]
  }
}