{
  "valid_points": 10,
  "models": {
    "Constant": {
      "r2": 0.7,
      "aic": 81.653054323374,
      "bic": 82.25822450936208,
      "params": [
        254.67561060237472,
        -147.59973206552897
      ],
      "confidence_score": 0.12000000000000013
    },
    "Linear": {
      "r2": 0.9981291171268841,
      "aic": 18.839605974668785,
      "bic": 19.444776160656875,
      "params": [
        0.00035347781529284787,
        -4.268396355600283
      ],
      "confidence_score": 0.5074724768957701
    },
    "Quadratic": {
      "r2": 0.9773805166948695,
      "aic": 45.76361781392004,
      "bic": 46.67137309290218,
      "params": [
        5.452751066410878e-10,
        1.0,
        42.70364944864415
      ],
      "confidence_score": 0.5664283205381346
    },
    "Cubic": {
      "r2": 0.9145158210750569,
      "aic": 61.05881470362096,
      "bic": 62.26915507559714,
      "params": [
        9.652374706920649e-16,
        1.0,
        1.0,
        59.73032289034304
      ],
      "confidence_score": 0.5287094926493497
    },
    "Logarithmic": {
      "r2": 0.9290919564767428,
      "aic": 55.189340293055785,
      "bic": 55.79451047904388,
      "params": [
        90.82956606963693,
        -1032.2075813513186
      ],
      "confidence_score": 0.5480000000824258
    },
    "N Log N": {
      "r2": 0.9991320717104916,
      "aic": 11.159039698468515,
      "bic": 11.764209884456609,
      "params": [
        2.6009260176948617e-05,
        2.52184011561818
      ],
      "confidence_score": 0.998
    }
  }
}