{
  "valid_points": 20,
  "models": {
    "Constant": {
      "r2": 0.7,
      "aic": 145.06510478374494,
      "bic": 147.05656933085294,
      "params": [
        105.47528732568026,
        -94.52471267431967
      ],
      "confidence_score": 0.11999999999999998
    },
    "Linear": {
      "r2": 0.9977091409498582,
      "aic": 23.488536769869377,
      "bic": 25.480001316977358,
      "params": [
        7.352069566435304e-05,
        -0.6131500223871991
      ],
      "confidence_score": 0.4986255109376042
    },
    "Quadratic": {
      "r2": 0.973230746205703,
      "aic": 74.65507885298916,
      "bic": 77.64227567365114,
      "params": [
        3.5085755984986056e-11,
        1.0,
        2.5921930959090664
      ],
      "confidence_score": 0.5639384477234218
    },
    "Cubic": {
      "r2": 0.9565138374110833,
      "aic": 86.35885492581102,
      "bic": 90.34178402002698,
      "params": [
        1.655998913547026e-17,
        1.0,
        1.0,
        3.1772654274439507
      ],
      "confidence_score": 0.5539083024466499
    },
    "Logarithmic": {
      "r2": 0.27058297607744675,
      "aic": 138.75491155864864,
      "bic": 140.74637610575664,
      "params": [
        4.2621099731545184,
        -19.95227873381604
      ],
      "confidence_score": 0.38329148803872337
    },
    "N Log N": {
      "r2": 0.9995615706927297,
      "aic": -9.581134697044169,
      "bic": -7.589670149936187,
      "params": [
        5.073727653946632e-06,
        -0.1124057873996518
      ],
      "confidence_score": 0.998
    }
  }
}