{
  "valid_points": 10,
  "models": {
    "Constant": {
      "r2": 0.7,
      "aic": -38.38209297728499,
      "bic": -37.7769227912969,
      "params": [
        -0.9219086021184919,
        1.0
      ],
      "confidence_score": 0.11999999999999998
    },
    "Linear": {
      "r2": 0.9999061216232323,
      "aic": -131.117197753617,
      "bic": -130.5120275676289,
      "params": [
        0.00038385262023499234,
        -6.099559828687262e-05
      ],
      "confidence_score": 0.8999436729739394
    },
    "Quadratic": {
      "r2": 0.9230834362901392,
      "aic": -62.03243330546702,
      "bic": -61.12467802648489,
      "params": [
        3.6992901153443114e-07,
        1.0,
        0.026522627804083432
      ],
      "confidence_score": 0.5338500617740838
    },
    "Cubic": {
      "r2": 0.8464665611838531,
      "aic": -53.12046190957137,
      "bic": -51.91012153759519,
      "params": [
        3.469918003158284e-10,
        1.0,
        1.0,
        0.03565619722175645
      ],
      "confidence_score": 0.4878799367103118
    },
    "Logarithmic": {
      "r2": 0.5978469513682371,
      "aic": -47.49131842556859,
      "bic": -46.8861482395805,
      "params": [
        0.043146271504039914,
        -0.08104072168135715
      ],
      "confidence_score": 0.5469234756841186
    },
    "N Log N": {
      "r2": 0.9960117156324213,
      "aic": -93.6260342134106,
      "bic": -93.02086402742252,
      "params": [
        5.549851061665625e-05,
        0.007442215522395755
      ],
      "confidence_score": 0.6480000021677966
    }
  }
}