{
  "valid_points": 76,
  "models": {
    "Constant": {
      "r2": 0.7,
      "aic": -551.3110079093292,
      "bic": -546.6495412287566,
      "params": [
        100.12511500206429,
        -99.8748849979357
      ],
      "confidence_score": 0.6274412153932434
    },
    "Linear": {
      "r2": 0.010713614258574422,
      "aic": -552.1296356966595,
      "bic": -547.4681690160869,
      "params": [
        -2.356119624957742e-06,
        0.25734486536376977
      ],
      "confidence_score": 0.3928333456201781
    },
    "Quadratic": {
      "r2": 0.012505442000893208,
      "aic": -550.2674141856152,
      "bic": -543.2752141647562,
      "params": [
        -4.1708614340052463e-10,
        1.0,
        0.25457346280558824
      ],
      "confidence_score": 0.036216922927493275
    },
    "Cubic": {
      "r2": 0.013564473977813685,
      "aic": -548.3489636169957,
      "bic": -539.0260302558503,
      "params": [
        -8.5644986514458e-14,
        1.0,
        1.0,
        0.25359035659638784
      ],
      "confidence_score": 0.0
    },
    "Logarithmic": {
      "r2": 0.008379227508516718,
      "aic": -551.9505122335598,
      "bic": -547.2890455529872,
      "params": [
        -0.005535635430809425,
        0.2941246966314853
      ],
      "confidence_score": 0.47402401408455314
    },
    "N Log N": {
      "r2": 0.010948611748565318,
      "aic": -552.1476910657256,
      "bic": -547.4862243851529,
      "params": [
        -2.657683489561701e-07,
        0.2567208112084148
      ],
      "confidence_score": 0.6034743058742826
    }
  }
}