{
  "valid_points": 28,
  "models": {
    "Constant": {
      "r2": 0.85,
      "aic": -640.2828088377719,
      "bic": -637.6183998174215,
      "params": [
        -99.9999246293944,
        100.00007537060546
      ],
      "confidence_score": 0.4887705633779329
    },
    "Linear": {
      "r2": 0.0013355429399760643,
      "aic": -640.3202290337963,
      "bic": -637.6558200134459,
      "params": [
        -3.327344969168326e-15,
        0.00015086880798702575
      ],
      "confidence_score": 0.38909170854667696
    },
    "Quadratic": {
      "r2": 0.005274037190459491,
      "aic": -638.4308726702978,
      "bic": -634.4342591397723,
      "params": [
        -1.3416595069885183e-23,
        1.0,
        0.00015092535720667003
      ],
      "confidence_score": 0.06287567785106576
    },
    "Cubic": {
      "r2": 0.008030469864715006,
      "aic": -636.5085696950078,
      "bic": -631.179751654307,
      "params": [
        -3.137239642472809e-32,
        1.0,
        1.0,
        0.0001509393597031739
      ],
      "confidence_score": 0.00047902369310613355
    },
    "Logarithmic": {
      "r2": 3.470566723751123e-05,
      "aic": -640.2837806133176,
      "bic": -637.6193715929672,
      "params": [
        1.0548121161440478e-08,
        0.00015062809012261153
      ],
      "confidence_score": 0.6919306904196375
    },
    "N Log N": {
      "r2": 0.0014976922421301442,
      "aic": -640.3247756550903,
      "bic": -637.66036663474,
      "params": [
        -1.7678673773497389e-16,
        0.00015087278646269122
      ],
      "confidence_score": 0.49874884612106507
    }
  }
}