{
  "Constant": {
    "r2": -2.220446049250313e-16,
    "aic": -326.29319991159406,
    "bic": -321.20661034705404,
    "params": [
      100.18687191558013,
      -99.81312808441983
    ]
  },
  "Linear": {
    "r2": 0.9752788302156533,
    "aic": -674.1021605686618,
    "bic": -669.0155710041219,
    "params": [
      0.00012253757889146843,
      0.11877180849469438
    ]
  },
  "Quadratic": {
    "r2": 0.907258142086482,
    "aic": -547.8191243764069,
    "bic": -540.1892400295968,
    "params": [
      2.675348399227105e-08,
      1.0,
      0.20615577345325
    ]
  },
  "Cubic": {
    "r2": 0.8049880131907434,
    "aic": -475.9544595517428,
    "bic": -465.78128042266275,
    "params": [
      5.934820069004148e-12,
      1.0,
      1.0,
      0.2476420952899485
    ]
  },
  "Logarithmic": {
    "r2": 0.5974968213503606,
    "aic": -411.83811469111475,
    "bic": -406.75152512657473,
    "params": [
      0.07427065523895132,
      -0.14380422095557255
    ]
  },
  "N Log N": {
    "r2": 0.9742743218144139,
    "aic": -670.3581695743488,
    "bic": -665.2715800098089,
    "params": [
      1.446115633680464e-05,
      0.13560334414460806
    ]
  }
}