{
  "valid_points": 29,
  "models": {
    "Constant": {
      "r2": 0.7,
      "aic": -373.0380130159176,
      "bic": -370.3034213559447,
      "params": [
        -99.99863602991749,
        100.00136397008234
      ],
      "confidence_score": 0.37
    },
    "Linear": {
      "r2": 0.3029647033614232,
      "aic": -383.50467064828763,
      "bic": -380.7700789883147,
      "params": [
        7.586986857988769e-12,
        0.002447027582253572
      ],
      "confidence_score": 0.17177882201685393
    },
    "Quadratic": {
      "r2": 0.1740174014425946,
      "aic": -376.5822786272586,
      "bic": -372.48039113729914,
      "params": [
        1.1678717681947962e-20,
        1.0,
        0.0025731741328760237
      ],
      "confidence_score": 0.08441044086555674
    },
    "Cubic": {
      "r2": 0.13408435994042345,
      "aic": -373.2130788821512,
      "bic": -367.7438955622053,
      "params": [
        1.9431535252813998e-29,
        1.0,
        1.0,
        0.002609442256598734
      ],
      "confidence_score": 0.060450615964254065
    },
    "Logarithmic": {
      "r2": 0.986754576317628,
      "aic": -498.4370049073666,
      "bic": -495.7024132473937,
      "params": [
        0.00025435141927292404,
        9.428942060650258e-05
      ],
      "confidence_score": 0.898
    },
    "N Log N": {
      "r2": 0.29037707046680217,
      "aic": -382.98563753633954,
      "bic": -380.2510458763666,
      "params": [
        3.727114877300666e-13,
        0.002460110834545564
      ],
      "confidence_score": 0.44318853523340107
    }
  }
}