{
  "Constant": {
    "r2": 0.0,
    "aic": -276.1218418445481,
    "bic": -271.014088061347,
    "params": [
      -99.77242246662304,
      100.22757753337693
    ]
  },
  "Linear": {
    "r2": 0.9908446315655567,
    "aic": -721.9962533162968,
    "bic": -716.8884995330957,
    "params": [
      0.0001625466422425781,
      0.10926607816603218
    ]
  },
  "Quadratic": {
    "r2": 0.9157757078793326,
    "aic": -509.1776718075482,
    "bic": -501.5160411327466,
    "params": [
      3.5278849508380006e-08,
      1.0,
      0.22606880449600786
    ]
  },
  "Cubic": {
    "r2": 0.80996232958283,
    "aic": -429.8724731509578,
    "bic": -419.6569655845556,
    "params": [
      7.806806670978924e-12,
      1.0,
      1.0,
      0.2819006793605834
    ]
  },
  "Logarithmic": {
    "r2": 0.622081320771694,
    "aic": -368.56408472281925,
    "bic": -363.45633093961817,
    "params": [
      0.10053280395586081,
      -0.24809806537429094
    ]
  },
  "N Log N": {
    "r2": 0.9886396244579899,
    "aic": -701.4961036007487,
    "bic": -696.3883498175476,
    "params": [
      1.9163036964008974e-05,
      0.13171580850262887
    ]
  }
}