{
  "valid_points": 77,
  "models": {
    "Constant": {
      "r2": 0.7,
      "aic": -647.4060235557171,
      "bic": -642.7184127120097,
      "params": [
        100.06811403028372,
        -99.93188596971628
      ],
      "confidence_score": 0.4304791572044405
    },
    "Linear": {
      "r2": 0.14222109601417587,
      "aic": -659.2185088837108,
      "bic": -654.5308980400034,
      "params": [
        -4.811665309801665e-06,
        0.15060056733707125
      ],
      "confidence_score": 0.3100068634220775
    },
    "Quadratic": {
      "r2": 0.12867872140612802,
      "aic": -656.0123507010819,
      "bic": -648.9809344355209,
      "params": [
        -7.543470096440851e-10,
        1.0,
        0.14394003415184323
      ],
      "confidence_score": 0.07183931303736026
    },
    "Cubic": {
      "r2": 0.11509473740723519,
      "aic": -652.821174502613,
      "bic": -643.4459528151982,
      "params": [
        -1.4141334660037852e-13,
        1.0,
        1.0,
        0.14164685472101776
      ],
      "confidence_score": 0.049976021426214254
    },
    "Logarithmic": {
      "r2": 0.15402035036460104,
      "aic": -660.2850415898861,
      "bic": -655.5974307461787,
      "params": [
        -0.013249267655638936,
        0.24112311960795305
      ],
      "confidence_score": 0.5750101751823006
    },
    "N Log N": {
      "r2": 0.1407110096379378,
      "aic": -659.0830725607431,
      "bic": -654.3954617170357,
      "params": [
        -5.343647747113998e-07,
        0.1491226797335116
      ],
      "confidence_score": 0.4328369814970846
    }
  }
}