{
  "Constant": {
    "r2": 1.1102230246251565e-16,
    "aic": -269.5197165078141,
    "bic": -264.8847402807415,
    "params": [
      -99.72551174461842,
      100.27448825538163
    ]
  },
  "Linear": {
    "r2": 0.9750026578410187,
    "aic": -546.1936495132925,
    "bic": -541.5586732862199,
    "params": [
      0.0001386672114596088,
      0.13667266869020145
    ]
  },
  "Quadratic": {
    "r2": 0.9358836310882875,
    "aic": -473.5488851891897,
    "bic": -466.5964208485808,
    "params": [
      2.2381983939677592e-08,
      1.0,
      0.321515868702478
    ]
  },
  "Cubic": {
    "r2": 0.8637842625015337,
    "aic": -415.0333673800618,
    "bic": -405.76341492591655,
    "params": [
      4.2598305169878275e-12,
      1.0,
      1.0,
      0.3865605326923866
    ]
  },
  "Logarithmic": {
    "r2": 0.9482491753129937,
    "aic": -491.61833483152685,
    "bic": -486.9833586044542,
    "params": [
      0.3619005830774193,
      -2.3139568054543873
    ]
  },
  "N Log N": {
    "r2": 0.9733427836610266,
    "aic": -541.3718702384299,
    "bic": -536.7368940113573,
    "params": [
      1.546852531877587e-05,
      0.17755207071443896
    ]
  }
}