{
  "valid_points": 77,
  "models": {
    "Constant": {
      "r2": 2.220446049250313e-16,
      "aic": -58.29649803134454,
      "bic": -53.60888718763717,
      "params": [
        -99.41378282745929,
        100.58621717254063
      ],
      "confidence_score": 2.220446049250313e-16
    },
    "Linear": {
      "r2": 0.45203877981936846,
      "aic": -104.61590660000067,
      "bic": -99.9282957562933,
      "params": [
        0.000392625045532613,
        0.0027176509879688338
      ],
      "confidence_score": 0.43203877981936845
    },
    "Quadratic": {
      "r2": 0.4106842680703082,
      "aic": -97.01357377944814,
      "bic": -89.98215751388709,
      "params": [
        6.1586846733519e-08,
        1.0,
        0.5453882652314144
      ],
      "confidence_score": 0.37068426807030824
    },
    "Cubic": {
      "r2": 0.3603152051474756,
      "aic": -88.69853739482652,
      "bic": -79.32331570741178,
      "params": [
        1.1425396479770815e-11,
        1.0,
        1.0,
        0.7365001235088209
      ],
      "confidence_score": 0.3103152051474756
    },
    "Logarithmic": {
      "r2": 0.46314103028072073,
      "aic": -106.19202611071726,
      "bic": -101.5044152670099,
      "params": [
        1.0534297415682963,
        -7.164608223579717
      ],
      "confidence_score": 0.4531410302807207
    },
    "N Log N": {
      "r2": 0.4484967369541134,
      "aic": -104.11977735099042,
      "bic": -99.43216650728306,
      "params": [
        4.365599901802154e-05,
        0.12201209479283359
      ],
      "confidence_score": 0.4184967369541134
    }
  }
}