{
  "valid_points": 8,
  "models": {
    "Constant": {
      "r2": 0.7,
      "aic": 66.71835284230013,
      "bic": 66.8772359256598,
      "params": [
        139.4782729006184,
        -31.83027399022113
      ],
      "confidence_score": 0.12000000000036147
    },
    "Linear": {
      "r2": 0.9981717958844486,
      "aic": 16.282983629518746,
      "bic": 16.44186671287842,
      "params": [
        0.0004599321613196518,
        -15.254843285431786
      ],
      "confidence_score": 0.5420476796412975
    },
    "Quadratic": {
      "r2": 0.9786093426432751,
      "aic": 37.95994464713739,
      "bic": 38.198269272176894,
      "params": [
        8.388122581339617e-10,
        1.0,
        37.69933549832801
      ],
      "confidence_score": 0.5671664195096366
    },
    "Cubic": {
      "r2": 0.9201020066556876,
      "aic": 50.5023165133832,
      "bic": 50.820082680102544,
      "params": [
        1.783185826961559e-15,
        1.0,
        1.0,
        56.4917571901612
      ],
      "confidence_score": 0.5320612054718117
    },
    "Logarithmic": {
      "r2": 0.941806889928993,
      "aic": 43.9664463230016,
      "bic": 44.12532940636127,
      "params": [
        103.7048480960458,
        -1177.8272297787125
      ],
      "confidence_score": 0.4980000315210146
    },
    "N Log N": {
      "r2": 0.9989522894876667,
      "aic": 11.82916916285173,
      "bic": 11.988052246211401,
      "params": [
        3.4230178224526584e-05,
        -7.462908294162783
      ],
      "confidence_score": 0.998
    }
  }
}