{
  "valid_points": 19,
  "models": {
    "Constant": {
      "r2": 0.7,
      "aic": 119.69827385106085,
      "bic": 121.58715180939373,
      "params": [
        -90.35920908576567,
        109.6407909142344
      ],
      "confidence_score": 0.09999999999999998
    },
    "Linear": {
      "r2": 0.8493014731228147,
      "aic": 83.74126882768701,
      "bic": 85.63014678601989,
      "params": [
        0.3212700994533787,
        -17.02193940976305
      ],
      "confidence_score": 0.4095808838736888
    },
    "Quadratic": {
      "r2": 0.9698946216977727,
      "aic": 55.140296452077415,
      "bic": 57.973613389576734,
      "params": [
        0.0014780277107275808,
        1.0,
        -4.956594599749694
      ],
      "confidence_score": 0.5619367730186636
    },
    "Cubic": {
      "r2": 0.9996626373075865,
      "aic": -28.194413535730106,
      "bic": -24.416657619064345,
      "params": [
        7.1940655171909285e-06,
        1.0,
        1.0,
        0.04848507324024676
      ],
      "confidence_score": 0.979797582384552
    },
    "Logarithmic": {
      "r2": 0.5779061404538124,
      "aic": 103.31024995093819,
      "bic": 105.19912790927107,
      "params": [
        21.669491292147885,
        -78.5904659421015
      ],
      "confidence_score": 0.4369530702269062
    },
    "N Log N": {
      "r2": 0.8812399588332215,
      "aic": 79.21591848454467,
      "bic": 81.10479644287756,
      "params": [
        0.05817290527440306,
        -12.839846443931526
      ],
      "confidence_score": 0.698
    }
  }
}