{
  "Constant": {
    "name": "Constant",
    "r2": 0.0,
    "bic": 121.58715180939373,
    "confidence_score": -0.15497047258770738,
    "params": [
      17.197746796265324,
      2.083834994898928
    ],
    "order": 0
  },
  "Linear": {
    "name": "Linear",
    "r2": 0.7039156777794185,
    "bic": 98.4620429450599,
    "confidence_score": 0.5089452051917112,
    "params": [
      0.20397763324792548,
      1.4648334672548429e-21
    ],
    "order": 2
  },
  "Quadratic": {
    "name": "Quadratic",
    "r2": 0.9464268176449993,
    "bic": 68.9241641476788,
    "confidence_score": 0.6339711087634382,
    "params": [
      0.001303144941442442,
      2.7273816124227153e-14,
      9.163858675407796e-15
    ],
    "order": 4
  },
  "Cubic": {
    "name": "Cubic",
    "r2": 0.9996626373075865,
    "bic": -24.416657619064566,
    "confidence_score": 0.5897216921321718,
    "params": [
      7.194065516981132e-06,
      4.656749150283164e-24,
      5.206561110149721e-24,
      0.048485072981729875
    ],
    "order": 5
  },
  "Logarithmic": {
    "name": "Logarithmic",
    "r2": 0.21493498844210424,
    "bic": 116.98936560959773,
    "confidence_score": 0.03996451585439685,
    "params": [
      4.720169365882898,
      2.2532997653184014e-23
    ],
    "order": 1
  },
  "N Log N": {
    "name": "N Log N",
    "r2": 0.7789674182045633,
    "bic": 92.90769378093938,
    "confidence_score": 0.5639969456168559,
    "params": [
      0.041283255718536624,
      1.1246491206825303e-16
    ],
    "order": 3
  },
  "confidence_analysis": {
    "best_model": "Quadratic",
    "best_score": 0.6339711087634382,
    "second_best_model": "Cubic",
    "second_best_score": 0.5897216921321718,
    "confidence_gap": 0.04424941663126636,
    "is_confident": true,
    "threshold": 0.03
  }
}