{
  "valid_points": 20,
  "models": {
    "Constant": {
      "r2": 0.7,
      "aic": 231.42665280568212,
      "bic": 233.41811735279012,
      "params": [
        -71.62087066296993,
        328.3791293416096
      ],
      "confidence_score": 0.09999999999999998
    },
    "Linear": {
      "r2": 0.8319903565439595,
      "aic": 195.75197481163747,
      "bic": 197.74343935874546,
      "params": [
        4.236665195693158,
        -198.6832498589953
      ],
      "confidence_score": 0.39919421392637566
    },
    "Quadratic": {
      "r2": 0.9692342000888171,
      "aic": 163.79962083689898,
      "bic": 166.78681765756096,
      "params": [
        0.020569826515669312,
        1.0,
        -63.709352980144295
      ],
      "confidence_score": 0.5615405200532902
    },
    "Cubic": {
      "r2": 0.9998213273734612,
      "aic": 62.82754623319433,
      "bic": 66.8104753274103,
      "params": [
        0.00010143473021373417,
        1.0,
        1.0,
        -0.8651619449592944
      ],
      "confidence_score": 0.9798927964240767
    },
    "Logarithmic": {
      "r2": 0.43732063083150474,
      "aic": 219.92574646142725,
      "bic": 221.91721100853525,
      "params": [
        188.28624376973767,
        -561.4742794375238
      ],
      "confidence_score": 0.3666603154157524
    },
    "N Log N": {
      "r2": 0.8713708338546642,
      "aic": 190.4102188957696,
      "bic": 192.40168344287758,
      "params": [
        0.7827430284922143,
        -153.96880458317025
      ],
      "confidence_score": 0.698
    }
  }
}