{
  "Constant": {
    "r2": -2.220446049250313e-16,
    "aic": -519.0393241877662,
    "bic": -513.8899022307594,
    "params": [
      100.07550543193359,
      -99.92449456806645
    ]
  },
  "Linear": {
    "r2": 0.9714209183587874,
    "aic": -863.8821074594605,
    "bic": -858.7326855024537,
    "params": [
      4.7785383298557225e-05,
      0.049884184359332624
    ]
  },
  "Quadratic": {
    "r2": 0.8874611974650797,
    "aic": -728.9316731100548,
    "bic": -721.2075401745446,
    "params": [
      1.0295741811658534e-08,
      1.0,
      0.08496204468012485
    ]
  },
  "Cubic": {
    "r2": 0.780340826658365,
    "aic": -662.0601043481302,
    "bic": -651.7612604341166,
    "params": [
      2.271525588081025e-12,
      1.0,
      1.0,
      0.10140554926644281
    ]
  },
  "Logarithmic": {
    "r2": 0.6193363154504774,
    "aic": -612.7257082933653,
    "bic": -607.5762863363585,
    "params": [
      0.02985288755497573,
      -0.05800522689657705
    ]
  },
  "N Log N": {
    "r2": 0.9674670370230596,
    "aic": -851.3129656333132,
    "bic": -846.1635436763064,
    "params": [
      5.626442513300492e-06,
      0.05666219210821248
    ]
  }
}