{
  "valid_points": 29,
  "models": {
    "Constant": {
      "r2": 0.7,
      "aic": -441.5982412234563,
      "bic": -438.86364956348336,
      "params": [
        -99.9994424910381,
        100.00055750896198
      ],
      "confidence_score": 0.37
    },
    "Linear": {
      "r2": 0.2885307939641558,
      "aic": -451.47051236268453,
      "bic": -448.7359207027116,
      "params": [
        2.2703962702087534e-12,
        0.0010309551875719363
      ],
      "confidence_score": 0.16311847637849347
    },
    "Quadratic": {
      "r2": 0.16211893734975924,
      "aic": -444.72773566241307,
      "bic": -440.62584817245363,
      "params": [
        3.45659071056367e-21,
        1.0,
        0.0010692112829363497
      ],
      "confidence_score": 0.07727136240985553
    },
    "Cubic": {
      "r2": 0.12349339011489702,
      "aic": -441.42076119271445,
      "bic": -435.95157787276855,
      "params": [
        5.7183690641712124e-30,
        1.0,
        1.0,
        0.0010801460126423702
      ],
      "confidence_score": 0.054096034068938204
    },
    "Logarithmic": {
      "r2": 0.9932636646092929,
      "aic": -586.6051783859476,
      "bic": -583.8705867259747,
      "params": [
        7.825176145769011e-05,
        0.0003047696079973954
      ],
      "confidence_score": 0.898
    },
    "N Log N": {
      "r2": 0.27613651895155666,
      "aic": -450.9696627509201,
      "bic": -448.2350710909472,
      "params": [
        1.1145147137447327e-13,
        0.0010349292386266592
      ],
      "confidence_score": 0.4360682594757783
    }
  }
}