{
  "valid_points": 45,
  "models": {
    "Constant": {
      "r2": 0.7,
      "aic": 368.0634055917479,
      "bic": 371.67673057128854,
      "params": [
        138.53900019916168,
        -34.89494286900365
      ],
      "confidence_score": 0.11999999999999998
    },
    "Linear": {
      "r2": 0.9999697771899363,
      "aic": -100.24770724327523,
      "bic": -96.6343822637346,
      "params": [
        8.687929868689955e-05,
        0.31715207423225056
      ],
      "confidence_score": 0.8999818663139617
    },
    "Quadratic": {
      "r2": 0.9442179472999833,
      "aic": 240.1797662028391,
      "bic": 245.59975367215006,
      "params": [
        3.421013787204917e-11,
        1.0,
        40.46776346782623
      ],
      "confidence_score": 0.5465307683799899
    },
    "Cubic": {
      "r2": 0.8526165866552764,
      "aic": 285.9011030730361,
      "bic": 293.12775303211737,
      "params": [
        1.459621260136082e-17,
        1.0,
        1.0,
        56.44499353874224
      ],
      "confidence_score": 0.4915699519931658
    },
    "Logarithmic": {
      "r2": 0.8745076005462167,
      "aic": 274.66545179530016,
      "bic": 278.2787767748408,
      "params": [
        68.63553528116157,
        -840.6451477545531
      ],
      "confidence_score": 0.548
    },
    "N Log N": {
      "r2": 0.9994709612493318,
      "aic": 28.563206166891156,
      "bic": 32.1765311464318,
      "params": [
        5.834975741370404e-06,
        5.378750778652632
      ],
      "confidence_score": 0.648
    }
  }
}