{
  "valid_points": 198,
  "models": {
    "Constant": {
      "r2": 0.85,
      "aic": -3241.7617342550684,
      "bic": -3235.1852001936795,
      "params": [
        -99.99763381977867,
        100.00236618022133
      ],
      "confidence_score": 0.5732303363762297
    },
    "Linear": {
      "r2": 0.005151895922081207,
      "aic": -3242.784446368742,
      "bic": -3236.207912307353,
      "params": [
        -6.9125317627511075e-12,
        0.004767105174307605
      ],
      "confidence_score": 0.14479455444967415
    },
    "Quadratic": {
      "r2": 0.0019554636359344624,
      "aic": -3240.1492951091805,
      "bic": -3230.2844940170967,
      "params": [
        -4.0887045582424017e-19,
        1.0,
        0.004746039867466617
      ],
      "confidence_score": 0.0
    },
    "Cubic": {
      "r2": 0.00103994112031347,
      "aic": -3237.967749737453,
      "bic": -3224.8146816146746,
      "params": [
        -3.127776119828154e-26,
        1.0,
        1.0,
        0.0047402075842446715
      ],
      "confidence_score": 0.0
    },
    "Logarithmic": {
      "r2": 0.014847194258265084,
      "aic": -3244.723520642682,
      "bic": -3238.1469865812933,
      "params": [
        -3.8226430888894765e-05,
        0.005311877937417667
      ],
      "confidence_score": 0.5054235971291325
    },
    "N Log N": {
      "r2": 0.004801728821892448,
      "aic": -3242.714766498549,
      "bic": -3236.1382324371602,
      "params": [
        -4.0924355856383245e-13,
        0.004764481589567239
      ],
      "confidence_score": 0.11028268199090238
    }
  }
}