{
  "Constant": {
    "r2": 0.0,
    "aic": -770.3224995094045,
    "bic": -765.8542865002099,
    "params": [
      100.02828062228528,
      -99.97171937771462
    ]
  },
  "Linear": {
    "r2": 0.03393459380570474,
    "aic": -772.7046374856421,
    "bic": -768.2364244764476,
    "params": [
      -7.662210703696104e-07,
      0.05850011701791935
    ]
  },
  "Quadratic": {
    "r2": 0.02330466546159915,
    "aic": -769.94955492712,
    "bic": -763.2472354133282,
    "params": [
      -1.2431040130713635e-10,
      1.0,
      0.05745332483607097
    ]
  },
  "Cubic": {
    "r2": 0.016465818310742453,
    "aic": -767.4680986853392,
    "bic": -758.5316726669502,
    "params": [
      -2.503042986499707e-14,
      1.0,
      1.0,
      0.05711347244404959
    ]
  },
  "Logarithmic": {
    "r2": 0.04958640634017919,
    "aic": -773.8317033988176,
    "bic": -769.363490389623,
    "params": [
      -0.00212096880179688,
      0.07303608743888282
    ]
  },
  "N Log N": {
    "r2": 0.03246170860458697,
    "aic": -772.5995186356316,
    "bic": -768.1313056264371,
    "params": [
      -8.519867296794859e-08,
      0.058264199926499886
    ]
  }
}