{
  "valid_points": 28,
  "models": {
    "Constant": {
      "r2": 0.85,
      "aic": -570.2701295056918,
      "bic": -567.6057204853414,
      "params": [
        -99.99973024906856,
        100.0002697509315
      ],
      "confidence_score": 0.44602951716238315
    },
    "Linear": {
      "r2": 0.03617488238426103,
      "aic": -571.30180110023,
      "bic": -568.6373920798796,
      "params": [
        6.042925918727505e-14,
        0.000537193578491959
      ],
      "confidence_score": 0.014004236463855334
    },
    "Quadratic": {
      "r2": 0.011883492392340655,
      "aic": -568.6048601398817,
      "bic": -564.6082466093561,
      "params": [
        7.030858241638549e-23,
        1.0,
        0.0005385369037531647
      ],
      "confidence_score": 0.0
    },
    "Cubic": {
      "r2": 0.006980960788156798,
      "aic": -566.4662818731504,
      "bic": -561.1374638324495,
      "params": [
        1.021177069369563e-31,
        1.0,
        1.0,
        0.0005388568855984329
      ],
      "confidence_score": 0.0
    },
    "Logarithmic": {
      "r2": 0.33324671071548495,
      "aic": -581.6195146191099,
      "bic": -578.9551055987595,
      "params": [
        3.4446325591847646e-06,
        0.0005044370136742181
      ],
      "confidence_score": 0.7646233553577425
    },
    "N Log N": {
      "r2": 0.03333103501782353,
      "aic": -571.2193063807924,
      "bic": -568.554897360442,
      "params": [
        2.9106300080341564e-15,
        0.0005373422428373962
      ],
      "confidence_score": 0.2163203145300963
    }
  }
}