{
  "valid_points": 9,
  "models": {
    "Constant": {
      "r2": 0.7,
      "aic": 53.97635072587928,
      "bic": 54.370799880551715,
      "params": [
        6.500895609458287,
        1.0
      ],
      "confidence_score": 0.10000000000000049
    },
    "Linear": {
      "r2": 0.9168883106373682,
      "aic": 31.58822143871249,
      "bic": 31.98267059338493,
      "params": [
        0.09549193377773112,
        -3.247252053872844
      ],
      "confidence_score": 0.4501329864322839
    },
    "Quadratic": {
      "r2": 0.9995900945832397,
      "aic": -14.219906315488682,
      "bic": -13.628232583480024,
      "params": [
        0.00019788255348540673,
        1.0,
        -0.13932779367251058
      ],
      "confidence_score": 0.9797540567499438
    },
    "Cubic": {
      "r2": 0.988686433138252,
      "aic": 17.640576730241136,
      "bic": 18.429475039586016,
      "params": [
        3.8478821451359835e-07,
        1.0,
        1.0,
        0.987449848722204
      ],
      "confidence_score": 0.5732119036167528
    },
    "Logarithmic": {
      "r2": 0.41028870379747884,
      "aic": 49.22325101306299,
      "bic": 49.61770016773543,
      "params": [
        5.241795792813744,
        -9.943518289683995
      ],
      "confidence_score": 0.35314435189874493
    },
    "N Log N": {
      "r2": 0.9484025873414874,
      "aic": 27.297796975621207,
      "bic": 27.692246130293647,
      "params": [
        0.015575260727756148,
        -2.25964934451814
      ],
      "confidence_score": 0.6980000003195166
    }
  }
}