{
  "Constant": {
    "r2": -2.220446049250313e-16,
    "aic": 307.80144474658874,
    "bic": 310.3931184785974,
    "params": [
      -76.84022630597727,
      323.1616155080399
    ]
  },
  "Linear": {
    "r2": 0.7682406487902065,
    "aic": 268.32594017346776,
    "bic": 270.9176139054764,
    "params": [
      2.7452494371386953,
      -160.07720197720658
    ]
  },
  "Quadratic": {
    "r2": 0.9234503313241804,
    "aic": 240.4164266490519,
    "bic": 244.3039372470649,
    "params": [
      0.009608045527709996,
      1.0,
      -39.67987718479018
    ]
  },
  "Cubic": {
    "r2": 0.9700146782892498,
    "aic": 217.11116782578725,
    "bic": 222.29451528980456,
    "params": [
      3.385861985746937e-05,
      1.0,
      1.0,
      16.669318270478424
    ]
  },
  "Logarithmic": {
    "r2": 0.3738273446215168,
    "aic": 295.1619580044964,
    "bic": 297.75363173650504,
    "params": [
      162.99783571144187,
      -513.7703061180068
    ]
  },
  "N Log N": {
    "r2": 0.8081179120995887,
    "aic": 263.2278407762039,
    "bic": 265.81951450821254,
    "params": [
      0.47879944719323064,
      -122.55763638423248
    ]
  }
}