{
  "Constant": {
    "r2": -2.220446049250313e-16,
    "aic": -125.63099280104174,
    "bic": -121.0228626146334,
    "params": [
      100.40296120317404,
      -99.59703879682596
    ]
  },
  "Linear": {
    "r2": 0.2124838368280545,
    "aic": -143.30747520447576,
    "bic": -138.69934501806742,
    "params": [
      0.0002202364250071944,
      0.25116470693195003
    ]
  },
  "Quadratic": {
    "r2": 0.17465081179272635,
    "aic": -137.8351983595023,
    "bic": -130.92300307988978,
    "params": [
      3.91568188984337e-08,
      1.0,
      0.5277185011527121
    ]
  },
  "Cubic": {
    "r2": 0.14184675738502306,
    "aic": -132.95096453472283,
    "bic": -123.73470416190615,
    "params": [
      8.477434951160741e-12,
      1.0,
      1.0,
      0.6217301986163538
    ]
  },
  "Logarithmic": {
    "r2": 0.2463564511164016,
    "aic": -146.56083975091838,
    "bic": -141.95270956451003,
    "params": [
      0.5432660437765997,
      -3.4120132370392073
    ]
  },
  "N Log N": {
    "r2": 0.20812558507634227,
    "aic": -142.89907534101337,
    "bic": -138.29094515460503,
    "params": [
      2.478239839406798e-05,
      0.31315209916591435
    ]
  }
}