{
  "valid_points": 7443,
  "models": {
    "Constant": {
      "r2": 0.9,
      "aic": -151031.4733425771,
      "bic": -151017.64328403238,
      "params": [
        -99.99940735421073,
        100.00059264578907
      ],
      "confidence_score": 0.53
    },
    "Linear": {
      "r2": 0.01118694889167593,
      "aic": -151115.2070436722,
      "bic": -151101.37698512748,
      "params": [
        4.82150222002413e-12,
        0.0011385728923380455
      ],
      "confidence_score": 0.0
    },
    "Quadratic": {
      "r2": 0.006975308381848566,
      "aic": -151081.57247861338,
      "bic": -151060.8273907963,
      "params": [
        3.020179694236924e-19,
        1.0,
        0.0011567116558651688
      ],
      "confidence_score": 0.0
    },
    "Cubic": {
      "r2": 0.004794363742816055,
      "aic": -151063.24360843026,
      "bic": -151035.58349134083,
      "params": [
        2.284540420779259e-26,
        1.0,
        1.0,
        0.0011641336401736443
      ],
      "confidence_score": 0.0
    },
    "Logarithmic": {
      "r2": 0.018695394868169846,
      "aic": -151171.9403395812,
      "bic": -151158.11028103647,
      "params": [
        2.6968163882656425e-05,
        0.0007517583433318125
      ],
      "confidence_score": 0.5073476974340849
    },
    "N Log N": {
      "r2": 0.010831025254174453,
      "aic": -151112.52841502152,
      "bic": -151098.6983564768,
      "params": [
        2.869041683694796e-13,
        0.001140554768783025
      ],
      "confidence_score": 0.003415512627124896
    }
  }
}