{
  "valid_points": 19,
  "models": {
    "Constant": {
      "r2": 0.7,
      "aic": 118.1208105676629,
      "bic": 120.00968852599578,
      "params": [
        -96.47895011462663,
        103.52104988537337
      ],
      "confidence_score": 0.11999999999999998
    },
    "Linear": {
      "r2": 0.9999976873645019,
      "aic": -128.44452216712972,
      "bic": -126.55564420879683,
      "params": [
        8.527005951697308e-05,
        -0.01665897776509717
      ],
      "confidence_score": 0.8999986124187012
    },
    "Quadratic": {
      "r2": 0.9564084226296569,
      "aic": 60.59587535717067,
      "bic": 63.42919229466999,
      "params": [
        8.047232621617662e-11,
        1.0,
        1.9971860438819609
      ],
      "confidence_score": 0.5538450535777941
    },
    "Cubic": {
      "r2": 0.9357887773851818,
      "aic": 69.95484231456561,
      "bic": 73.73259823123136,
      "params": [
        7.57792155875439e-17,
        1.0,
        1.0,
        2.3617128860196233
      ],
      "confidence_score": 0.541473266431109
    },
    "Logarithmic": {
      "r2": 0.3068159219262233,
      "aic": 111.15807645503702,
      "bic": 113.0469544133699,
      "params": [
        2.8201893784627865,
        -12.424487843184085
      ],
      "confidence_score": 0.4014079609631117
    },
    "N Log N": {
      "r2": 0.9991254538446809,
      "aic": -15.673493662589195,
      "bic": -13.784615704256314,
      "params": [
        6.169622284175818e-06,
        0.3158641514329251
      ],
      "confidence_score": 0.698
    }
  }
}