{
  "valid_points": 77,
  "models": {
    "Constant": {
      "r2": 0.0,
      "aic": 383.8674670484137,
      "bic": 388.55507789212106,
      "params": [
        109.46245223797038,
        -91.76733990871159
      ],
      "confidence_score": 0.0
    },
    "Linear": {
      "r2": 0.974644044104358,
      "aic": 100.91236154096077,
      "bic": 105.59997238466815,
      "params": [
        0.00995583343864126,
        -11.661666860478558
      ],
      "confidence_score": 0.954644044104358
    },
    "Quadratic": {
      "r2": 0.9995851221838864,
      "aic": -213.77207345827108,
      "bic": -206.74065719271002,
      "params": [
        1.6655560389766677e-06,
        1.0,
        0.9394561473402887
      ],
      "confidence_score": 0.9595851221838864
    },
    "Cubic": {
      "r2": 0.9776149324077568,
      "aic": 95.31665713082452,
      "bic": 104.69187881823926,
      "params": [
        3.2652965059759493e-10,
        1.0,
        1.0,
        5.349486680838161
      ],
      "confidence_score": 0.9276149324077567
    },
    "Logarithmic": {
      "r2": 0.8770259612952833,
      "aic": 222.49225202208723,
      "bic": 227.1798628657946,
      "params": [
        24.751830758539835,
        -177.79697237095027
      ],
      "confidence_score": 0.8670259612952833
    },
    "N Log N": {
      "r2": 0.9807498594501106,
      "aic": 79.69922444079614,
      "bic": 84.38683528450352,
      "params": [
        0.0011156462270413825,
        -8.85664307833222
      ],
      "confidence_score": 0.9507498594501106
    }
  }
}