{
  "valid_points": 9,
  "models": {
    "Constant": {
      "r2": 0.7,
      "aic": -45.23327549149752,
      "bic": -44.838826336825086,
      "params": [
        -0.7556023299694061,
        1.0
      ],
      "confidence_score": 0.37000005728953683
    },
    "Linear": {
      "r2": 0.963781211817132,
      "aic": -75.09687104941771,
      "bic": -74.70242189474527,
      "params": [
        0.0002948959815256308,
        0.1334840147567434
      ],
      "confidence_score": 0.8015132359754354
    },
    "Quadratic": {
      "r2": 0.9494798442547234,
      "aic": -70.1017215794433,
      "bic": -69.51004784743465,
      "params": [
        3.189401871212668e-07,
        1.0,
        0.18440059110826246
      ],
      "confidence_score": 0.5670779925582783
    },
    "Cubic": {
      "r2": 0.8821019635985898,
      "aic": -60.47469162871718,
      "bic": -59.6857933193723,
      "params": [
        3.798208050648671e-10,
        1.0,
        1.0,
        0.20162608606232715
      ],
      "confidence_score": 0.5093891139224866
    },
    "Logarithmic": {
      "r2": 0.8605865415473948,
      "aic": -62.966076649201455,
      "bic": -62.57162749452902,
      "params": [
        0.10105994225153823,
        -0.337572749973014
      ],
      "confidence_score": 0.5484061665528257
    },
    "N Log N": {
      "r2": 0.9678723707640258,
      "aic": -76.1756255482472,
      "bic": -75.78117639357475,
      "params": [
        4.205718640998166e-05,
        0.1480687632370182
      ],
      "confidence_score": 0.898
    }
  }
}