{
  "Constant": {
    "r2": 0.0,
    "aic": 70.8546208571975,
    "bic": 75.00969574500894,
    "params": [
      -97.88432451501738,
      102.11567548498262
    ]
  },
  "Linear": {
    "r2": 0.9159584746269436,
    "aic": -75.25559004680001,
    "bic": -71.10051515898857,
    "params": [
      0.001921520995338044,
      -0.5203424744377414
    ]
  },
  "Quadratic": {
    "r2": 0.9070877442597093,
    "aic": -67.33526249631333,
    "bic": -61.10265016459617,
    "params": [
      3.794324774375468e-07,
      1.0,
      1.6187654317662727
    ]
  },
  "Cubic": {
    "r2": 0.8621306224734848,
    "aic": -42.05084546542791,
    "bic": -33.74069568980504,
    "params": [
      8.951779108568355e-11,
      1.0,
      1.0,
      2.363822470319188
    ]
  },
  "Logarithmic": {
    "r2": 0.8695878164708133,
    "aic": -49.33163605382805,
    "bic": -45.17656116601661,
    "params": [
      4.211361914040965,
      -28.373620574395865
    ]
  },
  "N Log N": {
    "r2": 0.9174931464560888,
    "aic": -76.34294017691197,
    "bic": -72.18786528910053,
    "params": [
      0.00021901961200519878,
      -0.03571169410350541
    ]
  }
}