{
  "valid_points": 73,
  "models": {
    "Constant": {
      "r2": 0.7,
      "aic": -624.799364958267,
      "bic": -620.2184460759702,
      "params": [
        100.05522178970782,
        -99.94477821029207
      ],
      "confidence_score": 0.6370858504478107
    },
    "Linear": {
      "r2": 0.005805401516536857,
      "aic": -625.2243941988698,
      "bic": -620.643475316573,
      "params": [
        -8.967731348619168e-07,
        0.11313389881934388
      ],
      "confidence_score": 0.33497725019570773
    },
    "Quadratic": {
      "r2": 0.003280357180432736,
      "aic": -623.0392246606297,
      "bic": -616.1678463371845,
      "params": [
        -1.107148764579591e-10,
        1.0,
        0.11158515595698405
      ],
      "confidence_score": 0.01840269677773784
    },
    "Cubic": {
      "r2": 0.0019501015521617981,
      "aic": -620.9418613580024,
      "bic": -611.7800235934088,
      "params": [
        -1.685232799814049e-14,
        1.0,
        1.0,
        0.11109742665669992
      ],
      "confidence_score": 0.0
    },
    "Logarithmic": {
      "r2": 0.010103382397082084,
      "aic": -625.5406630200818,
      "bic": -620.9597441377849,
      "params": [
        -0.003133340547506212,
        0.1352632350398215
      ],
      "confidence_score": 0.5030516911985411
    },
    "N Log N": {
      "r2": 0.005436749492324422,
      "aic": -625.1973304735507,
      "bic": -620.6164115912538,
      "params": [
        -9.686529460176909e-08,
        0.11279244017289393
      ],
      "confidence_score": 0.5533964380523889
    }
  }
}