{
  "Constant": {
    "r2": 0.0,
    "aic": -753.2493205238325,
    "bic": -748.6143442967599,
    "params": [
      100.03224228819211,
      -99.96775771180792
    ]
  },
  "Linear": {
    "r2": 0.054301579045060944,
    "aic": -757.4366871242622,
    "bic": -752.8017108971897,
    "params": [
      -1.3011772459492477e-06,
      0.06835341006124229
    ]
  },
  "Quadratic": {
    "r2": 0.04447685873806917,
    "aic": -754.6615427678805,
    "bic": -747.7090784272716,
    "params": [
      -1.940054885481091e-10,
      1.0,
      0.06645618949584473
    ]
  },
  "Cubic": {
    "r2": 0.0371490670512874,
    "aic": -752.0885710447093,
    "bic": -742.818618590564,
    "params": [
      -3.512554353821711e-14,
      1.0,
      1.0,
      0.06582381969122261
    ]
  },
  "Logarithmic": {
    "r2": 0.06557770026175613,
    "aic": -758.336330665649,
    "bic": -753.7013544385765,
    "params": [
      -0.003784125331048334,
      0.09442014153685696
    ]
  },
  "N Log N": {
    "r2": 0.05307032310124116,
    "aic": -757.3391040767333,
    "bic": -752.7041278496607,
    "params": [
      -1.436154885149605e-07,
      0.06793301773793292
    ]
  }
}