{
  "valid_points": 98,
  "models": {
    "Constant": {
      "r2": 3.3306690738754696e-16,
      "aic": -411.33821425664337,
      "bic": -406.16827929930224,
      "params": [
        100.14756657943433,
        -99.85243342056563
      ],
      "confidence_score": 3.3306690738754696e-16
    },
    "Linear": {
      "r2": 0.8370441048975391,
      "aic": -589.137232560961,
      "bic": -583.9672976036198,
      "params": [
        7.80601469747463e-05,
        0.13292735956317026
      ],
      "confidence_score": 0.8170441048975391
    },
    "Quadratic": {
      "r2": 0.7668910432064351,
      "aic": -552.0506465382334,
      "bic": -544.2957441022218,
      "params": [
        1.6958477091606456e-08,
        1.0,
        0.18828204263992637
      ],
      "confidence_score": 0.726891043206435
    },
    "Cubic": {
      "r2": 0.6711411769975735,
      "aic": -516.3266337697594,
      "bic": -505.9867638550771,
      "params": [
        3.747311560717811e-12,
        1.0,
        1.0,
        0.21457059713382823
      ],
      "confidence_score": 0.6211411769975734
    },
    "Logarithmic": {
      "r2": 0.5422472577090246,
      "aic": -487.91797251141145,
      "bic": -482.7480375540703,
      "params": [
        0.04935699532348924,
        -0.04829266402640728
      ],
      "confidence_score": 0.5322472577090246
    },
    "N Log N": {
      "r2": 0.834529161398922,
      "aic": -587.6363238033059,
      "bic": -582.4663888459647,
      "params": [
        9.205130550257984e-06,
        0.14363213450967752
      ],
      "confidence_score": 0.8045291613989219
    }
  }
}