{
  "valid_points": 5,
  "models": {
    "Constant": {
      "r2": 0.7,
      "aic": 42.09071218829922,
      "bic": 41.30958801316742,
      "params": [
        -60.898614376783414,
        139.10138562321671
      ],
      "confidence_score": 0.10000029383969095
    },
    "Linear": {
      "r2": 0.9618722302349755,
      "aic": 25.75665020270423,
      "bic": 24.97552602757243,
      "params": [
        0.0006547619460389731,
        -49.83854634926478
      ],
      "confidence_score": 0.4785035497911657
    },
    "Quadratic": {
      "r2": 0.9971384477470787,
      "aic": 14.808756910264556,
      "bic": 13.637070647566857,
      "params": [
        1.6870033572574768e-09,
        1.0,
        5.987808352329281
      ],
      "confidence_score": 0.9782830686482472
    },
    "Cubic": {
      "r2": 0.9947827930251496,
      "aic": 19.81174677543077,
      "bic": 18.24949842516717,
      "params": [
        5.246159759756536e-15,
        1.0,
        1.0,
        24.919989208012765
      ],
      "confidence_score": 0.6167247870277504
    },
    "Logarithmic": {
      "r2": 0.8815171425904413,
      "aic": 31.42577722788843,
      "bic": 30.64465305275663,
      "params": [
        112.23421026289536,
        -1281.7078300858052
      ],
      "confidence_score": 0.49806080953188103
    },
    "N Log N": {
      "r2": 0.9661609589168259,
      "aic": 25.16001178114302,
      "bic": 24.37888760601122,
      "params": [
        4.9910144049815406e-05,
        -41.31500653981192
      ],
      "confidence_score": 0.699394971514615
    }
  }
}