{
  "valid_points": 66,
  "models": {
    "Constant": {
      "r2": 1.1102230246251565e-16,
      "aic": -275.3559845543058,
      "bic": -270.97667507025295,
      "params": [
        -99.7938283521568,
        100.20617164784312
      ],
      "confidence_score": 1.1102230246251565e-16
    },
    "Linear": {
      "r2": 0.9602104231218109,
      "aic": -488.1499035935202,
      "bic": -483.77059410946737,
      "params": [
        0.00014738490029497786,
        0.06263912316752174
      ],
      "confidence_score": 0.9402104231218109
    },
    "Quadratic": {
      "r2": 0.9504463301769702,
      "aic": -471.6661157770803,
      "bic": -465.097151551001,
      "params": [
        3.022505412619836e-08,
        1.0,
        0.22279007423063568
      ],
      "confidence_score": 0.9104463301769702
    },
    "Cubic": {
      "r2": 0.9108131595270178,
      "aic": -430.8794219425225,
      "bic": -422.12080297441685,
      "params": [
        7.502516626557868e-12,
        1.0,
        1.0,
        0.27760737291119947
      ],
      "confidence_score": 0.8608131595270178
    },
    "Logarithmic": {
      "r2": 0.9235096737035389,
      "aic": -445.0149905402223,
      "bic": -440.63568105616946,
      "params": [
        0.31721345329720657,
        -2.0330316366706955
      ],
      "confidence_score": 0.9135096737035389
    },
    "N Log N": {
      "r2": 0.9611938257672134,
      "aic": -489.8015949642181,
      "bic": -485.42228548016527,
      "params": [
        1.685597920445643e-05,
        0.09916709012513564
      ],
      "confidence_score": 0.9311938257672133
    }
  }
}