{
  "valid_points": 20,
  "models": {
    "Constant": {
      "r2": 0.7,
      "aic": 163.11652735359166,
      "bic": 165.10799190069966,
      "params": [
        137.24992724615106,
        -38.86204625028138
      ],
      "confidence_score": 0.11999999999999998
    },
    "Linear": {
      "r2": 0.991578827523296,
      "aic": 67.57640312544348,
      "bic": 69.56786767255146,
      "params": [
        0.000193034380757795,
        -8.530291369868445
      ],
      "confidence_score": 0.5108765553314595
    },
    "Quadratic": {
      "r2": 0.97859232374775,
      "aic": 88.23641299565497,
      "bic": 91.22360981631695,
      "params": [
        1.6901104685458122e-10,
        1.0,
        33.71030202486271
      ],
      "confidence_score": 0.5671557102659887
    },
    "Cubic": {
      "r2": 0.9172225691031453,
      "aic": 117.2845307844842,
      "bic": 121.26745987870017,
      "params": [
        1.6371064067752094e-16,
        1.0,
        1.0,
        49.923375363729704
      ],
      "confidence_score": 0.5303335414619818
    },
    "Logarithmic": {
      "r2": 0.8715310046227498,
      "aic": 122.07517365617713,
      "bic": 124.06663820328511,
      "params": [
        77.77591360079124,
        -917.0146370733419
      ],
      "confidence_score": 0.49800000000001754
    },
    "N Log N": {
      "r2": 0.9938992093813136,
      "aic": 61.12978922197649,
      "bic": 63.12125376908447,
      "params": [
        1.367122864533027e-05,
        -2.780819262185386
      ],
      "confidence_score": 0.998
    }
  }
}