{
  "valid_points": 18,
  "models": {
    "Constant": {
      "r2": -2.220446049250313e-16,
      "aic": -219.372137377321,
      "bic": -217.59139386152867,
      "params": [
        100.02259699006872,
        -99.97740300993125
      ],
      "confidence_score": -2.220446049250313e-16
    },
    "Linear": {
      "r2": 0.10284781056751835,
      "aic": -221.3256731724427,
      "bic": -219.54492965665037,
      "params": [
        -2.302098692119614e-06,
        0.04864712817528927
      ],
      "confidence_score": 0.08284781056751835
    },
    "Quadratic": {
      "r2": 0.09360396766094192,
      "aic": -219.14115841723722,
      "bic": -216.47004314354874,
      "params": [
        -7.298295121660309e-10,
        1.0,
        0.046893874709593844
      ],
      "confidence_score": 0.05360396766094192
    },
    "Cubic": {
      "r2": 0.08610144969125189,
      "aic": -216.99278013885757,
      "bic": -213.43129310727292,
      "params": [
        -3.0239202395431274e-13,
        1.0,
        1.0,
        0.0463222803768867
      ],
      "confidence_score": 0.03610144969125188
    },
    "Logarithmic": {
      "r2": 0.11399386256684318,
      "aic": -221.5507026002816,
      "bic": -219.76995908448927,
      "params": [
        -0.0035497109116706524,
        0.07108938954027
      ],
      "confidence_score": 0.10399386256684319
    },
    "N Log N": {
      "r2": 0.1016160196657162,
      "aic": -221.3009761041417,
      "bic": -219.5202325883494,
      "params": [
        -2.7558177827810344e-07,
        0.04822441244873076
      ],
      "confidence_score": 0.07161601966571621
    }
  }
}