{
  "valid_points": 29,
  "models": {
    "Constant": {
      "r2": 0.7,
      "aic": -659.2385267736576,
      "bic": -656.5039351136846,
      "params": [
        -99.99994752479009,
        100.00005247520997
      ],
      "confidence_score": 0.6219037485090684
    },
    "Linear": {
      "r2": 0.008144686555828673,
      "aic": -659.4756898094736,
      "bic": -656.7410981495007,
      "params": [
        8.94927580849862e-15,
        0.00010461906766874148
      ],
      "confidence_score": 0.37304426619306436
    },
    "Quadratic": {
      "r2": 0.009938432459193902,
      "aic": -657.5281830758663,
      "bic": -653.4262955859069,
      "params": [
        2.0078685181763387e-23,
        1.0,
        0.00010468433762909527
      ],
      "confidence_score": 0.058052629412038606
    },
    "Cubic": {
      "r2": 0.012038069569129561,
      "aic": -655.5897490776046,
      "bic": -650.1205657576587,
      "params": [
        4.1886477989926e-32,
        1.0,
        1.0,
        0.00010469498654696234
      ],
      "confidence_score": 0.0010280296736133523
    },
    "Logarithmic": {
      "r2": 0.011978398852103611,
      "aic": -659.587997594592,
      "bic": -656.8534059346191,
      "params": [
        2.0160735542676162e-07,
        0.00010286290102585304
      ],
      "confidence_score": 0.6039891994260518
    },
    "N Log N": {
      "r2": 0.008015202259262222,
      "aic": -659.4719041771692,
      "bic": -656.7373125171963,
      "params": [
        4.454780213151323e-16,
        0.00010463030065150252
      ],
      "confidence_score": 0.5850893626675628
    }
  }
}