{
  "valid_points": 31,
  "models": {
    "Constant": {
      "r2": 0.7,
      "aic": -707.1297097321099,
      "bic": -704.2617353231395,
      "params": [
        -99.99994760559451,
        100.00005239440557
      ],
      "confidence_score": 0.6032939242710142
    },
    "Linear": {
      "r2": 0.01038140017953515,
      "aic": -707.4532152785687,
      "bic": -704.5852408695984,
      "params": [
        -7.718941136989286e-15,
        0.0001051901115737777
      ],
      "confidence_score": 0.39324834734756536
    },
    "Quadratic": {
      "r2": 0.013319686279947729,
      "aic": -705.5453945897078,
      "bic": -701.2434329762524,
      "params": [
        -1.6925915788281504e-23,
        1.0,
        0.00010515601524692472
      ],
      "confidence_score": 0.06266204058585231
    },
    "Cubic": {
      "r2": 0.012581254275944698,
      "aic": -703.5222028526141,
      "bic": -697.7862540346736,
      "params": [
        -3.0831045420344947e-32,
        1.0,
        1.0,
        0.00010511859483679857
      ],
      "confidence_score": 0.000805305597772709
    },
    "Logarithmic": {
      "r2": 0.002251402797112445,
      "aic": -707.199581903569,
      "bic": -704.3316074945986,
      "params": [
        8.315710734144991e-08,
        0.00010389221326704282
      ],
      "confidence_score": 0.561425116281315
    },
    "N Log N": {
      "r2": 0.0108588002917398,
      "aic": -707.468173540576,
      "bic": -704.6001991316057,
      "params": [
        -3.94324216705167e-16,
        0.00010519134773871714
      ],
      "confidence_score": 0.5034294001458699
    }
  }
}