{
  "valid_points": 30,
  "models": {
    "Constant": {
      "r2": 0.7,
      "aic": -598.8180589772235,
      "bic": -596.0156642138992,
      "params": [
        100.00011331091332,
        -99.99988668908675
      ],
      "confidence_score": 0.35000001791792806
    },
    "Linear": {
      "r2": 0.12375487456761491,
      "aic": -602.7813410863065,
      "bic": -599.9789463229822,
      "params": [
        1.0901456827571367e-13,
        0.00022077296215568446
      ],
      "confidence_score": 0.06425309805802322
    },
    "Quadratic": {
      "r2": 0.08573108161926635,
      "aic": -599.5069748586085,
      "bic": -595.303382713622,
      "params": [
        1.7553761487976365e-22,
        1.0,
        0.00022268665792566825
      ],
      "confidence_score": 0.031438665703895294
    },
    "Cubic": {
      "r2": 0.07740774704731435,
      "aic": -597.2350961232244,
      "bic": -591.6303065965758,
      "params": [
        3.1254755707508544e-31,
        1.0,
        1.0,
        0.00022316722717390325
      ],
      "confidence_score": 0.026444650894990717
    },
    "Logarithmic": {
      "r2": 0.670078132176706,
      "aic": -632.0850414790187,
      "bic": -629.2826467156945,
      "params": [
        5.895001434715683e-06,
        0.00016380369258276874
      ],
      "confidence_score": 0.898
    },
    "N Log N": {
      "r2": 0.11921317227454387,
      "aic": -602.6262484347413,
      "bic": -599.823853671417,
      "params": [
        5.34419284879494e-15,
        0.00022098991883311617
      ],
      "confidence_score": 0.2576067064261913
    }
  }
}