{
  "valid_points": 205,
  "models": {
    "Constant": {
      "r2": 0.7,
      "aic": -3243.886008923726,
      "bic": -3237.2399889654494,
      "params": [
        100.00216834428849,
        -99.99783165571161
      ],
      "confidence_score": 0.37
    },
    "Linear": {
      "r2": 0.4029955388204143,
      "aic": -3349.6313009794662,
      "bic": -3342.9852810211896,
      "params": [
        8.053827470844429e-11,
        0.003928737077513326
      ],
      "confidence_score": 0.23179740727179807
    },
    "Quadratic": {
      "r2": 0.30902253161411564,
      "aic": -3317.6638618392208,
      "bic": -3307.6948319018056,
      "params": [
        6.753792926867672e-18,
        1.0,
        0.004108175121665821
      ],
      "confidence_score": 0.16541351896847123
    },
    "Cubic": {
      "r2": 0.24879818284220223,
      "aic": -3298.5326000010186,
      "bic": -3285.240560084465,
      "params": [
        6.340597852237347e-25,
        1.0,
        1.0,
        0.004175549293617203
      ],
      "confidence_score": 0.12927890970532135
    },
    "Logarithmic": {
      "r2": 0.4861605256390973,
      "aic": -3380.384104567847,
      "bic": -3373.7380846095703,
      "params": [
        0.00028200770989865144,
        6.000287302901709e-05
      ],
      "confidence_score": 0.8410802628195486
    },
    "N Log N": {
      "r2": 0.3960026300355437,
      "aic": -3347.244023184884,
      "bic": -3340.5980032266075,
      "params": [
        4.895613933225565e-12,
        0.003949319893719848
      ],
      "confidence_score": 0.49600133410944625
    }
  }
}