{
  "valid_points": 19,
  "models": {
    "Constant": {
      "r2": 0.7,
      "aic": 112.42135123972355,
      "bic": 114.31022919805643,
      "params": [
        -96.3319930983217,
        103.6680069016783
      ],
      "confidence_score": 0.11999999999999998
    },
    "Linear": {
      "r2": 0.9996805355914914,
      "aic": -40.50707782887413,
      "bic": -38.61819987054125,
      "params": [
        0.0001360538886699958,
        -0.17240647213396088
      ],
      "confidence_score": 0.8998083213548949
    },
    "Quadratic": {
      "r2": 0.9232699960170895,
      "aic": 65.63956448291924,
      "bic": 68.47288142041856,
      "params": [
        2.6788635922972074e-10,
        1.0,
        2.168601846903466
      ],
      "confidence_score": 0.5339619976102536
    },
    "Cubic": {
      "r2": 0.8457933258797612,
      "aic": 80.9015820451379,
      "bic": 84.67933796180367,
      "params": [
        4.95704784676189e-16,
        1.0,
        1.0,
        3.0389845147025487
      ],
      "confidence_score": 0.4874759955278567
    },
    "Logarithmic": {
      "r2": 0.3775702035969465,
      "aic": 103.41298699627663,
      "bic": 105.30186495460951,
      "params": [
        2.735362865224416,
        -11.445261783707346
      ],
      "confidence_score": 0.4367851017984733
    },
    "N Log N": {
      "r2": 0.9992039505026629,
      "aic": -23.159783398182494,
      "bic": -21.270905439849614,
      "params": [
        1.0436476365866495e-05,
        0.14991418683001853
      ],
      "confidence_score": 0.6980513102500516
    }
  }
}