{
  "valid_points": 78,
  "models": {
    "Constant": {
      "r2": 0.7,
      "aic": 537.5695727650202,
      "bic": 542.2829904183994,
      "params": [
        -78.03094589079792,
        121.96905410920203
      ],
      "confidence_score": 0.09999999999999998
    },
    "Linear": {
      "r2": 0.9698791556360686,
      "aic": 264.3716210022595,
      "bic": 269.08503865563864,
      "params": [
        0.025790258596384508,
        -32.5729922842033
      ],
      "confidence_score": 0.48192749338164115
    },
    "Quadratic": {
      "r2": 0.999671814204304,
      "aic": -86.1410186884299,
      "bic": -79.07089220836112,
      "params": [
        4.332317450228551e-06,
        1.0,
        -0.0982323918942154
      ],
      "confidence_score": 0.9798030885225824
    },
    "Cubic": {
      "r2": 0.9816698293486071,
      "aic": 229.63143400159896,
      "bic": 239.05826930835732,
      "params": [
        8.527154530442788e-10,
        1.0,
        1.0,
        11.298412697781082
      ],
      "confidence_score": 0.5690018976091642
    },
    "Logarithmic": {
      "r2": 0.8689381263149482,
      "aic": 379.0668843366541,
      "bic": 383.78030199003325,
      "params": [
        63.953323438051356,
        -461.58543493060506
      ],
      "confidence_score": 0.498
    },
    "N Log N": {
      "r2": 0.9765001479181366,
      "aic": 245.01020289025146,
      "bic": 249.72362054363066,
      "params": [
        0.0028912297548168773,
        -25.336688712461672
      ],
      "confidence_score": 0.648
    }
  }
}