{
  "valid_points": 96,
  "models": {
    "Constant": {
      "r2": -2.220446049250313e-16,
      "aic": -175.74639066902225,
      "bic": -170.6176942860866,
      "params": [
        -99.68867174660156,
        100.31132825339844
      ],
      "confidence_score": -2.220446049250313e-16
    },
    "Linear": {
      "r2": 0.9854907842128657,
      "aic": -582.1116316212604,
      "bic": -576.9829352383247,
      "params": [
        0.0002783126545162773,
        0.040762728006604854
      ],
      "confidence_score": 0.9654907842128657
    },
    "Quadratic": {
      "r2": 0.959827222097847,
      "aic": -482.34469588673164,
      "bic": -474.6516513123281,
      "params": [
        6.20646383429124e-08,
        1.0,
        0.22993050654315095
      ],
      "confidence_score": 0.919827222097847
    },
    "Cubic": {
      "r2": 0.8766170155101177,
      "aic": -372.622749012639,
      "bic": -362.36535624676765,
      "params": [
        1.3962998363289863e-11,
        1.0,
        1.0,
        0.32165975631400845
      ],
      "confidence_score": 0.8266170155101177
    },
    "Logarithmic": {
      "r2": 0.5491611015979865,
      "aic": -252.22433112140868,
      "bic": -247.095634738473,
      "params": [
        0.16282616575677442,
        -0.5136475524159324
      ],
      "confidence_score": 0.5391611015979865
    },
    "N Log N": {
      "r2": 0.991507223457075,
      "aic": -633.5261630145299,
      "bic": -628.3974666315942,
      "params": [
        3.294556871966195e-05,
        0.07716204455485923
      ],
      "confidence_score": 0.961507223457075
    }
  }
}