{
  "valid_points": 66,
  "models": {
    "Constant": {
      "r2": 0.0,
      "aic": -382.69973631756204,
      "bic": -378.3204268335092,
      "params": [
        -99.86306219502825,
        100.13693780497161
      ],
      "confidence_score": 0.0
    },
    "Linear": {
      "r2": 0.92981696078756,
      "aic": -558.038544168518,
      "bic": -553.6592346844651,
      "params": [
        6.42757706863686e-05,
        0.1194189852333904
      ],
      "confidence_score": 0.90981696078756
    },
    "Quadratic": {
      "r2": 0.919538120846194,
      "aic": -547.0178723193368,
      "bic": -540.4489080932575,
      "params": [
        1.3130538368754358e-08,
        1.0,
        0.1896189347065747
      ],
      "confidence_score": 0.879538120846194
    },
    "Cubic": {
      "r2": 0.879041226762341,
      "aic": -518.1118998776892,
      "bic": -509.35328090958353,
      "params": [
        3.24703251388821e-12,
        1.0,
        1.0,
        0.21376426129469153
      ],
      "confidence_score": 0.8290412267623409
    },
    "Logarithmic": {
      "r2": 0.8917226407839074,
      "aic": -529.4216437160183,
      "bic": -525.0423342319654,
      "params": [
        0.1386097051049152,
        -0.7965197707582566
      ],
      "confidence_score": 0.8817226407839074
    },
    "N Log N": {
      "r2": 0.9308265367630026,
      "aic": -558.994842280777,
      "bic": -554.6155327967241,
      "params": [
        7.348228198264775e-06,
        0.1353999864263189
      ],
      "confidence_score": 0.9008265367630026
    }
  }
}