{
  "valid_points": 27,
  "models": {
    "Constant": {
      "r2": 0.85,
      "aic": -590.5567766501052,
      "bic": -587.9651029180966,
      "params": [
        -99.999885826751,
        100.00011417324896
      ],
      "confidence_score": 0.19892330722566293
    },
    "Linear": {
      "r2": 0.27456013366998433,
      "aic": -599.2231582400412,
      "bic": -596.6314845080326,
      "params": [
        7.700497974481802e-14,
        0.00022528424082437606
      ],
      "confidence_score": 0.46327607061145937
    },
    "Quadratic": {
      "r2": 0.26074494115180613,
      "aic": -596.7138081306153,
      "bic": -592.8262975326023,
      "params": [
        1.521087732126754e-22,
        1.0,
        0.00022618144268766102
      ],
      "confidence_score": 0.19590164565258056
    },
    "Cubic": {
      "r2": 0.2441193383323378,
      "aic": -594.1133144455041,
      "bic": -588.9299669814868,
      "params": [
        2.7882462784872255e-31,
        1.0,
        1.0,
        0.00022652021131883623
      ],
      "confidence_score": 0.13494599645689073
    },
    "Logarithmic": {
      "r2": 0.12941518031497046,
      "aic": -594.2987089890776,
      "bic": -591.7070352570689,
      "params": [
        1.037323987437027e-06,
        0.00021720948852831914
      ],
      "confidence_score": 0.48818777659284796
    },
    "N Log N": {
      "r2": 0.2747566046227614,
      "aic": -599.2304716431767,
      "bic": -596.638797911168,
      "params": [
        3.864530512510079e-15,
        0.00022536380027422681
      ],
      "confidence_score": 0.6353783023113808
    }
  }
}