{
  "valid_points": 18,
  "models": {
    "Constant": {
      "r2": 0.85,
      "aic": -210.21628042752567,
      "bic": -208.43553691173335,
      "params": [
        100.02597996758088,
        -99.97402003241912
      ],
      "confidence_score": 0.516364838197442
    },
    "Linear": {
      "r2": 0.2815082432554945,
      "aic": -216.16709926266526,
      "bic": -214.38635574687294,
      "params": [
        -4.911631867887678e-06,
        0.05932738296314477
      ],
      "confidence_score": 0.4558703687033185
    },
    "Quadratic": {
      "r2": 0.2598386704833425,
      "aic": -213.63224829385427,
      "bic": -210.9611330201658,
      "params": [
        -1.5681221339445083e-09,
        1.0,
        0.05561235296544825
      ],
      "confidence_score": 0.18947401318853405
    },
    "Cubic": {
      "r2": 0.24025450714399121,
      "aic": -211.16217246044988,
      "bic": -207.60068542886523,
      "params": [
        -6.514104471857308e-13,
        1.0,
        1.0,
        0.054390510392864286
      ],
      "confidence_score": 0.13413467514156066
    },
    "Logarithmic": {
      "r2": 0.30489708246520064,
      "aic": -216.7627969362651,
      "bic": -214.98205342047277,
      "params": [
        -0.007486566038146107,
        0.10657500027632211
      ],
      "confidence_score": 0.6504485412326004
    },
    "N Log N": {
      "r2": 0.2787654615417806,
      "aic": -216.0985166011723,
      "bic": -214.31777308537997,
      "params": [
        -5.886304706407039e-07,
        0.05843280434113608
      ],
      "confidence_score": 0.5525987592103041
    }
  }
}