{
  "Constant": {
    "r2": 0.0,
    "aic": 464.319050003234,
    "bic": 466.98345902358443,
    "params": [
      3192.689684791757,
      -7.310315208243765
    ]
  },
  "Linear": {
    "r2": 0.8232037567294828,
    "aic": 415.80184343395433,
    "bic": 418.46625245430477,
    "params": [
      37.92835458371288,
      -2560.7663498489887
    ]
  },
  "Quadratic": {
    "r2": 0.964162106339338,
    "aic": 373.114065032757,
    "bic": 377.11067856328265,
    "params": [
      0.1310535056725689,
      1.0,
      -857.293646651059
    ]
  },
  "Cubic": {
    "r2": 0.9992476623908675,
    "aic": 266.9339391827182,
    "bic": 272.262757223419,
    "params": [
      0.0004605132040008501,
      1.0,
      1.0,
      -68.44897428366906
    ]
  },
  "Logarithmic": {
    "r2": 0.4228652745818968,
    "aic": 448.9280226927328,
    "bic": 451.5924317130832,
    "params": [
      2335.872346419601,
      -7777.177363074384
    ]
  },
  "N Log N": {
    "r2": 0.86077599461605,
    "aic": 409.1122593858183,
    "bic": 411.7766684061687,
    "params": [
      6.591930937763481,
      -2029.1396225547678
    ]
  }
}