{
  "Constant": {
    "r2": 0.0,
    "aic": -658.0679990025709,
    "bic": -653.3803881588635,
    "params": [
      100.05957714052165,
      -99.94042285947836
    ]
  },
  "Linear": {
    "r2": 0.03233005508389464,
    "aic": -660.5985436225159,
    "bic": -655.9109327788085,
    "params": [
      -2.127333071921811e-06,
      0.1255224664089034
    ]
  },
  "Quadratic": {
    "r2": 0.027603353477202885,
    "aic": -658.2233433634592,
    "bic": -651.1919270978982,
    "params": [
      -3.230915339506234e-10,
      1.0,
      0.12247520045306526
    ]
  },
  "Cubic": {
    "r2": 0.025565576866767192,
    "aic": -656.0621492477982,
    "bic": -646.6869275603834,
    "params": [
      -6.149989307192664e-14,
      1.0,
      1.0,
      0.12153254979797071
    ]
  },
  "Logarithmic": {
    "r2": 0.040590229179948034,
    "aic": -661.2586484386443,
    "bic": -656.5710375949369,
    "params": [
      -0.006324058606708205,
      0.16923181635597187
    ]
  },
  "N Log N": {
    "r2": 0.03160404446339704,
    "aic": -660.5407947407391,
    "bic": -655.8531838970317,
    "params": [
      -2.347613798974137e-07,
      0.12483350723340891
    ]
  }
}