{
  "Constant": {
    "r2": -2.220446049250313e-16,
    "aic": 803.7397733220689,
    "bic": 807.9284624465131,
    "params": [
      295.05592021642076,
      885.07503815465
    ]
  },
  "Linear": {
    "r2": 0.967646929667523,
    "aic": 597.8769921585651,
    "bic": 602.0656812830093,
    "params": [
      0.8704053141470901,
      -990.0796249025468
    ]
  },
  "Quadratic": {
    "r2": 0.9987337568905981,
    "aic": 405.43771667294203,
    "bic": 411.72075035960836,
    "params": [
      0.00017454366047886527,
      1.0,
      -42.00920699718011
    ]
  },
  "Cubic": {
    "r2": 0.9885745033809573,
    "aic": 539.4253007982694,
    "bic": 547.8026790471578,
    "params": [
      4.1829603368306794e-08,
      1.0,
      1.0,
      285.466504734698
    ]
  },
  "Logarithmic": {
    "r2": 0.8808813567483871,
    "aic": 676.0816564961054,
    "bic": 680.2703456205496,
    "params": [
      1877.736422746313,
      -13372.14409653824
    ]
  },
  "N Log N": {
    "r2": 0.9738763738127886,
    "aic": 585.0448639491503,
    "bic": 589.2335530735945,
    "params": [
      0.09938582766246472,
      -774.2880153121437
    ]
  }
}