{
  "valid_points": 29,
  "models": {
    "Constant": {
      "r2": 0.9,
      "aic": -561.1640574285159,
      "bic": -558.429465768543,
      "params": [
        100.00092200934883,
        -99.99907799065117
      ],
      "confidence_score": 0.5145405275984267
    },
    "Linear": {
      "r2": 0.05715978493509233,
      "aic": -562.870952591707,
      "bic": -560.1363609317341,
      "params": [
        9.887011273798466e-14,
        0.00183852403801582
      ],
      "confidence_score": 0.10111514652956466
    },
    "Quadratic": {
      "r2": 0.03173775930692957,
      "aic": -560.099374667571,
      "bic": -555.9974871776117,
      "params": [
        1.4237603076428382e-22,
        1.0,
        0.0018407168569731158
      ],
      "confidence_score": 0.008741616091411279
    },
    "Cubic": {
      "r2": 0.025920236705757937,
      "aic": -557.9256579281241,
      "bic": -552.4564746081783,
      "params": [
        2.410375104919401e-31,
        1.0,
        1.0,
        0.0018412626326115278
      ],
      "confidence_score": 0.0
    },
    "Logarithmic": {
      "r2": 0.158569765494615,
      "aic": -566.1709705006682,
      "bic": -563.4363788406953,
      "params": [
        4.248971550987936e-06,
        0.0017952078956665052
      ],
      "confidence_score": 0.6772848827473075
    },
    "N Log N": {
      "r2": 0.0542421832302995,
      "aic": -562.781351188632,
      "bic": -560.0467595286591,
      "params": [
        4.809933521762678e-15,
        0.0018387699600403034
      ],
      "confidence_score": 0.08021134542381972
    }
  }
}