{
  "Constant": {
    "params": [
      9.298854321160567e-05
    ],
    "r_squared": 4.440892098500626e-16,
    "success": true
  },
  "Linear": {
    "params": [
      -1.729936870103519e-09,
      0.00010241670022081139
    ],
    "r_squared": 0.00022497996759540673,
    "success": true
  },
  "Quadratic": {
    "params": [
      2.1546514259519778e-12,
      -2.521563600184953e-08,
      0.0001518731255595694
    ],
    "r_squared": 0.0021087021632121283,
    "success": true
  },
  "Cubic": {
    "params": [
      -1.1389601220859114e-15,
      2.0776648308057895e-11,
      -1.1287113385294796e-07,
      0.0002608490314218125
    ],
    "r_squared": 0.00484647241825531,
    "success": true
  },
  "Logarithmic": {
    "params": [
      -1.6989270130427598e-05,
      0.00023660407277033312
    ],
    "r_squared": 0.0011445390149478207,
    "success": true
  },
  "n_log_n": {
    "params": [
      -1.6476546637997012e-10,
      0.00010082506929979317
    ],
    "r_squared": 0.00018514116665091507,
    "success": true
  },
  "Exponential": {
    "params": [
      0.00010426759247184297,
      -2.1323586585047373e-05
    ],
    "r_squared": 0.00025769511302564663,
    "success": true
  },
  "Sqrt_Exponential": {
    "params": [
      0.00010426661307749138,
      -4.264354907606267e-05
    ],
    "r_squared": 0.00025769507219142174,
    "success": true
  },
  "Power": {
    "params": [
      0.0006916905478339018,
      -0.23899942984517536
    ],
    "r_squared": 0.0015771598019466149,
    "success": true
  }
}