{
  "Constant": {
    "r2": -4.440892098500626e-16,
    "aic": -741.9878396198255,
    "bic": -737.3002287761182,
    "params": [
      100.03911663669265,
      -99.96088336330733
    ]
  },
  "Linear": {
    "r2": 0.02375714920767491,
    "aic": -743.8392199958336,
    "bic": -739.1516091521262,
    "params": [
      -1.0574688664721776e-06,
      0.0814125466662391
    ]
  },
  "Quadratic": {
    "r2": 0.026125633497367406,
    "aic": -742.0262583731799,
    "bic": -734.9948421076189,
    "params": [
      -1.8214460404014566e-10,
      1.0,
      0.08011965279439168
    ]
  },
  "Cubic": {
    "r2": 0.028346250581823607,
    "aic": -740.2020333602975,
    "bic": -730.8268116728827,
    "params": [
      -3.751218499712399e-14,
      1.0,
      1.0,
      0.07969791716176042
    ]
  },
  "Logarithmic": {
    "r2": 0.02146151870228996,
    "aic": -743.658367409129,
    "bic": -738.9707565654217,
    "params": [
      -0.002667609649067238,
      0.09936929844300037
    ]
  },
  "N Log N": {
    "r2": 0.024014536863546154,
    "aic": -743.8595238193931,
    "bic": -739.1719129756857,
    "params": [
      -1.1865831360102679e-07,
      0.0811176211694968
    ]
  }
}