{
  "valid_points": 19,
  "models": {
    "Constant": {
      "r2": 0.9,
      "aic": -226.05272023893932,
      "bic": -224.16384228060645,
      "params": [
        100.02820074166117,
        -99.97179925833875
      ],
      "confidence_score": 0.790312752696252
    },
    "Linear": {
      "r2": 0.057374555460099286,
      "aic": -227.17535938530995,
      "bic": -225.28648142697708,
      "params": [
        -2.05400742969708e-06,
        0.05948249446683218
      ],
      "confidence_score": 0.3880740782473311
    },
    "Quadratic": {
      "r2": 0.05781141942833368,
      "aic": -225.18416706122332,
      "bic": -222.350850123724,
      "params": [
        -6.850101448249368e-10,
        1.0,
        0.057994131909162694
      ],
      "confidence_score": 0.10641437342717393
    },
    "Cubic": {
      "r2": 0.05893970806419779,
      "aic": -223.20693355476467,
      "bic": -219.4291776380989,
      "params": [
        -2.986122765525304e-13,
        1.0,
        1.0,
        0.057510081400554074
      ],
      "confidence_score": 0.03664847620362002
    },
    "Logarithmic": {
      "r2": 0.05785333050914576,
      "aic": -227.18501225109657,
      "bic": -225.2961342927637,
      "params": [
        -0.0030201627612596684,
        0.07843668316657935
      ],
      "confidence_score": 0.37692666525457286
    },
    "N Log N": {
      "r2": 0.05737064028213934,
      "aic": -227.17528046931295,
      "bic": -225.28640251098008,
      "params": [
        -2.473595892198227e-07,
        0.05912122353239703
      ],
      "confidence_score": 0.2965437785131249
    }
  }
}