{
  "valid_points": 18,
  "models": {
    "Constant": {
      "r2": 0.9,
      "aic": -200.65866361638118,
      "bic": -198.87792010058885,
      "params": [
        100.04385566959772,
        -99.9561443304022
      ],
      "confidence_score": 0.6339592588663181
    },
    "Linear": {
      "r2": 0.10913230120784145,
      "aic": -202.73873189371167,
      "bic": -200.95798837791935,
      "params": [
        -3.988021297862687e-06,
        0.09369337114209686
      ],
      "confidence_score": 0.44765717423454005
    },
    "Quadratic": {
      "r2": 0.10697497391764987,
      "aic": -200.69519574424203,
      "bic": -198.02408047055354,
      "params": [
        -1.3121084997919956e-09,
        1.0,
        0.09076745857633486
      ],
      "confidence_score": 0.13463173963383387
    },
    "Cubic": {
      "r2": 0.10468859254700336,
      "aic": -198.64916985523908,
      "bic": -195.08768282365443,
      "params": [
        -5.607499860313019e-13,
        1.0,
        1.0,
        0.08980363758094863
      ],
      "confidence_score": 0.06364666066705345
    },
    "Logarithmic": {
      "r2": 0.11108504386748863,
      "aic": -202.7782304042525,
      "bic": -200.99748688846017,
      "params": [
        -0.005892973910737276,
        0.13070102929022598
      ],
      "confidence_score": 0.5535425219337443
    },
    "N Log N": {
      "r2": 0.10887328178245281,
      "aic": -202.7334991616163,
      "bic": -200.95275564582397,
      "params": [
        -4.797164179463906e-07,
        0.09298653606568472
      ],
      "confidence_score": 0.34580143137447006
    }
  }
}