{
  "valid_points": 20,
  "models": {
    "Constant": {
      "r2": 0.7,
      "aic": 162.90387222294913,
      "bic": 164.89533677005713,
      "params": [
        139.15533097924484,
        -32.90142188312299
      ],
      "confidence_score": 0.11999999999999998
    },
    "Linear": {
      "r2": 0.9999422464626807,
      "aic": -32.28264694017884,
      "bic": -30.291182393070862,
      "params": [
        0.00019281891250144678,
        -0.544919388561028
      ],
      "confidence_score": 0.8999653478776084
    },
    "Quadratic": {
      "r2": 0.9522236893884933,
      "aic": 104.07936509827897,
      "bic": 107.06656191894095,
      "params": [
        1.658344696169771e-10,
        1.0,
        42.791950666772884
      ],
      "confidence_score": 0.551334213633096
    },
    "Cubic": {
      "r2": 0.8665908172865295,
      "aic": 126.61718598421643,
      "bic": 130.6001150784324,
      "params": [
        1.5828425255576355e-16,
        1.0,
        1.0,
        59.39581840599564
      ],
      "confidence_score": 0.49995449037191764
    },
    "Logarithmic": {
      "r2": 0.9161393959944361,
      "aic": 113.33188552857342,
      "bic": 115.3233500756814,
      "params": [
        79.31870568179495,
        -929.2905126985684
      ],
      "confidence_score": 0.548
    },
    "N Log N": {
      "r2": 0.9995254205769063,
      "aic": 9.842240798633284,
      "bic": 11.833705345741265,
      "params": [
        1.3637175290388333e-05,
        5.337207630335798
      ],
      "confidence_score": 0.6480000002137067
    }
  }
}