{
  "Constant": {
    "r2": 0.0,
    "aic": -263.9206483713593,
    "bic": -259.2591816907866,
    "params": [
      -99.7246203649985,
      100.27537963500153
    ]
  },
  "Linear": {
    "r2": 0.9802615917766736,
    "aic": -562.235003657529,
    "bic": -557.5735369769563,
    "params": [
      0.00014759105368478131,
      0.10798610894848393
    ]
  },
  "Quadratic": {
    "r2": 0.9455086665078286,
    "aic": -483.0588826135584,
    "bic": -476.0666825926994,
    "params": [
      2.3816604067277227e-08,
      1.0,
      0.304852833062013
    ]
  },
  "Cubic": {
    "r2": 0.8776945416669296,
    "aic": -419.6144024727706,
    "bic": -410.2914691116253,
    "params": [
      4.536490911501253e-12,
      1.0,
      1.0,
      0.3741763610906824
    ]
  },
  "Logarithmic": {
    "r2": 0.948263820359384,
    "aic": -489.00209200806756,
    "bic": -484.3406253274949,
    "params": [
      0.38504637584049056,
      -2.4989452585517746
    ]
  },
  "N Log N": {
    "r2": 0.9791208188001944,
    "aic": -557.9648559505627,
    "bic": -553.30338926999,
    "params": [
      1.646352454354883e-05,
      0.15150071505409374
    ]
  }
}