{
  "Constant": {
    "r2": 0.0,
    "aic": -622.7525141279955,
    "bic": -618.0910474474229,
    "params": [
      100.08415558228363,
      -99.91584441771636
    ]
  },
  "Linear": {
    "r2": 0.0029675581169570364,
    "aic": -622.9783838516548,
    "bic": -618.3169171710822,
    "params": [
      -7.720079271411606e-07,
      0.170617030349954
    ]
  },
  "Quadratic": {
    "r2": 0.00225460305433145,
    "aic": -620.9240574138811,
    "bic": -613.9318573930221,
    "params": [
      -1.1075936861227959e-10,
      1.0,
      0.169443824847417
    ]
  },
  "Cubic": {
    "r2": 0.0018517291068329556,
    "aic": -618.8933759994159,
    "bic": -609.5704426382705,
    "params": [
      -1.9868547226093055e-14,
      1.0,
      1.0,
      0.16907330635282605
    ]
  },
  "Logarithmic": {
    "r2": 0.004410923023779545,
    "aic": -623.0884857963199,
    "bic": -618.4270191157473,
    "params": [
      -0.002491117782111964,
      0.18803279184170552
    ]
  },
  "N Log N": {
    "r2": 0.0028573719434143996,
    "aic": -622.9699852417996,
    "bic": -618.308518561227,
    "params": [
      -8.457034932272738e-08,
      0.17035182898558962
    ]
  }
}