{
  "Constant": {
    "r2": 0.0,
    "aic": 904.9237209032609,
    "bic": 909.1124100277051,
    "params": [
      1914.449176541057,
      935.2110951134692
    ]
  },
  "Linear": {
    "r2": 0.9752693325904217,
    "aic": 682.9410483055981,
    "bic": 687.1297374300423,
    "params": [
      2.0620340608577967,
      -2262.465837555428
    ]
  },
  "Quadratic": {
    "r2": 0.9999719305278696,
    "aic": 278.07404250897076,
    "bic": 284.3570761956371,
    "params": [
      0.0004142291218879576,
      1.0,
      -11.713685480893401
    ]
  },
  "Cubic": {
    "r2": 0.9819560649736643,
    "aic": 668.0269812859559,
    "bic": 676.4043595348443,
    "params": [
      9.925610883175366e-08,
      1.0,
      1.0,
      773.6308737408253
    ]
  },
  "Logarithmic": {
    "r2": 0.8930580942320387,
    "aic": 770.7955491805538,
    "bic": 774.984238304998,
    "params": [
      4437.459333946229,
      -31521.208488400185
    ]
  },
  "N Log N": {
    "r2": 0.9808679551954563,
    "aic": 667.5402842250963,
    "bic": 671.7289733495405,
    "params": [
      0.23551328701893828,
      -1751.3173957153344
    ]
  }
}