{
  "valid_points": 94,
  "models": {
    "Constant": {
      "r2": -2.220446049250313e-16,
      "aic": -300.56934362101134,
      "bic": -295.4827540564713,
      "params": [
        100.24347300542168,
        -99.75652699457837
      ],
      "confidence_score": -2.220446049250313e-16
    },
    "Linear": {
      "r2": 0.9738967702370301,
      "aic": -643.2647889215714,
      "bic": -638.1781993570314,
      "params": [
        0.00014078311106802133,
        0.1955069986207686
      ],
      "confidence_score": 0.9538967702370301
    },
    "Quadratic": {
      "r2": 0.8815779336481165,
      "aic": -499.11836267311537,
      "bic": -491.48847832630537,
      "params": [
        3.02643551962653e-08,
        1.0,
        0.2990150297180621
      ],
      "confidence_score": 0.8415779336481165
    },
    "Cubic": {
      "r2": 0.7699837712184345,
      "aic": -434.712252408074,
      "bic": -424.53907327899395,
      "params": [
        6.650474697137441e-12,
        1.0,
        1.0,
        0.34704906278122793
      ],
      "confidence_score": 0.7199837712184345
    },
    "Logarithmic": {
      "r2": 0.6275726770323079,
      "aic": -393.41440005558013,
      "bic": -388.3278104910401,
      "params": [
        0.08737650420095132,
        -0.12156138167225536
      ],
      "confidence_score": 0.6175726770323079
    },
    "N Log N": {
      "r2": 0.968717038946532,
      "aic": -626.2494238863693,
      "bic": -621.1628343218293,
      "params": [
        1.657630731067704e-05,
        0.21553332367181546
      ],
      "confidence_score": 0.938717038946532
    }
  }
}