{
  "valid_points": 9,
  "models": {
    "Constant": {
      "r2": 0.7,
      "aic": -26.502332863575546,
      "bic": -26.107883708903106,
      "params": [
        -0.5817095041275024,
        1.0
      ],
      "confidence_score": 0.10000000067221651
    },
    "Linear": {
      "r2": 0.9790167479738577,
      "aic": -61.27860900169864,
      "bic": -60.884159847026204,
      "params": [
        0.0008414047626030818,
        0.10182881571557723
      ],
      "confidence_score": 0.5193269220154519
    },
    "Quadratic": {
      "r2": 0.9906278972843111,
      "aic": -66.5324930505197,
      "bic": -65.94081931851105,
      "params": [
        9.222569268274583e-07,
        1.0,
        0.2448011587865344
      ],
      "confidence_score": 0.9743767383705867
    },
    "Cubic": {
      "r2": 0.9406104207035785,
      "aic": -47.91506137009006,
      "bic": -47.12616306074518,
      "params": [
        1.1103362750737415e-09,
        1.0,
        1.0,
        0.29325563580777625
      ],
      "confidence_score": 0.5443991004496386
    },
    "Logarithmic": {
      "r2": 0.8568185298692024,
      "aic": -43.99511474578183,
      "bic": -43.60066559110939,
      "params": [
        0.28546737053184373,
        -1.2256206505660803
      ],
      "confidence_score": 0.6480042268662951
    },
    "N Log N": {
      "r2": 0.9868258136261507,
      "aic": -65.46779633948044,
      "bic": -65.073347184808,
      "params": [
        0.00012022137720254646,
        0.14293223184635026
      ],
      "confidence_score": 0.7924249850727628
    }
  }
}