{
  "Constant": {
    "r2": 0.0,
    "aic": 218.425592959692,
    "bic": 223.1390106130712,
    "params": [
      -96.69664923865821,
      103.30335076134182
    ]
  },
  "Linear": {
    "r2": 0.9819309532430581,
    "aic": -94.63169146856364,
    "bic": -89.91827381518446,
    "params": [
      0.0034666477810195717,
      -3.715464466313791
    ]
  },
  "Quadratic": {
    "r2": 0.9985072984379463,
    "aic": -287.1334854456772,
    "bic": -280.0633589656084,
    "params": [
      5.773318643041268e-07,
      1.0,
      0.7509465497166558
    ]
  },
  "Cubic": {
    "r2": 0.9701363106255091,
    "aic": -51.44113826361221,
    "bic": -42.01430295685384,
    "params": [
      1.1312296098715911e-10,
      1.0,
      1.0,
      2.3281473068840253
    ]
  },
  "Logarithmic": {
    "r2": 0.8975566090902342,
    "aic": 40.70688945118637,
    "bic": 45.42030710456555,
    "params": [
      8.758710362594035,
      -62.7198953599538
    ]
  },
  "N Log N": {
    "r2": 0.9868797411560676,
    "aic": -119.59503284310622,
    "bic": -114.88161518972704,
    "params": [
      0.00038809547656675316,
      -2.7238479612108972
    ]
  }
}