{
  "valid_points": 29,
  "models": {
    "Constant": {
      "r2": 0.7,
      "aic": -494.6824954997027,
      "bic": -491.9479038397298,
      "params": [
        -99.99974552413505,
        100.00025447586488
      ],
      "confidence_score": 0.37
    },
    "Linear": {
      "r2": 0.29057331038854994,
      "aic": -504.6381408217798,
      "bic": -501.9035491618069,
      "params": [
        9.123201277590407e-13,
        0.00047517254891356456
      ],
      "confidence_score": 0.16434398623312996
    },
    "Quadratic": {
      "r2": 0.17171781265050012,
      "aic": -498.14613542343386,
      "bic": -494.0442479334744,
      "params": [
        1.424467587676011e-21,
        1.0,
        0.0004900747262327295
      ],
      "confidence_score": 0.08303068759030006
    },
    "Cubic": {
      "r2": 0.13475843106910745,
      "aic": -494.8801451770636,
      "bic": -489.4109618571177,
      "params": [
        2.3918949138314954e-30,
        1.0,
        1.0,
        0.0004943654121834778
      ],
      "confidence_score": 0.06085505864146447
    },
    "Logarithmic": {
      "r2": 0.9817954802840406,
      "aic": -610.8589715106533,
      "bic": -608.1243798506804,
      "params": [
        3.115201746657694e-05,
        0.00018639196598689683
      ],
      "confidence_score": 0.898
    },
    "N Log N": {
      "r2": 0.27893479680265165,
      "aic": -504.1662411301037,
      "bic": -501.43164947013076,
      "params": [
        4.485274701815535e-14,
        0.0004767206834940327
      ],
      "confidence_score": 0.43746739840132587
    }
  }
}