{
  "valid_points": 198,
  "models": {
    "Constant": {
      "r2": 0.7,
      "aic": -3768.4270432345024,
      "bic": -3761.8505091731136,
      "params": [
        100.00040540001292,
        -99.99959459998693
      ],
      "confidence_score": 0.3702469711011245
    },
    "Linear": {
      "r2": 0.06922719509192987,
      "aic": -3782.6315760812054,
      "bic": -3776.0550420198165,
      "params": [
        6.69037105201767e-12,
        0.000777039570913847
      ],
      "confidence_score": 0.43153631705515794
    },
    "Quadratic": {
      "r2": 0.05118912329341241,
      "aic": -3776.8311090920165,
      "bic": -3766.9663079999327,
      "params": [
        5.526383308289938e-19,
        1.0,
        0.0007921848911491807
      ],
      "confidence_score": 0.014964232899276456
    },
    "Cubic": {
      "r2": 0.03784529112125801,
      "aic": -3772.0658874333526,
      "bic": -3758.9128193105744,
      "params": [
        4.973040994748498e-26,
        1.0,
        1.0,
        0.0007982251676168207
      ],
      "confidence_score": 0.002782975444313343
    },
    "Logarithmic": {
      "r2": 0.06544127369856967,
      "aic": -3781.8278439267256,
      "bic": -3775.2513098653367,
      "params": [
        2.0480637883166068e-05,
        0.0005004231059145357
      ],
      "confidence_score": 0.5314417398806
    },
    "N Log N": {
      "r2": 0.06816981680207423,
      "aic": -3782.4067714124503,
      "bic": -3775.8302373510614,
      "params": [
        4.0726971994127587e-13,
        0.0007786984629079154
      ],
      "confidence_score": 0.6001902959345254
    }
  }
}