{
  "valid_points": 16,
  "models": {
    "Constant": {
      "r2": 0.7,
      "aic": 105.68218488566204,
      "bic": 107.2273623301416,
      "params": [
        9.56766603142023,
        1.0
      ],
      "confidence_score": 0.09999999999999998
    },
    "Linear": {
      "r2": 0.9949627250655654,
      "aic": 21.027944393897464,
      "bic": 22.573121838377027,
      "params": [
        0.0014031407986769828,
        -0.9252848579410553
      ],
      "confidence_score": 0.49697815095593567
    },
    "Quadratic": {
      "r2": 0.9538081795834544,
      "aic": 58.48294418438078,
      "bic": 60.80071035110012,
      "params": [
        2.2321151200862353e-08,
        1.0,
        2.5789805113414177
      ],
      "confidence_score": 0.5522849077500752
    },
    "Cubic": {
      "r2": 0.8884169530751677,
      "aic": 74.59440648806196,
      "bic": 77.68476137702109,
      "params": [
        3.3244485276453355e-13,
        1.0,
        1.0,
        3.8841010878292064
      ],
      "confidence_score": 0.5130501718451006
    },
    "Logarithmic": {
      "r2": 0.3946752343364762,
      "aic": 97.65034229000244,
      "bic": 99.195519734482,
      "params": [
        4.553124683219636,
        -15.904761438986661
      ],
      "confidence_score": 0.3453376171682381
    },
    "N Log N": {
      "r2": 0.9990752792696449,
      "aic": -6.094115581000185,
      "bic": -4.548938136520623,
      "params": [
        0.00012811285094082653,
        -0.343341103532104
      ],
      "confidence_score": 0.998
    }
  }
}