{
  "Constant": {
    "name": "Constant",
    "r2": 0.0,
    "bic": -245.5128989532921,
    "confidence_score": -0.09572595157174699,
    "params": [
      0.12713538384678524,
      0.12713538384824033
    ],
    "order": 0
  },
  "Linear": {
    "name": "Linear",
    "r2": 0.7084269106299927,
    "bic": -292.3465525835512,
    "confidence_score": 0.5727009590582457,
    "params": [
      0.00024367424885545763,
      0.20063678302589258
    ],
    "order": 2
  },
  "Quadratic": {
    "name": "Quadratic",
    "r2": 0.7084269078520775,
    "bic": -288.708966061786,
    "confidence_score": 0.484837980494457,
    "params": [
      2.0261730095812582e-13,
      0.00024367415429326288,
      0.20063679090251063
    ],
    "order": 4
  },
  "Cubic": {
    "name": "Cubic",
    "r2": 0.7084266246701773,
    "bic": -285.0713429956809,
    "confidence_score": 0.41697472152668336,
    "params": [
      2.4653356089084108e-14,
      5.900022377043861e-14,
      0.00024366984258257575,
      0.2006372330331684
    ],
    "order": 5
  },
  "Logarithmic": {
    "name": "Logarithmic",
    "r2": 0.6102646342315592,
    "bic": -281.3198170938708,
    "confidence_score": 0.49453868265981216,
    "params": [
      0.03391054243553944,
      0.07985613860392687
    ],
    "order": 1
  },
  "N Log N": {
    "name": "N Log N",
    "r2": 0.705364290187457,
    "bic": -291.94949052698456,
    "confidence_score": 0.54963833861571,
    "params": [
      3.864409549900689e-05,
      0.20686496995211434
    ],
    "order": 3
  },
  "fit_best_model": "None",
  "llm_prediction": "Quadratic",
  "fusion_prediction": "Quadratic",
  "fusion_reason": "dynamic_failure"
}