{
  "Constant": {
    "r2": 1.1102230246251565e-16,
    "aic": 76.05648790375723,
    "bic": 80.24517702820143,
    "params": [
      102.38402395819624,
      -97.61597604180373
    ]
  },
  "Linear": {
    "r2": 0.9984321929388194,
    "aic": -311.4281568367218,
    "bic": -307.23946771227764,
    "params": [
      0.002057647030993648,
      -0.3932167196839096
    ]
  },
  "Quadratic": {
    "r2": 0.9746522844156499,
    "aic": -142.44751217752207,
    "bic": -136.16447849085577,
    "params": [
      4.021192768766113e-07,
      1.0,
      1.9228864842672202
    ]
  },
  "Cubic": {
    "r2": 0.9179860048166466,
    "aic": -69.99543449503074,
    "bic": -61.61805624614233,
    "params": [
      9.411343565522006e-11,
      1.0,
      1.0,
      2.7294136515501215
    ]
  },
  "Logarithmic": {
    "r2": 0.9658750126446111,
    "aic": -126.60703585715095,
    "bic": -122.41834673270675,
    "params": [
      4.5653460695479575,
      -30.641213024273807
    ]
  },
  "N Log N": {
    "r2": 0.9982013991154238,
    "aic": -303.18828425645614,
    "bic": -298.99959513201196,
    "params": [
      0.00023423275936737436,
      0.13095627641353666
    ]
  }
}