{
  "valid_points": 12,
  "models": {
    "Constant": {
      "r2": 0.7,
      "aic": -32.07773443523217,
      "bic": -31.107921135656174,
      "params": [
        100.05485148479548,
        -99.94514851520461
      ],
      "confidence_score": 0.35
    },
    "Linear": {
      "r2": 0.9962217307665676,
      "aic": -99.01960542275967,
      "bic": -98.04979212318366,
      "params": [
        0.00019891987119147192,
        -0.008886426951139725
      ],
      "confidence_score": 0.5877330387127966
    },
    "Quadratic": {
      "r2": 0.9638335116824814,
      "aic": -69.91320234716908,
      "bic": -68.45848239780507,
      "params": [
        4.758057968151313e-08,
        1.0,
        0.03353608858053403
      ],
      "confidence_score": 0.558300107009489
    },
    "Cubic": {
      "r2": 0.9377860239536764,
      "aic": -61.40384174561646,
      "bic": -59.46421514646446,
      "params": [
        1.1380328050501162e-11,
        1.0,
        1.0,
        0.04240473369730487
      ],
      "confidence_score": 0.5426716143722058
    },
    "Logarithmic": {
      "r2": 0.4284365472531759,
      "aic": -38.79029171701717,
      "bic": -37.820478417441166,
      "params": [
        0.05897009273041131,
        -0.14647307162139675
      ],
      "confidence_score": 0.512218273626588
    },
    "N Log N": {
      "r2": 0.9998893133781991,
      "aic": -141.3834253531462,
      "bic": -140.4136120535702,
      "params": [
        2.3989467132193922e-05,
        0.0019901166842360885
      ],
      "confidence_score": 0.8480000000000001
    }
  }
}