{
  "valid_points": 19,
  "models": {
    "Constant": {
      "r2": 0.7,
      "aic": 104.06049466156148,
      "bic": 105.94937261989436,
      "params": [
        -97.20680841097705,
        102.79319158902294
      ],
      "confidence_score": 0.11999999999999998
    },
    "Linear": {
      "r2": 0.9999302610269983,
      "aic": -77.78377895403987,
      "bic": -75.89490099570699,
      "params": [
        5.436013496584735e-05,
        -0.0386290635490103
      ],
      "confidence_score": 0.8999581566161989
    },
    "Quadratic": {
      "r2": 0.9295524949604281,
      "aic": 55.65563299963369,
      "bic": 58.48894993713301,
      "params": [
        5.387362470309815e-11,
        1.0,
        1.4782876514378462
      ],
      "confidence_score": 0.5377314969762569
    },
    "Cubic": {
      "r2": 0.8537689748587867,
      "aic": 71.53171132724,
      "bic": 75.30946724390577,
      "params": [
        4.995309663710338e-17,
        1.0,
        1.0,
        2.1281344498510206
      ],
      "confidence_score": 0.49226138491527194
    },
    "Logarithmic": {
      "r2": 0.3880205416316286,
      "aic": 94.73041998753848,
      "bic": 96.61929794587137,
      "params": [
        2.1362395286299,
        -9.315051502020623
      ],
      "confidence_score": 0.44201027081581434
    },
    "N Log N": {
      "r2": 0.9994878770976449,
      "aic": -39.901477781733966,
      "bic": -38.01259982340109,
      "params": [
        3.960040062659547e-06,
        0.15186871036392355
      ],
      "confidence_score": 0.6980000017827239
    }
  }
}