{
  "Constant": {
    "r2": 1.1102230246251565e-16,
    "aic": 431.1719684911128,
    "bic": 433.83637751146324,
    "params": [
      88.92047566228655,
      1688.920475662288
    ]
  },
  "Linear": {
    "r2": 0.8298507533852423,
    "aic": 381.58174792826304,
    "bic": 384.2461569486135,
    "params": [
      21.069107439292775,
      -1414.1288257282824
    ]
  },
  "Quadratic": {
    "r2": 0.9678714221663701,
    "aic": 336.9077061390897,
    "bic": 340.90431966961535,
    "params": [
      0.07264709587094154,
      1.0,
      -463.1403385542975
    ]
  },
  "Cubic": {
    "r2": 0.9992659879737585,
    "aic": 233.0963844322672,
    "bic": 238.425202472968,
    "params": [
      0.00025478970743175733,
      1.0,
      1.0,
      -22.41572851992971
    ]
  },
  "Logarithmic": {
    "r2": 0.4282306916527616,
    "aic": 415.5194175620555,
    "bic": 418.1838265824059,
    "params": [
      1300.5372641468282,
      -4325.751801445989
    ]
  },
  "N Log N": {
    "r2": 0.8670911910066675,
    "aic": 374.66539157858637,
    "bic": 377.3298005989368,
    "params": [
      3.660460913468827,
      -1117.7511148062677
    ]
  }
}