{
  "best_model": "O(2^n)",
  "details": {
    "O(1)": {
      "r2": 0,
      "aic": Infinity,
      "params_norm": [
        1.0
      ],
      "rss": 0.0
    },
    "O(n)": {
      "r2": 0,
      "aic": -170.05154998485884,
      "params_norm": [
        9.36426321460069e-09,
        0.9999999945375131
      ],
      "rss": 7.768735014592558e-13
    },
    "O(n^2)": {
      "r2": 0,
      "aic": -169.9072245343609,
      "params_norm": [
        1.3968810166677247e-08,
        -1.4862539108855611e-08,
        1.000000003305388
      ],
      "rss": 1.503047813674964e-13
    },
    "O(n^3)": {
      "r2": 0,
      "aic": -133.2945418304336,
      "params_norm": [
        1.0922999163697997e-07,
        -1.936360687196331e-07,
        1.0137572068589287e-07,
        0.9999999843147139
      ],
      "rss": 4.524959860078769e-13
    },
    "O(log n)": {
      "r2": 0,
      "aic": -170.55134164678813,
      "params_norm": [
        -4.218004269987846e-09,
        0.9999999972302877
      ],
      "rss": 7.147829448768367e-13
    },
    "O(n log n)": {
      "r2": 0,
      "aic": -180.83561743582518,
      "params_norm": [
        -8.531161804738576e-09,
        0.9999999979301961
      ],
      "rss": 1.2875777913284382e-13
    },
    "O(2^n)": {
      "r2": 0,
      "aic": -213.4217321579997,
      "params_norm": [
        0.9999999998528463,
        2.5226359021217946e-10
      ],
      "rss": 5.637828258466301e-16
    },
    "O(n^k)": {
      "r2": 0,
      "aic": -168.58082683205407,
      "params_norm": [
        0.9999999973302715,
        -4.845089375126886e-09
      ],
      "rss": 9.926697779078051e-13
    }
  }
}