{
  "valid_points": 41,
  "models": {
    "Constant": {
      "r2": 0.7,
      "params": [
        0.0005579956739049097
      ]
    },
    "Linear": {
      "r2": 0.7932985983620814,
      "params": [
        1.3913537444042247e-07,
        0.0004187211640616421
      ]
    },
    "Quadratic": {
      "r2": 0.6327190626934887,
      "params": [
        6.000983147343555e-11,
        0.0004768623216594696
      ]
    },
    "Cubic": {
      "r2": 0.5067732007796125,
      "params": [
        2.79656862480252e-14,
        0.0005005526721422781
      ]
    },
    "Logarithmic": {
      "r2": 0.7656604379769107,
      "params": [
        6.061122778994367e-05,
        0.00016345086365532265
      ]
    },
    "N Log N": {
      "r2": 0.7697565022353378,
      "params": [
        1.7652298932450847e-08,
        0.0004322890665250153
      ]
    },
    "np": {
      "r2": -Infinity,
      "success": false
    }
  }
}