{
  "Constant": {
    "name": "Constant",
    "r2": 1.1102230246251565e-16,
    "bic": -26.93402142141906,
    "confidence_score": -0.16057620877200904,
    "params": [
      0.30938391057855746,
      0.30938391057977477
    ],
    "order": 0
  },
  "Linear": {
    "name": "Linear",
    "r2": 0.9367896071515511,
    "bic": -76.63717927721386,
    "confidence_score": 0.7362133983795419,
    "params": [
      0.005677147655277206,
      6.982827214092406e-12
    ],
    "order": 2
  },
  "Quadratic": {
    "name": "Quadratic",
    "r2": 0.9972164323102071,
    "bic": -129.95604264684,
    "confidence_score": 0.6763521191521934,
    "params": [
      2.716594809492501e-05,
      0.0002085615129388026,
      0.14422752115661092
    ],
    "order": 4
  },
  "Cubic": {
    "name": "Cubic",
    "r2": 0.9972164270815801,
    "bic": -127.0656370779471,
    "confidence_score": 0.5760640095375619,
    "params": [
      3.6357000904735766e-13,
      2.7165823054669295e-05,
      0.00020857347799221228,
      0.1442272480092956
    ],
    "order": 5
  },
  "Logarithmic": {
    "name": "Logarithmic",
    "r2": 0.3823875090235992,
    "bic": -35.60811441951074,
    "confidence_score": 0.20181130025159005,
    "params": [
      0.1460396471244923,
      1.1288562695406442e-09
    ],
    "order": 1
  },
  "N Log N": {
    "name": "N Log N",
    "r2": 0.9688645200971905,
    "bic": -89.3833524103803,
    "confidence_score": 0.7482883113251813,
    "params": [
      0.0011245061341298968,
      2.8761649544025704e-12
    ],
    "order": 3
  },
  "confidence_analysis": {
    "best_model": "N Log N",
    "best_score": 0.7482883113251813,
    "second_best_model": "Linear",
    "second_best_score": 0.7362133983795419,
    "confidence_gap": 0.012074912945639338,
    "is_confident": false,
    "threshold": 0.03
  }
}