{
  "valid_points": 78,
  "models": {
    "Constant": {
      "r2": 4.440892098500626e-16,
      "aic": -438.7934558811518,
      "bic": -434.0800382277726,
      "params": [
        -97.3836092708202,
        102.61639072917981
      ],
      "confidence_score": 4.440892098500626e-16
    },
    "Linear": {
      "r2": 0.005523666384480985,
      "aic": -439.2254961839289,
      "bic": -434.51207853054973,
      "params": [
        3.76363460952156e-06,
        5.221478491599281
      ],
      "confidence_score": -0.014476333615519015
    },
    "Quadratic": {
      "r2": 0.00347547487130373,
      "aic": -437.06501509354416,
      "bic": -429.9948886134754,
      "params": [
        4.943768727727615e-10,
        1.0,
        5.227662391888731
      ],
      "confidence_score": -0.03652452512869627
    },
    "Cubic": {
      "r2": 0.0021609224451878406,
      "aic": -434.962190208505,
      "bic": -425.5353549017466,
      "params": [
        7.733306804275895e-14,
        1.0,
        1.0,
        5.229762441452116
      ],
      "confidence_score": -0.04783907755481216
    },
    "Logarithmic": {
      "r2": 0.007794717347360924,
      "aic": -439.4038257671042,
      "bic": -434.690408113725,
      "params": [
        0.011670004377612786,
        5.1403662467683855
      ],
      "confidence_score": -0.002205282652639076
    },
    "N Log N": {
      "r2": 0.005263938432275017,
      "aic": -439.2051275390961,
      "bic": -434.49170988571694,
      "params": [
        4.105878499656742e-07,
        5.222810890518662
      ],
      "confidence_score": -0.024736061567724982
    }
  }
}