{
  "valid_points": 10,
  "models": {
    "Constant": {
      "r2": 0.7,
      "aic": 57.657180858379974,
      "bic": 58.26235104436807,
      "params": [
        5.488430127501487,
        1.0
      ],
      "confidence_score": 0.09999999999999998
    },
    "Linear": {
      "r2": 0.9205150698916554,
      "aic": 32.33530252162082,
      "bic": 32.94047270760891,
      "params": [
        0.04484011119986764,
        -2.641016512791515
      ],
      "confidence_score": 0.4523090419349946
    },
    "Quadratic": {
      "r2": 0.9999190953698359,
      "aic": -34.56521416521504,
      "bic": -33.6574588862329,
      "params": [
        4.687558249016899e-05,
        1.0,
        -0.046110447658768594
      ],
      "confidence_score": 0.9799514572219016
    },
    "Cubic": {
      "r2": 0.9860500022096315,
      "aic": 18.93442156726703,
      "bic": 20.144761939243214,
      "params": [
        4.559635345487726e-08,
        1.0,
        1.0,
        0.9122453350821563
      ],
      "confidence_score": 0.5716300013266088
    },
    "Logarithmic": {
      "r2": 0.38592840031129094,
      "aic": 52.780743400752286,
      "bic": 53.38591358674038,
      "params": [
        4.220539516688415,
        -9.077767744811663
      ],
      "confidence_score": 0.4409642001556455
    },
    "N Log N": {
      "r2": 0.9492836469594452,
      "aic": 27.842112106250788,
      "bic": 28.44728229223888,
      "params": [
        0.006596498044549365,
        -1.908861774087896
      ],
      "confidence_score": 0.6980000000000097
    }
  }
}