{
  "valid_points": 65,
  "models": {
    "Constant": {
      "r2": 1.1102230246251565e-16,
      "aic": -272.5985845961811,
      "bic": -268.24981005638983,
      "params": [
        -99.79422069512886,
        100.20577930487127
      ],
      "confidence_score": 1.1102230246251565e-16
    },
    "Linear": {
      "r2": 0.9598843514072737,
      "aic": -481.63785539842786,
      "bic": -477.28908085863657,
      "params": [
        0.00014516111273732424,
        0.06585183663912286
      ],
      "confidence_score": 0.9398843514072737
    },
    "Quadratic": {
      "r2": 0.9490848029564699,
      "aic": -464.1421837618047,
      "bic": -457.6190219521178,
      "params": [
        2.977520163985645e-08,
        1.0,
        0.2234379695893317
      ],
      "confidence_score": 0.9090848029564699
    },
    "Cubic": {
      "r2": 0.907667466579151,
      "aic": -423.4519017089962,
      "bic": -414.7543526294137,
      "params": [
        7.384379091267693e-12,
        1.0,
        1.0,
        0.2775666197924904
      ],
      "confidence_score": 0.8576674665791509
    },
    "Logarithmic": {
      "r2": 0.9231593152861822,
      "aic": -439.38995156035605,
      "bic": -435.04117702056476,
      "params": [
        0.31201136603241764,
        -1.994738097760245
      ],
      "confidence_score": 0.9131593152861822
    },
    "N Log N": {
      "r2": 0.960810928597492,
      "aic": -483.1568131136642,
      "bic": -478.8080385738729,
      "params": [
        1.6603206916471943e-05,
        0.10177926035376093
      ],
      "confidence_score": 0.9308109285974919
    }
  }
}