{
  "valid_points": 18,
  "models": {
    "Constant": {
      "r2": 0.7,
      "aic": 133.06516583305972,
      "bic": 134.84590934885205,
      "params": [
        -94.55598079495957,
        105.4440192050404
      ],
      "confidence_score": 0.11999999999999998
    },
    "Linear": {
      "r2": 0.9999522552902286,
      "aic": -46.02839533836921,
      "bic": -44.24765182257688,
      "params": [
        0.00015095727603398057,
        -0.10416723983061682
      ],
      "confidence_score": 0.8999713531741371
    },
    "Quadratic": {
      "r2": 0.9870640171809153,
      "aic": 56.80580110565798,
      "bic": 59.47691637934647,
      "params": [
        1.4239939781004104e-10,
        1.0,
        2.0085222005996353
      ],
      "confidence_score": 0.5722384103085492
    },
    "Cubic": {
      "r2": 0.9838928828328348,
      "aic": 62.752273030275596,
      "bic": 66.31376006186025,
      "params": [
        1.3545270925132393e-16,
        1.0,
        1.0,
        2.192790064996936
      ],
      "confidence_score": 0.5703357296997008
    },
    "Logarithmic": {
      "r2": 0.2812115881245756,
      "aic": 127.12177741065238,
      "bic": 128.9025209264447,
      "params": [
        4.985578196858592,
        -21.98143729707363
      ],
      "confidence_score": 0.3886057940622878
    },
    "N Log N": {
      "r2": 0.9997579169686346,
      "aic": -16.806970312037922,
      "bic": -15.026226796245593,
      "params": [
        1.0885518176490303e-05,
        0.33907386175283544
      ],
      "confidence_score": 0.6980001354470136
    }
  }
}