{
  "valid_points": 19,
  "models": {
    "Constant": {
      "r2": 0.7,
      "aic": -80.34869551444247,
      "bic": -78.45981755610958,
      "params": [
        100.5566229749667,
        -99.44337702503331
      ],
      "confidence_score": 0.5225256315350209
    },
    "Linear": {
      "r2": 0.0689990521861048,
      "aic": -81.70710020370794,
      "bic": -79.81822224537505,
      "params": [
        0.00046597527361228987,
        1.0608605191736218
      ],
      "confidence_score": 0.327312418422487
    },
    "Quadratic": {
      "r2": 0.19168812603923557,
      "aic": -82.39203444830328,
      "bic": -79.55871751080396,
      "params": [
        3.3959823237950104e-06,
        1.0,
        1.0575886594238444
      ],
      "confidence_score": 0.3549170703685935
    },
    "Cubic": {
      "r2": 0.2538896315806316,
      "aic": -81.91344862723572,
      "bic": -78.13569271056997,
      "params": [
        1.875225197345287e-08,
        1.0,
        1.0,
        1.0631151035391877
      ],
      "confidence_score": 0.2599210591807626
    },
    "Logarithmic": {
      "r2": 0.039757587398317695,
      "aic": -81.11951626656442,
      "bic": -79.23063830823153,
      "params": [
        -0.022043741873655615,
        1.2110211117523644
      ],
      "confidence_score": 0.38331595085251896
    },
    "N Log N": {
      "r2": 0.0980725590278384,
      "aic": -82.30989840063351,
      "bic": -80.42102044230063,
      "params": [
        9.956863232107398e-05,
        1.0584433216861648
      ],
      "confidence_score": 0.3470362795139192
    }
  }
}