{
  "Constant": {
    "name": "Constant",
    "r2": 0.0,
    "bic": 677.0510432732048,
    "confidence_score": -0.09393747810588837,
    "params": [
      4326.055371787743,
      257.11338778980246
    ],
    "order": 0
  },
  "Linear": {
    "name": "Linear",
    "r2": 0.7038274685321777,
    "bic": 629.5953316757222,
    "confidence_score": 0.5698899904262893,
    "params": [
      26.09506767152116,
      1.203410013993877e-19
    ],
    "order": 2
  },
  "Quadratic": {
    "name": "Quadratic",
    "r2": 0.9430518305513781,
    "bic": 568.9556693425627,
    "confidence_score": 0.7221456133925456,
    "params": [
      0.08493883422024211,
      2.8678529671705055e-20,
      7.195144092826412e-21
    ],
    "order": 4
  },
  "Cubic": {
    "name": "Cubic",
    "r2": 0.9952438221994255,
    "bic": 475.7940408268391,
    "confidence_score": 0.7073688659876488,
    "params": [
      0.0002376430369670834,
      7.220222984434459e-25,
      3.8145369071962026e-26,
      3.3448589849889274e-26
    ],
    "order": 5
  },
  "Logarithmic": {
    "name": "Logarithmic",
    "r2": 0.2059425792731946,
    "bic": 668.0576626930941,
    "confidence_score": 0.09200510116730622,
    "params": [
      1009.6628949468871,
      2.1163164509262997e-17
    ],
    "order": 1
  },
  "N Log N": {
    "name": "N Log N",
    "r2": 0.7692217303980414,
    "bic": 619.8654251230769,
    "confidence_score": 0.6152842522921531,
    "params": [
      4.652401455694614,
      1.3489307809802909e-18
    ],
    "order": 3
  },
  "confidence_analysis": {
    "best_model": "Quadratic",
    "best_score": 0.7221456133925456,
    "second_best_model": "Cubic",
    "second_best_score": 0.7073688659876488,
    "confidence_gap": 0.014776747404896762,
    "is_confident": false,
    "threshold": 0.03
  }
}