{
  "valid_points": 8,
  "models": {
    "Constant": {
      "r2": 0.7,
      "aic": 66.5525971325776,
      "bic": 66.71148021593729,
      "params": [
        142.09532293615547,
        -22.407377540447385
      ],
      "confidence_score": 0.18
    },
    "Linear": {
      "r2": 0.9999869794060386,
      "aic": -23.439229291992945,
      "bic": -23.280346208633272,
      "params": [
        0.0004556056801849895,
        -2.0587766604960223
      ],
      "confidence_score": 0.8999921876436232
    },
    "Quadratic": {
      "r2": 0.9690232649441745,
      "aic": 40.75644642601938,
      "bic": 40.99477105105889,
      "params": [
        8.260912397861416e-10,
        1.0,
        50.80008920546702
      ],
      "confidence_score": 0.561413958966509
    },
    "Cubic": {
      "r2": 0.9030381563262992,
      "aic": 51.885095196134465,
      "bic": 52.20286136285381,
      "params": [
        1.7483665640910175e-15,
        1.0,
        1.0,
        69.53060264621047
      ],
      "confidence_score": 0.5218228937957795
    },
    "Logarithmic": {
      "r2": 0.9576431326573325,
      "aic": 41.25959941915024,
      "bic": 41.41848250250991,
      "params": [
        103.49534092927016,
        -1163.1903336033208
      ],
      "confidence_score": 0.49800000000000266
    },
    "N Log N": {
      "r2": 0.9997820854876713,
      "aic": -0.8986646063454637,
      "bic": -0.7397815229857923,
      "params": [
        3.3891460807853875e-05,
        5.71609356587434
      ],
      "confidence_score": 0.6480038238409846
    }
  }
}