{
  "valid_points": 29,
  "models": {
    "Constant": {
      "r2": 0.85,
      "aic": -646.8800731528145,
      "bic": -644.1454814928416,
      "params": [
        -99.99988066225208,
        100.00011933774785
      ],
      "confidence_score": 0.6659727116321428
    },
    "Linear": {
      "r2": 0.014809861509028188,
      "aic": -647.3127712035085,
      "bic": -644.5781795435356,
      "params": [
        1.1478433247246487e-14,
        0.00023803841724666567
      ],
      "confidence_score": 0.39778752695881314
    },
    "Quadratic": {
      "r2": 0.01502932559909731,
      "aic": -645.3192320554316,
      "bic": -641.2173445654722,
      "params": [
        2.235067662157409e-23,
        1.0,
        0.0002381571647989292
      ],
      "confidence_score": 0.06333144278018564
    },
    "Cubic": {
      "r2": 0.013686080476225548,
      "aic": -643.2797105021133,
      "bic": -637.8105271821674,
      "params": [
        3.995557648171903e-32,
        1.0,
        1.0,
        0.00023821863664410473
      ],
      "confidence_score": 0.001741366489477189
    },
    "Logarithmic": {
      "r2": 0.0145304907690883,
      "aic": -647.3045488283035,
      "bic": -644.5699571683306,
      "params": [
        -2.7908197858687775e-07,
        0.0002417519903365244
      ],
      "confidence_score": 0.5032140082656579
    },
    "N Log N": {
      "r2": 0.01499667334864574,
      "aic": -647.3182707074518,
      "bic": -644.5836790474789,
      "params": [
        5.768721634417136e-16,
        0.00023804660342983152
      ],
      "confidence_score": 0.30549833667432286
    }
  }
}