{
  "valid_points": 31,
  "models": {
    "Constant": {
      "r2": 0.7,
      "aic": -650.2809380449015,
      "bic": -647.4129636359312,
      "params": [
        -99.99983879106655,
        100.00016120893342
      ],
      "confidence_score": 0.35004603830838343
    },
    "Linear": {
      "r2": 0.06537753192031215,
      "aic": -652.3769289142418,
      "bic": -649.5089545052715,
      "params": [
        4.845687608060741e-14,
        0.0003198986387064737
      ],
      "confidence_score": 0.029401583104329387
    },
    "Quadratic": {
      "r2": 0.03336512353762522,
      "aic": -649.3329056425769,
      "bic": -645.0309440291214,
      "params": [
        6.70136262476446e-23,
        1.0,
        0.00032096401992507377
      ],
      "confidence_score": 3.772971773938552e-05
    },
    "Cubic": {
      "r2": 0.025892829222645575,
      "aic": -647.0941904885066,
      "bic": -641.358241670566,
      "params": [
        1.1064391143952689e-31,
        1.0,
        1.0,
        0.00032123436569559414
      ],
      "confidence_score": 0.0
    },
    "Logarithmic": {
      "r2": 0.43253985919859517,
      "aic": -667.8450658704654,
      "bic": -664.9770914614951,
      "params": [
        2.8833543626242887e-06,
        0.0002913296170367967
      ],
      "confidence_score": 0.8142699295992976
    },
    "N Log N": {
      "r2": 0.06202026296918406,
      "aic": -652.2657729530777,
      "bic": -649.3977985441073,
      "params": [
        2.3574411707189076e-15,
        0.0003200113274740404
      ],
      "confidence_score": 0.029134331251772526
    }
  }
}