{
  "Constant": {
    "r2": -2.220446049250313e-16,
    "aic": -720.2881510013441,
    "bic": -715.6005401576367,
    "params": [
      100.04298392344602,
      -99.95701607655398
    ]
  },
  "Linear": {
    "r2": 0.004422487056534474,
    "aic": -720.6294377302529,
    "bic": -715.9418268865455,
    "params": [
      -5.24668759993574e-07,
      0.08754866705185815
    ]
  },
  "Quadratic": {
    "r2": 0.005543314375816011,
    "aic": -718.716173639387,
    "bic": -711.684757373826,
    "params": [
      -9.657617082428404e-11,
      1.0,
      0.08697211364507089
    ]
  },
  "Cubic": {
    "r2": 0.007387838857456419,
    "aic": -716.8591263368857,
    "bic": -707.4839046494709,
    "params": [
      -2.2063812253888494e-14,
      1.0,
      1.0,
      0.08683386585103411
    ]
  },
  "Logarithmic": {
    "r2": 0.004390683366216952,
    "aic": -720.6269780071187,
    "bic": -715.9393671634114,
    "params": [
      -0.0013868009294088189,
      0.09695853487909438
    ]
  },
  "N Log N": {
    "r2": 0.004491790278482566,
    "aic": -720.6347979696754,
    "bic": -715.9471871259681,
    "params": [
      -5.9019257600737266e-08,
      0.08740596966596502
    ]
  }
}