{
  "valid_points": 118,
  "models": {
    "Constant": {
      "r2": 0.7,
      "aic": 941.2848310480728,
      "bic": 946.8262002970041,
      "params": [
        -80.27552066023564,
        119.72447933976436
      ],
      "confidence_score": 0.18349557238744152
    },
    "Linear": {
      "r2": 0.01126408288543057,
      "aic": 939.9481266796479,
      "bic": 945.4894959285792,
      "params": [
        -1.0064417864427324e-07,
        40.61487079239515
      ],
      "confidence_score": 0.20720201426898155
    },
    "Quadratic": {
      "r2": 0.007890530772632909,
      "aic": 942.35005561053,
      "bic": 950.662109483927,
      "params": [
        -1.7324726993350287e-16,
        1.0,
        40.014741253036604
      ],
      "confidence_score": 0.0010891127705046702
    },
    "Cubic": {
      "r2": 0.0060873901864203495,
      "aic": 944.5643237698639,
      "bic": 955.6470622677266,
      "params": [
        -2.899524340570785e-25,
        1.0,
        1.0,
        39.88352562885372
      ],
      "confidence_score": 0.0
    },
    "Logarithmic": {
      "r2": 0.02144450309548729,
      "aic": 938.726853309062,
      "bic": 944.2682225579933,
      "params": [
        6.406353777345283,
        -55.12640911168284
      ],
      "confidence_score": 0.4587222515477436
    },
    "N Log N": {
      "r2": 0.011292985258040455,
      "aic": 939.9446772956851,
      "bic": 945.4860465446164,
      "params": [
        -5.0583705521627096e-09,
        40.53091575742101
      ],
      "confidence_score": 0.5668292006797239
    }
  }
}