{
  "valid_points": 193,
  "models": {
    "Constant": {
      "r2": 0.7,
      "aic": -3201.1901788752302,
      "bic": -3194.6647984974206,
      "params": [
        100.00142492932954,
        -99.99857507067047
      ],
      "confidence_score": 0.6458625504935949
    },
    "Linear": {
      "r2": 0.0032614162201194397,
      "aic": -3201.8206608976348,
      "bic": -3195.295280519825,
      "params": [
        4.94546750694829e-12,
        0.0028247298219420116
      ],
      "confidence_score": 0.38643547164403486
    },
    "Quadratic": {
      "r2": 0.005115009595275222,
      "aic": -3200.179909130417,
      "bic": -3190.391838563702,
      "params": [
        5.936101041052312e-19,
        1.0,
        0.0028296788424881057
      ],
      "confidence_score": 0.017051447449754658
    },
    "Cubic": {
      "r2": 0.006011570386576404,
      "aic": -3198.353913411132,
      "bic": -3185.3031526555123,
      "params": [
        6.755063479208979e-26,
        1.0,
        1.0,
        0.0028325994847629363
      ],
      "confidence_score": 0.0
    },
    "Logarithmic": {
      "r2": 0.000890121880240291,
      "aic": -3201.362048902105,
      "bic": -3194.8366685242954,
      "params": [
        8.460173664325815e-06,
        0.0027214702234777083
      ],
      "confidence_score": 0.43367814702571383
    },
    "N Log N": {
      "r2": 0.0034049734069961923,
      "aic": -3201.84846009489,
      "bic": -3195.3230797170804,
      "params": [
        3.097965245204662e-13,
        0.0028252664538028858
      ],
      "confidence_score": 0.49970248670349815
    }
  }
}