{
  "valid_points": 201,
  "models": {
    "Constant": {
      "r2": 0.7,
      "aic": -3364.422739125133,
      "bic": -3357.8161293090147,
      "params": [
        -99.99878300326051,
        100.00121699673934
      ],
      "confidence_score": 0.37000000004589984
    },
    "Linear": {
      "r2": 0.00962381532756551,
      "aic": -3366.3664942509895,
      "bic": -3359.7598844348713,
      "params": [
        5.247485386739342e-13,
        0.002428760829432359
      ],
      "confidence_score": 0.0
    },
    "Quadratic": {
      "r2": 0.004361301380942706,
      "aic": -3363.3012778844527,
      "bic": -3353.3913631602754,
      "params": [
        7.25258670840797e-22,
        1.0,
        0.002432585102040404
      ],
      "confidence_score": 0.0
    },
    "Cubic": {
      "r2": 0.003678845099124861,
      "aic": -3361.1635504922365,
      "bic": -3347.95033086,
      "params": [
        1.2699765500865781e-30,
        1.0,
        1.0,
        0.0024328758219794738
      ],
      "confidence_score": 0.0
    },
    "Logarithmic": {
      "r2": 0.20138911652147673,
      "aic": -3409.6239118310573,
      "bic": -3403.017302014939,
      "params": [
        9.609674979189902e-05,
        0.0009721252919209461
      ],
      "confidence_score": 0.6986945582607383
    },
    "N Log N": {
      "r2": 0.00859352988464357,
      "aic": -3366.1575032274945,
      "bic": -3359.5508934113764,
      "params": [
        2.4880805658794044e-14,
        0.002429618001215254
      ],
      "confidence_score": 0.3022967650515942
    }
  }
}