{
  "valid_points": 28,
  "models": {
    "Constant": {
      "r2": 0.7,
      "aic": 81.28729908986216,
      "bic": 83.95170811021256,
      "params": [
        -99.52614553538817,
        100.4738544646119
      ],
      "confidence_score": 0.5138286075872802
    },
    "Linear": {
      "r2": 5.858247950074613e-07,
      "aic": 81.2872826867631,
      "bic": 83.95169170711351,
      "params": [
        2.1141601845930345e-11,
        0.9464936187567968
      ],
      "confidence_score": 0.2084402864831826
    },
    "Quadratic": {
      "r2": 0.003566191386551898,
      "aic": 83.18726725850682,
      "bic": 87.18388078903243,
      "params": [
        -3.185266662838452e-18,
        1.0,
        1.0242163797635093
      ],
      "confidence_score": 0.025537852907712186
    },
    "Cubic": {
      "r2": 0.0041403102702105565,
      "aic": 85.17112974744153,
      "bic": 90.49994778814234,
      "params": [
        -6.4278046194247595e-27,
        1.0,
        1.0,
        1.0238305558265037
      ],
      "confidence_score": 0.0
    },
    "Logarithmic": {
      "r2": 0.04229123253294287,
      "aic": 80.07737575187879,
      "bic": 82.7417847722292,
      "params": [
        0.13169361014811054,
        -0.44829639005793576
      ],
      "confidence_score": 0.5191456162664715
    },
    "N Log N": {
      "r2": 4.177944674232936e-05,
      "aic": 81.28612924091539,
      "bic": 83.95053826126579,
      "params": [
        -8.9157340504944e-12,
        0.9577760319520825
      ],
      "confidence_score": 0.4619453527040198
    }
  }
}