{
  "best_model": "O(2^n)",
  "details": {
    "O(1)": {
      "r2": 0,
      "aic": Infinity,
      "params_norm": [
        1.0
      ],
      "rss": 0.0
    },
    "O(n)": {
      "r2": 0,
      "aic": -3825.237159633527,
      "params_norm": [
        3.539513381405014e-10,
        0.9999999997936918
      ],
      "rss": 3.4536973102320693e-15
    },
    "O(n^2)": {
      "r2": 0,
      "aic": -3290.2394414190157,
      "params_norm": [
        2.262728146446774e-08,
        -2.697387986981183e-08,
        1.000000006707853
      ],
      "rss": 6.754729477036639e-13
    },
    "O(n^3)": {
      "r2": 0,
      "aic": -3235.1669860144875,
      "params_norm": [
        9.207473059506364e-09,
        1.2993395631032284e-08,
        -2.4496106730549883e-08,
        1.0000000064036458
      ],
      "rss": 1.1404831657979748e-12
    },
    "O(log n)": {
      "r2": 0,
      "aic": -3365.2275716229824,
      "params_norm": [
        -1.7262467729194512e-09,
        0.9999999988883356
      ],
      "rss": 3.283222900809284e-13
    },
    "O(n log n)": {
      "r2": 0,
      "aic": -3794.214324980725,
      "params_norm": [
        9.149493385152141e-10,
        1.000000000238507
      ],
      "rss": 4.695488340163461e-15
    },
    "O(2^n)": {
      "r2": 0,
      "aic": -4003.642938441634,
      "params_norm": [
        1.0000000000853677,
        -1.463447165138362e-10
      ],
      "rss": 5.904038360984868e-16
    },
    "O(n^k)": {
      "r2": 0,
      "aic": -3703.9276506122524,
      "params_norm": [
        0.999999999792065,
        -3.2278032427202367e-10
      ],
      "rss": 1.1479118348836753e-14
    }
  }
}