{
  "Constant": {
    "params": [
      87.9582954861901
    ],
    "r_squared": 0.0,
    "success": true
  },
  "Linear": {
    "params": [
      0.1628138866835518,
      -160.33288170622637
    ],
    "r_squared": 0.9571760974662931,
    "success": true
  },
  "Quadratic": {
    "params": [
      0.00011492432079277665,
      -0.1877052916062034,
      95.37373186605079
    ],
    "r_squared": 0.995328582647217,
    "success": true
  },
  "Cubic": {
    "params": [
      1.8448671791405527e-08,
      3.052164737831975e-05,
      -0.062323505612194456,
      35.02581972515788
    ],
    "r_squared": 0.9954036375704689,
    "success": true
  },
  "Logarithmic": {
    "params": [
      234.8853209853919,
      -1628.4003537184226
    ],
    "r_squared": 0.9126501553450797,
    "success": true
  },
  "n_log_n": {
    "params": [
      0.019619155907353712,
      -131.99802154772055
    ],
    "r_squared": 0.9613901315591289,
    "success": true
  },
  "Exponential": {
    "params": [
      4.059181923207672,
      0.0019052324528436822
    ],
    "r_squared": 0.9906020010918409,
    "success": true
  },
  "Sqrt_Exponential": {
    "params": [
      4.059179699906805,
      0.0038104655047452945
    ],
    "r_squared": 0.9906020010918314,
    "success": true
  },
  "Power": {
    "params": [
      7.396403311796405e-09,
      3.1463626085628453
    ],
    "r_squared": 0.9953452718253979,
    "success": true
  }
}