{
  "valid_points": 17,
  "models": {
    "Constant": {
      "r2": 0.7,
      "aic": 138.8853888364215,
      "bic": 140.55181552453394,
      "params": [
        139.78956335151804,
        -30.779859313893784
      ],
      "confidence_score": 0.11999999999999998
    },
    "Linear": {
      "r2": 0.9994826119981197,
      "aic": 10.25119171493336,
      "bic": 11.917618403045791,
      "params": [
        0.0002256855298943995,
        0.18053055406648297
      ],
      "confidence_score": 0.6153850945874826
    },
    "Quadratic": {
      "r2": 0.9602110868268154,
      "aic": 86.07455036366655,
      "bic": 88.57419039583519,
      "params": [
        2.241979486880234e-10,
        1.0,
        44.5941197152252
      ],
      "confidence_score": 0.5561266520960892
    },
    "Cubic": {
      "r2": 0.8813816854473614,
      "aic": 106.64403435145985,
      "bic": 109.97688772768471,
      "params": [
        2.4877112572325927e-16,
        1.0,
        1.0,
        61.39911985695318
      ],
      "confidence_score": 0.5088290112684168
    },
    "Logarithmic": {
      "r2": 0.9179766030560425,
      "aic": 96.37262619128609,
      "bic": 98.03905287939853,
      "params": [
        82.55702661589842,
        -958.3468846097167
      ],
      "confidence_score": 0.548
    },
    "N Log N": {
      "r2": 0.9995528690068066,
      "aic": 7.770186573682945,
      "bic": 9.436613261795378,
      "params": [
        1.6117273863913418e-05,
        6.305228551414172
      ],
      "confidence_score": 0.998
    }
  }
}