{
  "valid_points": 18,
  "models": {
    "Constant": {
      "r2": 0.7,
      "aic": 131.0471274226934,
      "bic": 132.82787093848572,
      "params": [
        -94.8103327511085,
        105.18966724889147
      ],
      "confidence_score": 0.11999999999999998
    },
    "Linear": {
      "r2": 0.9999995587808078,
      "aic": -132.3599054887597,
      "bic": -130.57916197296737,
      "params": [
        0.0001427313063809832,
        -0.013883461880017212
      ],
      "confidence_score": 0.8999997352684846
    },
    "Quadratic": {
      "r2": 0.9856039521470631,
      "aic": 56.71269925760892,
      "bic": 59.38381453129741,
      "params": [
        1.345369657627238e-10,
        1.0,
        1.9900914427628846
      ],
      "confidence_score": 0.5713623712882379
    },
    "Cubic": {
      "r2": 0.9822680921041883,
      "aic": 62.464115408419126,
      "bic": 66.02560244000378,
      "params": [
        1.2796279664555202e-16,
        1.0,
        1.0,
        2.164893411656096
      ],
      "confidence_score": 0.5693608552625129
    },
    "Logarithmic": {
      "r2": 0.2844738214427138,
      "aic": 125.02185975096182,
      "bic": 126.80260326675415,
      "params": [
        4.741055118719692,
        -20.87802221244354
      ],
      "confidence_score": 0.3902369107213569
    },
    "N Log N": {
      "r2": 0.9995326185564406,
      "aic": -6.983439662403278,
      "bic": -5.202696146610949,
      "params": [
        1.029094092715296e-05,
        0.40656431341068017
      ],
      "confidence_score": 0.648
    }
  }
}