{
  "valid_points": 60,
  "models": {
    "Constant": {
      "r2": 0.7,
      "aic": 329.6615033342764,
      "bic": 333.8501924587206,
      "params": [
        111.17325558637582,
        -88.8267444136242
      ],
      "confidence_score": 0.09999999999999998
    },
    "Linear": {
      "r2": 0.9589543389716341,
      "aic": 138.0772944335942,
      "bic": 142.2659835580384,
      "params": [
        0.017062275179706144,
        -19.88261989702112
      ],
      "confidence_score": 0.4753726033829804
    },
    "Quadratic": {
      "r2": 0.9975346466010067,
      "aic": -28.663703567638713,
      "bic": -22.380669880972412,
      "params": [
        3.473355621230745e-06,
        1.0,
        -1.5342559550647916
      ],
      "confidence_score": 0.9785207879606039
    },
    "Cubic": {
      "r2": 0.9924564104093824,
      "aic": 40.43807510090452,
      "bic": 48.81545334979292,
      "params": [
        8.444598611783365e-10,
        1.0,
        1.0,
        4.842441609672093
      ],
      "confidence_score": 0.5754738462456295
    },
    "Logarithmic": {
      "r2": 0.8644923736615289,
      "aic": 209.73786189594875,
      "bic": 213.92655102039296,
      "params": [
        36.28614449597693,
        -258.67310352002363
      ],
      "confidence_score": 0.498
    },
    "N Log N": {
      "r2": 0.9661248687062147,
      "aic": 126.55705589676737,
      "bic": 130.74574502121158,
      "params": [
        0.0019515615476095706,
        -15.70379807494494
      ],
      "confidence_score": 0.698
    }
  }
}