{
  "valid_points": 78,
  "models": {
    "Constant": {
      "r2": 0.7,
      "aic": -621.1162804534164,
      "bic": -616.4028628000372,
      "params": [
        100.03601109179155,
        -99.96398890820834
      ],
      "confidence_score": 0.5856172893083937
    },
    "Linear": {
      "r2": 0.01634113006683957,
      "aic": -622.4014177302221,
      "bic": -617.6880000768429,
      "params": [
        2.0472334028021066e-06,
        0.06591854091860938
      ],
      "confidence_score": 0.39431702211750186
    },
    "Quadratic": {
      "r2": 0.018820834087161842,
      "aic": -620.5982960608982,
      "bic": -613.5281695808294,
      "params": [
        3.616161439553807e-10,
        1.0,
        0.06834159188274552
      ],
      "confidence_score": 0.04058318861989853
    },
    "Cubic": {
      "r2": 0.020021892284381337,
      "aic": -618.6938340907698,
      "bic": -609.2669987840114,
      "params": [
        7.385384417792008e-14,
        1.0,
        1.0,
        0.06921083391704297
      ],
      "confidence_score": 0.0
    },
    "Logarithmic": {
      "r2": 0.012592201015318327,
      "aic": -622.1047085186678,
      "bic": -617.3912908652886,
      "params": [
        0.004761027270219524,
        0.03433390713829179
      ],
      "confidence_score": 0.25938541889245037
    },
    "N Log N": {
      "r2": 0.01668948833148265,
      "aic": -622.4290459639712,
      "bic": -617.715628310592,
      "params": [
        2.3096083522271917e-07,
        0.06646106816387758
      ],
      "confidence_score": 0.6063447441657414
    }
  }
}