{
  "valid_points": 93,
  "models": {
    "Constant": {
      "r2": 2.220446049250313e-16,
      "aic": -458.52688486574215,
      "bic": -453.46168587943566,
      "params": [
        -99.87211977682452,
        100.12788022317565
      ],
      "confidence_score": 2.220446049250313e-16
    },
    "Linear": {
      "r2": 0.9212282631603738,
      "aic": -694.8585793540676,
      "bic": -689.7933803677611,
      "params": [
        5.674375759885275e-05,
        0.13798359118970213
      ],
      "confidence_score": 0.9012282631603737
    },
    "Quadratic": {
      "r2": 0.8653582689725714,
      "aic": -643.0047070056638,
      "bic": -635.406908526204,
      "params": [
        1.2455783626741379e-08,
        1.0,
        0.177440751775359
      ],
      "confidence_score": 0.8253582689725714
    },
    "Cubic": {
      "r2": 0.7732788582618257,
      "aic": -592.5420903113602,
      "bic": -582.4116923387471,
      "params": [
        2.7770822125815587e-12,
        1.0,
        1.0,
        0.19615949894673146
      ],
      "confidence_score": 0.7232788582618257
    },
    "Logarithmic": {
      "r2": 0.5560528165956249,
      "aic": -534.0475050985092,
      "bic": -528.9823061122027,
      "params": [
        0.034352550203765375,
        0.016882254414345987
      ],
      "confidence_score": 0.5460528165956249
    },
    "N Log N": {
      "r2": 0.92156497131142,
      "aic": -695.2569579585138,
      "bic": -690.1917589722073,
      "params": [
        6.700445676165446e-06,
        0.14563129712496709
      ],
      "confidence_score": 0.89156497131142
    }
  }
}