{
  "valid_points": 20,
  "models": {
    "Constant": {
      "r2": 0.7,
      "aic": 138.50642220314117,
      "bic": 140.49788675024917,
      "params": [
        106.05108151212342,
        -93.94891848787665
      ],
      "confidence_score": 0.09999999999999998
    },
    "Linear": {
      "r2": 0.999987604168699,
      "aic": -87.4565843424132,
      "bic": -85.46511979530521,
      "params": [
        0.00023132496055700003,
        -0.03751644834328127
      ],
      "confidence_score": 0.8999925625012194
    },
    "Quadratic": {
      "r2": 0.9189934652676144,
      "aic": 90.2419131660343,
      "bic": 93.22910998669627,
      "params": [
        4.5530040863238475e-10,
        1.0,
        3.758718725834637
      ],
      "confidence_score": 0.5313960791605686
    },
    "Cubic": {
      "r2": 0.840908966336447,
      "aic": 105.74084816643705,
      "bic": 109.72377726065301,
      "params": [
        8.425114594315596e-16,
        1.0,
        1.0,
        5.163998199822916
      ],
      "confidence_score": 0.4845453798018682
    },
    "Logarithmic": {
      "r2": 0.3839891460215328,
      "aic": 128.81660829296248,
      "bic": 130.80807284007045,
      "params": [
        4.710527549116618,
        -20.255957853203537
      ],
      "confidence_score": 0.3399945730107664
    },
    "N Log N": {
      "r2": 0.9987256728423679,
      "aic": 5.199683019762509,
      "bic": 7.191147566870491,
      "params": [
        1.7743006255251907e-05,
        0.4896704094978523
      ],
      "confidence_score": 0.648
    }
  }
}