{
  "Constant": {
    "r2": 2.220446049250313e-16,
    "aic": 163.85855910591843,
    "bic": 167.18568239817773,
    "params": [
      106.74108525690357,
      -93.25891474309637
    ]
  },
  "Linear": {
    "r2": 0.9965071961721541,
    "aic": -56.76640946761627,
    "bic": -53.439286175356976,
    "params": [
      0.06044451247117377,
      0.2417225640318681
    ]
  },
  "Quadratic": {
    "r2": 0.9439882311730157,
    "aic": 53.45301445052916,
    "bic": 58.4436993889181,
    "params": [
      0.000131260745432424,
      1.0,
      5.025845078369412
    ]
  },
  "Cubic": {
    "r2": 0.8488422641728127,
    "aic": 94.17073531463994,
    "bic": 100.82498189915853,
    "params": [
      2.9991880567958873e-07,
      1.0,
      1.0,
      7.110731494897748
    ]
  },
  "Logarithmic": {
    "r2": 0.7364138278932723,
    "aic": 111.85693661771468,
    "bic": 115.18405990997397,
    "params": [
      6.378319199421324,
      -18.785378500930186
    ]
  },
  "N Log N": {
    "r2": 0.9961076328500347,
    "aic": -52.54221449286314,
    "bic": -49.215091200603844,
    "params": [
      0.009681600289329994,
      1.6261214266767965
    ]
  }
}