{
  "valid_points": 28,
  "models": {
    "Constant": {
      "r2": 0.7,
      "aic": -612.9902604440772,
      "bic": -610.3258514237268,
      "params": [
        -99.99989988282316,
        100.00010011717677
      ],
      "confidence_score": 0.4320622048726118
    },
    "Linear": {
      "r2": 0.12531753914273847,
      "aic": -616.7393025343465,
      "bic": -614.0748935139961,
      "params": [
        5.247297506280846e-14,
        0.00019822212403252211
      ],
      "confidence_score": 0.08311162464901008
    },
    "Quadratic": {
      "r2": 0.11573393625094663,
      "aic": -614.4341844111223,
      "bic": -610.4375708805967,
      "params": [
        1.0232042045941763e-22,
        1.0,
        0.00019882997958466122
      ],
      "confidence_score": 0.05234793133484515
    },
    "Cubic": {
      "r2": 0.1211181861901387,
      "aic": -612.6051961213186,
      "bic": -607.2763780806177,
      "params": [
        1.983547327593535e-31,
        1.0,
        1.0,
        0.0001989815409707103
      ],
      "confidence_score": 0.05326944157507185
    },
    "Logarithmic": {
      "r2": 0.29932755334741656,
      "aic": -622.9502739195475,
      "bic": -620.2858648991971,
      "params": [
        1.5946423553675155e-06,
        0.00018313312636087452
      ],
      "confidence_score": 0.6476637766737083
    },
    "N Log N": {
      "r2": 0.12333539147264061,
      "aic": -616.6759225687985,
      "bic": -614.0115135484481,
      "params": [
        2.611833967887859e-15,
        0.00019829046710645592
      ],
      "confidence_score": 0.07268926034608848
    }
  }
}