{
  "valid_points": 18,
  "models": {
    "Constant": {
      "r2": 0.9,
      "aic": -227.0511443702208,
      "bic": -225.2704008544285,
      "params": [
        100.02108369436527,
        -99.97891630563473
      ],
      "confidence_score": 0.6228452575175825
    },
    "Linear": {
      "r2": 0.10497077997015924,
      "aic": -229.04732480714014,
      "bic": -227.26658129134782,
      "params": [
        -1.8789841418342945e-06,
        0.04498586494321999
      ],
      "confidence_score": 0.38884652993856533
    },
    "Quadratic": {
      "r2": 0.09219943562439992,
      "aic": -226.79229458097274,
      "bic": -224.12117930728425,
      "params": [
        -5.851951512392178e-10,
        1.0,
        0.04353040577034029
      ],
      "confidence_score": 0.10500608449525735
    },
    "Cubic": {
      "r2": 0.08329636912671379,
      "aic": -224.6166233280657,
      "bic": -221.05513629648107,
      "params": [
        -2.4029273165550494e-13,
        1.0,
        1.0,
        0.04306398098556856
      ],
      "confidence_score": 0.045021893123966025
    },
    "Logarithmic": {
      "r2": 0.12218241938467977,
      "aic": -229.39684090017784,
      "bic": -227.6160973843855,
      "params": [
        -0.002969060620775221,
        0.06382691037326153
      ],
      "confidence_score": 0.5590912096923399
    },
    "N Log N": {
      "r2": 0.10317295493343204,
      "aic": -229.01120487704262,
      "bic": -227.2304613612503,
      "params": [
        -2.2434420142781877e-07,
        0.044634387534240774
      ],
      "confidence_score": 0.49697608765929957
    }
  }
}