{
  "Constant": {
    "r2": -2.220446049250313e-16,
    "aic": 283.9363132935581,
    "bic": 286.60072231390853,
    "params": [
      -12.655212444350399,
      144.44904830995023
    ]
  },
  "Linear": {
    "r2": 0.8399833135746309,
    "aic": 232.6269522807855,
    "bic": 235.2913613011359,
    "params": [
      1.5290823977270516,
      -99.86214746804959
    ]
  },
  "Quadratic": {
    "r2": 0.9731077353114512,
    "aic": 184.69064872389734,
    "bic": 188.68726225442296,
    "params": [
      0.005254595694095889,
      1.0,
      -30.297305080345634
    ]
  },
  "Cubic": {
    "r2": 0.9999265103274282,
    "aic": 21.422074509883487,
    "bic": 26.750892550584304,
    "params": [
      1.8385472123405577e-05,
      1.0,
      1.0,
      1.8883960576451728
    ]
  },
  "Logarithmic": {
    "r2": 0.4379908227772782,
    "aic": 267.8016745035268,
    "bic": 270.4660835238772,
    "params": [
      94.87806681928012,
      -313.48143371241196
    ]
  },
  "N Log N": {
    "r2": 0.8764853277083606,
    "aic": 225.3772441658422,
    "bic": 228.0416531861926,
    "params": [
      0.2654759165962406,
      -78.20976122762356
    ]
  }
}