{
  "best_model": "O(log n)",
  "details": {
    "O(1)": {
      "r2": 1.1102230246251565e-16,
      "aic": 49.88026920272397,
      "params_norm": [
        0.7802083333328539
      ],
      "rss": 14840.833333333334
    },
    "O(n)": {
      "r2": 0.6873170066499283,
      "aic": 47.904876787905366,
      "params_norm": [
        0.9053571425246062,
        0.252083333527313
      ],
      "rss": 4640.476190476189
    },
    "O(n^2)": {
      "r2": 0.8322076317752661,
      "aic": 54.170101398554586,
      "params_norm": [
        -1.7075892615720571,
        2.8975446146030825,
        -0.19062499363642313
      ],
      "rss": 2490.178571428572
    },
    "O(n^3)": {
      "r2": 0.8479393778961215,
      "aic": 83.57941315462512,
      "params_norm": [
        -2.56250257407685,
        2.7767902024650586,
        0.6411187423912149,
        0.10833366964318847
      ],
      "rss": 2256.7063492066445
    },
    "O(log n)": {
      "r2": 0.7719030799747697,
      "aic": 46.012361287592135,
      "params_norm": [
        0.4514665814872781,
        1.094075846782556
      ],
      "rss": 3385.148373941106
    },
    "O(n log n)": {
      "r2": 0.2693212930655293,
      "aic": 52.997580555227586,
      "params_norm": [
        1.268764742005462,
        1.08336887666337
      ],
      "rss": 10843.880909829992
    },
    "O(2^n)": {
      "r2": 0.5984646215260222,
      "aic": 49.40551140036553,
      "params_norm": [
        0.4193362005503942,
        1.0061455613185322
      ],
      "rss": 5959.1196293692265
    },
    "O(n^k)": {
      "r2": 0.7328703118582621,
      "aic": 46.960143111943935,
      "params_norm": [
        1.1257418635059424,
        0.6085216293187623
      ],
      "rss": 3964.4271800968418
    }
  }
}