{
  "valid_points": 57,
  "models": {
    "Constant": {
      "r2": 0.0,
      "aic": -314.4893842619587,
      "bic": -310.4032817262896,
      "params": [
        -99.88598154302221,
        100.11401845697773
      ],
      "confidence_score": 0.0
    },
    "Linear": {
      "r2": 0.8913687370600122,
      "aic": -441.01775857239824,
      "bic": -436.9316560367291,
      "params": [
        6.768880640117825e-05,
        0.05940865941226714
      ],
      "confidence_score": 0.8713687370600122
    },
    "Quadratic": {
      "r2": 0.8686057325178234,
      "aic": -428.1738938819511,
      "bic": -422.04474007844743,
      "params": [
        1.3240761229402324e-08,
        1.0,
        0.1362168807089529
      ],
      "confidence_score": 0.8286057325178233
    },
    "Cubic": {
      "r2": 0.8164605958404444,
      "aic": -407.12296044657774,
      "bic": -398.9507553752395,
      "params": [
        3.1145030662496423e-12,
        1.0,
        1.0,
        0.16291579664151506
      ],
      "confidence_score": 0.7664605958404443
    },
    "Logarithmic": {
      "r2": 0.8650116918353623,
      "aic": -428.63570955943896,
      "bic": -424.54960702376985,
      "params": [
        0.1512727458811313,
        -0.9449994141144314
      ],
      "confidence_score": 0.8550116918353623
    },
    "N Log N": {
      "r2": 0.8909670321703606,
      "aic": -440.8073684258418,
      "bic": -436.7212658901727,
      "params": [
        7.703455500659324e-06,
        0.07678286688282991
      ],
      "confidence_score": 0.8609670321703605
    }
  }
}