{
  "valid_points": 20,
  "models": {
    "Constant": {
      "r2": 0.7,
      "aic": 148.957869931379,
      "bic": 150.949334478487,
      "params": [
        106.74049407243734,
        -93.2595059275627
      ],
      "confidence_score": 0.11999999999999998
    },
    "Linear": {
      "r2": 0.9987632422922011,
      "aic": 15.052628419890915,
      "bic": 17.044092966998896,
      "params": [
        7.556351689586016e-05,
        -0.3848945364243219
      ],
      "confidence_score": 0.499257948208486
    },
    "Quadratic": {
      "r2": 0.9560523618340793,
      "aic": 88.46274202319142,
      "bic": 91.4499388438534,
      "params": [
        3.760959593347389e-11,
        1.0,
        2.970654266857801
      ],
      "confidence_score": 0.5536314171004475
    },
    "Cubic": {
      "r2": 0.8957953951583822,
      "aic": 107.7298907653522,
      "bic": 111.71281985956816,
      "params": [
        1.7629904345756878e-17,
        1.0,
        1.0,
        4.316201653036716
      ],
      "confidence_score": 0.5174772370950294
    },
    "Logarithmic": {
      "r2": 0.33118746367927043,
      "aic": 140.91284047360656,
      "bic": 142.90430502071456,
      "params": [
        5.133162707667401,
        -23.91542194960602
      ],
      "confidence_score": 0.4135937318396352
    },
    "N Log N": {
      "r2": 0.9998106323373096,
      "aic": -22.47853261503409,
      "bic": -20.48706806792611,
      "params": [
        5.234030460691957e-06,
        0.07127911784462442
      ],
      "confidence_score": 0.998
    }
  }
}