{
  "Constant": {
    "name": "Constant",
    "r2": 0.0,
    "bic": 154.20310929657376,
    "confidence_score": -0.14978661367769955,
    "params": [
      33.917414005567075,
      2.597331760785708
    ],
    "order": 0
  },
  "Linear": {
    "name": "Linear",
    "r2": 0.7322542541552115,
    "bic": 127.84876013026627,
    "confidence_score": 0.542467640477512,
    "params": [
      0.40409562642928526,
      2.36960559410037e-11
    ],
    "order": 2
  },
  "Quadratic": {
    "name": "Quadratic",
    "r2": 0.9587223537798679,
    "bic": 93.45015798421441,
    "confidence_score": 0.6540424332633187,
    "params": [
      0.002570921083693997,
      1.809206960057496e-13,
      6.39255797056556e-14
    ],
    "order": 4
  },
  "Cubic": {
    "name": "Cubic",
    "r2": 0.9999520278602514,
    "bic": -38.7032289057266,
    "confidence_score": 0.6003788005048524,
    "params": [
      1.3176098097437509e-05,
      0.0001620100017293477,
      0.002412299716822309,
      0.26680054379355933
    ],
    "order": 5
  },
  "Logarithmic": {
    "name": "Logarithmic",
    "r2": 0.2521018123872568,
    "bic": 148.39334083479298,
    "confidence_score": 0.08231519870955727,
    "params": [
      9.364924705057797,
      4.3138195958850645e-23
    ],
    "order": 1
  },
  "N Log N": {
    "name": "N Log N",
    "r2": 0.8039463765709457,
    "bic": 121.61576793164379,
    "confidence_score": 0.5941597628932462,
    "params": [
      0.08171112058622924,
      2.0524952976775463e-16
    ],
    "order": 3
  },
  "confidence_analysis": {
    "best_model": "Quadratic",
    "best_score": 0.6540424332633187,
    "second_best_model": "Cubic",
    "second_best_score": 0.6003788005048524,
    "confidence_gap": 0.053663632758466306,
    "is_confident": true,
    "threshold": 0.03
  }
}