{
  "valid_points": 194,
  "models": {
    "Constant": {
      "r2": 0.7,
      "aic": -3493.4322611680996,
      "bic": -3486.896544849973,
      "params": [
        -99.99936078243051,
        100.00063921756949
      ],
      "confidence_score": 0.37000000000078703
    },
    "Linear": {
      "r2": 0.21967153021520458,
      "aic": -3541.55208573787,
      "bic": -3535.0163694197436,
      "params": [
        2.0003114168436113e-11,
        0.0011762451447917693
      ],
      "confidence_score": 0.1513161094883905
    },
    "Quadratic": {
      "r2": 0.2607112372803556,
      "aic": -3550.033198334913,
      "bic": -3540.229623857723,
      "params": [
        2.0763780758922343e-18,
        1.0,
        0.0012073620567578927
      ],
      "confidence_score": 0.5364267423682134
    },
    "Cubic": {
      "r2": 0.26004429415434094,
      "aic": -3547.8582617670045,
      "bic": -3534.7868291307514,
      "params": [
        2.162841902915223e-25,
        1.0,
        1.0,
        0.0012227247103475873
      ],
      "confidence_score": 0.16233968358633535
    },
    "Logarithmic": {
      "r2": 0.10567243592797126,
      "aic": -3515.0987957897023,
      "bic": -3508.5630794715757,
      "params": [
        4.5453098322008155e-05,
        0.0005882722663098324
      ],
      "confidence_score": 0.3508362578498043
    },
    "N Log N": {
      "r2": 0.22422325482654104,
      "aic": -3542.687018112054,
      "bic": -3536.1513017939274,
      "params": [
        1.2386689995573819e-12,
        0.001179557971072601
      ],
      "confidence_score": 0.44915298139132775
    }
  }
}