{
  "valid_points": 7,
  "models": {
    "Constant": {
      "r2": 0.7,
      "aic": 57.41326973464845,
      "bic": 57.305090032759075,
      "params": [
        114.3892447905881,
        1.0
      ],
      "confidence_score": 0.12000000000013523
    },
    "Linear": {
      "r2": 0.9997031224747831,
      "aic": 0.5579335941228201,
      "bic": 0.44975389223344653,
      "params": [
        0.0004749211726499114,
        -0.17379907150913443
      ],
      "confidence_score": 0.8998218734848699
    },
    "Quadratic": {
      "r2": 0.970356871488467,
      "aic": 34.78359519802977,
      "bic": 34.62132564519572,
      "params": [
        9.478395630795984e-10,
        1.0,
        50.61337485668894
      ],
      "confidence_score": 0.562214138091466
    },
    "Cubic": {
      "r2": 0.9073793842174729,
      "aic": 44.75856502837042,
      "bic": 44.54220562459167,
      "params": [
        2.2298262281742083e-15,
        1.0,
        1.0,
        68.40040105124999
      ],
      "confidence_score": 0.524427630637022
    },
    "Logarithmic": {
      "r2": 0.963676617726327,
      "aic": 34.206214497480545,
      "bic": 34.098034795591175,
      "params": [
        100.11684503536841,
        -1117.2254206071136
      ],
      "confidence_score": 0.5480000148077779
    },
    "N Log N": {
      "r2": 0.9994373402827966,
      "aic": 5.033421077186063,
      "bic": 4.9252413752966895,
      "params": [
        3.5560801082791964e-05,
        7.370852942330036
      ],
      "confidence_score": 0.6800096920378428
    }
  }
}