{
  "Constant": {
    "r2": 0.0,
    "aic": 405.216509818089,
    "bic": 409.3373958391818,
    "params": [
      48.92664348462531,
      1.0
    ]
  },
  "Linear": {
    "r2": 0.9749426406461874,
    "aic": 191.39442275300175,
    "bic": 195.5153087740946,
    "params": [
      0.03681057701051238,
      -39.68807158234712
    ]
  },
  "Quadratic": {
    "r2": 0.9999838987820133,
    "aic": -232.9071971563228,
    "bic": -226.72586812468356,
    "params": [
      7.48912793313572e-06,
      1.0,
      0.0994093789435655
    ]
  },
  "Cubic": {
    "r2": 0.9812029581392389,
    "aic": 178.72127519529258,
    "bic": 186.96304723747826,
    "params": [
      1.815267391187858e-09,
      1.0,
      1.0,
      14.041843050870929
    ]
  },
  "Logarithmic": {
    "r2": 0.8925376210077037,
    "aic": 275.84087139746066,
    "bic": 279.9617574185535,
    "params": [
      78.2692726774934,
      -554.996836173425
    ]
  },
  "N Log N": {
    "r2": 0.9806060819981495,
    "aic": 176.53435532483377,
    "bic": 180.6552413459266,
    "params": [
      0.004210397677692452,
      -30.649112786832244
    ]
  }
}