{
  "valid_points": 19,
  "models": {
    "Constant": {
      "r2": 0.7,
      "aic": 94.37421669599195,
      "bic": 96.26309465432483,
      "params": [
        -97.71176072719844,
        102.28823927280146
      ],
      "confidence_score": 0.11999999999999998
    },
    "Linear": {
      "r2": 0.9999954617440078,
      "aic": -139.38217078934,
      "bic": -137.49329283100712,
      "params": [
        4.2210588894309176e-05,
        -0.009730818716962464
      ],
      "confidence_score": 0.8099972770464046
    },
    "Quadratic": {
      "r2": 0.920467821236983,
      "aic": 48.27393877285111,
      "bic": 51.10725571035043,
      "params": [
        4.15855272565057e-11,
        1.0,
        1.3701520128693823
      ],
      "confidence_score": 0.5322806927421898
    },
    "Cubic": {
      "r2": 0.8428904289697293,
      "aic": 63.208792260304094,
      "bic": 66.98654817696985,
      "params": [
        3.847045631133652e-17,
        1.0,
        1.0,
        1.9086840228940685
      ],
      "confidence_score": 0.4857342573818375
    },
    "Logarithmic": {
      "r2": 0.4014620920214046,
      "aic": 84.62217376007585,
      "bic": 86.51105171840874,
      "params": [
        1.6543761267425054,
        -7.08440635981367
      ],
      "confidence_score": 0.5487310460107023
    },
    "N Log N": {
      "r2": 0.9990392623386068,
      "aic": -37.634157558402826,
      "bic": -35.74527960006995,
      "params": [
        3.0756039257313456e-06,
        0.160847430050922
      ],
      "confidence_score": 0.698
    }
  }
}