{
  "valid_points": 21,
  "models": {
    "Constant": {
      "r2": 0.7,
      "aic": 160.3769029629488,
      "bic": 162.46594783839566,
      "params": [
        107.89433336328892,
        -92.105666636711
      ],
      "confidence_score": 0.11999999999999998
    },
    "Linear": {
      "r2": 0.9999996077699751,
      "aic": -149.4028618282759,
      "bic": -147.31381695282903,
      "params": [
        4.217310989662604e-05,
        -0.004755256444952005
      ],
      "confidence_score": 0.8999997646619851
    },
    "Quadratic": {
      "r2": 0.9250548700001877,
      "aic": 107.96592326578639,
      "bic": 111.09949057895666,
      "params": [
        1.0457429979840566e-11,
        1.0,
        4.244981356159678
      ],
      "confidence_score": 0.5350329220001125
    },
    "Cubic": {
      "r2": 0.8475960177999089,
      "aic": 124.87127233381742,
      "bic": 129.0493620847111,
      "params": [
        2.423637808031293e-18,
        1.0,
        1.0,
        6.072904430623716
      ],
      "confidence_score": 0.4885576106799453
    },
    "Logarithmic": {
      "r2": 0.3603540934018722,
      "aic": 150.99325190267535,
      "bic": 153.0822967781222,
      "params": [
        5.599619372262883,
        -27.129584034829573
      ],
      "confidence_score": 0.42817704670093615
    },
    "N Log N": {
      "r2": 0.9992125430532668,
      "aic": 10.296163911895121,
      "bic": 12.385208787341968,
      "params": [
        2.7912877565948254e-06,
        0.4764073844451221
      ],
      "confidence_score": 0.698
    }
  }
}