{
  "valid_points": 97,
  "models": {
    "Constant": {
      "r2": 0.7,
      "aic": -544.0241359142154,
      "bic": -538.8747139572087,
      "params": [
        100.07105130971097,
        -99.92894869028898
      ],
      "confidence_score": 0.43
    },
    "Linear": {
      "r2": 0.9556787788099187,
      "aic": -846.3044291647192,
      "bic": -841.1550072077124,
      "params": [
        4.164343669577075e-05,
        0.05526188655653852
      ],
      "confidence_score": 0.9634072672859512
    },
    "Quadratic": {
      "r2": 0.8817950529265033,
      "aic": -749.1516620970276,
      "bic": -741.4275291615174,
      "params": [
        9.027215249203043e-09,
        1.0,
        0.08534298837862046
      ],
      "confidence_score": 0.5090770317559019
    },
    "Cubic": {
      "r2": 0.7789224610866966,
      "aic": -686.4205889804721,
      "bic": -676.1217450664585,
      "params": [
        1.9966742008531215e-12,
        1.0,
        1.0,
        0.09942611158816096
      ],
      "confidence_score": 0.4473534766520179
    },
    "Logarithmic": {
      "r2": 0.5985534654110285,
      "aic": -632.5541850207841,
      "bic": -627.4047630637773,
      "params": [
        0.025842265556687522,
        -0.03834099818801571
      ],
      "confidence_score": 0.29727673270551425
    },
    "N Log N": {
      "r2": 0.9532172210236276,
      "aic": -841.0614270077814,
      "bic": -835.9120050507746,
      "params": [
        4.907261718874987e-06,
        0.06110744055096457
      ],
      "confidence_score": 0.5698080985992751
    }
  }
}