{
  "valid_points": 19,
  "models": {
    "Constant": {
      "r2": 0.9,
      "aic": -245.82169193675446,
      "bic": -243.9328139784216,
      "params": [
        100.01579356428817,
        -99.98420643571171
      ],
      "confidence_score": 0.5332530682891687
    },
    "Linear": {
      "r2": 0.3516154602581323,
      "aic": -254.05384726583662,
      "bic": -252.16496930750375,
      "params": [
        -3.0223214835256584e-06,
        0.03612061080205098
      ],
      "confidence_score": 0.4669325888146357
    },
    "Quadratic": {
      "r2": 0.32363261016717326,
      "aic": -251.25105055196468,
      "bic": -248.41773361446536,
      "params": [
        -9.633424950156318e-10,
        1.0,
        0.0338268998773908
      ],
      "confidence_score": 0.2150227736823275
    },
    "Cubic": {
      "r2": 0.29617509183190205,
      "aic": -248.4949795479294,
      "bic": -244.71722363126364,
      "params": [
        -3.978710537345389e-13,
        1.0,
        1.0,
        0.03306422486346893
      ],
      "confidence_score": 0.16412548795729684
    },
    "Logarithmic": {
      "r2": 0.37887931573441247,
      "aic": -254.870059606177,
      "bic": -252.98118164784412,
      "params": [
        -0.004593893864896769,
        0.06510431866775677
      ],
      "confidence_score": 0.6874396578672062
    },
    "N Log N": {
      "r2": 0.34823532276269065,
      "aic": -253.95505436380853,
      "bic": -252.06617640547566,
      "params": [
        -3.6223016418353785e-07,
        0.035569880754775234
      ],
      "confidence_score": 0.3619763124343149
    }
  }
}