{
  "valid_points": 30,
  "models": {
    "Constant": {
      "r2": 0.85,
      "aic": -686.0858499621992,
      "bic": -683.2834551988749,
      "params": [
        100.00007525086407,
        -99.99992474913591
      ],
      "confidence_score": 0.6452922216199325
    },
    "Linear": {
      "r2": 0.001356494174692191,
      "aic": -686.1265724135726,
      "bic": -683.3241776502483,
      "params": [
        -2.665800729036935e-15,
        0.0001506449374063259
      ],
      "confidence_score": 0.29057871929604745
    },
    "Quadratic": {
      "r2": 0.007350203257843191,
      "aic": -684.3071704352568,
      "bic": -680.1035782902703,
      "params": [
        -1.2002870843943937e-23,
        1.0,
        0.00015077080787157215
      ],
      "confidence_score": 0.04431144324871693
    },
    "Cubic": {
      "r2": 0.008585443416676108,
      "aic": -682.3445252816264,
      "bic": -676.7397357549778,
      "params": [
        -2.4307487146413046e-32,
        1.0,
        1.0,
        0.00015077039958983924
      ],
      "confidence_score": 0.0
    },
    "Logarithmic": {
      "r2": 0.020378005841485636,
      "aic": -686.7035050213929,
      "bic": -683.9011102580686,
      "params": [
        2.384745559092685e-07,
        0.0001479274429602681
      ],
      "confidence_score": 0.5081890029207429
    },
    "N Log N": {
      "r2": 0.001735380291697064,
      "aic": -686.1379565964513,
      "bic": -683.335561833127,
      "params": [
        -1.5059476881895364e-16,
        0.00015066058190971304
      ],
      "confidence_score": 0.22497467287770223
    }
  }
}