{
  "valid_points": 20,
  "models": {
    "Constant": {
      "r2": -2.220446049250313e-16,
      "aic": 388.45982482997834,
      "bic": 390.4512893770863,
      "params": [
        4464.727630233681,
        6708.688699717293
      ],
      "confidence_score": -2.220446049250313e-16
    },
    "Linear": {
      "r2": 0.7483351848316584,
      "aic": 360.8666813224729,
      "bic": 362.8581458695809,
      "params": [
        203.69439632507616,
        -10723.73115533568
      ],
      "confidence_score": 0.7283351848316584
    },
    "Quadratic": {
      "r2": 0.9191186501871506,
      "aic": 340.16438452340924,
      "bic": 343.1515813440712,
      "params": [
        1.0154722421545332,
        1.0,
        -4647.133368623319
      ],
      "confidence_score": 0.8791186501871505
    },
    "Cubic": {
      "r2": 0.9846642159397577,
      "aic": 308.90849775164224,
      "bic": 312.89142684585823,
      "params": [
        0.005103117404366975,
        1.0,
        1.0,
        -1787.4556391971823
      ],
      "confidence_score": 0.9346642159397577
    },
    "Logarithmic": {
      "r2": 0.3635725377107577,
      "aic": 379.4221282121892,
      "bic": 381.41359275929716,
      "params": [
        8703.223644349086,
        -26648.04408804817
      ],
      "confidence_score": 0.3535725377107577
    },
    "N Log N": {
      "r2": 0.7925667748417858,
      "aic": 357.0009088786056,
      "bic": 358.9923734257136,
      "params": [
        37.844400789533644,
        -8684.594520749733
      ],
      "confidence_score": 0.7625667748417858
    }
  }
}