{
  "Constant": {
    "r2": 0.0,
    "aic": 622.8876656889853,
    "bic": 625.5520747093357,
    "params": [
      380.75405635703646,
      45408.13824694262
    ]
  },
  "Linear": {
    "r2": 0.7268863899387942,
    "aic": 586.5473780327277,
    "bic": 589.2117870530781,
    "params": [
      604.900887359849,
      -45853.592616284965
    ]
  },
  "Quadratic": {
    "r2": 0.9024112658016874,
    "aic": 559.7318555143854,
    "bic": 563.728469044911,
    "params": [
      2.1518722694996817,
      1.0,
      -20590.987992665297
    ]
  },
  "Cubic": {
    "r2": 0.9759487153625153,
    "aic": 522.5157933688326,
    "bic": 527.8446114095335,
    "params": [
      0.007724308953735326,
      1.0,
      1.0,
      -8788.42578839577
    ]
  },
  "Logarithmic": {
    "r2": 0.34316080118899683,
    "aic": 611.118816537568,
    "bic": 613.7832255579184,
    "params": [
      35713.92247267827,
      -121821.25265047638
    ]
  },
  "N Log N": {
    "r2": 0.7688098745186238,
    "aic": 581.8812498063392,
    "bic": 584.5456588266895,
    "params": [
      105.73473306642867,
      -37852.12004281899
    ]
  }
}