{
  "Constant": {
    "name": "Constant",
    "r2": 0.0,
    "bic": 390.4512893770863,
    "confidence_score": -0.14978661367769955,
    "params": [
      9963.605870565,
      1209.8105582617509
    ],
    "order": 0
  },
  "Linear": {
    "name": "Linear",
    "r2": 0.6152050636762341,
    "bic": 371.3503949867075,
    "confidence_score": 0.42541844999853456,
    "params": [
      129.69965339457272,
      8.00315821897094e-22
    ],
    "order": 2
  },
  "Quadratic": {
    "name": "Quadratic",
    "r2": 0.8755244831609756,
    "bic": 351.7740969644147,
    "confidence_score": 0.5708445626444264,
    "params": [
      0.8515034111762192,
      3.0936554909483235e-19,
      1.4837552237669934e-19
    ],
    "order": 4
  },
  "Cubic": {
    "name": "Cubic",
    "r2": 0.9765482747434171,
    "bic": 321.38652962245794,
    "confidence_score": 0.5769750473880181,
    "params": [
      0.004798127651601793,
      2.034428098354297e-22,
      8.680064994264945e-23,
      2.5584437852323723e-22
    ],
    "order": 5
  },
  "Logarithmic": {
    "name": "Logarithmic",
    "r2": 0.1927697163956723,
    "bic": 386.1683635012313,
    "confidence_score": 0.02298310271797276,
    "params": [
      2900.163578307403,
      4.5070910238453683e-13
    ],
    "order": 1
  },
  "N Log N": {
    "name": "N Log N",
    "r2": 0.687903529897955,
    "bic": 367.1624305786901,
    "confidence_score": 0.4781169162202555,
    "params": [
      26.41703379260721,
      2.7814282708906336e-10
    ],
    "order": 3
  },
  "confidence_analysis": {
    "best_model": "Cubic",
    "best_score": 0.5769750473880181,
    "second_best_model": "Quadratic",
    "second_best_score": 0.5708445626444264,
    "confidence_gap": 0.00613048474359168,
    "is_confident": false,
    "threshold": 0.03
  }
}