{
  "best_model": "O(2^n)",
  "details": {
    "O(1)": {
      "r2": 0,
      "aic": Infinity,
      "params_norm": [
        1.0
      ],
      "rss": 0.0
    },
    "O(n)": {
      "r2": 0,
      "aic": -3623.065824951707,
      "params_norm": [
        3.539513381405014e-10,
        0.9999999997936918
      ],
      "rss": 2.556289086665841e-14
    },
    "O(n^2)": {
      "r2": 0,
      "aic": -3088.068120579931,
      "params_norm": [
        2.262728146446774e-08,
        -2.697387986981183e-08,
        1.000000006707853
      ],
      "rss": 4.999580834083997e-12
    },
    "O(n^3)": {
      "r2": 0,
      "aic": -3032.9956651324283,
      "params_norm": [
        9.207473059506364e-09,
        1.2993395631032284e-08,
        -2.4496106730549883e-08,
        1.0000000064036458
      ],
      "rss": 8.441400649914107e-12
    },
    "O(log n)": {
      "r2": 0,
      "aic": -3163.0562532197064,
      "params_norm": [
        -1.7262467729194512e-09,
        0.9999999988883356
      ],
      "rss": 2.4301103321520813e-12
    },
    "O(n log n)": {
      "r2": 0,
      "aic": -3592.043007788358,
      "params_norm": [
        9.149493385152141e-10,
        1.000000000238507
      ],
      "rss": 3.4754127081395626e-14
    },
    "O(2^n)": {
      "r2": 0,
      "aic": -3801.4716406615717,
      "params_norm": [
        1.0000000000853677,
        -1.463447165138362e-10
      ],
      "rss": 4.369932266646646e-15
    },
    "O(n^k)": {
      "r2": 0,
      "aic": -3501.756325341584,
      "params_norm": [
        0.999999999792065,
        -3.2278032427202367e-10
      ],
      "rss": 8.49638505913088e-14
    }
  }
}