{
  "valid_points": 19,
  "models": {
    "Constant": {
      "r2": 0.7,
      "aic": 51.76958438449988,
      "bic": 53.65846234283276,
      "params": [
        -98.25132471558295,
        101.74867528441708
      ],
      "confidence_score": 0.09999999999999998
    },
    "Linear": {
      "r2": 0.8691101783658797,
      "aic": 13.1349964324891,
      "bic": 15.02387439082198,
      "params": [
        0.05439177535747619,
        -2.648920046560679
      ],
      "confidence_score": 0.42146610701952775
    },
    "Quadratic": {
      "r2": 0.979446358502084,
      "aic": -20.04004150147137,
      "bic": -17.206724563972053,
      "params": [
        0.0002485805109750434,
        1.0,
        -0.5791212306456327
      ],
      "confidence_score": 0.5676678151012724
    },
    "Cubic": {
      "r2": 0.9992918845342937,
      "aic": -82.03558003332955,
      "bic": -78.25782411666378,
      "params": [
        1.2037887658911117e-06,
        1.0,
        1.0,
        0.27906102894311813
      ],
      "confidence_score": 0.9795751307205762
    },
    "Logarithmic": {
      "r2": 0.601233890493338,
      "aic": 34.30136009653363,
      "bic": 36.190238054866505,
      "params": [
        3.6991184067403236,
        -13.210023313799311
      ],
      "confidence_score": 0.548
    },
    "N Log N": {
      "r2": 0.8994353471601334,
      "aic": 8.12744990138183,
      "bic": 10.01632785971471,
      "params": [
        0.009835922137487664,
        -1.933766639496896
      ],
      "confidence_score": 0.698
    }
  }
}