{
  "valid_points": 36,
  "models": {
    "Constant": {
      "r2": 0.7,
      "aic": 294.01259685500224,
      "bic": 297.17963473191446,
      "params": [
        138.03125384652532,
        -36.48918627736215
      ],
      "confidence_score": 0.11999999999999998
    },
    "Linear": {
      "r2": 0.9984438960660462,
      "aic": 61.2520747001666,
      "bic": 64.41911257707882,
      "params": [
        0.00011303588552081973,
        -4.270542231707562
      ],
      "confidence_score": 0.4990663403132102
    },
    "Quadratic": {
      "r2": 0.9621183906925668,
      "aic": 178.1741738754438,
      "bic": 182.92473069081214,
      "params": [
        5.767221772970633e-11,
        1.0,
        36.79845062514408
      ],
      "confidence_score": 0.55727103441554
    },
    "Cubic": {
      "r2": 0.8806127141122129,
      "aic": 221.49882444137302,
      "bic": 227.83290019519745,
      "params": [
        3.197320244350776e-17,
        1.0,
        1.0,
        53.196567424321216
      ],
      "confidence_score": 0.5083676284673276
    },
    "Logarithmic": {
      "r2": 0.8644378660103087,
      "aic": 222.07289000289109,
      "bic": 225.2399278798033,
      "params": [
        71.37247563151018,
        -864.961606147503
      ],
      "confidence_score": 0.548
    },
    "N Log N": {
      "r2": 0.9994531429695975,
      "aic": 23.6049630919449,
      "bic": 26.77200096885712,
      "params": [
        7.72270752098116e-06,
        1.0082312239824314
      ],
      "confidence_score": 0.998
    }
  }
}