{
  "valid_points": 19,
  "models": {
    "Constant": {
      "r2": 0.7,
      "aic": 112.59326948732503,
      "bic": 114.48214744565792,
      "params": [
        -96.2220505664223,
        103.77794943357769
      ],
      "confidence_score": 0.09999999999999998
    },
    "Linear": {
      "r2": 0.9999992894230043,
      "aic": -156.39331252362317,
      "bic": -154.5044345652903,
      "params": [
        0.0002734835129923896,
        -0.005071028809011668
      ],
      "confidence_score": 0.8999995736538026
    },
    "Quadratic": {
      "r2": 0.9202101052605307,
      "aic": 66.55445960455938,
      "bic": 69.38777654205872,
      "params": [
        1.0746244884097187e-09,
        1.0,
        2.3736089372520253
      ],
      "confidence_score": 0.5321260631563184
    },
    "Cubic": {
      "r2": 0.8425897792128878,
      "aic": 81.46416929747787,
      "bic": 85.24192521414363,
      "params": [
        3.976091623346899e-15,
        1.0,
        1.0,
        3.247571321432669
      ],
      "confidence_score": 0.48555386752773266
    },
    "Logarithmic": {
      "r2": 0.3975411902481497,
      "aic": 102.96528583860741,
      "bic": 104.8541637969403,
      "params": [
        3.0490070246969814,
        -12.377643228235371
      ],
      "confidence_score": 0.3467705951240748
    },
    "N Log N": {
      "r2": 0.9986955418080172,
      "aic": -13.604113069203503,
      "bic": -11.715235110870623,
      "params": [
        2.2143255068889805e-05,
        0.34779844371732577
      ],
      "confidence_score": 0.648
    }
  }
}