{
  "valid_points": 7579,
  "models": {
    "Constant": {
      "r2": 0.7,
      "aic": -146459.42325165743,
      "bic": -146445.5569785698,
      "params": [
        100.00037861817474,
        -99.99962138182512
      ],
      "confidence_score": 0.43
    },
    "Linear": {
      "r2": 0.024350472196661754,
      "aic": -146646.2596032753,
      "bic": -146632.39333018768,
      "params": [
        -1.145445669972219e-11,
        0.0008682054396037629
      ],
      "confidence_score": 0.4046102833179971
    },
    "Quadratic": {
      "r2": 0.02364849233943833,
      "aic": -146638.80847341358,
      "bic": -146618.00906378214,
      "params": [
        -8.956609365847593e-19,
        1.0,
        0.0008419711327353854
      ],
      "confidence_score": 0.0
    },
    "Cubic": {
      "r2": 0.022389459596905525,
      "aic": -146627.04143573163,
      "bic": -146599.30888955639,
      "params": [
        -7.951508763850887e-26,
        1.0,
        1.0,
        0.000830856648246042
      ],
      "confidence_score": 0.0
    },
    "Logarithmic": {
      "r2": 0.02301051974256285,
      "aic": -146635.8577817386,
      "bic": -146621.99150865097,
      "params": [
        -4.830173896569183e-05,
        0.0015337071694576734
      ],
      "confidence_score": 0.21115872259000779
    },
    "N Log N": {
      "r2": 0.024332409043279823,
      "aic": -146646.1192871389,
      "bic": -146632.25301405127,
      "params": [
        -6.924515337889532e-13,
        0.0008651892013400027
      ],
      "confidence_score": 0.48984013944187216
    }
  }
}