{
  "valid_points": 11,
  "models": {
    "Constant": {
      "r2": 0.7,
      "aic": 87.68903705788408,
      "bic": 88.48482760348082,
      "params": [
        109.34428501535544,
        -90.6557149846445
      ],
      "confidence_score": 0.09999999999999998
    },
    "Linear": {
      "r2": 0.9180881555366235,
      "aic": 60.165808604974,
      "bic": 60.96159915057075,
      "params": [
        0.07071113822941247,
        -7.558118822988277
      ],
      "confidence_score": 0.4508528933219742
    },
    "Quadratic": {
      "r2": 0.9998944117087707,
      "aic": -11.026556726960784,
      "bic": -9.832870908565672,
      "params": [
        3.7340141504027535e-05,
        1.0,
        -0.2674141847709486
      ],
      "confidence_score": 0.9799366470252624
    },
    "Cubic": {
      "r2": 0.9861081259499379,
      "aic": 44.64807374231731,
      "bic": 46.23965483351079,
      "params": [
        1.8194936601572723e-08,
        1.0,
        1.0,
        2.4780340864479706
      ],
      "confidence_score": 0.5716648755702294
    },
    "Logarithmic": {
      "r2": 0.3567926913255932,
      "aic": 82.83486687775975,
      "bic": 83.6306574233565,
      "params": [
        11.437586052716973,
        -27.588048715498804
      ],
      "confidence_score": 0.3263963456627966
    },
    "N Log N": {
      "r2": 0.9454229746126168,
      "aic": 55.69947214029832,
      "bic": 56.49526268589506,
      "params": [
        0.009473070752204034,
        -5.714507273790606
      ],
      "confidence_score": 0.6980000000000013
    }
  }
}