{
  "Constant": {
    "r2": 0.0,
    "aic": 246.79409685744494,
    "bic": 248.6829748157778,
    "params": [
      364.6449310675273,
      -35.36096989367279
    ]
  },
  "Linear": {
    "r2": 0.46480085382766034,
    "aic": 234.91688591270642,
    "bic": 236.8057638710393,
    "params": [
      6.628649087103871,
      -350.67588841111757
    ]
  },
  "Quadratic": {
    "r2": 0.6117134302556101,
    "aic": 230.81987588439068,
    "bic": 233.65319282189,
    "params": [
      0.03518883963080288,
      1.0,
      -172.97005472018643
    ]
  },
  "Cubic": {
    "r2": 0.6954507492232398,
    "aic": 228.20457008320764,
    "bic": 231.9823259998734,
    "params": [
      0.00018566900629946037,
      1.0,
      1.0,
      -87.74132462668705
    ]
  },
  "Logarithmic": {
    "r2": 0.21045746339837512,
    "aic": 242.3043670495165,
    "bic": 244.19324500784936,
    "params": [
      263.3120897824395,
      -801.7159877661536
    ]
  },
  "N Log N": {
    "r2": 0.49870070714436066,
    "aic": 233.67360951608413,
    "bic": 235.562487474417,
    "params": [
      1.2469868323454154,
      -289.52292945932527
    ]
  }
}