{
  "valid_points": 10,
  "models": {
    "Constant": {
      "r2": 0.7,
      "aic": -15.763621414332082,
      "bic": -15.15845122834399,
      "params": [
        -0.770695343613625,
        1.0
      ],
      "confidence_score": 0.09999999999999998
    },
    "Linear": {
      "r2": 0.9977935866839542,
      "aic": -76.92749157185492,
      "bic": -76.32232138586683,
      "params": [
        0.0011881167523335456,
        -0.01259591438868446
      ],
      "confidence_score": 0.49869048506452673
    },
    "Quadratic": {
      "r2": 0.9473408406540131,
      "aic": -43.202772302803986,
      "bic": -42.29501702382185,
      "params": [
        1.1611943455180393e-06,
        1.0,
        0.06743207482420437
      ],
      "confidence_score": 0.5484045043929932
    },
    "Cubic": {
      "r2": 0.8801054659957462,
      "aic": -32.97504947375553,
      "bic": -31.76470910177935,
      "params": [
        1.0963154580122958e-09,
        1.0,
        1.0,
        0.09523126836681718
      ],
      "confidence_score": 0.5080632795974507
    },
    "Logarithmic": {
      "r2": 0.5649712147580961,
      "aic": -24.087052185461015,
      "bic": -23.481881999472925,
      "params": [
        0.12996167366795722,
        -0.2500201126463248
      ],
      "confidence_score": 0.5304856073790482
    },
    "N Log N": {
      "r2": 0.9997151982720276,
      "aic": -97.40079452559164,
      "bic": -96.79562433960355,
      "params": [
        0.0001722824827108653,
        0.00999036496534421
      ],
      "confidence_score": 0.9480000000000001
    }
  }
}