{
  "valid_points": 58,
  "models": {
    "Constant": {
      "r2": -4.440892098500626e-16,
      "aic": 1110.1541969788052,
      "bic": 1114.2750829998981,
      "params": [
        12859.190370302556,
        2183.5939053218362
      ],
      "confidence_score": -4.440892098500626e-16
    },
    "Linear": {
      "r2": 0.6191648647948174,
      "aic": 1054.1616515957521,
      "bic": 1058.282537616845,
      "params": [
        12.857069611651692,
        -16224.27921230491
      ],
      "confidence_score": 0.5991648647948173
    },
    "Quadratic": {
      "r2": 0.6679977149044458,
      "aic": 1048.2026181970639,
      "bic": 1054.3839472287032,
      "params": [
        0.0026976363247451784,
        1.0,
        -2848.707484249962
      ],
      "confidence_score": 0.6279977149044458
    },
    "Cubic": {
      "r2": 0.6945184420081494,
      "aic": 1045.373976586583,
      "bic": 1053.6157486287686,
      "params": [
        6.785322567103955e-07,
        1.0,
        1.0,
        1715.6778943246586
      ],
      "confidence_score": 0.6445184420081493
    },
    "Logarithmic": {
      "r2": 0.54544028062739,
      "aic": 1064.4254902410619,
      "bic": 1068.5463762621548,
      "params": [
        26729.064789377313,
        -191522.47228066582
      ],
      "confidence_score": 0.53544028062739
    },
    "N Log N": {
      "r2": 0.625984377496078,
      "aic": 1053.1136497385348,
      "bic": 1057.2345357596278,
      "params": [
        1.4751314167274194,
        -13151.76691598787
      ],
      "confidence_score": 0.595984377496078
    }
  }
}