{
  "Constant": {
    "r2": 1.1102230246251565e-16,
    "aic": 126.61184233328436,
    "bic": 131.32525998666355,
    "params": [
      -97.03668019710446,
      102.96331980289573
    ]
  },
  "Linear": {
    "r2": 0.9992660073792948,
    "aic": -436.3150611356867,
    "bic": -431.6016434823075,
    "params": [
      0.0018767610158486603,
      0.3504938952410658
    ]
  },
  "Quadratic": {
    "r2": 0.9718897062779592,
    "aic": -149.97447438413622,
    "bic": -142.90434790406744,
    "params": [
      3.0644110840780754e-07,
      1.0,
      2.802757339682691
    ]
  },
  "Cubic": {
    "r2": 0.9107601088537984,
    "aic": -57.869473744754146,
    "bic": -48.44263843799578,
    "params": [
      5.895969738022212e-11,
      1.0,
      1.0,
      3.6612478767330314
    ]
  },
  "Logarithmic": {
    "r2": 0.9590567606480662,
    "aic": -122.64250671199966,
    "bic": -117.92908905862048,
    "params": [
      4.815585655877555,
      -32.14509559171299
    ]
  },
  "N Log N": {
    "r2": 0.9989555626792733,
    "aic": -408.8017627031432,
    "bic": -404.08834504976403,
    "params": [
      0.00020966027749446333,
      0.8945553068158848
    ]
  }
}