{
  "valid_points": 18,
  "models": {
    "Constant": {
      "r2": 0.9,
      "aic": -212.39327788182848,
      "bic": -210.61253436603616,
      "params": [
        100.02744514495134,
        -99.9725548550487
      ],
      "confidence_score": 0.5684935529722779
    },
    "Linear": {
      "r2": 0.1770610870115238,
      "aic": -215.90099738733062,
      "bic": -214.1202538715383,
      "params": [
        -3.6667313492166898e-06,
        0.06039038692682375
      ],
      "confidence_score": 0.3927323170442382
    },
    "Quadratic": {
      "r2": 0.15399786775121838,
      "aic": -213.40347906365673,
      "bic": -210.73236378996825,
      "params": [
        -1.1363775064345706e-09,
        1.0,
        0.05753710251142426
      ],
      "confidence_score": 0.12689255458369703
    },
    "Cubic": {
      "r2": 0.1347313773064276,
      "aic": -210.9981528101074,
      "bic": -207.43666577852275,
      "params": [
        -4.591880069458924e-13,
        1.0,
        1.0,
        0.056603635153603934
      ],
      "confidence_score": 0.0713268977469654
    },
    "Logarithmic": {
      "r2": 0.20398999372273763,
      "aic": -216.49986128712882,
      "bic": -214.7191177713365,
      "params": [
        -0.005764316141102819,
        0.0969414118433634
      ],
      "confidence_score": 0.5999949968613689
    },
    "N Log N": {
      "r2": 0.17404518762661958,
      "aic": -215.83515172532125,
      "bic": -214.05440820952893,
      "params": [
        -4.378158806332686e-07,
        0.05970472792537005
      ],
      "confidence_score": 0.30019243897424847
    }
  }
}