{
  "valid_points": 19,
  "models": {
    "Constant": {
      "r2": 0.7,
      "aic": 125.58367411673666,
      "bic": 127.47255207506954,
      "params": [
        -94.68303138488216,
        105.31696861511783
      ],
      "confidence_score": 0.11999999999999998
    },
    "Linear": {
      "r2": 0.9999955884760603,
      "aic": -108.71084279232781,
      "bic": -106.82196483399493,
      "params": [
        0.00019240172757017948,
        0.015842837996924652
      ],
      "confidence_score": 0.8999973530856361
    },
    "Quadratic": {
      "r2": 0.9193066943093388,
      "aic": 79.75878057341608,
      "bic": 82.5920975109154,
      "params": [
        3.7796016890729983e-10,
        1.0,
        3.3432491245503595
      ],
      "confidence_score": 0.5315840165856032
    },
    "Cubic": {
      "r2": 0.8416257970853394,
      "aic": 94.57057532494395,
      "bic": 98.34833124160971,
      "params": [
        6.991656581728728e-16,
        1.0,
        1.0,
        4.573202248598355
      ],
      "confidence_score": 0.4849754782512036
    },
    "Logarithmic": {
      "r2": 0.3898311264247414,
      "aic": 116.19730327090281,
      "bic": 118.08618122923569,
      "params": [
        3.9299220119773843,
        -16.34930114815278
      ],
      "confidence_score": 0.4429155632123707
    },
    "N Log N": {
      "r2": 0.9986876643591059,
      "aic": -0.49931503244563746,
      "bic": 1.389562925887243,
      "params": [
        1.4752691128997044e-05,
        0.4758815029644817
      ],
      "confidence_score": 0.648
    }
  }
}