{
  "Constant": {
    "r2": 2.220446049250313e-16,
    "aic": -31.800365914866425,
    "bic": -29.284172838823462,
    "params": [
      100.39327552971936,
      -99.60672447028067
    ]
  },
  "Linear": {
    "r2": 0.9606752478660145,
    "aic": -115.93379537472227,
    "bic": -113.4176022986793,
    "params": [
      0.005668147748387975,
      -0.11294038709401266
    ]
  },
  "Quadratic": {
    "r2": 0.9963522342900316,
    "aic": -175.755017174781,
    "bic": -171.98072756071653,
    "params": [
      1.7937630356956724e-05,
      1.0,
      0.1994717353069052
    ]
  },
  "Cubic": {
    "r2": 0.9543292560664418,
    "aic": -108.04409734223313,
    "bic": -103.0117111901472,
    "params": [
      6.011700426356015e-08,
      1.0,
      1.0,
      0.33244692726716196
    ]
  },
  "Logarithmic": {
    "r2": 0.7268335218857832,
    "aic": -65.53988626741791,
    "bic": -63.023693191374946,
    "params": [
      0.5371097182984149,
      -1.807723780758029
    ]
  },
  "N Log N": {
    "r2": 0.9771017787854255,
    "aic": -129.9944631539836,
    "bic": -127.47827007794062,
    "params": [
      0.0009622242560364454,
      -0.013271594947268239
    ]
  }
}