{
  "valid_points": 96,
  "models": {
    "Constant": {
      "r2": 0.7,
      "aic": -848.1954566472998,
      "bic": -843.0667602643641,
      "params": [
        100.03487933039037,
        -99.9651206696097
      ],
      "confidence_score": 0.46881079570436224
    },
    "Linear": {
      "r2": 0.04171103916448604,
      "aic": -852.2856247011505,
      "bic": -847.1569283182148,
      "params": [
        -1.7188509389143292e-06,
        0.07338822939435985
      ],
      "confidence_score": 0.4150266234986916
    },
    "Quadratic": {
      "r2": 0.03603872312324585,
      "aic": -849.7190554690644,
      "bic": -842.0260108946609,
      "params": [
        -3.6117596326750454e-10,
        1.0,
        0.07208074594013396
      ],
      "confidence_score": 0.03237679619343886
    },
    "Cubic": {
      "r2": 0.03189452621357425,
      "aic": -847.3072234106432,
      "bic": -837.0498306447719,
      "params": [
        -8.007042980812461e-14,
        1.0,
        1.0,
        0.07151728039089862
      ],
      "confidence_score": 0.00169136696054812
    },
    "Logarithmic": {
      "r2": 0.024887484732436294,
      "aic": -850.6148884266245,
      "bic": -845.4861920436888,
      "params": [
        -0.001042335353909991,
        0.07704286103703664
      ],
      "confidence_score": 0.1405581780059374
    },
    "N Log N": {
      "r2": 0.041126021821736414,
      "aic": -852.2270363928702,
      "bic": -847.0983400099345,
      "params": [
        -2.0142773899823076e-07,
        0.07313046812200252
      ],
      "confidence_score": 0.6099022390051819
    }
  }
}