{
  "valid_points": 10,
  "models": {
    "Constant": {
      "r2": 0.7,
      "aic": 73.31688682339134,
      "bic": 73.92205700937943,
      "params": [
        13.044038578867912,
        1.0
      ],
      "confidence_score": 0.09999999999999998
    },
    "Linear": {
      "r2": 0.9173665871416935,
      "aic": 48.383475161132715,
      "bic": 48.98864534712081,
      "params": [
        0.09794198078274308,
        -5.8969487084984955
      ],
      "confidence_score": 0.4504199522851275
    },
    "Quadratic": {
      "r2": 0.9997976470901683,
      "aic": -9.738086242152935,
      "bic": -8.830330963170798,
      "params": [
        0.00010255728045305279,
        1.0,
        -0.2526309194047316
      ],
      "confidence_score": 0.9798785882541009
    },
    "Cubic": {
      "r2": 0.9871858893425587,
      "aic": 33.744803622038795,
      "bic": 34.955143994014975,
      "params": [
        9.982200913299191e-08,
        1.0,
        1.0,
        1.8363524391131674
      ],
      "confidence_score": 0.5723115337297476
    },
    "Logarithmic": {
      "r2": 0.3811673486488818,
      "aic": 68.5176828626036,
      "bic": 69.1228530485917,
      "params": [
        9.177378469449225,
        -19.80397752548151
      ],
      "confidence_score": 0.3385836743244409
    },
    "N Log N": {
      "r2": 0.9467555401440075,
      "aic": 43.98827162270917,
      "bic": 44.593441808697264,
      "params": [
        0.014413868647688838,
        -4.304706563310187
      ],
      "confidence_score": 0.6980000000007522
    }
  }
}