{
  "valid_points": 18,
  "models": {
    "Constant": {
      "r2": 0.7,
      "aic": 132.02914563588888,
      "bic": 133.8098891516812,
      "params": [
        -94.75945139096845,
        105.24054860903165
      ],
      "confidence_score": 0.11999999999999998
    },
    "Linear": {
      "r2": 0.999832011035063,
      "aic": -24.41987514522559,
      "bic": -22.63913162943326,
      "params": [
        0.00014666607277583573,
        -0.19863729091063922
      ],
      "confidence_score": 0.5043091614403915
    },
    "Quadratic": {
      "r2": 0.9883886709432479,
      "aic": 53.825213372158856,
      "bic": 56.49632864584735,
      "params": [
        1.3845259441748672e-10,
        1.0,
        1.8476895312656363
      ],
      "confidence_score": 0.5730332025659487
    },
    "Cubic": {
      "r2": 0.9853780113365388,
      "aic": 59.9750270483595,
      "bic": 63.536514079944155,
      "params": [
        1.3170945302649859e-16,
        1.0,
        1.0,
        2.026143342281287
      ],
      "confidence_score": 0.5712268068019233
    },
    "Logarithmic": {
      "r2": 0.27793517504513177,
      "aic": 126.16761917634201,
      "bic": 127.94836269213434,
      "params": [
        4.815844041701092,
        -21.26933616956359
      ],
      "confidence_score": 0.3869675875225659
    },
    "N Log N": {
      "r2": 0.9998981955479475,
      "aic": -33.43507535071805,
      "bic": -31.65433183492572,
      "params": [
        1.0577457768039282e-05,
        0.2306685759924083
      ],
      "confidence_score": 0.998
    }
  }
}