{
  "valid_points": 18,
  "models": {
    "Constant": {
      "r2": 0.7,
      "aic": 133.64754804174888,
      "bic": 135.4282915575412,
      "params": [
        -93.40704290403256,
        106.5929570959674
      ],
      "confidence_score": 0.11999999999999998
    },
    "Linear": {
      "r2": 0.9999919037390355,
      "aic": -77.38639977741481,
      "bic": -75.60565626162249,
      "params": [
        0.00030292832081724175,
        -0.04888950974661754
      ],
      "confidence_score": 0.8999951422434213
    },
    "Quadratic": {
      "r2": 0.9573148908566623,
      "aic": 78.87725531340163,
      "bic": 81.54837058709012,
      "params": [
        5.711290598521872e-10,
        1.0,
        3.737446077902562
      ],
      "confidence_score": 0.5543889345139974
    },
    "Cubic": {
      "r2": 0.9369326575941264,
      "aic": 87.90360850638689,
      "bic": 91.46509553797155,
      "params": [
        1.0755542356271686e-15,
        1.0,
        1.0,
        4.420877343084859
      ],
      "confidence_score": 0.5421595945564758
    },
    "Logarithmic": {
      "r2": 0.32104039077405344,
      "aic": 126.67806254210947,
      "bic": 128.4588060579018,
      "params": [
        5.51498866351517,
        -22.96154557360965
      ],
      "confidence_score": 0.4085201953870268
    },
    "N Log N": {
      "r2": 0.9991216189229102,
      "aic": 6.9738075032577,
      "bic": 8.75455101905003,
      "params": [
        2.3067682073628007e-05,
        0.6115913354236945
      ],
      "confidence_score": 0.698
    }
  }
}