{
  "valid_points": 10,
  "models": {
    "Constant": {
      "r2": 2.220446049250313e-16,
      "aic": 79.31281948305335,
      "bic": 79.91798966904143,
      "params": [
        35.82736009359359,
        1.0
      ],
      "confidence_score": 2.220446049250313e-16
    },
    "Linear": {
      "r2": 0.9431772828380556,
      "aic": 50.63462865125841,
      "bic": 51.239798837246504,
      "params": [
        0.1897843367847194,
        -29.312481275881055
      ],
      "confidence_score": 0.9231772828380556
    },
    "Quadratic": {
      "r2": 0.999800616173474,
      "aic": -3.889968661229192,
      "bic": -2.9822133822470542,
      "params": [
        0.00022090887660042302,
        1.0,
        -0.7939738637161418
      ],
      "confidence_score": 0.959800616173474
    },
    "Cubic": {
      "r2": 0.9762734856749522,
      "aic": 45.90119840024522,
      "bic": 47.11153877222141,
      "params": [
        2.738376021684462e-07,
        1.0,
        1.0,
        9.046833073584732
      ],
      "confidence_score": 0.9262734856749522
    },
    "Logarithmic": {
      "r2": 0.759209249546878,
      "aic": 65.07454970280588,
      "bic": 65.67971988879397,
      "params": [
        56.79969998333095,
        -283.7113024977536
      ],
      "confidence_score": 0.749209249546878
    },
    "N Log N": {
      "r2": 0.9589869687062043,
      "aic": 47.374165219622476,
      "bic": 47.97933540561057,
      "params": [
        0.02744828199647246,
        -21.018132572599605
      ],
      "confidence_score": 0.9289869687062042
    }
  }
}