{
  "valid_points": 76,
  "models": {
    "Constant": {
      "r2": 0.7,
      "aic": -745.6050887733226,
      "bic": -740.9436220927499,
      "params": [
        100.02989957207126,
        -99.97010042792877
      ],
      "confidence_score": 0.5682657114725547
    },
    "Linear": {
      "r2": 0.020075451314822024,
      "aic": -747.1463460811714,
      "bic": -742.4848794005987,
      "params": [
        -9.065213991702642e-07,
        0.06252407590097936
      ],
      "confidence_score": 0.4004578126111854
    },
    "Quadratic": {
      "r2": 0.020849569854296535,
      "aic": -745.2064081131996,
      "bic": -738.2142080923406,
      "params": [
        -1.5097638072007172e-10,
        1.0,
        0.06135528848986976
      ],
      "confidence_score": 0.03960405966585351
    },
    "Cubic": {
      "r2": 0.021317668388841193,
      "aic": -743.2427498171471,
      "bic": -733.9198164560017,
      "params": [
        -3.0135639327581434e-14,
        1.0,
        1.0,
        0.06096413140526256
      ],
      "confidence_score": 0.0
    },
    "Logarithmic": {
      "r2": 0.01882648627506589,
      "aic": -747.0495417880313,
      "bic": -742.3880751074587,
      "params": [
        -0.0023593529388564113,
        0.07850240732466743
      ],
      "confidence_score": 0.492104073777713
    },
    "N Log N": {
      "r2": 0.02017799096407613,
      "aic": -747.1542991640022,
      "bic": -742.4928324834295,
      "params": [
        -1.0134174415397989e-07,
        0.06226108695880397
      ],
      "confidence_score": 0.608088995482038
    }
  }
}