{
  "valid_points": 29,
  "models": {
    "Constant": {
      "r2": 0.7,
      "aic": -576.3040657952957,
      "bic": -573.5694741353228,
      "params": [
        -99.99983364651952,
        100.00016635348065
      ],
      "confidence_score": 0.3102575012626376
    },
    "Linear": {
      "r2": 0.030919093637513106,
      "aic": -577.2148738957789,
      "bic": -574.4802822358059,
      "params": [
        -7.28557499400578e-14,
        0.00033540448779392226
      ],
      "confidence_score": 0.39
    },
    "Quadratic": {
      "r2": 0.017931587686694672,
      "aic": -574.8288006909711,
      "bic": -570.7269132010117,
      "params": [
        -1.126900046533156e-22,
        1.0,
        0.0003342003258395568
      ],
      "confidence_score": 0.051997694689282295
    },
    "Cubic": {
      "r2": 0.010611333188381589,
      "aic": -572.613438806275,
      "bic": -567.1442554863291,
      "params": [
        -1.643161550832493e-31,
        1.0,
        1.0,
        0.0003337089983085257
      ],
      "confidence_score": 0.0
    },
    "Logarithmic": {
      "r2": 0.0015117420805624837,
      "aic": -576.3479394868468,
      "bic": -573.6133478268739,
      "params": [
        -2.9925854336570563e-07,
        0.0003358055972065038
      ],
      "confidence_score": 0.5932331367061612
    },
    "N Log N": {
      "r2": 0.030297863433793704,
      "aic": -577.1962893753602,
      "bic": -574.4616977153872,
      "params": [
        -3.618885295136769e-15,
        0.00033530748099783696
      ],
      "confidence_score": 0.610374165544563
    }
  }
}