{
  "valid_points": 9,
  "models": {
    "Constant": {
      "r2": 0.7,
      "aic": 61.2996262512499,
      "bic": 61.694075405922334,
      "params": [
        9.854062934716543,
        1.0
      ],
      "confidence_score": 0.09999999999999998
    },
    "Linear": {
      "r2": 0.9416821129046145,
      "aic": 35.72300845828063,
      "bic": 36.117457612953075,
      "params": [
        0.07107561297525256,
        -3.2110111440528284
      ],
      "confidence_score": 0.46500926774276863
    },
    "Quadratic": {
      "r2": 0.9999993422729362,
      "aic": -64.81065584308365,
      "bic": -64.218982111075,
      "params": [
        7.358763297804494e-05,
        1.0,
        -0.012320300169779363
      ],
      "confidence_score": 0.9799996053637617
    },
    "Cubic": {
      "r2": 0.984827032021563,
      "aic": 27.605467539403502,
      "bic": 28.39436584874838,
      "params": [
        7.174633256578965e-08,
        1.0,
        1.0,
        1.2371529387507767
      ],
      "confidence_score": 0.5708962192129378
    },
    "Logarithmic": {
      "r2": 0.4596294134779485,
      "aic": 55.76012532008131,
      "bic": 56.154574474753744,
      "params": [
        7.523787699446354,
        -15.346061575098895
      ],
      "confidence_score": 0.3778147067389742
    },
    "N Log N": {
      "r2": 0.9625392557327691,
      "aic": 31.739470826649075,
      "bic": 32.13391998132151,
      "params": [
        0.010396604196439483,
        -2.218975849500896
      ],
      "confidence_score": 0.698
    }
  }
}