{
  "valid_points": 18,
  "models": {
    "Constant": {
      "r2": 0.9,
      "aic": -229.3000799825309,
      "bic": -227.51933646673857,
      "params": [
        100.02069843726022,
        -99.97930156273976
      ],
      "confidence_score": 0.5455824883531197
    },
    "Linear": {
      "r2": 0.2711398854368813,
      "aic": -234.99300212088508,
      "bic": -233.21225860509276,
      "params": [
        -2.836971952024925e-06,
        0.045652332448169575
      ],
      "confidence_score": 0.5105972690564773
    },
    "Quadratic": {
      "r2": 0.26272256918902614,
      "aic": -232.78631843336657,
      "bic": -230.1152031596781,
      "params": [
        -9.280145988712557e-10,
        1.0,
        0.04355837519038471
      ],
      "confidence_score": 0.21371184821602054
    },
    "Cubic": {
      "r2": 0.25501535070753467,
      "aic": -230.59912996677645,
      "bic": -227.0376429351918,
      "params": [
        -3.949846101888016e-13,
        1.0,
        1.0,
        0.04287066084808061
      ],
      "confidence_score": 0.14933886981633301
    },
    "Logarithmic": {
      "r2": 0.28008784501196493,
      "aic": -235.21534944730882,
      "bic": -233.4346059315165,
      "params": [
        -0.004223099253764851,
        0.07220470277638576
      ],
      "confidence_score": 0.6380439225059824
    },
    "N Log N": {
      "r2": 0.2700656767051979,
      "aic": -234.96649288810576,
      "bic": -233.18574937231344,
      "params": [
        -3.409855969705183e-07,
        0.045146519282591537
      ],
      "confidence_score": 0.39793331484896094
    }
  }
}