{
  "Constant": {
    "r2": 0.0,
    "aic": -35.01498492835527,
    "bic": -32.4987918523123,
    "params": [
      100.52624539687089,
      -99.47375460312915
    ]
  },
  "Linear": {
    "r2": 0.9561356816568356,
    "aic": -116.3079910968208,
    "bic": -113.79179802077783,
    "params": [
      0.005399396637489229,
      0.22306040258273052
    ]
  },
  "Quadratic": {
    "r2": 0.9880276679806346,
    "aic": -148.06906579437745,
    "bic": -144.294776180313,
    "params": [
      1.69733842873599e-05,
      1.0,
      0.5278199838211393
    ]
  },
  "Cubic": {
    "r2": 0.9436528643948305,
    "aic": -105.79680560021878,
    "bic": -100.76441944813284,
    "params": [
      5.6532933001562924e-08,
      1.0,
      1.0,
      0.6542983742181359
    ]
  },
  "Logarithmic": {
    "r2": 0.7188894470149125,
    "aic": -68.00917368906518,
    "bic": -65.49298061302221,
    "params": [
      0.509327824561072,
      -1.3924359358826333
    ]
  },
  "N Log N": {
    "r2": 0.9720938317248388,
    "aic": -128.06658069429722,
    "bic": -125.55038761825425,
    "params": [
      0.0009158185747518602,
      0.3199001442959732
    ]
  }
}