{
  "valid_points": 18,
  "models": {
    "Constant": {
      "r2": 0.7,
      "aic": 131.2374425752708,
      "bic": 133.01818609106311,
      "params": [
        -95.1889337971806,
        104.81106620281935
      ],
      "confidence_score": 0.11999999999999998
    },
    "Linear": {
      "r2": 0.9972778935378332,
      "aic": 24.923155827340953,
      "bic": 26.70389934313328,
      "params": [
        0.00014329246192168466,
        -0.8119470299796541
      ],
      "confidence_score": 0.49839225066197035
    },
    "Quadratic": {
      "r2": 0.9952872617277511,
      "aic": 36.80269159202683,
      "bic": 39.473806865715325,
      "params": [
        1.359128580909651e-10,
        1.0,
        1.147093579846813
      ],
      "confidence_score": 0.57717240007321
    },
    "Cubic": {
      "r2": 0.9932913653465553,
      "aic": 45.15896566999835,
      "bic": 48.720452701583014,
      "params": [
        1.2936087558668395e-16,
        1.0,
        1.0,
        1.3179430695674343
      ],
      "confidence_score": 0.5759748196305569
    },
    "Logarithmic": {
      "r2": 0.25584371530302974,
      "aic": 125.91836686489478,
      "bic": 127.6991103806871,
      "params": [
        4.519986514657282,
        -20.177738620934814
      ],
      "confidence_score": 0.2759218576515149
    },
    "N Log N": {
      "r2": 0.9990693985085489,
      "aic": 5.603213089463504,
      "bic": 7.383956605255833,
      "params": [
        1.0343090854942741e-05,
        -0.4011753560149691
      ],
      "confidence_score": 0.998
    }
  }
}