{
  "best_model": "O(n)",
  "details": {
    "O(1)": {
      "r2": 0.0,
      "aic": 2313.632305273464,
      "params_norm": [
        0.5834418120272089
      ],
      "rss": 879104000000.0
    },
    "O(n)": {
      "r2": 1.0,
      "aic": -5042.364013838609,
      "params_norm": [
        0.9997396511325176,
        0.00026034886748241303
      ],
      "rss": 2.0169972056493027e-20
    },
    "O(n^2)": {
      "r2": 1.0,
      "aic": -1779.1111404226583,
      "params_norm": [
        7.146860657933828e-09,
        0.9997396427508567,
        0.0002603508899620783
      ],
      "rss": 2.125088860779487e-06
    },
    "O(n^3)": {
      "r2": 1.0,
      "aic": -1815.0671362385783,
      "params_norm": [
        -3.523200000553089e-09,
        1.2029282931008298e-08,
        0.9997396411063852,
        0.0002603509935653941
      ],
      "rss": 1.4569365771836206e-06
    },
    "O(log n)": {
      "r2": 0.951432739625637,
      "aic": 2010.2089815895627,
      "params_norm": [
        0.4877828393662309,
        0.8976713347278604
      ],
      "rss": 42695672864.14395
    },
    "O(n log n)": {
      "r2": 0.7928912087284496,
      "aic": 2156.6887329428105,
      "params_norm": [
        1.9735501911150084,
        1.0979027709502247
      ],
      "rss": 182070166841.98502
    },
    "O(2^n)": {
      "r2": 0.9681239205685649,
      "aic": 1967.6785096449576,
      "params_norm": [
        0.20672257675124986,
        1.651513793378454
      ],
      "rss": 28022388932.492287
    },
    "O(n^k)": {
      "r2": 0.9999999890946907,
      "aic": 463.9787266648572,
      "params_norm": [
        0.9999617905559695,
        0.9995079100729446
      ],
      "rss": 9586.901025220477
    }
  }
}