{
  "valid_points": 18,
  "models": {
    "Constant": {
      "r2": 0.9,
      "aic": -240.4587715458947,
      "bic": -238.67802803010238,
      "params": [
        100.01548541088896,
        -99.98451458911103
      ],
      "confidence_score": 0.5559436444464545
    },
    "Linear": {
      "r2": 0.20169072667031285,
      "aic": -244.51343707481286,
      "bic": -242.73269355902053,
      "params": [
        -1.794674940214236e-06,
        0.03366283418827176
      ],
      "confidence_score": 0.37369573360390596
    },
    "Quadratic": {
      "r2": 0.17024595609025983,
      "aic": -241.8180387313147,
      "bic": -239.1469234576262,
      "params": [
        -5.479349117189838e-10,
        1.0,
        0.032247053509858334
      ],
      "confidence_score": 0.12587853944387725
    },
    "Cubic": {
      "r2": 0.1441056311841089,
      "aic": -239.25972115057147,
      "bic": -235.69823411898682,
      "params": [
        -2.177820350878404e-13,
        1.0,
        1.0,
        0.03178342099640104
      ],
      "confidence_score": 0.07426016614237631
    },
    "Logarithmic": {
      "r2": 0.2381335330944092,
      "aic": -245.35448316669306,
      "bic": -243.57373965090073,
      "params": [
        -0.0028561367099333218,
        0.051806554955804406
      ],
      "confidence_score": 0.6170667665472047
    },
    "N Log N": {
      "r2": 0.19759283171506525,
      "aic": -244.42127550463334,
      "bic": -242.64053198884102,
      "params": [
        -2.1392985597478967e-07,
        0.03332329933431831
      ],
      "confidence_score": 0.284934962873452
    }
  }
}