{
  "valid_points": 19,
  "models": {
    "Constant": {
      "r2": 0.7,
      "aic": 145.3497127635553,
      "bic": 147.23859072188816,
      "params": [
        -91.65883277984035,
        108.34116722015955
      ],
      "confidence_score": 0.11999999999999998
    },
    "Linear": {
      "r2": 0.9999968320488605,
      "aic": -95.23637187421802,
      "bic": -93.34749391588514,
      "params": [
        0.00016113181068233562,
        0.008931988839675276
      ],
      "confidence_score": 0.8999980992293163
    },
    "Quadratic": {
      "r2": 0.9258748915087117,
      "aic": 97.91169456081109,
      "bic": 100.7450114983104,
      "params": [
        1.5936820994835863e-10,
        1.0,
        4.529823031725276
      ],
      "confidence_score": 0.535524934905227
    },
    "Cubic": {
      "r2": 0.8487274550678228,
      "aic": 113.46494218380538,
      "bic": 117.24269810047113,
      "params": [
        1.47625935267769e-16,
        1.0,
        1.0,
        6.462202898608935
      ],
      "confidence_score": 0.4892364730406936
    },
    "Logarithmic": {
      "r2": 0.39203996820166676,
      "aic": 135.89443617289493,
      "bic": 137.7833141312278,
      "params": [
        6.364643226399902,
        -27.71451982703644
      ],
      "confidence_score": 0.44401998410083343
    },
    "N Log N": {
      "r2": 0.9991261405928237,
      "aic": 11.540482688104625,
      "bic": 13.429360646437505,
      "params": [
        1.1735653539489822e-05,
        0.5770481589359616
      ],
      "confidence_score": 0.698
    }
  }
}