{
  "valid_points": 19,
  "models": {
    "Constant": {
      "r2": 0.7,
      "aic": 118.5753209830059,
      "bic": 120.46419894133878,
      "params": [
        -95.58822271463112,
        104.41177728536879
      ],
      "confidence_score": 0.11999999999999998
    },
    "Linear": {
      "r2": 0.9999998007423858,
      "aic": -174.5693578253975,
      "bic": -172.68047986706463,
      "params": [
        0.00015999735402616455,
        -0.0062362477338928635
      ],
      "confidence_score": 0.8999998804454314
    },
    "Quadratic": {
      "r2": 0.9199262853440309,
      "aic": 72.60397591102121,
      "bic": 75.43729284852053,
      "params": [
        3.1440920758229795e-10,
        1.0,
        2.7587369471600383
      ],
      "confidence_score": 0.5319557712064185
    },
    "Cubic": {
      "r2": 0.8422889075316634,
      "aic": 87.4825024627246,
      "bic": 91.26025837939036,
      "params": [
        5.816396811777634e-16,
        1.0,
        1.0,
        3.781596442785284
      ],
      "confidence_score": 0.48537334451899805
    },
    "Logarithmic": {
      "r2": 0.38857429817942046,
      "aic": 109.22804616062821,
      "bic": 111.1169241189611,
      "params": [
        3.2627637768004814,
        -13.57890847426125
      ],
      "confidence_score": 0.44228714908971023
    },
    "N Log N": {
      "r2": 0.9988011550172341,
      "aic": -9.226216318216357,
      "bic": -7.337338359883477,
      "params": [
        1.2268708383275685e-05,
        0.3758603400457172
      ],
      "confidence_score": 0.648
    }
  }
}