{
  "valid_points": 196,
  "models": {
    "Constant": {
      "r2": 0.7,
      "aic": -3235.3789024593957,
      "bic": -3228.8226731409345,
      "params": [
        100.00083129282794,
        -99.99916870717195
      ],
      "confidence_score": 0.37001028581113443
    },
    "Linear": {
      "r2": 0.09959069930521525,
      "aic": -3255.9404471951393,
      "bic": -3249.384217876678,
      "params": [
        -1.871443741847798e-12,
        0.0016815077108592957
      ],
      "confidence_score": 0.4497544195831292
    },
    "Quadratic": {
      "r2": 0.05939808483318898,
      "aic": -3245.381016038231,
      "bic": -3235.5466720605395,
      "params": [
        -2.966758084579568e-21,
        1.0,
        0.001668491297074922
      ],
      "confidence_score": 0.016034468036993068
    },
    "Cubic": {
      "r2": 0.04586734732629949,
      "aic": -3240.5816058415,
      "bic": -3227.469147204578,
      "params": [
        -4.9704029716718e-30,
        1.0,
        1.0,
        0.0016670714675588569
      ],
      "confidence_score": 0.007527378878575328
    },
    "Logarithmic": {
      "r2": 0.052788547894665916,
      "aic": -3246.0085556501567,
      "bic": -3239.4523263316955,
      "params": [
        -5.650128328797133e-05,
        0.0025230414182745454
      ],
      "confidence_score": 0.22648568022987148
    },
    "N Log N": {
      "r2": 0.09633878753311054,
      "aic": -3255.2338502046186,
      "bic": -3248.6776208861575,
      "params": [
        -9.235291977699327e-14,
        0.0016790740634897597
      ],
      "confidence_score": 0.5568796463800043
    }
  }
}