{
  "valid_points": 200,
  "models": {
    "Constant": {
      "r2": 0.9,
      "aic": -3522.172272008116,
      "bic": -3515.57563727502,
      "params": [
        100.00173126719885,
        -99.9982687328012
      ],
      "confidence_score": 0.7108150516284508
    },
    "Linear": {
      "r2": 0.000728243160263542,
      "aic": -3522.317973699741,
      "bic": -3515.721338966645,
      "params": [
        1.4042598060623477e-12,
        0.003455409094456176
      ],
      "confidence_score": 0.3357882378436079
    },
    "Quadratic": {
      "r2": 3.213967682091923e-05,
      "aic": -3520.1787000467784,
      "bic": -3510.2837479471345,
      "params": [
        2.83294364390206e-20,
        1.0,
        0.0034615745439695463
      ],
      "confidence_score": 0.002796633933982672
    },
    "Cubic": {
      "r2": 8.082876705739483e-05,
      "aic": -3518.188438414892,
      "bic": -3504.9951689486998,
      "params": [
        -4.715629208618418e-27,
        1.0,
        1.0,
        0.0034637323999423424
      ],
      "confidence_score": 0.0
    },
    "Logarithmic": {
      "r2": 0.002195119757168351,
      "aic": -3522.611778520941,
      "bic": -3516.015143787845,
      "params": [
        7.945565563583539e-06,
        0.0033419734556605777
      ],
      "confidence_score": 0.5990975598785842
    },
    "N Log N": {
      "r2": 0.0006507647158803254,
      "aic": -3522.3024673191458,
      "bic": -3515.70583258605,
      "params": [
        8.140434317700951e-14,
        0.003456082006731377
      ],
      "confidence_score": 0.45533843542732394
    }
  }
}