{
  "Constant": {
    "r2": 0.0,
    "aic": 552.7186434579903,
    "bic": 556.0964023662182,
    "params": [
      787.036015813055,
      -12.964898251625414
    ]
  },
  "Linear": {
    "r2": 0.7943813766340956,
    "aic": 489.4493567007969,
    "bic": 492.82711560902476,
    "params": [
      6.685081721186016,
      -679.9341460640866
    ]
  },
  "Quadratic": {
    "r2": 0.9484384198558188,
    "aic": 436.1195052710156,
    "bic": 441.1861436333574,
    "params": [
      0.01624853649527236,
      1.0,
      -256.5654173330233
    ]
  },
  "Cubic": {
    "r2": 0.9960338714540438,
    "aic": 335.52004996123753,
    "bic": 342.27556777769325,
    "params": [
      4.009669057225551e-05,
      1.0,
      1.0,
      -60.322157075568434
    ]
  },
  "Logarithmic": {
    "r2": 0.3922680787587036,
    "aic": 532.7977869275757,
    "bic": 536.1755458358035,
    "params": [
      578.3356370656843,
      -2151.656524665055
    ]
  },
  "N Log N": {
    "r2": 0.8315858095304902,
    "aic": 481.46548688686596,
    "bic": 484.8432457950938,
    "params": [
      1.0950245246695836,
      -555.0990679743503
    ]
  }
}