{
  "valid_points": 29,
  "models": {
    "Constant": {
      "r2": 0.7,
      "aic": -419.16094542382154,
      "bic": -416.4263537638486,
      "params": [
        -99.99929778277871,
        100.00070221722132
      ],
      "confidence_score": 0.35
    },
    "Linear": {
      "r2": 0.2692074713494441,
      "aic": -428.2560900873282,
      "bic": -425.52149842735525,
      "params": [
        3.229268769822125e-12,
        0.0012847521331618014
      ],
      "confidence_score": 0.15152448280966646
    },
    "Quadratic": {
      "r2": 0.15674672611848106,
      "aic": -422.1050951789699,
      "bic": -418.0032076890105,
      "params": [
        5.004229135520046e-21,
        1.0,
        0.001338118352389978
      ],
      "confidence_score": 0.07404803567108863
    },
    "Cubic": {
      "r2": 0.12199096019607047,
      "aic": -418.933798719199,
      "bic": -413.4646153992531,
      "params": [
        8.367985623264834e-30,
        1.0,
        1.0,
        0.0013534045683762828
      ],
      "confidence_score": 0.05319457611764228
    },
    "Logarithmic": {
      "r2": 0.9774328038426703,
      "aic": -529.1074252375143,
      "bic": -526.3728335775414,
      "params": [
        0.00012058618746475704,
        9.819536097232162e-05
      ],
      "confidence_score": 0.8480000000000001
    },
    "N Log N": {
      "r2": 0.25817948968291904,
      "aic": -427.8217364064856,
      "bic": -425.0871447465127,
      "params": [
        1.5868079610150423e-13,
        0.0012903273703974679
      ],
      "confidence_score": 0.32708974484145953
    }
  }
}