{
  "Constant": {
    "r2": 0.0,
    "aic": 449.7424472772853,
    "bic": 452.4068562976357,
    "params": [
      1851.820516933881,
      606.1978306870833
    ]
  },
  "Linear": {
    "r2": 0.8241767732818938,
    "aic": 401.07071417197784,
    "bic": 403.7351231923283,
    "params": [
      29.253322105869753,
      -1973.8599511184862
    ]
  },
  "Quadratic": {
    "r2": 0.964793000859838,
    "aic": 358.04015672310993,
    "bic": 362.03677025363555,
    "params": [
      0.10105210432732425,
      1.0,
      -659.18644061617
    ]
  },
  "Cubic": {
    "r2": 0.9993103473040641,
    "aic": 249.92141934049187,
    "bic": 255.25023738119268,
    "params": [
      0.00035498531281341617,
      1.0,
      1.0,
      -50.18611275604535
    ]
  },
  "Logarithmic": {
    "r2": 0.4235470969069105,
    "aic": 434.31832143685614,
    "bic": 436.98273045720657,
    "params": [
      1801.9951831796268,
      -5998.982506589751
    ]
  },
  "N Log N": {
    "r2": 0.8617250768168138,
    "aic": 394.3441286754191,
    "bic": 397.0085376957695,
    "params": [
      5.084012594266343,
      -1563.6682393711885
    ]
  }
}