{
  "valid_points": 29,
  "models": {
    "Constant": {
      "r2": 0.85,
      "aic": -601.7567343142092,
      "bic": -599.0221426542363,
      "params": [
        -99.9998100101947,
        100.00018998980521
      ],
      "confidence_score": 0.1951581203913882
    },
    "Linear": {
      "r2": 0.03866060593170584,
      "aic": -602.900139492132,
      "bic": -600.1655478321591,
      "params": [
        5.252899603696428e-14,
        0.00037803469394678325
      ],
      "confidence_score": 0.0
    },
    "Quadratic": {
      "r2": 0.020224480023355862,
      "aic": -600.3492563635361,
      "bic": -596.2473688735768,
      "params": [
        7.716659338504291e-23,
        1.0,
        0.0003789570009667203
      ],
      "confidence_score": 0.0
    },
    "Cubic": {
      "r2": 0.014158705239263769,
      "aic": -598.1702712980714,
      "bic": -592.7010879781255,
      "params": [
        1.2238313361567809e-31,
        1.0,
        1.0,
        0.00037923329034336326
      ],
      "confidence_score": 0.0
    },
    "Logarithmic": {
      "r2": 0.40581479165139556,
      "aic": -616.853096394114,
      "bic": -614.1185047341411,
      "params": [
        3.1614424531711164e-06,
        0.00034724484031784783
      ],
      "confidence_score": 0.9009073958256978
    },
    "N Log N": {
      "r2": 0.036801401276478796,
      "aic": -602.8441084322347,
      "bic": -600.1095167722618,
      "params": [
        2.5716717357001167e-15,
        0.00037813161502216766
      ],
      "confidence_score": 0.2166730385921573
    }
  }
}