{
  "valid_points": 96,
  "models": {
    "Constant": {
      "r2": 0.0,
      "aic": -544.4743096274711,
      "bic": -539.3456132445355,
      "params": [
        -99.92363077277925,
        100.07636922722068
      ],
      "confidence_score": 0.0
    },
    "Linear": {
      "r2": 0.8990846632722506,
      "aic": -764.6477525608493,
      "bic": -759.5190561779136,
      "params": [
        3.884744242266258e-05,
        0.07050489340617727
      ],
      "confidence_score": 0.8790846632722505
    },
    "Quadratic": {
      "r2": 0.8319821187725315,
      "aic": -713.7080570865097,
      "bic": -706.0150125121062,
      "params": [
        8.453798173428066e-09,
        1.0,
        0.09822743357738033
      ],
      "confidence_score": 0.7919821187725314
    },
    "Cubic": {
      "r2": 0.7333913174098476,
      "aic": -667.3837468031013,
      "bic": -657.1263540372299,
      "params": [
        1.869785481966418e-12,
        1.0,
        1.0,
        0.11157505807747911
      ],
      "confidence_score": 0.6833913174098476
    },
    "Logarithmic": {
      "r2": 0.5681271409985809,
      "aic": -625.0782176519997,
      "bic": -619.949521269064,
      "params": [
        0.024212760869869215,
        -0.0165387425002662
      ],
      "confidence_score": 0.5581271409985809
    },
    "N Log N": {
      "r2": 0.897312946674611,
      "aic": -762.9769559991347,
      "bic": -757.848259616199,
      "params": [
        4.581035313741714e-06,
        0.07585125634342571
      ],
      "confidence_score": 0.867312946674611
    }
  }
}