{
  "valid_points": 76,
  "models": {
    "Constant": {
      "r2": -2.220446049250313e-16,
      "aic": -148.26060044679687,
      "bic": -143.5991337662242,
      "params": [
        -99.4475753046572,
        100.55242469534282
      ],
      "confidence_score": -2.220446049250313e-16
    },
    "Linear": {
      "r2": 0.994821589302661,
      "aic": -548.2681389047951,
      "bic": -543.6066722242225,
      "params": [
        0.0003160578909655732,
        0.1691516872181337
      ],
      "confidence_score": 0.9748215893026609
    },
    "Quadratic": {
      "r2": 0.9679477367220024,
      "aic": -407.7300490035963,
      "bic": -400.7378489827373,
      "params": [
        5.1783270826121935e-08,
        1.0,
        0.5814295400457311
      ],
      "confidence_score": 0.9279477367220024
    },
    "Cubic": {
      "r2": 0.9039019717964558,
      "aic": -322.2819730324147,
      "bic": -312.9590396712694,
      "params": [
        9.94570024358108e-12,
        1.0,
        1.0,
        0.728018586259228
      ],
      "confidence_score": 0.8539019717964558
    },
    "Logarithmic": {
      "r2": 0.9504982823743242,
      "aic": -376.6974416448657,
      "bic": -372.035974964293,
      "params": [
        0.8040225348674769,
        -5.249312464575626
      ],
      "confidence_score": 0.9404982823743242
    },
    "N Log N": {
      "r2": 0.9947992284654331,
      "aic": -547.9406706668184,
      "bic": -543.2792039862458,
      "params": [
        3.533261479216192e-05,
        0.26030832060688336
      ],
      "confidence_score": 0.9647992284654331
    }
  }
}