{
  "best_model": "O(n log n)",
  "details": {
    "O(1)": {
      "r2": 0,
      "aic": Infinity,
      "params_norm": [
        1.0
      ]
    },
    "O(n)": {
      "r2": 0,
      "aic": -410.2690602215797,
      "params_norm": [
        -6.137876948127969e-09,
        1.0000000037752714
      ]
    },
    "O(n^2)": {
      "r2": 0,
      "aic": -420.51384608178324,
      "params_norm": [
        -1.7118303900427273e-08,
        2.0093079771685762e-08,
        0.9999999951844625
      ]
    },
    "O(n^3)": {
      "r2": 0,
      "aic": -400.5185445064335,
      "params_norm": [
        -1.4198395753352415e-07,
        2.541998186838739e-07,
        -1.3570624383954715e-07,
        1.0000000208956157
      ]
    },
    "O(log n)": {
      "r2": 0,
      "aic": -404.6910880268729,
      "params_norm": [
        -3.892195263476915e-09,
        0.9999999974818918
      ]
    },
    "O(n log n)": {
      "r2": 0,
      "aic": -450.5214379305218,
      "params_norm": [
        3.0454654288305026e-09,
        1.000000000761887
      ]
    },
    "O(2^n)": {
      "r2": 0,
      "aic": -426.7819091098614,
      "params_norm": [
        1.0000000020912632,
        -3.4037404537311762e-09
      ]
    },
    "O(n^k)": {
      "r2": 0,
      "aic": -430.8091926860028,
      "params_norm": [
        0.9999999990687947,
        -1.5364538716478857e-09
      ]
    }
  }
}