{
  "valid_points": 201,
  "models": {
    "Constant": {
      "r2": 0.85,
      "aic": -3110.1425500082996,
      "bic": -3103.5359401921814,
      "params": [
        -99.99723692253136,
        100.00276307746871
      ],
      "confidence_score": 0.195
    },
    "Linear": {
      "r2": 0.4635382369981126,
      "aic": -3235.3173081289524,
      "bic": -3228.710698312834,
      "params": [
        1.026958462465474e-10,
        0.005007293730526773
      ],
      "confidence_score": 0.17812294220723582
    },
    "Quadratic": {
      "r2": 0.33811082141625926,
      "aic": -3191.0866353514684,
      "bic": -3181.176720627291,
      "params": [
        8.40124529621369e-18,
        1.0,
        0.005242722847529491
      ],
      "confidence_score": 0.18286649284975556
    },
    "Cubic": {
      "r2": 0.26081661889494223,
      "aic": -3166.8866074852162,
      "bic": -3153.67338785298,
      "params": [
        7.718611247672937e-25,
        1.0,
        1.0,
        0.005330477699240214
      ],
      "confidence_score": 0.13648997133696533
    },
    "Logarithmic": {
      "r2": 0.57997430294264,
      "aic": -3284.4978666156962,
      "bic": -3277.891256799578,
      "params": [
        0.0003649586946215377,
        -6.588649336948437e-06
      ],
      "confidence_score": 0.9480000000000001
    },
    "N Log N": {
      "r2": 0.4541159054840056,
      "aic": -3231.817619990836,
      "bic": -3225.211010174718,
      "params": [
        6.233387810476799e-12,
        0.005034222302973669
      ],
      "confidence_score": 0.5250579527430936
    }
  }
}