{
  "valid_points": 19,
  "models": {
    "Constant": {
      "r2": 0.7,
      "aic": 127.3884028043241,
      "bic": 129.27728076265697,
      "params": [
        -95.17744367844173,
        104.82255632155815
      ],
      "confidence_score": 0.09999999999999998
    },
    "Linear": {
      "r2": 0.9996882515797143,
      "aic": -26.004563968293887,
      "bic": -24.115686009961006,
      "params": [
        0.00020295397263869752,
        -0.16618443828802576
      ],
      "confidence_score": 0.5161506022433853
    },
    "Quadratic": {
      "r2": 0.9484755030889417,
      "aic": 73.04014239593889,
      "bic": 75.8734593334382,
      "params": [
        4.016219780356625e-10,
        1.0,
        2.2611187700056474
      ],
      "confidence_score": 0.549085301853365
    },
    "Cubic": {
      "r2": 0.8847567692836608,
      "aic": 90.33490644919708,
      "bic": 94.11266236586283,
      "params": [
        7.510808520806602e-16,
        1.0,
        1.0,
        3.223362413653478
      ],
      "confidence_score": 0.5108540615701964
    },
    "Logarithmic": {
      "r2": 0.3651787295909562,
      "aic": 118.75457891534242,
      "bic": 120.6434568736753,
      "params": [
        4.176942054638225,
        -17.9673113610364
      ],
      "confidence_score": 0.33058936479547807
    },
    "N Log N": {
      "r2": 0.9997773578534304,
      "aic": -32.4005483834332,
      "bic": -30.511670425100316,
      "params": [
        1.553696437468034e-05,
        0.20421379102506843
      ],
      "confidence_score": 0.9480000000000001
    }
  }
}