{
  "valid_points": 200,
  "models": {
    "Constant": {
      "r2": 0.7,
      "aic": -3157.6635219174996,
      "bic": -3151.0668871844036,
      "params": [
        -99.99781527370213,
        100.002184726298
      ],
      "confidence_score": 0.3700032996915059
    },
    "Linear": {
      "r2": 0.10790003806011006,
      "aic": -3180.4989394626796,
      "bic": -3173.9023047295836,
      "params": [
        -2.8211610191598107e-12,
        0.004397244680907151
      ],
      "confidence_score": 0.45474002283606607
    },
    "Quadratic": {
      "r2": 0.06794029892066489,
      "aic": -3169.7352037967053,
      "bic": -3159.8402516970614,
      "params": [
        -4.5915215991015746e-21,
        1.0,
        0.004378383300881829
      ],
      "confidence_score": 0.02111778889232518
    },
    "Cubic": {
      "r2": 0.049415330373674515,
      "aic": -3163.7991303139415,
      "bic": -3150.605860847749,
      "params": [
        -7.465938855536996e-30,
        1.0,
        1.0,
        0.004376054362293364
      ],
      "confidence_score": 0.009652692051862033
    },
    "Logarithmic": {
      "r2": 0.006700004333199838,
      "aic": -3159.0080319421504,
      "bic": -3152.4113972090545,
      "params": [
        3.0233856394692242e-05,
        0.0039088488431404285
      ],
      "confidence_score": 0.301356465104472
    },
    "N Log N": {
      "r2": 0.10666824203668046,
      "aic": -3180.2229734416583,
      "bic": -3173.6263387085623,
      "params": [
        -1.4070710185353887e-13,
        0.004393893763891627
      ],
      "confidence_score": 0.6126681684363787
    }
  }
}