{
  "valid_points": 29,
  "models": {
    "Constant": {
      "r2": 0.7,
      "aic": -585.4985459290419,
      "bic": -582.763954269069,
      "params": [
        -99.99983268308225,
        100.00016731691775
      ],
      "confidence_score": 0.19986354253638328
    },
    "Linear": {
      "r2": 0.06190224468354888,
      "aic": -587.3516783699158,
      "bic": -584.6170867099429,
      "params": [
        8.797452061277516e-14,
        0.0003313765283764701
      ],
      "confidence_score": 0.25896136718451557
    },
    "Quadratic": {
      "r2": 0.12549844247769348,
      "aic": -587.3874808300152,
      "bic": -583.2855933400558,
      "params": [
        2.544183275229668e-22,
        1.0,
        0.0003312622910707001
      ],
      "confidence_score": 0.19351553390938833
    },
    "Cubic": {
      "r2": 0.15313748069780253,
      "aic": -586.3188363880041,
      "bic": -580.8496530680583,
      "params": [
        5.327079735252908e-31,
        1.0,
        1.0,
        0.0003313852614142263
      ],
      "confidence_score": 0.1127710735491728
    },
    "Logarithmic": {
      "r2": 0.08723179311224938,
      "aic": -588.1454719583846,
      "bic": -585.4108802984117,
      "params": [
        -1.939980606333477e-06,
        0.0003547211279003057
      ],
      "confidence_score": 0.7416158965561247
    },
    "N Log N": {
      "r2": 0.06695573188715964,
      "aic": -587.5083222626705,
      "bic": -584.7737306026976,
      "params": [
        4.591090409197367e-15,
        0.00033133469195674003
      ],
      "confidence_score": 0.549633260255392
    }
  }
}