{
  "best_model": "O(2^n)",
  "details": {
    "O(1)": {
      "r2": 0,
      "aic": Infinity,
      "params_norm": [
        1.0
      ],
      "rss": 0.0
    },
    "O(n)": {
      "r2": 0,
      "aic": -176.33052765511212,
      "params_norm": [
        9.36426321460069e-09,
        0.9999999945375131
      ],
      "rss": 2.728115475912541e-13
    },
    "O(n^2)": {
      "r2": 0,
      "aic": -176.18620232802851,
      "params_norm": [
        1.3968810166677247e-08,
        -1.4862539108855611e-08,
        1.000000003305388
      ],
      "rss": 5.2781925364654176e-14
    },
    "O(n^3)": {
      "r2": 0,
      "aic": -139.5735196748667,
      "params_norm": [
        1.0922999163697997e-07,
        -1.936360687196331e-07,
        1.0137572068589287e-07,
        0.9999999843147139
      ],
      "rss": 1.589011935741449e-13
    },
    "O(log n)": {
      "r2": 0,
      "aic": -176.83031958190315,
      "params_norm": [
        -4.218004269987846e-09,
        0.9999999972302877
      ],
      "rss": 2.51007445110879e-13
    },
    "O(n log n)": {
      "r2": 0,
      "aic": -187.1145953402126,
      "params_norm": [
        -8.531161804738576e-09,
        0.9999999979301961
      ],
      "rss": 4.5215350443721435e-14
    },
    "O(2^n)": {
      "r2": 0,
      "aic": -219.70071363873132,
      "params_norm": [
        0.9999999998528463,
        2.5226359021217946e-10
      ],
      "rss": 1.9798122507248517e-16
    },
    "O(n^k)": {
      "r2": 0,
      "aic": -174.85980444443106,
      "params_norm": [
        0.9999999973302715,
        -4.845089375126886e-09
      ],
      "rss": 3.485918627185438e-13
    }
  }
}