{
  "valid_points": 20,
  "models": {
    "Constant": {
      "r2": 0.7,
      "aic": 252.1816116767365,
      "bic": 254.1730762238445,
      "params": [
        382.5646037665217,
        51.78243345944002
      ],
      "confidence_score": 0.09999999999999998
    },
    "Linear": {
      "r2": 0.8379576131848447,
      "aic": 215.78366505741192,
      "bic": 217.77512960451992,
      "params": [
        7.1436493213830214,
        -333.595264822713
      ],
      "confidence_score": 0.4027745679109068
    },
    "Quadratic": {
      "r2": 0.9724445629842187,
      "aic": 182.3505034365511,
      "bic": 185.33770025721307,
      "params": [
        0.034617268264583334,
        1.0,
        -104.97269370211819
      ],
      "confidence_score": 0.5634667377905311
    },
    "Cubic": {
      "r2": 0.9998643683056085,
      "aic": 78.07026217035192,
      "bic": 82.05319126456789,
      "params": [
        0.0001704276787491965,
        1.0,
        1.0,
        1.4956708771568477
      ],
      "confidence_score": 0.9799186209833651
    },
    "Logarithmic": {
      "r2": 0.4422711945777338,
      "aic": 240.50396274611876,
      "bic": 242.49542729322675,
      "params": [
        318.13176851824636,
        -948.1531322470709
      ],
      "confidence_score": 0.3691355972888669
    },
    "N Log N": {
      "r2": 0.8769886222038308,
      "aic": 210.27204316713804,
      "bic": 212.26350771424603,
      "params": [
        1.319346229028158,
        -257.95066768730476
      ],
      "confidence_score": 0.698
    }
  }
}