{
  "Constant": {
    "name": "Constant",
    "r2": -2.220446049250313e-16,
    "bic": 276.656416734645,
    "confidence_score": -0.0939374781058886,
    "params": [
      33.07200256050716,
      1.1491841958163782
    ],
    "order": 0
  },
  "Linear": {
    "name": "Linear",
    "r2": 0.8476526463733857,
    "bic": 203.27432311650068,
    "confidence_score": 0.7137151682674973,
    "params": [
      0.1818853753149035,
      1.2316828508755439e-17
    ],
    "order": 2
  },
  "Quadratic": {
    "name": "Quadratic",
    "r2": 0.9996702211041121,
    "bic": -32.34645909963286,
    "confidence_score": 0.7787640039452796,
    "params": [
      0.0005639874252220871,
      2.901450705216251e-21,
      1.0346911476741723e-20
    ],
    "order": 4
  },
  "Cubic": {
    "name": "Cubic",
    "r2": 0.9999340546038146,
    "bic": -91.45711603976756,
    "confidence_score": 0.7120590983920378,
    "params": [
      1.1330073467305618e-07,
      0.0005212079742983593,
      1.5323589754998586e-14,
      0.20749392353154666
    ],
    "order": 5
  },
  "Logarithmic": {
    "name": "Logarithmic",
    "r2": 0.2854984384217629,
    "bic": 263.5457829882762,
    "confidence_score": 0.17156096031587456,
    "params": [
      7.42375558883345,
      1.9720940162895913e-18
    ],
    "order": 1
  },
  "N Log N": {
    "name": "N Log N",
    "r2": 0.9038533248511402,
    "bic": 185.32308162681343,
    "confidence_score": 0.7499158467452518,
    "params": [
      0.03211697255410973,
      4.529621647294773e-23
    ],
    "order": 3
  },
  "confidence_analysis": {
    "best_model": "Quadratic",
    "best_score": 0.7787640039452796,
    "second_best_model": "N Log N",
    "second_best_score": 0.7499158467452518,
    "confidence_gap": 0.028848157200027758,
    "is_confident": false,
    "threshold": 0.03
  }
}