{
  "best_model": "O(2^n)",
  "details": {
    "O(1)": {
      "r2": 0,
      "aic": Infinity,
      "params_norm": [
        1.0
      ],
      "rss": 0.0
    },
    "O(n)": {
      "r2": 0,
      "aic": -3563.865098239184,
      "params_norm": [
        3.539513381405014e-10,
        0.9999999997936918
      ],
      "rss": 4.593776443424516e-14
    },
    "O(n^2)": {
      "r2": 0,
      "aic": -3028.867391122761,
      "params_norm": [
        2.262728146446774e-08,
        -2.697387986981183e-08,
        1.000000006707853
      ],
      "rss": 8.984491388917359e-12
    },
    "O(n^3)": {
      "r2": 0,
      "aic": -2973.794935355488,
      "params_norm": [
        9.207473059506364e-09,
        1.2993395631032284e-08,
        -2.4496106730549883e-08,
        1.0000000064036458
      ],
      "rss": 1.516961005463329e-11
    },
    "O(log n)": {
      "r2": 0,
      "aic": -3103.8555222916666,
      "params_norm": [
        -1.7262467729194512e-09,
        0.9999999988883356
      ],
      "rss": 4.367027236054178e-12
    },
    "O(n log n)": {
      "r2": 0,
      "aic": -3532.8422813226734,
      "params_norm": [
        9.149493385152141e-10,
        1.000000000238507
      ],
      "rss": 6.245486503889516e-14
    },
    "O(2^n)": {
      "r2": 0,
      "aic": -3742.2709121463668,
      "params_norm": [
        1.0000000000853677,
        -1.463447165138362e-10
      ],
      "rss": 7.852982031215256e-15
    },
    "O(n^k)": {
      "r2": 0,
      "aic": -3442.5555925405824,
      "params_norm": [
        0.999999999792065,
        -3.2278032427202367e-10
      ],
      "rss": 1.5268420185857074e-13
    }
  }
}