{
  "valid_points": 55,
  "models": {
    "Constant": {
      "r2": 0.85,
      "aic": -402.69446944789723,
      "bic": -398.67980307743227,
      "params": [
        -99.82378597963942,
        100.17621402036058
      ],
      "confidence_score": 0.5754637260258206
    },
    "Linear": {
      "r2": 0.05099681935108513,
      "aic": -405.57334153180693,
      "bic": -401.55867516134197,
      "params": [
        -6.464303166975327e-06,
        0.3684712658537006
      ],
      "confidence_score": 0.41691579360106407
    },
    "Quadratic": {
      "r2": 0.052609792895648155,
      "aic": -403.66690183096915,
      "bic": -397.64490227527176,
      "params": [
        -1.2998536908553526e-09,
        1.0,
        0.36140943888242344
      ],
      "confidence_score": 0.06756464563166084
    },
    "Cubic": {
      "r2": 0.052342799536222895,
      "aic": -401.65140392331057,
      "bic": -393.6220711823807,
      "params": [
        -3.14423706395878e-13,
        1.0,
        1.0,
        0.35899770968654177
      ],
      "confidence_score": 0.018898267067305057
    },
    "Logarithmic": {
      "r2": 0.04650747926204213,
      "aic": -405.31377283684463,
      "bic": -401.29910646637967,
      "params": [
        -0.014021242989762392,
        0.46107304523849
      ],
      "confidence_score": 0.4823136042614485
    },
    "N Log N": {
      "r2": 0.05131591993787599,
      "aic": -405.59183829131234,
      "bic": -401.5771719208474,
      "params": [
        -7.380553903623753e-07,
        0.3668616042768089
      ],
      "confidence_score": 0.523657959968938
    }
  }
}