{
  "valid_points": 115,
  "models": {
    "Constant": {
      "r2": 2.220446049250313e-16,
      "aic": 523.4812751891466,
      "bic": 528.9711394458731,
      "params": [
        -90.77663633810425,
        109.2233636618957
      ],
      "confidence_score": 2.220446049250313e-16
    },
    "Linear": {
      "r2": 0.9915779302842679,
      "aic": -25.8621870292965,
      "bic": -20.37232277257,
      "params": [
        0.007442806003977287,
        0.9182719839021984
      ],
      "confidence_score": 0.9715779302842679
    },
    "Quadratic": {
      "r2": 0.9449916358379006,
      "aic": 191.9502217808381,
      "bic": 200.18501816592783,
      "params": [
        1.3767531592545623e-06,
        1.0,
        8.553731990549952
      ],
      "confidence_score": 0.9049916358379005
    },
    "Cubic": {
      "r2": 0.8591689322429434,
      "aic": 302.05894127897255,
      "bic": 313.03866979242554,
      "params": [
        2.776551372478163e-10,
        1.0,
        1.0,
        11.418721420618164
      ],
      "confidence_score": 0.8091689322429434
    },
    "Logarithmic": {
      "r2": 0.7644616891906293,
      "aic": 357.20487967070756,
      "bic": 362.69474392743405,
      "params": [
        10.839043175403328,
        -63.38121651921086
      ],
      "confidence_score": 0.7544616891906293
    },
    "N Log N": {
      "r2": 0.9922462877274505,
      "aic": -35.37083276099544,
      "bic": -29.880968504268942,
      "params": [
        0.0008521480648229668,
        2.546464881320931
      ],
      "confidence_score": 0.9622462877274505
    }
  }
}