{
  "valid_points": 98,
  "models": {
    "Constant": {
      "r2": 0.0,
      "aic": -24.34604656701054,
      "bic": -19.176111609669395,
      "params": [
        100.64607046316476,
        -99.35392953683527
      ],
      "confidence_score": 0.0
    },
    "Linear": {
      "r2": 0.9513823293945273,
      "aic": -320.67533226953185,
      "bic": -315.5053973121907,
      "params": [
        0.0006069184153453255,
        0.043375321531441524
      ],
      "confidence_score": 0.9313823293945273
    },
    "Quadratic": {
      "r2": 0.9289589758254644,
      "aic": -281.50682739303545,
      "bic": -273.75192495702373,
      "params": [
        1.3702148160543715e-07,
        1.0,
        0.44704632318673665
      ],
      "confidence_score": 0.8889589758254643
    },
    "Cubic": {
      "r2": 0.8540439842963801,
      "aic": -208.94214313371558,
      "bic": -198.6022732190333,
      "params": [
        3.1163478076905505e-11,
        1.0,
        1.0,
        0.6431027053094205
      ],
      "confidence_score": 0.80404398429638
    },
    "Logarithmic": {
      "r2": 0.5444925371358418,
      "aic": -101.4076780621048,
      "bic": -96.23774310476365,
      "params": [
        0.3570176181496979,
        -1.189678748102358
      ],
      "confidence_score": 0.5344925371358418
    },
    "N Log N": {
      "r2": 0.9570860578901494,
      "aic": -332.9047810311956,
      "bic": -327.7348460738545,
      "params": [
        7.196381351580315e-05,
        0.12106362083728443
      ],
      "confidence_score": 0.9270860578901494
    }
  }
}