{
  "valid_points": 17,
  "models": {
    "Constant": {
      "r2": 0.7,
      "aic": 130.4656778628705,
      "bic": 132.13210455098294,
      "params": [
        107.91118622702713,
        -92.08881377297287
      ],
      "confidence_score": 0.11999999999999998
    },
    "Linear": {
      "r2": 0.9956228903339831,
      "aic": 38.13244454048213,
      "bic": 39.798871228594564,
      "params": [
        0.0006198323932410377,
        -0.9033671488027526
      ],
      "confidence_score": 0.49742183822533936
    },
    "Quadratic": {
      "r2": 0.9678639730090032,
      "aic": 74.0234596484212,
      "bic": 76.52309968058984,
      "params": [
        2.474936289950105e-09,
        1.0,
        3.108466753787367
      ],
      "confidence_score": 0.5607183838059119
    },
    "Cubic": {
      "r2": 0.9137207308560381,
      "aic": 92.8128570827241,
      "bic": 96.14571045894895,
      "params": [
        9.303380479123911e-15,
        1.0,
        1.0,
        4.709677346421779
      ],
      "confidence_score": 0.5282324385136228
    },
    "Logarithmic": {
      "r2": 0.3664708498491589,
      "aic": 122.70604034368095,
      "bic": 124.37246703179339,
      "params": [
        6.8744265743315065,
        -27.120864352046446
      ],
      "confidence_score": 0.43123542492457945
    },
    "N Log N": {
      "r2": 0.9984863507765219,
      "aic": 20.080736593093928,
      "bic": 21.74716328120636,
      "params": [
        5.014866161728356e-05,
        -0.2576744180081293
      ],
      "confidence_score": 0.998
    }
  }
}