{
  "valid_points": 200,
  "models": {
    "Constant": {
      "r2": 0.85,
      "aic": -3215.3294234360424,
      "bic": -3208.7327887029464,
      "params": [
        -99.99783370457581,
        100.0021662954242
      ],
      "confidence_score": 0.445
    },
    "Linear": {
      "r2": 0.039175213495515226,
      "aic": -3223.3220655903947,
      "bic": -3216.7254308572988,
      "params": [
        1.4704443508418455e-12,
        0.004317864181116302
      ],
      "confidence_score": 0.013505128097309636
    },
    "Quadratic": {
      "r2": 0.01875804895820199,
      "aic": -3217.1166659718647,
      "bic": -3207.221713872221,
      "params": [
        2.088746295050979e-21,
        1.0,
        0.004328514870145071
      ],
      "confidence_score": 0.0
    },
    "Cubic": {
      "r2": 0.014743701185633618,
      "aic": -3214.300117398978,
      "bic": -3201.1068479327855,
      "params": [
        3.530592235538398e-30,
        1.0,
        1.0,
        0.0043294681859568735
      ],
      "confidence_score": 0.0
    },
    "Logarithmic": {
      "r2": 0.3182860492386984,
      "aic": -3291.9584506678448,
      "bic": -3285.361815934749,
      "params": [
        0.00017759604225888186,
        0.0016256646962790793
      ],
      "confidence_score": 0.7571430246193492
    },
    "N Log N": {
      "r2": 0.036127419212421685,
      "aic": -3222.6886575788553,
      "bic": -3216.0920228457594,
      "params": [
        7.085068068259076e-14,
        0.004320077842323759
      ],
      "confidence_score": 0.21606370960621113
    }
  }
}