{
  "valid_points": 19,
  "models": {
    "Constant": {
      "r2": 0.7,
      "aic": 117.97653496581336,
      "bic": 119.86541292414624,
      "params": [
        -95.71043547046813,
        104.28956452953192
      ],
      "confidence_score": 0.11999999999999998
    },
    "Linear": {
      "r2": 0.9999398922792264,
      "aic": -66.69153795944595,
      "bic": -64.80266000111307,
      "params": [
        7.855169666548534e-05,
        0.04443347046046986
      ],
      "confidence_score": 0.8999639353675358
    },
    "Quadratic": {
      "r2": 0.9151006510011527,
      "aic": 73.11704674831901,
      "bic": 75.95036368581833,
      "params": [
        7.716468111086389e-11,
        1.0,
        2.6295791940524462
      ],
      "confidence_score": 0.5290603906006915
    },
    "Cubic": {
      "r2": 0.835806476292333,
      "aic": 87.64905400544971,
      "bic": 91.42680992211547,
      "params": [
        7.129201144706193e-17,
        1.0,
        1.0,
        3.63527197325528
      ],
      "confidence_score": 0.4814838857753997
    },
    "Logarithmic": {
      "r2": 0.40637299981497477,
      "aic": 108.0679570149599,
      "bic": 109.95683497329279,
      "params": [
        3.0975664416566637,
        -13.254095683953057
      ],
      "confidence_score": 0.4511864999074874
    },
    "N Log N": {
      "r2": 0.9983551799145985,
      "aic": -3.815826189319731,
      "bic": -1.9269482309868504,
      "params": [
        5.721737007377947e-06,
        0.3644562405895926
      ],
      "confidence_score": 0.6980000000000066
    }
  }
}