{
  "Constant": {
    "r2": 1.1102230246251565e-16,
    "aic": -131.0915043239639,
    "bic": -126.48337413755556,
    "params": [
      100.43115868056957,
      -99.56884131943055
    ]
  },
  "Linear": {
    "r2": 0.6051661366255239,
    "aic": -199.8589792430717,
    "bic": -195.25084905666336,
    "params": [
      0.00036007017618655546,
      -0.04136146482609693
    ]
  },
  "Quadratic": {
    "r2": 0.6568892530344878,
    "aic": -208.24945280344178,
    "bic": -201.33725752382927,
    "params": [
      7.352765663136538e-08,
      1.0,
      0.3438861749403638
    ]
  },
  "Cubic": {
    "r2": 0.6881101718068042,
    "aic": -213.30929417799751,
    "bic": -204.09303380518082,
    "params": [
      1.8056346161697212e-11,
      1.0,
      1.0,
      0.47432248548868505
    ]
  },
  "Logarithmic": {
    "r2": 0.5302715122346771,
    "aic": -187.00593664778162,
    "bic": -182.39780646137328,
    "params": [
      0.7718077492609683,
      -5.12760050448306
    ]
  },
  "N Log N": {
    "r2": 0.6122003986396395,
    "aic": -201.1892300692684,
    "bic": -196.58109988286006,
    "params": [
      4.117613512720223e-05,
      0.04697521606054889
    ]
  }
}