{
  "valid_points": 61,
  "models": {
    "Constant": {
      "r2": 0.7,
      "aic": 493.87025290829183,
      "bic": 498.09200063663843,
      "params": [
        137.06665328265052,
        -39.40511216123408
      ],
      "confidence_score": 0.11999999999999998
    },
    "Linear": {
      "r2": 0.9996261361066419,
      "aic": 12.481509262750624,
      "bic": 16.70325699109725,
      "params": [
        6.258729169206223e-05,
        -0.5100887185908947
      ],
      "confidence_score": 0.8997756816639851
    },
    "Quadratic": {
      "r2": 0.9422444758260317,
      "aic": 321.9265399830518,
      "bic": 328.25916157557174,
      "params": [
        1.837336540040236e-11,
        1.0,
        38.04430725556616
      ],
      "confidence_score": 0.5453466854956189
    },
    "Cubic": {
      "r2": 0.8471437281741998,
      "aic": 383.296563773341,
      "bic": 391.74005923003426,
      "params": [
        5.795614455530787e-18,
        1.0,
        1.0,
        53.57466307033691
      ],
      "confidence_score": 0.4882862369045199
    },
    "Logarithmic": {
      "r2": 0.8521438662026876,
      "aic": 377.26780454614084,
      "bic": 381.48955227448744,
      "params": [
        63.14773978705539,
        -787.7195265376702
      ],
      "confidence_score": 0.548
    },
    "N Log N": {
      "r2": 0.9993400752047142,
      "aic": 47.143787673941475,
      "bic": 51.365535402288096,
      "params": [
        4.125173101107797e-06,
        4.201101322474501
      ],
      "confidence_score": 0.6980000089187324
    }
  }
}