{
  "valid_points": 12,
  "models": {
    "Constant": {
      "r2": 0.7,
      "aic": 75.515126224127,
      "bic": 76.484939523703,
      "params": [
        103.04446276277311,
        -96.95553723722698
      ],
      "confidence_score": 0.10000000005580714
    },
    "Linear": {
      "r2": 0.7626052129492804,
      "aic": 58.25875715748529,
      "bic": 59.228570457061295,
      "params": [
        0.014536324305156945,
        -3.81757948841872
      ],
      "confidence_score": 0.3575635434902485
    },
    "Quadratic": {
      "r2": 0.9391573179080533,
      "aic": 43.921561485592505,
      "bic": 45.37628143495651,
      "params": [
        4.111666739858855e-06,
        1.0,
        -1.5701680390751682
      ],
      "confidence_score": 0.5439178269328558
    },
    "Cubic": {
      "r2": 0.9842094262621751,
      "aic": 29.735020833843254,
      "bic": 31.674647432995258,
      "params": [
        1.0343576021499934e-09,
        1.0,
        1.0,
        -0.6748647330075874
      ],
      "confidence_score": 0.9705256557573051
    },
    "Logarithmic": {
      "r2": 0.2237106010996608,
      "aic": 72.47636752498349,
      "bic": 73.44618082455949,
      "params": [
        3.6715077279488004,
        -10.072948133030422
      ],
      "confidence_score": 0.25985530080483504
    },
    "N Log N": {
      "r2": 0.7998026783522065,
      "aic": 56.2137047372491,
      "bic": 57.183518036825106,
      "params": [
        0.001804428029155833,
        -3.293614746340166
      ],
      "confidence_score": 0.648000866842874
    }
  }
}