{
  "best_model": "O(2^n)",
  "details": {
    "O(1)": {
      "r2": 0,
      "aic": Infinity,
      "params_norm": [
        1.0
      ],
      "rss": 0.0
    },
    "O(n)": {
      "r2": 0,
      "aic": -168.08799681657715,
      "params_norm": [
        9.36426321460069e-09,
        0.9999999945375131
      ],
      "rss": 1.0776482448149796e-12
    },
    "O(n^2)": {
      "r2": 0,
      "aic": -167.9436714350049,
      "params_norm": [
        1.3968810166677247e-08,
        -1.4862539108855611e-08,
        1.000000003305388
      ],
      "rss": 2.0849685523192138e-13
    },
    "O(n^3)": {
      "r2": 0,
      "aic": -131.3309887912993,
      "params_norm": [
        1.0922999163697997e-07,
        -1.936360687196331e-07,
        1.0137572068589287e-07,
        0.9999999843147139
      ],
      "rss": 6.276845505673706e-13
    },
    "O(log n)": {
      "r2": 0,
      "aic": -168.58778881007117,
      "params_norm": [
        -4.218004269987846e-09,
        0.9999999972302877
      ],
      "rss": 9.915186217019758e-13
    },
    "O(n log n)": {
      "r2": 0,
      "aic": -178.87206446923,
      "params_norm": [
        -8.531161804738576e-09,
        0.9999999979301961
      ],
      "rss": 1.786077009499754e-13
    },
    "O(2^n)": {
      "r2": 0,
      "aic": -211.45818707368818,
      "params_norm": [
        0.9999999998528463,
        2.5226359021217946e-10
      ],
      "rss": 7.820562202308868e-16
    },
    "O(n^k)": {
      "r2": 0,
      "aic": -166.61727362166826,
      "params_norm": [
        0.9999999973302715,
        -4.845089375126886e-09
      ],
      "rss": 1.3769923280181978e-12
    }
  }
}