{
  "best_model": "O(n^3)",
  "details": {
    "O(1)": {
      "r2": 0.0,
      "aic": 2341.936929712804,
      "params_norm": [
        0.5786471818823746
      ],
      "rss": 1163452333012.7722
    },
    "O(n)": {
      "r2": 0.9983038100895117,
      "aic": 1699.702526643886,
      "params_norm": [
        0.9867809862414291,
        0.0030249398900326074
      ],
      "rss": 1973436108.5902739
    },
    "O(n^2)": {
      "r2": 0.9983058750438313,
      "aic": 1701.7044672812492,
      "params_norm": [
        -0.0065318265077052295,
        0.9944014515944088,
        0.0011878631112683098
      ],
      "rss": 1971033632.669623
    },
    "O(n^3)": {
      "r2": 0.9984720759525488,
      "aic": 1693.44481737856,
      "params_norm": [
        0.27472040300863343,
        -0.48729252997279476,
        1.2456599646553328,
        -0.03631814721296913
      ],
      "rss": 1777666797.6734333
    },
    "O(log n)": {
      "r2": 0.9513902642754087,
      "aic": 2038.6018987487546,
      "params_norm": [
        0.48185826671614285,
        0.8890600971096241
      ],
      "rss": 56555110435.90997
    },
    "O(n log n)": {
      "r2": 0.7893194637465761,
      "aic": 2186.720328410515,
      "params_norm": [
        1.9452269186425202,
        1.0857248887709954
      ],
      "rss": 245116761424.42795
    },
    "O(2^n)": {
      "r2": 0.9668353003974605,
      "aic": 1999.9857820472155,
      "params_norm": [
        0.20590974495205855,
        1.6449437638071849
      ],
      "rss": 38585547126.242386
    },
    "O(n^k)": {
      "r2": 0.9983093255870835,
      "aic": 1699.373570007893,
      "params_norm": [
        0.9890921969835944,
        0.9933839083608894
      ],
      "rss": 1967019090.0726693
    }
  }
}