{
  "best_model": "O(2^n)",
  "details": {
    "O(1)": {
      "r2": 0,
      "aic": Infinity,
      "params_norm": [
        1.0
      ],
      "rss": 0.0
    },
    "O(n)": {
      "r2": 0,
      "aic": -3666.780550869462,
      "params_norm": [
        3.539513381405014e-10,
        0.9999999997936918
      ],
      "rss": 1.6582081021950693e-14
    },
    "O(n^2)": {
      "r2": 0,
      "aic": -3131.7828451121704,
      "params_norm": [
        2.262728146446774e-08,
        -2.697387986981183e-08,
        1.000000006707853
      ],
      "rss": 3.2431173780885427e-12
    },
    "O(n^3)": {
      "r2": 0,
      "aic": -3076.710388556556,
      "params_norm": [
        9.207473059506364e-09,
        1.2993395631032284e-08,
        -2.4496106730549883e-08,
        1.0000000064036458
      ],
      "rss": 5.475749738231441e-12
    },
    "O(log n)": {
      "r2": 0,
      "aic": -3206.7709774097234,
      "params_norm": [
        -1.7262467729194512e-09,
        0.9999999988883356
      ],
      "rss": 1.5763587662890216e-12
    },
    "O(n log n)": {
      "r2": 0,
      "aic": -3635.757731927481,
      "params_norm": [
        9.149493385152141e-10,
        1.000000000238507
      ],
      "rss": 2.2544232742128248e-14
    },
    "O(2^n)": {
      "r2": 0,
      "aic": -3845.186362951401,
      "params_norm": [
        1.0000000000853677,
        -1.463447165138362e-10
      ],
      "rss": 2.8346783580469027e-15
    },
    "O(n^k)": {
      "r2": 0,
      "aic": -3545.471051896971,
      "params_norm": [
        0.999999999792065,
        -3.2278032427202367e-10
      ],
      "rss": 5.511416736457985e-14
    }
  }
}