{
  "valid_points": 95,
  "models": {
    "Constant": {
      "r2": 0.0,
      "aic": -527.3224510639084,
      "bic": -522.2146972807072,
      "params": [
        -99.61060701232196,
        100.38939298767802
      ],
      "confidence_score": 0.0
    },
    "Linear": {
      "r2": 0.5464493418396654,
      "aic": -602.4340405891032,
      "bic": -597.3262868059021,
      "params": [
        3.250909662166901e-05,
        0.7102930729844743
      ],
      "confidence_score": 0.5264493418396654
    },
    "Quadratic": {
      "r2": 0.44262617079617805,
      "aic": -580.8517671400068,
      "bic": -573.1901364652052,
      "params": [
        6.626151427126183e-09,
        1.0,
        0.7366127730186989
      ],
      "confidence_score": 0.4026261707961781
    },
    "Cubic": {
      "r2": 0.3568555414638357,
      "aic": -565.2541131432133,
      "bic": -555.0386055768112,
      "params": [
        1.4012371795676548e-12,
        1.0,
        1.0,
        0.7485479450530707
      ],
      "confidence_score": 0.3068555414638357
    },
    "Logarithmic": {
      "r2": 0.41290325789808613,
      "aic": -577.9161892449858,
      "bic": -572.8084354617847,
      "params": [
        0.021880961110798448,
        0.6258791175532913
      ],
      "confidence_score": 0.4029032578980861
    },
    "N Log N": {
      "r2": 0.5351351971024052,
      "aic": -600.093273965927,
      "bic": -594.9855201827258,
      "params": [
        3.7991830538567817e-06,
        0.7153827902015426
      ],
      "confidence_score": 0.5051351971024052
    }
  }
}