{
  "valid_points": 59,
  "models": {
    "Constant": {
      "r2": 0.7,
      "aic": 292.91556761714656,
      "bic": 297.070642504958,
      "params": [
        -91.06881919048598,
        108.93118080951405
      ],
      "confidence_score": 0.09999999999999998
    },
    "Linear": {
      "r2": 0.9718984582995426,
      "aic": 82.17164809475936,
      "bic": 86.3267229825708,
      "params": [
        0.013351122036778056,
        -14.8705163912838
      ],
      "confidence_score": 0.4831390749797255
    },
    "Quadratic": {
      "r2": 0.9997958475782514,
      "aic": -206.38640936566338,
      "bic": -200.15379703394623,
      "params": [
        2.7229580871201975e-06,
        1.0,
        -0.4923373384910297
      ],
      "confidence_score": 0.9798775085469508
    },
    "Cubic": {
      "r2": 0.9855580517002007,
      "aic": 46.89609199935395,
      "bic": 55.20624177497683,
      "params": [
        6.638340429536164e-10,
        1.0,
        1.0,
        4.511186478898029
      ],
      "confidence_score": 0.5713348310201204
    },
    "Logarithmic": {
      "r2": 0.8882340557812471,
      "aic": 163.62601330964753,
      "bic": 167.78108819745898,
      "params": [
        28.39512746916121,
        -201.79886264406844
      ],
      "confidence_score": 0.548
    },
    "N Log N": {
      "r2": 0.9777997175501482,
      "aic": 68.26420185125272,
      "bic": 72.41927673906416,
      "params": [
        0.001527281171013435,
        -11.597520324574152
      ],
      "confidence_score": 0.698
    }
  }
}