{
  "valid_points": 18,
  "models": {
    "Constant": {
      "r2": 0.7,
      "aic": -83.09744600425148,
      "bic": -81.31670248845916,
      "params": [
        -99.70246302998724,
        100.29753697001271
      ],
      "confidence_score": 0.37
    },
    "Linear": {
      "r2": 0.9866401278871084,
      "aic": -160.77644030379204,
      "bic": -158.99569678799972,
      "params": [
        0.00031411425568611155,
        0.12390255650080162
      ],
      "confidence_score": 0.9819840767322651
    },
    "Quadratic": {
      "r2": 0.9785364893596776,
      "aic": -150.24266337801666,
      "bic": -147.57154810432817,
      "params": [
        1.0395480110059196e-07,
        1.0,
        0.3529458827006061
      ],
      "confidence_score": 0.5684442168365129
    },
    "Cubic": {
      "r2": 0.9590686407254233,
      "aic": -136.6229040314939,
      "bic": -133.06141699990926,
      "params": [
        4.4460238247257484e-11,
        1.0,
        1.0,
        0.4291816760269774
      ],
      "confidence_score": 0.5554421187704078
    },
    "Logarithmic": {
      "r2": 0.9815757171317071,
      "aic": -154.99098974420593,
      "bic": -153.2102462284136,
      "params": [
        0.45887666838274443,
        -2.75246603966109
      ],
      "confidence_score": 0.6146274874244054
    },
    "N Log N": {
      "r2": 0.9863408466202425,
      "aic": -160.37766329094,
      "bic": -158.59691977514768,
      "params": [
        3.782376564770046e-05,
        0.17914527329816288
      ],
      "confidence_score": 0.8437694664325645
    }
  }
}