{
  "valid_points": 206,
  "models": {
    "Constant": {
      "r2": 0.85,
      "aic": -3172.3302501914354,
      "bic": -3165.6744978538563,
      "params": [
        100.00287018607848,
        -99.99712981392145
      ],
      "confidence_score": 0.195
    },
    "Linear": {
      "r2": 0.3780255070229305,
      "aic": -3270.1506263942433,
      "bic": -3263.4948740566642,
      "params": [
        9.592074620620205e-11,
        0.0052582171973030506
      ],
      "confidence_score": 0.1268153051219213
    },
    "Quadratic": {
      "r2": 0.2717397196158573,
      "aic": -3235.6521841281665,
      "bic": -3225.6685556217976,
      "params": [
        7.808294705360918e-18,
        1.0,
        0.0054785421221142825
      ],
      "confidence_score": 0.14304383176951438
    },
    "Cubic": {
      "r2": 0.2050860223039953,
      "aic": -3215.611653305118,
      "bic": -3202.30014862996,
      "params": [
        7.108260504754558e-25,
        1.0,
        1.0,
        0.005561252477640177
      ],
      "confidence_score": 0.10305161338239717
    },
    "Logarithmic": {
      "r2": 0.4873142427275051,
      "aic": -3309.9572393590365,
      "bic": -3303.3014870214574,
      "params": [
        0.00034584154755701817,
        0.0005004297931355434
      ],
      "confidence_score": 0.9416571213637526
    },
    "N Log N": {
      "r2": 0.3700178256315457,
      "aic": -3267.5153836493573,
      "bic": -3260.8596313117782,
      "params": [
        5.820571409217964e-12,
        0.005283430398768828
      ],
      "confidence_score": 0.48300891299815796
    }
  }
}