{
  "valid_points": 95,
  "models": {
    "Constant": {
      "r2": -2.220446049250313e-16,
      "aic": -268.2650196879409,
      "bic": -263.1572659047398,
      "params": [
        -99.76876085918191,
        100.2312391408181
      ],
      "confidence_score": -2.220446049250313e-16
    },
    "Linear": {
      "r2": 0.9875074556372861,
      "aic": -684.6142297303606,
      "bic": -679.5064759471595,
      "params": [
        0.00017035939683658304,
        0.10534401512285527
      ],
      "confidence_score": 0.9675074556372861
    },
    "Quadratic": {
      "r2": 0.9108809744670928,
      "aic": -495.95435122084757,
      "bic": -488.2927205460459,
      "params": [
        3.704501250201275e-08,
        1.0,
        0.22791756053755696
      ],
      "confidence_score": 0.8708809744670928
    },
    "Cubic": {
      "r2": 0.802461638632082,
      "aic": -418.3381551670841,
      "bic": -408.12264760068194,
      "params": [
        8.199285260313609e-12,
        1.0,
        1.0,
        0.28619492782810474
      ],
      "confidence_score": 0.7524616386320819
    },
    "Logarithmic": {
      "r2": 0.6158588684688053,
      "aic": -359.15581975728907,
      "bic": -354.048065974088,
      "params": [
        0.10454993991933662,
        -0.26739938356233256
      ],
      "confidence_score": 0.6058588684688053
    },
    "N Log N": {
      "r2": 0.9852230218878522,
      "aic": -668.6600797038327,
      "bic": -663.5523259206316,
      "params": [
        2.0089647842785592e-05,
        0.12897228370760272
      ],
      "confidence_score": 0.9552230218878521
    }
  }
}