{
  "valid_points": 7590,
  "models": {
    "Constant": {
      "r2": 0.7,
      "aic": -31584.3976732937,
      "bic": -31570.528499552922,
      "params": [
        -99.33031820015853,
        100.66968179984144
      ],
      "confidence_score": 0.37
    },
    "Linear": {
      "r2": 0.9982403664133581,
      "aic": -79725.10875219389,
      "bic": -79711.23957845311,
      "params": [
        1.4242761145142176e-07,
        -0.03991385917384038
      ],
      "confidence_score": 0.5889442198480148
    },
    "Quadratic": {
      "r2": 0.9789130663804418,
      "aic": -60872.97950082787,
      "bic": -60852.1757402167,
      "params": [
        1.1147926359403512e-14,
        1.0,
        0.2853535960602268
      ],
      "confidence_score": 0.5673478398282651
    },
    "Cubic": {
      "r2": 0.9395300728907164,
      "aic": -52874.97081895797,
      "bic": -52847.23247147641,
      "params": [
        9.945612101010099e-22,
        1.0,
        1.0,
        0.41922776393603295
      ],
      "confidence_score": 0.5437180437344298
    },
    "Logarithmic": {
      "r2": 0.8556009132280733,
      "aic": -46272.371193490675,
      "bic": -46258.502019749896,
      "params": [
        0.5631229936328213,
        -7.712659218278418
      ],
      "confidence_score": 0.598
    },
    "N Log N": {
      "r2": 0.9987479444077625,
      "aic": -82308.1293817853,
      "bic": -82294.26020804452,
      "params": [
        8.61361414060098e-09,
        -0.0029455213597990855
      ],
      "confidence_score": 0.898
    }
  }
}