{
  "valid_points": 17,
  "models": {
    "Constant": {
      "r2": 0.7,
      "aic": 134.96016709606602,
      "bic": 136.62659378417845,
      "params": [
        109.51603175524404,
        -90.48396824475596
      ],
      "confidence_score": 0.09999999999999998
    },
    "Linear": {
      "r2": 0.9999672290643161,
      "aic": -40.58129812807829,
      "bic": -38.91487143996586,
      "params": [
        0.000708972643174044,
        -0.09906281428797525
      ],
      "confidence_score": 0.8999803374385896
    },
    "Quadratic": {
      "r2": 0.9432747533596196,
      "aic": 88.17805679055347,
      "bic": 90.67769682272211,
      "params": [
        2.7885968212709208e-09,
        1.0,
        4.706863508449343
      ],
      "confidence_score": 0.5459648520157717
    },
    "Cubic": {
      "r2": 0.8771179984259333,
      "aic": 103.3191448413783,
      "bic": 106.65199821760316,
      "params": [
        1.0403340546278758e-14,
        1.0,
        1.0,
        6.605489376509045
      ],
      "confidence_score": 0.5062707990555599
    },
    "Logarithmic": {
      "r2": 0.394778090364743,
      "aic": 126.42344547396382,
      "bic": 128.08987216207626,
      "params": [
        8.143348859568773,
        -31.837889421078522
      ],
      "confidence_score": 0.44538904518237155
    },
    "N Log N": {
      "r2": 0.9993461293199362,
      "aic": 10.305950725660315,
      "bic": 11.972377413772747,
      "params": [
        5.726061490620323e-05,
        0.6715864717814065
      ],
      "confidence_score": 0.6980000000026736
    }
  }
}