{
  "valid_points": 12,
  "models": {
    "Constant": {
      "r2": 0.7,
      "aic": 78.53176431449432,
      "bic": 79.50157761407033,
      "params": [
        104.0877452120185,
        -95.91225478798147
      ],
      "confidence_score": 0.10000000000000002
    },
    "Linear": {
      "r2": 0.8729647903694524,
      "aic": 53.77227243734593,
      "bic": 54.742085736921936,
      "params": [
        0.01763562960640208,
        -3.8431911527261944
      ],
      "confidence_score": 0.4237788742362246
    },
    "Quadratic": {
      "r2": 0.9920194768173485,
      "aic": 22.56274861928972,
      "bic": 24.017468568653722,
      "params": [
        4.791778332569052e-06,
        1.0,
        -0.7504952922932819
      ],
      "confidence_score": 0.575280033769853
    },
    "Cubic": {
      "r2": 0.9984716943331768,
      "aic": 4.728617540357036,
      "bic": 6.668244139509038,
      "params": [
        1.181361235216055e-09,
        1.0,
        1.0,
        0.45042550985202856
      ],
      "confidence_score": 0.979083016599906
    },
    "Logarithmic": {
      "r2": 0.2949062173968794,
      "aic": 74.33867079391906,
      "bic": 75.30848409349507,
      "params": [
        4.7800343184627305,
        -12.86608608018506
      ],
      "confidence_score": 0.29545310869844005
    },
    "N Log N": {
      "r2": 0.9036221500895439,
      "aic": 50.45801779672783,
      "bic": 51.427831096303834,
      "params": [
        0.002174850754075661,
        -3.133148445236554
      ],
      "confidence_score": 0.6980000000572402
    }
  }
}