{
  "valid_points": 28,
  "models": {
    "Constant": {
      "r2": 0.7,
      "aic": -422.30178696454533,
      "bic": -419.6373779441949,
      "params": [
        -99.99936317492806,
        100.00063682507196
      ],
      "confidence_score": 0.37
    },
    "Linear": {
      "r2": 0.319060726294249,
      "aic": -433.06168713786013,
      "bic": -430.3972781175097,
      "params": [
        2.5217664583251634e-12,
        0.0011769456428404248
      ],
      "confidence_score": 0.18143643577654936
    },
    "Quadratic": {
      "r2": 0.18533225642494,
      "aic": -426.041084877397,
      "bic": -422.0444713468714,
      "params": [
        3.8998321356120865e-21,
        1.0,
        0.0012201239498620508
      ],
      "confidence_score": 0.091199353854964
    },
    "Cubic": {
      "r2": 0.14376390046582777,
      "aic": -422.64764242697356,
      "bic": -417.31882438627275,
      "params": [
        6.508804585588398e-30,
        1.0,
        1.0,
        0.0012325404001958117
      ],
      "confidence_score": 0.06625834027949665
    },
    "Logarithmic": {
      "r2": 0.9900955181766847,
      "aic": -551.515288580564,
      "bic": -548.8508795602136,
      "params": [
        8.73508057340224e-05,
        0.0003368846249822477
      ],
      "confidence_score": 0.898
    },
    "N Log N": {
      "r2": 0.3059909681551054,
      "aic": -432.52935548702544,
      "bic": -429.864946466675,
      "params": [
        1.2390660429164524e-13,
        0.0011814312778959512
      ],
      "confidence_score": 0.45099548407755274
    }
  }
}