{
  "valid_points": 66,
  "models": {
    "Constant": {
      "r2": 0.7,
      "aic": -547.5337806367543,
      "bic": -543.1544711527014,
      "params": [
        100.09281131805791,
        -99.90718868194216
      ],
      "confidence_score": 0.43245121505087525
    },
    "Linear": {
      "r2": 0.13159395396018403,
      "aic": -556.8461086327362,
      "bic": -552.4667991486833,
      "params": [
        -6.9640988205055265e-06,
        0.20244198993417983
      ],
      "confidence_score": 0.4128835394020618
    },
    "Quadratic": {
      "r2": 0.12557512699144135,
      "aic": -554.390247820485,
      "bic": -547.8212835944057,
      "params": [
        -1.3990566428433151e-09,
        1.0,
        0.19467478696904356
      ],
      "confidence_score": 0.08905095050550461
    },
    "Cubic": {
      "r2": 0.11919789480801457,
      "aic": -551.9106526668113,
      "bic": -543.1520336987056,
      "params": [
        -3.4478319633165204e-13,
        1.0,
        1.0,
        0.19206685555243452
      ],
      "confidence_score": 0.054783042896229026
    },
    "Logarithmic": {
      "r2": 0.13555939949801843,
      "aic": -557.1481779045622,
      "bic": -552.7688684205093,
      "params": [
        -0.015533125018572513,
        0.30566171358548394
      ],
      "confidence_score": 0.5657796997490092
    },
    "N Log N": {
      "r2": 0.13094557738044277,
      "aic": -556.7968495479729,
      "bic": -552.41754006392,
      "params": [
        -7.939132807601675e-07,
        0.20066737600039727
      ],
      "confidence_score": 0.5151426857157461
    }
  }
}