{
  "valid_points": 28,
  "models": {
    "Constant": {
      "r2": 0.7,
      "aic": -613.2565944423699,
      "bic": -610.5921854220195,
      "params": [
        -99.99990560380466,
        100.00009439619522
      ],
      "confidence_score": 0.5601849372310379
    },
    "Linear": {
      "r2": 0.03087837570476082,
      "aic": -614.1348189139471,
      "bic": -611.4704098935968,
      "params": [
        2.5923172510279916e-14,
        0.000187798351380717
      ],
      "confidence_score": 0.401913002887215
    },
    "Quadratic": {
      "r2": 0.03803028089324667,
      "aic": -612.3422190056617,
      "bic": -608.3456054751362,
      "params": [
        5.837557839159948e-23,
        1.0,
        0.00018799117073845076
      ],
      "confidence_score": 0.08528441300126237
    },
    "Cubic": {
      "r2": 0.037208115601361835,
      "aic": -610.3182985060727,
      "bic": -604.9894804653718,
      "params": [
        1.0941861045018542e-31,
        1.0,
        1.0,
        0.00018810130028870512
      ],
      "confidence_score": 0.017724238548383637
    },
    "Logarithmic": {
      "r2": 0.009104470244349794,
      "aic": -613.5126871806591,
      "bic": -610.8482781603087,
      "params": [
        2.610197136924266e-07,
        0.00018609655443879185
      ],
      "confidence_score": 0.5187175197668222
    },
    "N Log N": {
      "r2": 0.03203186314346662,
      "aic": -614.1681654864695,
      "bic": -611.5037564661192,
      "params": [
        1.3247246918624394e-15,
        0.000187806483804487
      ],
      "confidence_score": 0.5140159315717333
    }
  }
}