{
  "valid_points": 40,
  "models": {
    "Constant": {
      "r2": 0.7,
      "aic": 703.2471840181972,
      "bic": 706.6249429264251,
      "params": [
        1584.1473778537631,
        3829.523512955693
      ],
      "confidence_score": 0.09999999999999998
    },
    "Linear": {
      "r2": 0.8304612577561457,
      "aic": 632.2602315994403,
      "bic": 635.6379905076682,
      "params": [
        44.866615841961014,
        -4344.818099831098
      ],
      "confidence_score": 0.39827675465368734
    },
    "Quadratic": {
      "r2": 0.9682715527271712,
      "aic": 567.2255196100851,
      "bic": 572.2921579724269,
      "params": [
        0.10776548779846806,
        1.0,
        -1421.8401625175122
      ],
      "confidence_score": 0.5609629316363027
    },
    "Cubic": {
      "r2": 0.9997911724010383,
      "aic": 368.2871227479709,
      "bic": 375.0426405644266,
      "params": [
        0.0002636923653960288,
        1.0,
        1.0,
        -73.64334269109997
      ],
      "confidence_score": 0.979874703440623
    },
    "Logarithmic": {
      "r2": 0.4245335980937385,
      "aic": 681.1442066891588,
      "bic": 684.5219655973866,
      "params": [
        3949.261940158976,
        -14565.151342945577
      ],
      "confidence_score": 0.3602667990468692
    },
    "N Log N": {
      "r2": 0.8655112967726212,
      "aic": 622.99618104451,
      "bic": 626.3739399527378,
      "params": [
        7.332939687817632,
        -3487.2484157883828
      ],
      "confidence_score": 0.698
    }
  }
}