{
  "Constant": {
    "name": "Constant",
    "r2": 0.0,
    "bic": -28.513097400010018,
    "confidence_score": -0.16057620877200915,
    "params": [
      0.2842422369239794,
      0.28424223692384726
    ],
    "order": 0
  },
  "Linear": {
    "name": "Linear",
    "r2": 0.9249156516813988,
    "bic": -75.11767415646511,
    "confidence_score": 0.7243394429093896,
    "params": [
      0.005268542208665055,
      4.482987381495097e-12
    ],
    "order": 2
  },
  "Quadratic": {
    "name": "Quadratic",
    "r2": 0.998343945259574,
    "bic": -140.88243466166114,
    "confidence_score": 0.6774796321015604,
    "params": [
      2.685520471552581e-05,
      6.642429172698618e-11,
      0.12267016430610769
    ],
    "order": 4
  },
  "Cubic": {
    "name": "Cubic",
    "r2": 0.9983439438227472,
    "bic": -137.9920472866041,
    "confidence_score": 0.5771915262787289,
    "params": [
      1.7023425200661637e-13,
      2.6855170048120987e-05,
      2.1718214000631003e-12,
      0.1226702808252767
    ],
    "order": 5
  },
  "Logarithmic": {
    "name": "Logarithmic",
    "r2": 0.3668372822991175,
    "bic": -36.739598374073665,
    "confidence_score": 0.18626107352710836,
    "params": [
      0.13455616122445568,
      2.2127471948941584e-09
    ],
    "order": 1
  },
  "N Log N": {
    "name": "N Log N",
    "r2": 0.9635667747103002,
    "bic": -88.13403188379701,
    "confidence_score": 0.7429905659382909,
    "params": [
      0.001044987646002033,
      2.3886669520357457e-09
    ],
    "order": 3
  },
  "confidence_analysis": {
    "best_model": "N Log N",
    "best_score": 0.7429905659382909,
    "second_best_model": "Linear",
    "second_best_score": 0.7243394429093896,
    "confidence_gap": 0.018651123028901373,
    "is_confident": false,
    "threshold": 0.03
  }
}