{
  "valid_points": 19,
  "models": {
    "Constant": {
      "r2": 0.9,
      "aic": -128.1153698273909,
      "bic": -126.22649186905802,
      "params": [
        -99.66974889761521,
        100.33025110238476
      ],
      "confidence_score": 0.24000007931426343
    },
    "Linear": {
      "r2": 0.7813739005773717,
      "aic": -157.00282384754846,
      "bic": -155.1139458892156,
      "params": [
        0.00041992165121973457,
        0.615482183530849
      ],
      "confidence_score": 0.567032245021416
    },
    "Quadratic": {
      "r2": 0.7888233272557115,
      "aic": -155.66151332855048,
      "bic": -152.82819639105116,
      "params": [
        1.8995403425523288e-06,
        1.0,
        0.6306273339957555
      ],
      "confidence_score": 0.516502683991549
    },
    "Cubic": {
      "r2": 0.7246428779591464,
      "aic": -148.6194113931413,
      "bic": -144.84165547647552,
      "params": [
        8.863634698223529e-09,
        1.0,
        1.0,
        0.6374786789878345
      ],
      "confidence_score": 0.4159512513882554
    },
    "Logarithmic": {
      "r2": 0.45999438053765884,
      "aic": -139.8227087556491,
      "bic": -137.93383079731623,
      "params": [
        0.019817256091016422,
        0.5747807921121068
      ],
      "confidence_score": 0.6280248321529769
    },
    "N Log N": {
      "r2": 0.796949921295602,
      "aic": -158.4071199349316,
      "bic": -156.51824197659872,
      "params": [
        7.654721201607864e-05,
        0.6203738916575481
      ],
      "confidence_score": 0.8480000000000001
    }
  }
}