{
  "Constant": {
    "r2": 0.0,
    "aic": -402.1909279368329,
    "bic": -397.6655681827503,
    "params": [
      -99.89373257882147,
      100.10626742117836
    ]
  },
  "Linear": {
    "r2": 0.9607078194728679,
    "aic": -631.9987400930488,
    "bic": -627.4733803389662,
    "params": [
      6.443452267579364e-05,
      0.05117627712079409
    ]
  },
  "Quadratic": {
    "r2": 0.9491607785649405,
    "aic": -611.7061153597299,
    "bic": -604.9180757286059,
    "params": [
      1.260603240859588e-08,
      1.0,
      0.12392331201201223
    ]
  },
  "Cubic": {
    "r2": 0.9045927300501773,
    "aic": -565.0125633307998,
    "bic": -555.9618438226346,
    "params": [
      2.9641856115648586e-12,
      1.0,
      1.0,
      0.1490712108945048
    ]
  },
  "Logarithmic": {
    "r2": 0.9193462985513297,
    "aic": -580.9398591348863,
    "bic": -576.4144993808037,
    "params": [
      0.14373343145418122,
      -0.9025001215749956
    ]
  },
  "N Log N": {
    "r2": 0.9617798611588441,
    "aic": -633.9628101688575,
    "bic": -629.4374504147748,
    "params": [
      7.333679504172717e-06,
      0.06766122810496458
    ]
  }
}