{
  "valid_points": 16,
  "models": {
    "Constant": {
      "r2": 0.7,
      "aic": 127.00886200286232,
      "bic": 128.55403944734186,
      "params": [
        17.386195646598935,
        1.0
      ],
      "confidence_score": 0.09999999999999998
    },
    "Linear": {
      "r2": 0.9934982460115618,
      "aic": 46.43792929715234,
      "bic": 47.9831067416319,
      "params": [
        0.0013676531748083587,
        -1.2189416576293364
      ],
      "confidence_score": 0.49653701361759195
    },
    "Quadratic": {
      "r2": 0.9726103076931172,
      "aic": 71.44744553012666,
      "bic": 73.765211696846,
      "params": [
        1.0937265464933237e-08,
        1.0,
        3.4620976872250058
      ],
      "confidence_score": 0.5635661857200165
    },
    "Cubic": {
      "r2": 0.9217731478849556,
      "aic": 90.23858499580354,
      "bic": 93.32893988476266,
      "params": [
        8.233880632327574e-14,
        1.0,
        1.0,
        5.323989924933478
      ],
      "confidence_score": 0.5330638887310357
    },
    "Logarithmic": {
      "r2": 0.3805149539025521,
      "aic": 119.34699453296453,
      "bic": 120.8921719774441,
      "params": [
        8.366540621505678,
        -30.982818984837756
      ],
      "confidence_score": 0.43825747695127604
    },
    "N Log N": {
      "r2": 0.9972269003337738,
      "aic": 32.80422886152944,
      "bic": 34.349406306009,
      "params": [
        0.00011721393268322409,
        -0.4153929610033727
      ],
      "confidence_score": 0.9480000000000001
    }
  }
}