{
  "Constant": {
    "name": "Constant",
    "r2": -2.220446049250313e-16,
    "bic": 415.9183502443157,
    "confidence_score": -0.09572595157174721,
    "params": [
      187.99446760133623,
      0.04767127327833166
    ],
    "order": 0
  },
  "Linear": {
    "name": "Linear",
    "r2": 0.7034209928187681,
    "bic": 369.7315683043586,
    "confidence_score": 0.5676950412470211,
    "params": [
      1.028361071626974,
      8.415261205392235e-17
    ],
    "order": 2
  },
  "Quadratic": {
    "name": "Quadratic",
    "r2": 0.9429918973571054,
    "bic": 310.7025853584653,
    "confidence_score": 0.7194029699994849,
    "params": [
      0.0032597415126879065,
      4.796254580656021e-18,
      1.1696291468493418e-18
    ],
    "order": 4
  },
  "Cubic": {
    "name": "Cubic",
    "r2": 0.9957532729275689,
    "bic": 215.65246821722627,
    "confidence_score": 0.7043013697840749,
    "params": [
      8.912025278659835e-06,
      2.484047259894065e-24,
      1.1287447816791056e-24,
      7.084925450580003e-25
    ],
    "order": 5
  },
  "Logarithmic": {
    "name": "Logarithmic",
    "r2": 0.19255172311981583,
    "bic": 407.79105162954835,
    "confidence_score": 0.07682577154806884,
    "params": [
      40.403032522518636,
      4.168183588533411e-12
    ],
    "order": 1
  },
  "N Log N": {
    "name": "N Log N",
    "r2": 0.7694570409159569,
    "bic": 360.16026394743443,
    "confidence_score": 0.6137310893442098,
    "params": [
      0.1825199858234625,
      1.1329864725997993e-16
    ],
    "order": 3
  },
  "confidence_analysis": {
    "best_model": "Quadratic",
    "best_score": 0.7194029699994849,
    "second_best_model": "Cubic",
    "second_best_score": 0.7043013697840749,
    "confidence_gap": 0.015101600215410071,
    "is_confident": false,
    "threshold": 0.03
  }
}