{
  "valid_points": 94,
  "models": {
    "Constant": {
      "r2": 0.7,
      "aic": -135.93152862620147,
      "bic": -130.84493906166145,
      "params": [
        100.37270039319999,
        -99.62729960680007
      ],
      "confidence_score": 0.41
    },
    "Linear": {
      "r2": 0.9892518685055592,
      "aic": -562.0357239009393,
      "bic": -556.9491343363993,
      "params": [
        0.0003394466705558541,
        0.04450841212777412
      ],
      "confidence_score": 0.5835511211033384
    },
    "Quadratic": {
      "r2": 0.9583145095822374,
      "aic": -432.6261318860672,
      "bic": -424.9962475392572,
      "params": [
        7.565472004422702e-08,
        1.0,
        0.2762651633877966
      ],
      "confidence_score": 0.5549887057493424
    },
    "Cubic": {
      "r2": 0.8717543356229784,
      "aic": -324.98944317000434,
      "bic": -314.8162640409243,
      "params": [
        1.698221530117907e-11,
        1.0,
        1.0,
        0.38835345348076394
      ],
      "confidence_score": 0.503052601373787
    },
    "Logarithmic": {
      "r2": 0.5560909948002328,
      "aic": -212.2722826211586,
      "bic": -207.1856930566186,
      "params": [
        0.19732296036851815,
        -0.6274597110575106
      ],
      "confidence_score": 0.4760454974001164
    },
    "N Log N": {
      "r2": 0.9946228134051409,
      "aic": -627.1369866847831,
      "bic": -622.0503971202431,
      "params": [
        4.019306104649182e-05,
        0.0889410621306165
      ],
      "confidence_score": 0.898
    }
  }
}