{
  "best_model": "O(2^n)",
  "details": {
    "O(1)": {
      "r2": 0,
      "aic": Infinity,
      "params_norm": [
        1.0
      ],
      "rss": 0.0
    },
    "O(n)": {
      "r2": 0,
      "aic": -3528.808685166409,
      "params_norm": [
        3.539513381405014e-10,
        0.9999999997936918
      ],
      "rss": 6.499957504393022e-14
    },
    "O(n^2)": {
      "r2": 0,
      "aic": -2993.810973558178,
      "params_norm": [
        2.262728146446774e-08,
        -2.697387986981183e-08,
        1.000000006707853
      ],
      "rss": 1.2712593993843371e-11
    },
    "O(n^3)": {
      "r2": 0,
      "aic": -2938.738519031078,
      "params_norm": [
        9.207473059506364e-09,
        1.2993395631032284e-08,
        -2.4496106730549883e-08,
        1.0000000064036458
      ],
      "rss": 2.1464219058568606e-11
    },
    "O(log n)": {
      "r2": 0,
      "aic": -3068.7991091921635,
      "params_norm": [
        -1.7262467729194512e-09,
        0.9999999988883356
      ],
      "rss": 6.179119034628075e-12
    },
    "O(n log n)": {
      "r2": 0,
      "aic": -3497.7858722695128,
      "params_norm": [
        9.149493385152141e-10,
        1.000000000238507
      ],
      "rss": 8.837041974915299e-14
    },
    "O(2^n)": {
      "r2": 0,
      "aic": -3707.21442827245,
      "params_norm": [
        1.0000000000853677,
        -1.463447165138362e-10
      ],
      "rss": 1.1111573646707921e-14
    },
    "O(n^k)": {
      "r2": 0,
      "aic": -3407.499182422973,
      "params_norm": [
        0.999999999792065,
        -3.2278032427202367e-10
      ],
      "rss": 2.1604028991344254e-13
    }
  }
}