{
  "valid_points": 19,
  "models": {
    "Constant": {
      "r2": 0.7,
      "aic": 137.8173958484891,
      "bic": 139.70627380682197,
      "params": [
        -93.7591399801405,
        106.24086001985955
      ],
      "confidence_score": 0.11999999999999998
    },
    "Linear": {
      "r2": 0.9799258058108921,
      "aic": 63.55931280897411,
      "bic": 65.448190767307,
      "params": [
        0.00013082574389755575,
        -1.0557079192959002
      ],
      "confidence_score": 0.49735747264802954
    },
    "Quadratic": {
      "r2": 0.9792917679424309,
      "aic": 66.15014034580318,
      "bic": 68.9834572833025,
      "params": [
        1.3443001042864904e-10,
        1.0,
        2.2308538887422333
      ],
      "confidence_score": 0.5691803244328146
    },
    "Cubic": {
      "r2": 0.9332727800941478,
      "aic": 90.38169186789757,
      "bic": 94.15944778456333,
      "params": [
        1.2696893465988594e-16,
        1.0,
        1.0,
        3.691671209278114
      ],
      "confidence_score": 0.5399636735348352
    },
    "Logarithmic": {
      "r2": 0.3369145664938752,
      "aic": 130.0112185243177,
      "bic": 131.90009648265058,
      "params": [
        4.839309815255336,
        -21.27510271480406
      ],
      "confidence_score": 0.31645728324693756
    },
    "N Log N": {
      "r2": 0.9864736303061206,
      "aic": 56.05822627438623,
      "bic": 57.94710423271911,
      "params": [
        9.56432885553447e-06,
        -0.6437745464591874
      ],
      "confidence_score": 0.998
    }
  }
}