{
  "valid_points": 97,
  "models": {
    "Constant": {
      "r2": 0.0,
      "aic": -803.606780716578,
      "bic": -798.4573587595712,
      "params": [
        -99.95839067725188,
        100.04160932274822
      ],
      "confidence_score": 0.0
    },
    "Linear": {
      "r2": 0.02909683185430212,
      "aic": -806.4710490489895,
      "bic": -801.3216270919827,
      "params": [
        -1.90096024477171e-06,
        0.08723178814597876
      ],
      "confidence_score": 0.009096831854302118
    },
    "Quadratic": {
      "r2": 0.02301330269420998,
      "aic": -803.8651582770067,
      "bic": -796.1410253414965,
      "params": [
        -3.8193443030149847e-10,
        1.0,
        0.08566561831106004
      ],
      "confidence_score": -0.01698669730579002
    },
    "Cubic": {
      "r2": 0.02020128129331389,
      "aic": -801.5863681128707,
      "bic": -791.2875241988571,
      "params": [
        -8.427194180261561e-14,
        1.0,
        1.0,
        0.08505808008141168
      ],
      "confidence_score": -0.029798718706686114
    },
    "Logarithmic": {
      "r2": 0.01992252660734628,
      "aic": -805.5587753446845,
      "bic": -800.4093533876777,
      "params": [
        -0.001234070554678216,
        0.09185093928071493
      ],
      "confidence_score": 0.00992252660734628
    },
    "N Log N": {
      "r2": 0.028193013367070807,
      "aic": -806.3807932798815,
      "bic": -801.2313713228747,
      "params": [
        -2.2082893498634183e-07,
        0.08691293528516465
      ],
      "confidence_score": -0.0018069866329291917
    }
  }
}