{
  "Constant": {
    "r2": -2.220446049250313e-16,
    "aic": -248.4138115106308,
    "bic": -243.9168210265321,
    "params": [
      100.29099852378884,
      -99.70900147621123
    ]
  },
  "Linear": {
    "r2": 0.9883659492849902,
    "aic": -560.1811467113822,
    "bic": -555.6841562272834,
    "params": [
      0.0001901923384819426,
      0.10271235460313066
    ]
  },
  "Quadratic": {
    "r2": 0.9606710650859283,
    "aic": -472.91944566654314,
    "bic": -466.17395994039504,
    "params": [
      3.68917169035754e-08,
      1.0,
      0.3203399100412644
    ]
  },
  "Cubic": {
    "r2": 0.9015554522269292,
    "aic": -406.6921414376477,
    "bic": -397.6981604694503,
    "params": [
      8.594191786685526e-12,
      1.0,
      1.0,
      0.39636250498152337
    ]
  },
  "Logarithmic": {
    "r2": 0.9621706809908873,
    "aic": -477.6407704397377,
    "bic": -473.143779955639,
    "params": [
      0.4274350321449145,
      -2.737289142131917
    ]
  },
  "N Log N": {
    "r2": 0.9875772356017309,
    "aic": -555.5895370731462,
    "bic": -551.0925465890474,
    "params": [
      2.1626913943346045e-05,
      0.15183260389200282
    ]
  }
}