{
  "valid_points": 29,
  "models": {
    "Constant": {
      "r2": 0.9,
      "aic": -410.0384474357875,
      "bic": -407.30385577581455,
      "params": [
        -99.99037930934593,
        100.00962069065413
      ],
      "confidence_score": 0.22093210428128685
    },
    "Linear": {
      "r2": 0.011862319864610282,
      "aic": -410.3845113545829,
      "bic": -407.64991969461,
      "params": [
        7.932409556289734e-13,
        0.01921201110240405
      ],
      "confidence_score": 0.0
    },
    "Quadratic": {
      "r2": 0.006514834961421023,
      "aic": -408.22799576030513,
      "bic": -404.1261082703457,
      "params": [
        1.1939823157295078e-21,
        1.0,
        0.01922555868881545
      ],
      "confidence_score": 0.0
    },
    "Cubic": {
      "r2": 0.005902258497346047,
      "aic": -406.2101200601648,
      "bic": -400.7409367402189,
      "params": [
        2.1541494043407922e-30,
        1.0,
        1.0,
        0.019228244816596872
      ],
      "confidence_score": 0.0
    },
    "Logarithmic": {
      "r2": 0.328481232083611,
      "aic": -421.58663354662593,
      "bic": -418.852041886653,
      "params": [
        7.754105145358977e-05,
        0.018438491952330313
      ],
      "confidence_score": 0.8622406160418056
    },
    "N Log N": {
      "r2": 0.01102647417495295,
      "aic": -410.3599912098677,
      "bic": -407.6253995498948,
      "params": [
        3.837570702981336e-14,
        0.019213804642862264
      ],
      "confidence_score": 0.2046079162370869
    }
  }
}