{
  "valid_points": 18,
  "models": {
    "Constant": {
      "r2": 0.95,
      "aic": -230.17431955210253,
      "bic": -228.3935760363102,
      "params": [
        100.02506416704918,
        -99.97493583295082
      ],
      "confidence_score": 0.6587707348900974
    },
    "Linear": {
      "r2": 0.20319404387697182,
      "aic": -234.26291331044487,
      "bic": -232.48216979465255,
      "params": [
        -2.3969955609270954e-06,
        0.05372382743992643
      ],
      "confidence_score": 0.38927270645368905
    },
    "Quadratic": {
      "r2": 0.20452900250312567,
      "aic": -232.29309557345667,
      "bic": -229.62198029976818,
      "params": [
        -7.991658610457714e-10,
        1.0,
        0.05198972458307784
      ],
      "confidence_score": 0.1982578699207964
    },
    "Cubic": {
      "r2": 0.20552674344190258,
      "aic": -230.31568672935362,
      "bic": -226.75419969776897,
      "params": [
        -3.4608645344507893e-13,
        1.0,
        1.0,
        0.05141966917780902
      ],
      "confidence_score": 0.1260909587610082
    },
    "Logarithmic": {
      "r2": 0.20156012214870478,
      "aic": -234.22604049652855,
      "bic": -232.44529698073623,
      "params": [
        -0.003496550896742766,
        0.07563593717419821
      ],
      "confidence_score": 0.44276430647748083
    },
    "N Log N": {
      "r2": 0.20335514961924195,
      "aic": -234.26655308816365,
      "bic": -232.48580957237132,
      "params": [
        -2.887901571145399e-07,
        0.05330401221984523
      ],
      "confidence_score": 0.298
    }
  }
}