{
  "valid_points": 10,
  "models": {
    "Constant": {
      "r2": 0.7,
      "aic": 34.348907570714985,
      "bic": 34.95407775670308,
      "params": [
        3.1176240891218185,
        1.0
      ],
      "confidence_score": 0.09999999999999998
    },
    "Linear": {
      "r2": 0.9408918649610427,
      "aic": 6.065040417420202,
      "bic": 6.670210603408294,
      "params": [
        0.02001495490581695,
        -2.8575876955553285
      ],
      "confidence_score": 0.4645351189854252
    },
    "Quadratic": {
      "r2": 0.9996531607946754,
      "aic": -43.31758513573748,
      "bic": -42.409829856755344,
      "params": [
        2.3323955138709884e-05,
        1.0,
        0.14549621907207855
      ],
      "confidence_score": 0.9797918964768052
    },
    "Cubic": {
      "r2": 0.9775990818160162,
      "aic": 0.36237426466693456,
      "bic": 1.5727146366431182,
      "params": [
        2.8934020663265234e-08,
        1.0,
        1.0,
        1.1822991581893822
      ],
      "confidence_score": 0.5665594492021665
    },
    "Logarithmic": {
      "r2": 0.7551145215478134,
      "aic": 20.279261444633107,
      "bic": 20.8844316306212,
      "params": [
        5.981261194268711,
        -29.636523633191224
      ],
      "confidence_score": 0.5480000000000054
    },
    "N Log N": {
      "r2": 0.9570281753795551,
      "aic": 2.8768013763346527,
      "bic": 3.4819715623227445,
      "params": [
        0.0028952910933877822,
        -1.9840160715772834
      ],
      "confidence_score": 0.6980000000324971
    }
  }
}