{
  "valid_points": 78,
  "models": {
    "Constant": {
      "r2": 0.7,
      "aic": 77.41885405994887,
      "bic": 82.13227171332805,
      "params": [
        -97.79564249687466,
        102.20435750312538
      ],
      "confidence_score": 0.09999999999999998
    },
    "Linear": {
      "r2": 0.9994839876648294,
      "aic": -512.9927771571715,
      "bic": -508.27935950379236,
      "params": [
        0.0014106401105475172,
        0.2039223688024342
      ],
      "confidence_score": 0.8996903925988976
    },
    "Quadratic": {
      "r2": 0.9708425461117817,
      "aic": -196.3146318281238,
      "bic": -189.24450534805501,
      "params": [
        2.2892767470583664e-07,
        1.0,
        2.079962909381886
      ],
      "confidence_score": 0.562505527667069
    },
    "Cubic": {
      "r2": 0.9076879090859341,
      "aic": -104.42239765829022,
      "bic": -94.99556235153186,
      "params": [
        4.385102858953949e-11,
        1.0,
        1.0,
        2.741153150665536
      ],
      "confidence_score": 0.5246127454515604
    },
    "Logarithmic": {
      "r2": 0.9619826300596762,
      "aic": -177.618691300292,
      "bic": -172.9052736469128,
      "params": [
        3.6650400220436565,
        -24.603204910984296
      ],
      "confidence_score": 0.648
    },
    "N Log N": {
      "r2": 0.9990252119107386,
      "aic": -463.3778014250847,
      "bic": -458.66438377170556,
      "params": [
        0.00015744443676273567,
        0.6186896278162806
      ],
      "confidence_score": 0.5980000000050508
    }
  }
}