{
  "valid_points": 7,
  "models": {
    "Constant": {
      "r2": 0.7,
      "aic": 58.418891763688286,
      "bic": 58.31071206179891,
      "params": [
        119.84243223071095,
        1.0
      ],
      "confidence_score": 0.1400000000000422
    },
    "Linear": {
      "r2": 0.9997871454934357,
      "aic": -0.7654200902897639,
      "bic": -0.8735997921791374,
      "params": [
        0.0005103113374752555,
        -3.332135828460866
      ],
      "confidence_score": 0.8998722872960614
    },
    "Quadratic": {
      "r2": 0.9712520957706641,
      "aic": 35.57455888832087,
      "bic": 35.41228933548681,
      "params": [
        1.018897529333922e-09,
        1.0,
        51.210422356146985
      ],
      "confidence_score": 0.5627512627429498
    },
    "Cubic": {
      "r2": 0.9087241771019073,
      "aic": 45.6618064124596,
      "bic": 45.44544700868085,
      "params": [
        2.3976624493080766e-15,
        1.0,
        1.0,
        70.31679723042043
      ],
      "confidence_score": 0.5252345062961394
    },
    "Logarithmic": {
      "r2": 0.9625086937271968,
      "aic": 35.43336832442961,
      "bic": 35.32518862254023,
      "params": [
        107.50762713854245,
        -1202.7657758212051
      ],
      "confidence_score": 0.49800000413670187
    },
    "N Log N": {
      "r2": 0.9995995992608313,
      "aic": 3.6575791125441484,
      "bic": 3.549399410654775,
      "params": [
        3.821221586555264e-05,
        4.77018467074739
      ],
      "confidence_score": 0.680860879366072
    }
  }
}