{
  "valid_points": 115,
  "models": {
    "Constant": {
      "r2": -2.220446049250313e-16,
      "aic": -918.6710848952357,
      "bic": -913.1812206385092,
      "params": [
        100.10439698462892,
        -99.8956030153711
      ],
      "confidence_score": -2.220446049250313e-16
    },
    "Linear": {
      "r2": 0.13736888373615153,
      "aic": -935.6644190142091,
      "bic": -930.1745547574826,
      "params": [
        -5.15343308182814e-06,
        0.22127804886704006
      ],
      "confidence_score": 0.11736888373615152
    },
    "Quadratic": {
      "r2": 0.12339758724231631,
      "aic": -931.8167848338712,
      "bic": -923.5819884487814,
      "params": [
        -9.066658605920137e-10,
        1.0,
        0.21565173773500665
      ],
      "confidence_score": 0.0833975872423163
    },
    "Cubic": {
      "r2": 0.10947705378560846,
      "aic": -928.0049219069283,
      "bic": -917.0251933934753,
      "params": [
        -1.78693454634559e-13,
        1.0,
        1.0,
        0.21365542412238359
      ],
      "confidence_score": 0.059477053785608455
    },
    "Logarithmic": {
      "r2": 0.1160629080046296,
      "aic": -932.8585637996893,
      "bic": -927.3686995429628,
      "params": [
        -0.008436856814509803,
        0.2728410682788798
      ],
      "confidence_score": 0.1060629080046296
    },
    "N Log N": {
      "r2": 0.13635167416576155,
      "aic": -935.5288915772471,
      "bic": -930.0390273205206,
      "params": [
        -5.855182627519465e-07,
        0.22006519555438417
      ],
      "confidence_score": 0.10635167416576155
    }
  }
}