{
  "valid_points": 10,
  "models": {
    "Constant": {
      "r2": 0.0,
      "aic": -52.3350327758365,
      "bic": -51.72986258984841,
      "params": [
        -0.5873637497425079,
        1.0
      ],
      "confidence_score": 0.0
    },
    "Linear": {
      "r2": 0.9712122269970452,
      "aic": -87.81307808078634,
      "bic": -87.20790789479825,
      "params": [
        0.000266639190215745,
        0.3197124924673642
      ],
      "confidence_score": 0.9512122269970452
    },
    "Quadratic": {
      "r2": 0.972580193533615,
      "aic": -86.29992940575237,
      "bic": -85.39217412677023,
      "params": [
        3.016632375819849e-07,
        1.0,
        0.36126224673918605
      ],
      "confidence_score": 0.932580193533615
    },
    "Cubic": {
      "r2": 0.9070749232092625,
      "aic": -72.09465014009528,
      "bic": -70.8843097681191,
      "params": [
        3.6545350297436927e-10,
        1.0,
        1.0,
        0.37556138983230675
      ],
      "confidence_score": 0.8570749232092625
    },
    "Logarithmic": {
      "r2": 0.8316364153925799,
      "aic": -70.15132721565413,
      "bic": -69.54615702966605,
      "params": [
        0.08230671180588976,
        -0.051846543353985815
      ],
      "confidence_score": 0.8216364153925799
    },
    "N Log N": {
      "r2": 0.9789281251194754,
      "aic": -90.93319349294873,
      "bic": -90.32802330696065,
      "params": [
        3.8396127689932e-05,
        0.33171887539384043
      ],
      "confidence_score": 0.9489281251194753
    }
  }
}