{
  "valid_points": 56,
  "models": {
    "Constant": {
      "r2": 0.0,
      "aic": -142.34006579669855,
      "bic": -138.28936241522825,
      "params": [
        -99.4817761970418,
        100.51822380295829
      ],
      "confidence_score": 0.0
    },
    "Linear": {
      "r2": 0.9831923261756279,
      "aic": -371.1515702064522,
      "bic": -367.10086682498195,
      "params": [
        0.0003127599621340904,
        0.26013269990389953
      ],
      "confidence_score": 0.9631923261756279
    },
    "Quadratic": {
      "r2": 0.9562363723707673,
      "aic": -315.5613904534188,
      "bic": -309.48533538121336,
      "params": [
        6.105189713230462e-08,
        1.0,
        0.6153257922596289
      ],
      "confidence_score": 0.9162363723707673
    },
    "Cubic": {
      "r2": 0.8987650236414503,
      "aic": -266.59747987304746,
      "bic": -258.49607311010686,
      "params": [
        1.4345729438401526e-11,
        1.0,
        1.0,
        0.7380532314630776
      ],
      "confidence_score": 0.8487650236414502
    },
    "Logarithmic": {
      "r2": 0.9579483274995734,
      "aic": -319.79600847556793,
      "bic": -315.7453050940976,
      "params": [
        0.7009514108230608,
        -4.395888905795547
      ],
      "confidence_score": 0.9479483274995734
    },
    "N Log N": {
      "r2": 0.9824204701892012,
      "aic": -368.6371932318816,
      "bic": -364.58648985041134,
      "params": [
        3.558402042564616e-05,
        0.34055667406959506
      ],
      "confidence_score": 0.9524204701892012
    }
  }
}