{
  "valid_points": 11,
  "models": {
    "Constant": {
      "r2": 0.7,
      "aic": 96.76148044445434,
      "bic": 97.55727099005108,
      "params": [
        117.57040992379196,
        -82.42959007620817
      ],
      "confidence_score": 0.10000000000000002
    },
    "Linear": {
      "r2": 0.9133038767423105,
      "aic": 69.86267322741935,
      "bic": 70.6584637730161,
      "params": [
        0.17041047773333684,
        -12.248784823895992
      ],
      "confidence_score": 0.44798232607988814
    },
    "Quadratic": {
      "r2": 0.9924114458047721,
      "aic": 45.06922431230191,
      "bic": 46.26291013069702,
      "params": [
        0.00017070321601442284,
        1.0,
        -2.7327457646864706
      ],
      "confidence_score": 0.5754537108610153
    },
    "Cubic": {
      "r2": 0.9991705351506212,
      "aic": 22.719452370498423,
      "bic": 24.311033461691906,
      "params": [
        1.6603444969528665e-07,
        1.0,
        1.0,
        0.5219653154851881
      ],
      "confidence_score": 0.9795023210903727
    },
    "Logarithmic": {
      "r2": 0.4387799271009648,
      "aic": 90.40741664511565,
      "bic": 91.20320719071239,
      "params": [
        19.918226230821848,
        -44.19257768449486
      ],
      "confidence_score": 0.1673899635504833
    },
    "N Log N": {
      "r2": 0.9374190968077732,
      "aic": 66.27723425377417,
      "bic": 67.0730247993709,
      "params": [
        0.024738330474168763,
        -9.432749399890245
      ],
      "confidence_score": 0.6480000001554078
    }
  }
}