{
  "valid_points": 11,
  "models": {
    "Constant": {
      "r2": 0.7,
      "aic": 97.04258580790618,
      "bic": 97.83837635350292,
      "params": [
        -85.0152277762345,
        120.57794875298104
      ],
      "confidence_score": 0.09999999999999998
    },
    "Linear": {
      "r2": 0.9131244205506954,
      "aic": 70.1665244507131,
      "bic": 70.96231499630984,
      "params": [
        0.17258491268524234,
        -12.431573759607758
      ],
      "confidence_score": 0.44787465233046697
    },
    "Quadratic": {
      "r2": 0.9927307143395089,
      "aic": 44.87751604917422,
      "bic": 46.07120186756933,
      "params": [
        0.00017292618296083084,
        1.0,
        -2.804049136243941
      ],
      "confidence_score": 0.5756384412456714
    },
    "Cubic": {
      "r2": 0.9997469894112828,
      "aic": 9.939714415677852,
      "bic": 11.531295506871334,
      "params": [
        1.6821807368220667e-07,
        1.0,
        1.0,
        0.48857250401746055
      ],
      "confidence_score": 0.9798481936467697
    },
    "Logarithmic": {
      "r2": 0.4382811934875138,
      "aic": 90.69829292345744,
      "bic": 91.49408346905419,
      "params": [
        20.162896366036627,
        -44.74518615102766
      ],
      "confidence_score": 0.16714059674375692
    },
    "N Log N": {
      "r2": 0.9373303440278572,
      "aic": 66.57392886088275,
      "bic": 67.36971940647949,
      "params": [
        0.02505526683761092,
        -9.581904217191932
      ],
      "confidence_score": 0.648000000000225
    }
  }
}