{
  "Constant": {
    "r2": 2.220446049250313e-16,
    "aic": 22.343056151486884,
    "bic": 24.934729883495542,
    "params": [
      -98.97122700457226,
      101.02877299542791
    ]
  },
  "Linear": {
    "r2": 0.9519829179479236,
    "aic": -59.6343021415644,
    "bic": -57.04262840955574,
    "params": [
      0.015329549924954944,
      -0.22428590352932698
    ]
  },
  "Quadratic": {
    "r2": 0.9977832685633793,
    "aic": -140.67342418330648,
    "bic": -136.78591358529349,
    "params": [
      4.992970288564269e-05,
      1.0,
      0.552256062027461
    ]
  },
  "Cubic": {
    "r2": 0.9600519442082707,
    "aic": -60.601676246334875,
    "bic": -55.41832878231756,
    "params": [
      1.683832026033727e-07,
      1.0,
      1.0,
      0.892902808151643
    ]
  },
  "Logarithmic": {
    "r2": 0.5823479689280986,
    "aic": -1.2308235253156123,
    "bic": 1.360850206693046,
    "params": [
      1.0269325340637045,
      -2.7348255284561125
    ]
  },
  "N Log N": {
    "r2": 0.9728502636661471,
    "aic": -75.02941833947364,
    "bic": -72.43774460746498,
    "params": [
      0.0026329699005262974,
      0.015192077002477905
    ]
  }
}