{
  "Constant": {
    "name": "Constant",
    "r2": 0.0,
    "bic": -4.817670968239678,
    "confidence_score": -0.15497047258770738,
    "params": [
      0.6657462366210153,
      0.6657462375836012
    ],
    "order": 0
  },
  "Linear": {
    "name": "Linear",
    "r2": 0.9631123778537671,
    "bic": -67.5153762888554,
    "confidence_score": 0.7681419052660597,
    "params": [
      0.011379801673791183,
      0.11145794738816088
    ],
    "order": 2
  },
  "Quadratic": {
    "name": "Quadratic",
    "r2": 0.9992958937406443,
    "bic": -139.78627624468615,
    "confidence_score": 0.6868401848590833,
    "params": [
      4.035893303223276e-05,
      0.0026910314735306834,
      0.40824364056215096
    ],
    "order": 4
  },
  "Cubic": {
    "name": "Cubic",
    "r2": 0.999295893497882,
    "bic": -136.84183071468388,
    "confidence_score": 0.5893549483224673,
    "params": [
      4.358398517061351e-12,
      4.0357530464124815e-05,
      0.0026911504547823335,
      0.40824162224319743
    ],
    "order": 5
  },
  "Logarithmic": {
    "name": "Logarithmic",
    "r2": 0.5010503004734159,
    "bic": -18.02742079464566,
    "confidence_score": 0.32607982788570855,
    "params": [
      0.32216032043865395,
      9.846299118497177e-15
    ],
    "order": 1
  },
  "N Log N": {
    "name": "N Log N",
    "r2": 0.9816435263512269,
    "bic": -80.77535757488873,
    "confidence_score": 0.7666730537635196,
    "params": [
      0.0020737106744806986,
      0.24439198997461456
    ],
    "order": 3
  },
  "confidence_analysis": {
    "best_model": "Linear",
    "best_score": 0.7681419052660597,
    "second_best_model": "N Log N",
    "second_best_score": 0.7666730537635196,
    "confidence_gap": 0.0014688515025401694,
    "is_confident": false,
    "threshold": 0.03
  }
}