{
  "valid_points": 29,
  "models": {
    "Constant": {
      "r2": 0.95,
      "aic": -496.42022419760434,
      "bic": -493.6856325376314,
      "params": [
        -99.99628839050901,
        100.00371160949106
      ],
      "confidence_score": 0.5565490249189391
    },
    "Linear": {
      "r2": 0.003140132680953589,
      "aic": -496.51143132165055,
      "bic": -493.7768396616776,
      "params": [
        9.205130723688392e-14,
        0.007419807400652231
      ],
      "confidence_score": 0.0
    },
    "Quadratic": {
      "r2": 0.0011881658778225557,
      "aic": -494.4547014944936,
      "bic": -490.35281400453414,
      "params": [
        -1.149923195958119e-22,
        1.0,
        0.007424742861246344
      ],
      "confidence_score": 0.0
    },
    "Cubic": {
      "r2": 0.00410870394488605,
      "aic": -492.5396220655649,
      "bic": -487.070438745619,
      "params": [
        -4.053290617976477e-31,
        1.0,
        1.0,
        0.007425690770519093
      ],
      "confidence_score": 0.0
    },
    "Logarithmic": {
      "r2": 0.30454100670699935,
      "aic": -506.9525378500788,
      "bic": -504.21794619010586,
      "params": [
        1.7765286079517443e-05,
        0.007230778110749833
      ],
      "confidence_score": 0.6502705033534997
    },
    "N Log N": {
      "r2": 0.002235406853783428,
      "aic": -496.48512356166134,
      "bic": -493.7505319016884,
      "params": [
        3.897088236401268e-15,
        0.007420416592903577
      ],
      "confidence_score": 0.0007178181529274514
    }
  }
}