{
  "valid_points": 28,
  "models": {
    "Constant": {
      "r2": 0.7,
      "aic": -541.1167922669355,
      "bic": -538.4523832465851,
      "params": [
        -99.99967902632702,
        100.00032097367315
      ],
      "confidence_score": 0.12161923935115669
    },
    "Linear": {
      "r2": 0.0013242729629030503,
      "aic": -541.1538964833782,
      "bic": -538.4894874630278,
      "params": [
        1.9467753708625735e-14,
        0.0006412007994572142
      ],
      "confidence_score": 0.0
    },
    "Quadratic": {
      "r2": 0.0009156323862291593,
      "aic": -539.1424417182768,
      "bic": -535.1458281877512,
      "params": [
        3.2846718320904074e-23,
        1.0,
        0.0006414965164588275
      ],
      "confidence_score": 0.0
    },
    "Cubic": {
      "r2": 0.0013004776685048292,
      "aic": -537.1532293395919,
      "bic": -531.824411298891,
      "params": [
        7.417996724475232e-32,
        1.0,
        1.0,
        0.0006414788238757769
      ],
      "confidence_score": 0.0
    },
    "Logarithmic": {
      "r2": 0.31132620660055155,
      "aic": -551.5604442109387,
      "bic": -548.8960351905883,
      "params": [
        5.8694190491763e-06,
        0.0005790026561772235
      ],
      "confidence_score": 0.8536631033002758
    },
    "N Log N": {
      "r2": 0.0011891822622442927,
      "aic": -541.1501091841504,
      "bic": -538.4857001638001,
      "params": [
        9.256076954614358e-16,
        0.0006412584522665408
      ],
      "confidence_score": 0.20024103043966207
    }
  }
}