{
  "valid_points": 30,
  "models": {
    "Constant": {
      "r2": 0.7,
      "aic": -576.6844637088184,
      "bic": -573.8820689454941,
      "params": [
        100.00032534201951,
        -99.99967465798062
      ],
      "confidence_score": 0.3502049153662322
    },
    "Linear": {
      "r2": 0.005850052180695564,
      "aic": -576.8604806317924,
      "bic": -574.0580858684681,
      "params": [
        3.428266527874511e-14,
        0.0006488423039935615
      ],
      "confidence_score": 0.0
    },
    "Quadratic": {
      "r2": 0.003951956457115435,
      "aic": -574.8032572909797,
      "bic": -570.5996651459932,
      "params": [
        5.450242569757648e-23,
        1.0,
        0.0006494622058888043
      ],
      "confidence_score": 0.0
    },
    "Cubic": {
      "r2": 0.004174341630537093,
      "aic": -572.8099560643245,
      "bic": -567.205166537676,
      "params": [
        1.0496060136747965e-31,
        1.0,
        1.0,
        0.0006495239054887157
      ],
      "confidence_score": 0.0
    },
    "Logarithmic": {
      "r2": 0.3848747543786022,
      "aic": -591.2623451236038,
      "bic": -588.4599503602795,
      "params": [
        6.799429477746516e-06,
        0.0005749290628007616
      ],
      "confidence_score": 0.7904373771893011
    },
    "N Log N": {
      "r2": 0.005468053849061794,
      "aic": -576.848955460145,
      "bic": -574.0465606968207,
      "params": [
        1.6553988804559167e-15,
        0.000648937833921471
      ],
      "confidence_score": 0.20095650819533656
    }
  }
}