{
  "valid_points": 9,
  "models": {
    "Constant": {
      "r2": 0.0,
      "aic": -22.19698958643049,
      "bic": -21.80254043175805,
      "params": [
        -0.5654146704408856,
        1.0
      ],
      "confidence_score": 0.0
    },
    "Linear": {
      "r2": 0.6409681192826748,
      "aic": -31.41608639832218,
      "bic": -31.02163724364974,
      "params": [
        0.0008647790615852191,
        0.10933231584051095
      ],
      "confidence_score": 0.6209681192826748
    },
    "Quadratic": {
      "r2": 0.7261591173963415,
      "aic": -31.853862141749254,
      "bic": -31.262188409740595,
      "params": [
        1.002973808339469e-06,
        1.0,
        0.24591202595683626
      ],
      "confidence_score": 0.6861591173963415
    },
    "Cubic": {
      "r2": 0.7726174315144277,
      "aic": -31.527081793492037,
      "bic": -30.738183484147157,
      "params": [
        1.2782297767893684e-09,
        1.0,
        1.0,
        0.2906439986672029
      ],
      "confidence_score": 0.7226174315144277
    },
    "Logarithmic": {
      "r2": 0.5082462393947397,
      "aic": -28.584984155577907,
      "bic": -28.190535000905466,
      "params": [
        0.27927121799822724,
        -1.1736442460012626
      ],
      "confidence_score": 0.49824623939473967
    },
    "N Log N": {
      "r2": 0.6560156954867735,
      "aic": -31.80142282801274,
      "bic": -31.4069736733403,
      "params": [
        0.0001245075273234143,
        0.14940995202864313
      ],
      "confidence_score": 0.6260156954867735
    }
  }
}