{
  "valid_points": 18,
  "models": {
    "Constant": {
      "r2": 0.7,
      "aic": 118.62329418497765,
      "bic": 120.40403770076998,
      "params": [
        -96.38179782778023,
        103.61820217221977
      ],
      "confidence_score": 0.11999999999999998
    },
    "Linear": {
      "r2": 0.9998880420972796,
      "aic": -45.129683081087315,
      "bic": -43.348939565294984,
      "params": [
        5.053440874502879e-05,
        -0.12314058362678382
      ],
      "confidence_score": 0.8999328252583677
    },
    "Quadratic": {
      "r2": 0.9878631677322748,
      "aic": 41.21610588939603,
      "bic": 43.887221163084526,
      "params": [
        2.384517791575293e-11,
        1.0,
        1.2887980020627448
      ],
      "confidence_score": 0.5727179006393648
    },
    "Cubic": {
      "r2": 0.9847801145447714,
      "aic": 47.29055003971501,
      "bic": 50.85203707129966,
      "params": [
        1.1341484223211362e-17,
        1.0,
        1.0,
        1.4119558213508407
      ],
      "confidence_score": 0.5708680687268628
    },
    "Logarithmic": {
      "r2": 0.2840705540324534,
      "aic": 112.60816837646891,
      "bic": 114.38891189226123,
      "params": [
        3.406337248978817,
        -17.7135399452642
      ],
      "confidence_score": 0.39003527701622676
    },
    "N Log N": {
      "r2": 0.9998816556801823,
      "aic": -44.13112573788437,
      "bic": -42.35038222209204,
      "params": [
        3.470912201914469e-06,
        0.15880295825430887
      ],
      "confidence_score": 0.8800904976000214
    }
  }
}