{
  "valid_points": 60,
  "models": {
    "Constant": {
      "r2": 0.7,
      "aic": 918.1983400741117,
      "bic": 922.3870291985559,
      "params": [
        1813.6546549354744,
        71.1439375373709
      ],
      "confidence_score": 0.1000001061982553
    },
    "Linear": {
      "r2": 0.3878305453030749,
      "aic": 888.7535711919401,
      "bic": 892.9422603163842,
      "params": [
        1.4636755603701748,
        -1737.7984266031206
      ],
      "confidence_score": 0.4833746483403794
    },
    "Quadratic": {
      "r2": 0.40202373362721966,
      "aic": 889.3460872245753,
      "bic": 895.6291209112416,
      "params": [
        0.00029743833497031247,
        1.0,
        -160.21390024861748
      ],
      "confidence_score": 0.3127228751058112
    },
    "Cubic": {
      "r2": 0.3997163209495138,
      "aic": 891.5771638491636,
      "bic": 899.954542098052,
      "params": [
        7.22911395421039e-08,
        1.0,
        1.0,
        386.3388084634493
      ],
      "confidence_score": 0.23035447014831464
    },
    "Logarithmic": {
      "r2": 0.35185805906853496,
      "aic": 892.1796063559527,
      "bic": 896.3682954803969,
      "params": [
        3122.6969164845514,
        -22299.062684218025
      ],
      "confidence_score": 0.3713547155794284
    },
    "N Log N": {
      "r2": 0.3905100658154359,
      "aic": 888.490369369867,
      "bic": 892.6790584943112,
      "params": [
        0.16736613042917847,
        -1378.400069911352
      ],
      "confidence_score": 0.8932550329077179
    }
  }
}