{
  "valid_points": 29,
  "models": {
    "Constant": {
      "r2": 0.7,
      "aic": -537.5257071969038,
      "bic": -534.7911155369309,
      "params": [
        -99.99987468894179,
        100.00012531105817
      ],
      "confidence_score": 0.3700198686225796
    },
    "Linear": {
      "r2": 0.06769757802027954,
      "aic": -539.5585500619272,
      "bic": -536.8239584019543,
      "params": [
        2.1037930413558329e-13,
        0.00024283270075505198
      ],
      "confidence_score": 0.030691750458829672
    },
    "Quadratic": {
      "r2": 0.06721723644562427,
      "aic": -537.5436125072449,
      "bic": -533.4417250172855,
      "params": [
        4.257770803834407e-22,
        1.0,
        0.0002449797306608937
      ],
      "confidence_score": 0.020343834294105998
    },
    "Cubic": {
      "r2": 0.0721480310005631,
      "aic": -535.6973163743512,
      "bic": -530.2281330544054,
      "params": [
        8.361292872262778e-31,
        1.0,
        1.0,
        0.000245523210296383
      ],
      "confidence_score": 0.023291524224321968
    },
    "Logarithmic": {
      "r2": 0.48501294713161436,
      "aic": -556.7704992390821,
      "bic": -554.0359075791092,
      "params": [
        1.0460426464265145e-05,
        0.0001423109068940917
      ],
      "confidence_score": 0.8405064735658071
    },
    "N Log N": {
      "r2": 0.06658527247232715,
      "aic": -539.5239715463995,
      "bic": -536.7893798864266,
      "params": [
        1.0469449559622394e-14,
        0.00024309880196858794
      ],
      "confidence_score": 0.33134659790225596
    }
  }
}