{
  "valid_points": 41,
  "models": {
    "Constant": {
      "r2": 0.95,
      "params": [
        113.79376102647767
      ]
    },
    "Linear": {
      "r2": 0.03777446833223641,
      "params": [
        -0.0003111878909309862,
        114.1052601052995
      ]
    },
    "Quadratic": {
      "r2": 0.07089523621739335,
      "params": [
        -2.0588739890747831e-07,
        114.07212099563549
      ]
    },
    "Cubic": {
      "r2": 0.08642338811621575,
      "params": [
        -1.1836914404844657e-10,
        114.03689752203613
      ]
    },
    "Logarithmic": {
      "r2": 0.00020416706867254497,
      "params": [
        -0.010144504701011137,
        113.85979600050786
      ]
    },
    "N Log N": {
      "r2": 0.04332409888275912,
      "params": [
        -4.2923458623791215e-05,
        114.09943012829038
      ]
    },
    "np": {
      "r2": -Infinity,
      "success": false
    }
  }
}