{
  "Constant": {
    "r2": -2.220446049250313e-16,
    "aic": -205.39033050555992,
    "bic": -200.7553542784873,
    "params": [
      -99.65367761751017,
      100.34632238248989
    ]
  },
  "Linear": {
    "r2": 0.9764998638956365,
    "aic": -486.6965104685913,
    "bic": -482.0615342415187,
    "params": [
      0.00021287596299135458,
      0.06253191452634477
    ]
  },
  "Quadratic": {
    "r2": 0.9566291167701431,
    "aic": -438.7378522315607,
    "bic": -431.78538789095177,
    "params": [
      3.465065372070299e-08,
      1.0,
      0.343273773731739
    ]
  },
  "Cubic": {
    "r2": 0.9012076930741237,
    "aic": -374.9954961842602,
    "bic": -365.72554373011496,
    "params": [
      6.655380332511398e-12,
      1.0,
      1.0,
      0.44131098207665953
    ]
  },
  "Logarithmic": {
    "r2": 0.9304097592023253,
    "aic": -405.27515099787234,
    "bic": -400.6401747707997,
    "params": [
      0.5508133068604493,
      -3.6622735305975764
    ]
  },
  "N Log N": {
    "r2": 0.9770554760106699,
    "aic": -488.4910287862572,
    "bic": -483.85605255918455,
    "params": [
      2.376856476086361e-05,
      0.124775650999661
    ]
  }
}