{
  "valid_points": 75,
  "models": {
    "Constant": {
      "r2": 0.7,
      "aic": -731.1204784749091,
      "bic": -726.4855022478365,
      "params": [
        100.03331442674002,
        -99.96668557326004
      ],
      "confidence_score": 0.6099702144154158
    },
    "Linear": {
      "r2": 0.013291547138920556,
      "aic": -732.124028751624,
      "bic": -727.4890525245514,
      "params": [
        -7.488329347715705e-07,
        0.0688603756257844
      ],
      "confidence_score": 0.39430547322899123
    },
    "Quadratic": {
      "r2": 0.016261212492753474,
      "aic": -730.3500942514801,
      "bic": -723.3976299108712,
      "params": [
        -1.3637940139058976e-10,
        1.0,
        0.06801892325859502
      ],
      "confidence_score": 0.040997587754236814
    },
    "Cubic": {
      "r2": 0.020107661237157237,
      "aic": -728.6439213567336,
      "bic": -719.3739689025883,
      "params": [
        -3.0015084830549045e-14,
        1.0,
        1.0,
        0.06777630015800822
      ],
      "confidence_score": 0.0
    },
    "Logarithmic": {
      "r2": 0.01210739961272822,
      "aic": -732.0340753152428,
      "bic": -727.3990990881703,
      "params": [
        -0.0018904042139876959,
        0.0815891407507102
      ],
      "confidence_score": 0.4882285680406489
    },
    "N Log N": {
      "r2": 0.013534010144209407,
      "aic": -732.142460700766,
      "bic": -727.5074844736935,
      "params": [
        -8.436233791207995e-08,
        0.06865943272357997
      ],
      "confidence_score": 0.6047670050721047
    }
  }
}