{
  "valid_points": 205,
  "models": {
    "Constant": {
      "r2": 0.85,
      "aic": -3288.9274156294323,
      "bic": -3282.2813956711557,
      "params": [
        100.00259974380836,
        -99.99740025619178
      ],
      "confidence_score": 0.445
    },
    "Linear": {
      "r2": 0.019154339928865616,
      "aic": -3292.8921486298527,
      "bic": -3286.246128671576,
      "params": [
        1.0582967151796617e-12,
        0.005189023481955331
      ],
      "confidence_score": 0.001492603957319408
    },
    "Quadratic": {
      "r2": 0.012741112894671835,
      "aic": -3289.556125909637,
      "bic": -3279.587095972222,
      "params": [
        1.7721740555621046e-21,
        1.0,
        0.005196112069986574
      ],
      "confidence_score": 0.0
    },
    "Cubic": {
      "r2": 0.011929752255435244,
      "aic": -3287.3877196046187,
      "bic": -3274.095679688065,
      "params": [
        3.269497272533187e-30,
        1.0,
        1.0,
        0.005196666386298446
      ],
      "confidence_score": 0.0
    },
    "Logarithmic": {
      "r2": 0.31528742992830705,
      "aic": -3366.5724232047587,
      "bic": -3359.926403246482,
      "params": [
        0.00017138745638519204,
        0.0025915701384993865
      ],
      "confidence_score": 0.7556437149641535
    },
    "N Log N": {
      "r2": 0.017734104492139968,
      "aic": -3292.5955294036075,
      "bic": -3285.949509445331,
      "params": [
        5.1095497129320235e-14,
        0.005190588974411682
      ],
      "confidence_score": 0.20686705224607
    }
  }
}