{
  "valid_points": 111,
  "models": {
    "Constant": {
      "r2": 0.7,
      "aic": 906.3955096267388,
      "bic": 911.8145700293635,
      "params": [
        137.581162538984,
        -37.86767464268755
      ],
      "confidence_score": 0.11999999999999998
    },
    "Linear": {
      "r2": 0.9987673215637208,
      "aic": 162.8546962096158,
      "bic": 168.27375661224048,
      "params": [
        3.786211939882378e-05,
        -3.7273077928878298
      ],
      "confidence_score": 0.8992603929382325
    },
    "Quadratic": {
      "r2": 0.9375814207931183,
      "aic": 600.4934638579205,
      "bic": 608.6220544618575,
      "params": [
        6.4856528751667015e-12,
        1.0,
        35.96919896795591
      ],
      "confidence_score": 0.5425488524758709
    },
    "Cubic": {
      "r2": 0.8367024704704223,
      "aic": 709.2433733901648,
      "bic": 720.0814941954142,
      "params": [
        1.1853539621556131e-18,
        1.0,
        1.0,
        52.51519098824647
      ],
      "confidence_score": 0.4820214822822534
    },
    "Logarithmic": {
      "r2": 0.8250801351365588,
      "aic": 712.8750765517616,
      "bic": 718.2941369543863,
      "params": [
        61.68004646139661,
        -798.3636058246867
      ],
      "confidence_score": 0.548
    },
    "N Log N": {
      "r2": 0.9985189113221387,
      "aic": 183.23296622628044,
      "bic": 188.6520266289051,
      "params": [
        2.4114395002659663e-06,
        0.8833627939704695
      ],
      "confidence_score": 0.6980112729127388
    }
  }
}