{
  "valid_points": 65,
  "models": {
    "Constant": {
      "r2": 0.7,
      "aic": -485.7480095056218,
      "bic": -481.3992349658305,
      "params": [
        -99.93101573334289,
        100.06898426665714
      ],
      "confidence_score": 0.43
    },
    "Linear": {
      "r2": 0.8178833481658968,
      "aic": -596.4500199557496,
      "bic": -592.1012454159583,
      "params": [
        2.599853732466998e-05,
        0.07589202573282552
      ],
      "confidence_score": 0.8755413509573098
    },
    "Quadratic": {
      "r2": 0.8004860788203978,
      "aic": -588.5196417135833,
      "bic": -581.9964799038963,
      "params": [
        5.311969537878697e-09,
        1.0,
        0.1042504389207691
      ],
      "confidence_score": 0.4628161024989565
    },
    "Cubic": {
      "r2": 0.755043107117291,
      "aic": -573.1817565424284,
      "bic": -564.4842074628458,
      "params": [
        1.3093777193100557e-12,
        1.0,
        1.0,
        0.11406988389527462
      ],
      "confidence_score": 0.43302626185174437
    },
    "Logarithmic": {
      "r2": 0.7900706723756579,
      "aic": -587.2119916074093,
      "bic": -582.863217067618,
      "params": [
        0.055942539537848585,
        -0.2936157711568349
      ],
      "confidence_score": 0.5509203742887406
    },
    "N Log N": {
      "r2": 0.817956496798691,
      "aic": -596.4761329784393,
      "bic": -592.127358438648,
      "params": [
        2.9727786922163144e-06,
        0.08234235741268366
      ],
      "confidence_score": 0.898
    }
  }
}