{
  "Constant": {
    "r2": 1.1102230246251565e-16,
    "aic": 78.65234973601032,
    "bic": 83.28732596308294,
    "params": [
      -99.510143895944,
      100.48985610405612
    ]
  },
  "Linear": {
    "r2": 0.008192897652581133,
    "aic": 78.0353514446679,
    "bic": 82.67032767174052,
    "params": [
      -0.00013063583010808344,
      1.3576852098921655
    ]
  },
  "Quadratic": {
    "r2": 0.012294227863869911,
    "aic": 79.7245677059414,
    "bic": 86.67703204655032,
    "params": [
      -2.6750580968388887e-08,
      1.0,
      1.2383992385971259
    ]
  },
  "Cubic": {
    "r2": 0.014958545444280658,
    "aic": 81.52198327209065,
    "bic": 90.79193572623589,
    "params": [
      -5.90839599291326e-12,
      1.0,
      1.0,
      1.190242145553695
    ]
  },
  "Logarithmic": {
    "r2": 0.003914800744399538,
    "aic": 78.35816346340694,
    "bic": 82.99313969047955,
    "params": [
      -0.23376969690297256,
      2.8220577521392407
    ]
  },
  "N Log N": {
    "r2": 0.008699022678045787,
    "aic": 77.99706873267334,
    "bic": 82.63204495974597,
    "params": [
      -1.505819598221829e-05,
      1.330476272347953
    ]
  }
}