{
  "valid_points": 29,
  "models": {
    "Constant": {
      "r2": 0.7,
      "aic": -342.3475483946273,
      "bic": -339.6129567346544,
      "params": [
        -99.99809432132483,
        100.0019056786751
      ],
      "confidence_score": 0.37
    },
    "Linear": {
      "r2": 0.2787594063087536,
      "aic": -351.8242409793301,
      "bic": -349.0896493193572,
      "params": [
        1.2353591768737018e-11,
        0.0033539584660311063
      ],
      "confidence_score": 0.15725564378525217
    },
    "Quadratic": {
      "r2": 0.15440806854066857,
      "aic": -345.2113815963191,
      "bic": -341.10949410635965,
      "params": [
        1.8674069896971535e-20,
        1.0,
        0.003563889110430137
      ],
      "confidence_score": 0.07264484112440114
    },
    "Cubic": {
      "r2": 0.11686339273521396,
      "aic": -341.9515344793003,
      "bic": -336.4823511593544,
      "params": [
        3.0793741463975584e-29,
        1.0,
        1.0,
        0.0036235701327428657
      ],
      "confidence_score": 0.050118035641128364
    },
    "Logarithmic": {
      "r2": 0.9727473208315592,
      "aic": -446.8230482879657,
      "bic": -444.0884566279928,
      "params": [
        0.00042868152803385724,
        -0.0006273732240956766
      ],
      "confidence_score": 0.898
    },
    "N Log N": {
      "r2": 0.2663997030291543,
      "aic": -351.33148603820814,
      "bic": -348.5968943782352,
      "params": [
        6.059874774672206e-13,
        0.0033758966066831783
      ],
      "confidence_score": 0.4311998515145772
    }
  }
}