{
  "valid_points": 65,
  "models": {
    "Constant": {
      "r2": 0.7,
      "aic": -528.1354783811504,
      "bic": -523.7867038413591,
      "params": [
        100.09338531929716,
        -99.90661468070294
      ],
      "confidence_score": 0.7183092947903718
    },
    "Linear": {
      "r2": 0.0010792150360495745,
      "aic": -528.2056652386656,
      "bic": -523.8568906988743,
      "params": [
        6.792919869935687e-07,
        0.18515705885816236
      ],
      "confidence_score": 0.3887897757728365
    },
    "Quadratic": {
      "r2": 0.002033050286297522,
      "aic": -526.2677611641446,
      "bic": -519.7445993544577,
      "params": [
        1.923128626851798e-10,
        1.0,
        0.1855603338655783
      ],
      "confidence_score": 0.03216060464745976
    },
    "Cubic": {
      "r2": 0.0021899858137982564,
      "aic": -524.2779835582229,
      "bic": -515.5804344786403,
      "params": [
        5.064677130133797e-14,
        1.0,
        1.0,
        0.1858553884232631
      ],
      "confidence_score": 0.0
    },
    "Logarithmic": {
      "r2": 6.092326171835971e-05,
      "aic": -528.1394385137954,
      "bic": -523.7906639740041,
      "params": [
        0.0003540990180561113,
        0.1840408463284932
      ],
      "confidence_score": 0.4869111935012717
    },
    "N Log N": {
      "r2": 0.0012222871835290139,
      "aic": -528.2149756422248,
      "bic": -523.8662011024335,
      "params": [
        8.264085242419645e-08,
        0.1852331151382611
      ],
      "confidence_score": 0.4986111435917645
    }
  }
}