{
  "valid_points": 30,
  "models": {
    "Constant": {
      "r2": 0.7,
      "aic": -605.8982029794729,
      "bic": -603.0958082161486,
      "params": [
        100.00009151796503,
        -99.99990848203495
      ],
      "confidence_score": 0.3500000309882447
    },
    "Linear": {
      "r2": 0.06985060743645233,
      "aic": -608.0705050365879,
      "bic": -605.2681102732636,
      "params": [
        9.476354441174009e-14,
        0.00017964089850538656
      ],
      "confidence_score": 0.03191048687982407
    },
    "Quadratic": {
      "r2": 0.03307878261082098,
      "aic": -604.9073507196789,
      "bic": -600.7037585746924,
      "params": [
        1.3255701936522253e-22,
        1.0,
        0.00018133783805408707
      ],
      "confidence_score": 0.0
    },
    "Cubic": {
      "r2": 0.0229038309958155,
      "aic": -602.5933089441102,
      "bic": -596.9885194174616,
      "params": [
        2.091252933042318e-31,
        1.0,
        1.0,
        0.0001818031463129592
      ],
      "confidence_score": 0.0
    },
    "Logarithmic": {
      "r2": 0.6578065322903235,
      "aic": -638.0695731836868,
      "bic": -635.2671784203625,
      "params": [
        5.379923050022648e-06,
        0.00012670097962965058
      ],
      "confidence_score": 0.898
    },
    "N Log N": {
      "r2": 0.0658438795732037,
      "aic": -607.9415540463879,
      "bic": -605.1391592830636,
      "params": [
        4.617004225844301e-15,
        0.00017982651995913872
      ],
      "confidence_score": 0.23092202586715
    }
  }
}