{
  "best_model": "O(n log n)",
  "details": {
    "O(1)": {
      "r2": 0,
      "aic": Infinity,
      "params_norm": [
        1.0
      ],
      "rss": 0.0
    },
    "O(n)": {
      "r2": 0,
      "aic": -2920.828045950642,
      "params_norm": [
        -9.778793904550355e-10,
        1.0000000005923924
      ],
      "rss": 1.6816120715821236e-14
    },
    "O(n^2)": {
      "r2": 0,
      "aic": -2712.789739503229,
      "params_norm": [
        -1.6370592904487226e-08,
        1.8986107378921625e-08,
        0.9999999954126015
      ],
      "rss": 2.135929540253658e-13
    },
    "O(n^3)": {
      "r2": 0,
      "aic": -2601.752003674379,
      "params_norm": [
        -1.58316306908492e-07,
        2.880903192393119e-07,
        -1.5917913911634305e-07,
        1.0000000258094672
      ],
      "rss": 8.185768507605356e-13
    },
    "O(log n)": {
      "r2": 0,
      "aic": -2898.0335049588166,
      "params_norm": [
        -5.934146138113041e-10,
        0.999999999643905
      ],
      "rss": 2.2281396197605954e-14
    },
    "O(n log n)": {
      "r2": 0,
      "aic": -2981.0507581712527,
      "params_norm": [
        -1.4129476602064176e-09,
        0.9999999996352317
      ],
      "rss": 7.995250824058945e-15
    },
    "O(2^n)": {
      "r2": 0,
      "aic": -2936.564640692164,
      "params_norm": [
        0.9999999994674227,
        8.876288830373813e-10
      ],
      "rss": 1.3846867659852084e-14
    },
    "O(n^k)": {
      "r2": 0,
      "aic": -2883.961393895939,
      "params_norm": [
        1.000000000381851,
        6.470976220459377e-10
      ],
      "rss": 2.6508934981185454e-14
    }
  }
}