{
  "Constant": {
    "r2": 0.0,
    "aic": -849.4755855699498,
    "bic": -844.9222533319177,
    "params": [
      -99.9746831340923,
      100.02531686590768
    ]
  },
  "Linear": {
    "r2": 0.046905167520605584,
    "aic": -852.9345282716126,
    "bic": -848.3811960335805,
    "params": [
      -5.00950335879935e-07,
      0.05213658282163158
    ]
  },
  "Quadratic": {
    "r2": 0.038749128582042935,
    "aic": -850.3210148863056,
    "bic": -843.4910165292575,
    "params": [
      -7.479988652248913e-11,
      1.0,
      0.05140635231008861
    ]
  },
  "Cubic": {
    "r2": 0.03385203137793824,
    "aic": -847.9551417207746,
    "bic": -838.8484772447104,
    "params": [
      -1.380951013402514e-14,
      1.0,
      1.0,
      0.05117178485464578
    ]
  },
  "Logarithmic": {
    "r2": 0.059570000721797856,
    "aic": -853.897686053677,
    "bic": -849.3443538156449,
    "params": [
      -0.001495626457494846,
      0.06247904079073715
    ]
  },
  "N Log N": {
    "r2": 0.04574636648874497,
    "aic": -852.8470417047403,
    "bic": -848.2937094667082,
    "params": [
      -5.5219966054375826e-08,
      0.05197292219747327
    ]
  }
}