{
  "valid_points": 200,
  "models": {
    "Constant": {
      "r2": 0.7,
      "aic": -3417.2872946073267,
      "bic": -3410.6906598742307,
      "params": [
        -99.99883534200481,
        100.00116465799519
      ],
      "confidence_score": 0.12000000000001576
    },
    "Linear": {
      "r2": 0.02425637400984726,
      "aic": -3422.1983756800882,
      "bic": -3415.6017409469923,
      "params": [
        6.98223181227038e-13,
        0.0023223602342906952
      ],
      "confidence_score": 0.0
    },
    "Quadratic": {
      "r2": 0.016761199302219643,
      "aic": -3418.6679461715767,
      "bic": -3408.7729940719328,
      "params": [
        1.1917106228476578e-21,
        1.0,
        0.0023269908482531666
      ],
      "confidence_score": 0.0
    },
    "Cubic": {
      "r2": 0.01621608933935692,
      "aic": -3416.5570964139874,
      "bic": -3403.363826947795,
      "params": [
        2.2348301787258547e-30,
        1.0,
        1.0,
        0.0023273393795169286
      ],
      "confidence_score": 0.0
    },
    "Logarithmic": {
      "r2": 0.2634368369712867,
      "aic": -3478.4393517444923,
      "bic": -3471.8427170113964,
      "params": [
        9.217775878621207e-05,
        0.000927826485915081
      ],
      "confidence_score": 0.8297184184856433
    },
    "N Log N": {
      "r2": 0.022653610816563585,
      "aic": -3421.870123824697,
      "bic": -3415.2734890916013,
      "params": [
        3.3857645599383295e-14,
        0.0023233643902171256
      ],
      "confidence_score": 0.3093268054084378
    }
  }
}