{
  "valid_points": 203,
  "models": {
    "Constant": {
      "r2": 0.7,
      "aic": -3219.720900011298,
      "bic": -3213.0944880532143,
      "params": [
        100.00138440779597,
        -99.99861559220405
      ],
      "confidence_score": 0.4167862167201074
    },
    "Linear": {
      "r2": 0.01814076721349711,
      "aic": -3223.4372876705743,
      "bic": -3216.8108757124905,
      "params": [
        -1.1229807270446418e-12,
        0.0027798983336728813
      ],
      "confidence_score": 0.40088446032809827
    },
    "Quadratic": {
      "r2": 0.011675736467491094,
      "aic": -3220.105019935626,
      "bic": -3210.165401998501,
      "params": [
        -1.849676760872821e-21,
        1.0,
        0.0027723704636573544
      ],
      "confidence_score": 0.0014270506402840437
    },
    "Cubic": {
      "r2": 0.008543549247975957,
      "aic": -3217.462691690409,
      "bic": -3204.209867774242,
      "params": [
        -3.0167084636624232e-30,
        1.0,
        1.0,
        0.002771444262211994
      ],
      "confidence_score": 0.0
    },
    "Logarithmic": {
      "r2": 0.017153088836446173,
      "aic": -3223.233187196772,
      "bic": -3216.6067752386884,
      "params": [
        4.380281115870568e-05,
        0.002102701902241685
      ],
      "confidence_score": 0.5774718006388633
    },
    "N Log N": {
      "r2": 0.01807330539428198,
      "aic": -3223.4233403771195,
      "bic": -3216.796928419036,
      "params": [
        -5.624144290978705e-14,
        0.0027785999738383325
      ],
      "confidence_score": 0.6049518365137206
    }
  }
}