{
  "valid_points": 18,
  "models": {
    "Constant": {
      "r2": 0.7,
      "aic": 118.19432030740316,
      "bic": 119.97506382319548,
      "params": [
        -94.89146088146501,
        105.10853911853503
      ],
      "confidence_score": 0.11999999999999998
    },
    "Linear": {
      "r2": 0.9999783684264126,
      "aic": -75.15009796014768,
      "bic": -73.36935444435535,
      "params": [
        0.0001823444876762892,
        -0.0731074544502095
      ],
      "confidence_score": 0.8999870210558476
    },
    "Quadratic": {
      "r2": 0.9218233923479798,
      "aic": 74.31619370822796,
      "bic": 76.98730898191644,
      "params": [
        3.59244704594104e-10,
        1.0,
        2.9238497556105
      ],
      "confidence_score": 0.5330940354087879
    },
    "Cubic": {
      "r2": 0.8440691592346008,
      "aic": 88.74415173514782,
      "bic": 92.30563876673249,
      "params": [
        6.643449039507929e-16,
        1.0,
        1.0,
        4.1395479922411536
      ],
      "confidence_score": 0.48644149554076044
    },
    "Logarithmic": {
      "r2": 0.41624979278133045,
      "aic": 108.50524223703157,
      "bic": 110.28598575282389,
      "params": [
        3.9362238227614577,
        -16.03725626663302
      ],
      "confidence_score": 0.4561248963906652
    },
    "N Log N": {
      "r2": 0.9990572944575428,
      "aic": -7.207298136841082,
      "bic": -5.426554621048753,
      "params": [
        1.3989271982261805e-05,
        0.3143198055895352
      ],
      "confidence_score": 0.6980000000000006
    }
  }
}