{
  "valid_points": 196,
  "models": {
    "Constant": {
      "r2": 0.85,
      "aic": -3324.6326156434247,
      "bic": -3318.0763863249636,
      "params": [
        -99.99829617766079,
        100.00170382233918
      ],
      "confidence_score": 0.445
    },
    "Linear": {
      "r2": 0.28147957317883276,
      "aic": -3389.4225998778998,
      "bic": -3382.8663705594386,
      "params": [
        3.822634895667442e-11,
        0.003215299000251618
      ],
      "confidence_score": 0.15889197843879552
    },
    "Quadratic": {
      "r2": 0.20943851681262082,
      "aic": -3368.6949378051663,
      "bic": -3358.860593827475,
      "params": [
        3.1674518902601773e-18,
        1.0,
        0.003301752076591103
      ],
      "confidence_score": 0.10566311011351533
    },
    "Cubic": {
      "r2": 0.16364225309155989,
      "aic": -3355.657586423008,
      "bic": -3342.545127786086,
      "params": [
        2.937130723149097e-25,
        1.0,
        1.0,
        0.003334202045550419
      ],
      "confidence_score": 0.07818535185494337
    },
    "Logarithmic": {
      "r2": 0.360749296150095,
      "aic": -3412.334494139536,
      "bic": -3405.778264821075,
      "params": [
        0.0001365833523833515,
        0.0013375377499597013
      ],
      "confidence_score": 0.7783746480750474
    },
    "N Log N": {
      "r2": 0.2759380680967479,
      "aic": -3387.9167720380233,
      "bic": -3381.360542719562,
      "params": [
        2.3214632168903644e-12,
        0.0032252424922499297
      ],
      "confidence_score": 0.33597052987159204
    }
  }
}