{
  "valid_points": 9,
  "models": {
    "Constant": {
      "r2": 0.0,
      "aic": -32.405944928344354,
      "bic": -32.01149577367192,
      "params": [
        -0.5518686870733898,
        1.0
      ],
      "confidence_score": 0.0
    },
    "Linear": {
      "r2": 0.9959236439277382,
      "aic": -81.92891121095217,
      "bic": -81.53446205627972,
      "params": [
        0.0006020144832601382,
        0.22337923917620672
      ],
      "confidence_score": 0.9759236439277382
    },
    "Quadratic": {
      "r2": 0.9554900351893276,
      "aic": -58.41432460728025,
      "bic": -57.82265087527159,
      "params": [
        6.506763865319313e-07,
        1.0,
        0.3261367201724141
      ],
      "confidence_score": 0.9154900351893276
    },
    "Cubic": {
      "r2": 0.8688323649363962,
      "aic": -46.68745698017504,
      "bic": -45.89855867083016,
      "params": [
        7.683870041221604e-10,
        1.0,
        1.0,
        0.36168470164900945
      ],
      "confidence_score": 0.8188323649363961
    },
    "Logarithmic": {
      "r2": 0.8995143537057575,
      "aic": -53.085608389978674,
      "bic": -52.69115923530624,
      "params": [
        0.19700578959278023,
        -0.681474656343641
      ],
      "confidence_score": 0.8895143537057575
    },
    "N Log N": {
      "r2": 0.99634216706514,
      "aic": -82.90390453938238,
      "bic": -82.50945538470994,
      "params": [
        8.598927170637483e-05,
        0.2525456667063799
      ],
      "confidence_score": 0.96634216706514
    }
  }
}