{
  "valid_points": 202,
  "models": {
    "Constant": {
      "r2": 0.7,
      "aic": 876.5475001861545,
      "bic": 883.1640355809569,
      "params": [
        107.36423508623758,
        -92.63576491376251
      ],
      "confidence_score": 0.11999999999999998
    },
    "Linear": {
      "r2": 0.9769311608104907,
      "aic": 115.15445014718215,
      "bic": 121.77098554198456,
      "params": [
        3.0063542850733427e-06,
        -0.13614370041682577
      ],
      "confidence_score": 0.8861586964862944
    },
    "Quadratic": {
      "r2": 0.8977011108482389,
      "aic": 418.016494293509,
      "bic": 427.94129738571263,
      "params": [
        2.775704350835649e-13,
        1.0,
        5.6878732980861795
      ],
      "confidence_score": 0.5186206665089433
    },
    "Cubic": {
      "r2": 0.7830814211531852,
      "aic": 571.8443920612642,
      "bic": 585.077462850869,
      "params": [
        2.714240604633656e-20,
        1.0,
        1.0,
        8.141859593317868
      ],
      "confidence_score": 0.4498488526919111
    },
    "Logarithmic": {
      "r2": 0.798457893611014,
      "aic": 552.9925953335477,
      "bic": 559.6091307283501,
      "params": [
        8.55241618625858,
        -114.69944166853415
      ],
      "confidence_score": 0.548
    },
    "N Log N": {
      "r2": 0.9755931678662776,
      "aic": 126.54327974600662,
      "bic": 133.15981514080903,
      "params": [
        1.843328685926922e-07,
        0.5075177743180922
      ],
      "confidence_score": 0.6490094116892426
    }
  }
}