{
  "valid_points": 75,
  "models": {
    "Constant": {
      "r2": 0.0,
      "aic": -310.2837135835086,
      "bic": -305.64873735643596,
      "params": [
        -99.78710586826004,
        100.21289413173996
      ],
      "confidence_score": 0.0
    },
    "Linear": {
      "r2": 0.9758159741388944,
      "aic": -589.438434995345,
      "bic": -584.8034587682724,
      "params": [
        0.00010732045540451374,
        0.1038268972664218
      ],
      "confidence_score": 0.9558159741388944
    },
    "Quadratic": {
      "r2": 0.9491710584134195,
      "aic": -531.7304163599936,
      "bic": -524.7779520193847,
      "params": [
        1.737996906816898e-08,
        1.0,
        0.24707583487490967
      ],
      "confidence_score": 0.9091710584134195
    },
    "Cubic": {
      "r2": 0.8878182480826873,
      "aic": -470.3563339337943,
      "bic": -461.08638147964905,
      "params": [
        3.3178110484862273e-12,
        1.0,
        1.0,
        0.2979065543758922
      ],
      "confidence_score": 0.8378182480826872
    },
    "Logarithmic": {
      "r2": 0.9351760422875773,
      "aic": -515.4897155461376,
      "bic": -510.854739319065,
      "params": [
        0.2783103523362402,
        -1.779277279176897
      ],
      "confidence_score": 0.9251760422875773
    },
    "N Log N": {
      "r2": 0.9756311706788882,
      "aic": -588.8674973488519,
      "bic": -584.2325211217793,
      "params": [
        1.1977350236457423e-05,
        0.13541265669201927
      ],
      "confidence_score": 0.9456311706788881
    }
  }
}