{
  "valid_points": 40,
  "models": {
    "Constant": {
      "r2": 0.7,
      "aic": 744.9871586248222,
      "bic": 748.3649175330501,
      "params": [
        2323.5077112003296,
        6771.791035651477
      ],
      "confidence_score": 0.09999999999999998
    },
    "Linear": {
      "r2": 0.8283146227377736,
      "aic": 674.5034914582079,
      "bic": 677.8812503664358,
      "params": [
        75.50127697435357,
        -7326.229167522703
      ],
      "confidence_score": 0.3969887736426641
    },
    "Quadratic": {
      "r2": 0.9670661522321164,
      "aic": 610.4569849233769,
      "bic": 615.5236232857187,
      "params": [
        0.18146890235422264,
        1.0,
        -2415.1831674779623
      ],
      "confidence_score": 0.5602396913392699
    },
    "Cubic": {
      "r2": 0.9997532012601708,
      "aic": 416.7096637453591,
      "bic": 423.4651815618148,
      "params": [
        0.0004443061419941423,
        1.0,
        1.0,
        -150.50341724113443
      ],
      "confidence_score": 0.9798519207561024
    },
    "Logarithmic": {
      "r2": 0.4228055738236475,
      "aic": 723.0041142732953,
      "bic": 726.3818731815231,
      "params": [
        6640.843874897866,
        -24499.899925989106
      ],
      "confidence_score": 0.3594027869118237
    },
    "N Log N": {
      "r2": 0.8634651783076079,
      "aic": 665.3401349081405,
      "bic": 668.7178938163684,
      "params": [
        12.341193610272862,
        -5884.773902708108
      ],
      "confidence_score": 0.698
    }
  }
}