{
  "valid_points": 79,
  "models": {
    "Constant": {
      "r2": 0.7,
      "aic": -18.313441541787174,
      "bic": -13.574545836853131,
      "params": [
        -98.9198426468462,
        101.08015735315365
      ],
      "confidence_score": 0.35
    },
    "Linear": {
      "r2": 0.9834165858176902,
      "aic": -342.16226761243394,
      "bic": -337.42337190749987,
      "params": [
        0.0007511594882434469,
        -0.05845828839729328
      ],
      "confidence_score": 0.5817276571974713
    },
    "Quadratic": {
      "r2": 0.9762951426158336,
      "aic": -311.9373901566742,
      "bic": -304.82904659927317,
      "params": [
        1.244108961406809e-07,
        1.0,
        0.9113592336950774
      ],
      "confidence_score": 0.5657770857097647
    },
    "Cubic": {
      "r2": 0.9298209719043433,
      "aic": -224.1931963969025,
      "bic": -214.71540498703442,
      "params": [
        2.4191655376025768e-11,
        1.0,
        1.0,
        1.2545805451097718
      ],
      "confidence_score": 0.5378925831426059
    },
    "Logarithmic": {
      "r2": 0.921998333955495,
      "aic": -219.8444238868692,
      "bic": -215.10552818193517,
      "params": [
        1.8953131288672698,
        -12.817734111335172
      ],
      "confidence_score": 0.598
    },
    "N Log N": {
      "r2": 0.9855626322726229,
      "aic": -353.11034228788145,
      "bic": -348.3714465829474,
      "params": [
        8.406303978470596e-05,
        0.1565063135966289
      ],
      "confidence_score": 0.898
    }
  }
}