{
  "Constant": {
    "r2": 0.0,
    "aic": -132.52689366773012,
    "bic": -128.37181877991867,
    "params": [
      -99.46264199659986,
      100.53735800340019
    ]
  },
  "Linear": {
    "r2": 0.9739105991202881,
    "aic": -347.6542361457819,
    "bic": -343.49916125797046,
    "params": [
      0.00034758314828842174,
      0.2028125161778801
    ]
  },
  "Quadratic": {
    "r2": 0.9397376145770089,
    "aic": -296.2606761402295,
    "bic": -290.02806380851234,
    "params": [
      6.755318267878582e-08,
      1.0,
      0.5958040155539278
    ]
  },
  "Cubic": {
    "r2": 0.8791385544133699,
    "aic": -253.20041123750542,
    "bic": -244.89026146188255,
    "params": [
      1.5766643188446108e-11,
      1.0,
      1.0,
      0.7315743920753052
    ]
  },
  "Logarithmic": {
    "r2": 0.9573966704699917,
    "aic": -318.7204430437248,
    "bic": -314.56536815591335,
    "params": [
      0.7776010119888844,
      -4.955536281799607
    ]
  },
  "N Log N": {
    "r2": 0.9721343385974035,
    "aic": -343.76814088223716,
    "bic": -339.6130659944257,
    "params": [
      3.953596601726898e-05,
      0.2918662045841358
    ]
  }
}