{
  "Constant": {
    "r2": -2.220446049250313e-16,
    "aic": -267.2593801144243,
    "bic": -262.5204844094902,
    "params": [
      -99.72788461401491,
      100.27211538598507
    ]
  },
  "Linear": {
    "r2": 0.945007228436088,
    "aic": -496.4031088657288,
    "bic": -491.66421316079476,
    "params": [
      0.0001519809108776471,
      0.09502137083164308
    ]
  },
  "Quadratic": {
    "r2": 0.914871100625329,
    "aic": -459.8828880408653,
    "bic": -452.77454448346424,
    "params": [
      2.481701411827898e-08,
      1.0,
      0.29466271042039155
    ]
  },
  "Cubic": {
    "r2": 0.8510635391301347,
    "aic": -413.6939847014697,
    "bic": -404.2161932916016,
    "params": [
      4.760604203188124e-12,
      1.0,
      1.0,
      0.3654263951588565
    ]
  },
  "Logarithmic": {
    "r2": 0.9070079010511435,
    "aic": -454.9033991256195,
    "bic": -450.16450342068543,
    "params": [
      0.3884678710030095,
      -2.5258668512762106
    ]
  },
  "N Log N": {
    "r2": 0.9444301696562482,
    "aic": -495.57845284680263,
    "bic": -490.83955714186857,
    "params": [
      1.698185501861331e-05,
      0.13913074892751845
    ]
  }
}