{
  "best_model": "O(2^n)",
  "details": {
    "O(1)": {
      "r2": 0,
      "aic": Infinity,
      "params_norm": [
        1.0
      ],
      "rss": 0.0
    },
    "O(n)": {
      "r2": 0,
      "aic": -168.23989780039432,
      "params_norm": [
        9.36426321460069e-09,
        0.9999999945375131
      ],
      "rss": 1.0507080656016302e-12
    },
    "O(n^2)": {
      "r2": 0,
      "aic": -168.0955718999665,
      "params_norm": [
        1.3968810166677247e-08,
        -1.4862539108855611e-08,
        1.000000003305388
      ],
      "rss": 2.0328465011010244e-13
    },
    "O(n^3)": {
      "r2": 0,
      "aic": -131.48288963382848,
      "params_norm": [
        1.0922999163697997e-07,
        -1.936360687196331e-07,
        1.0137572068589287e-07,
        0.9999999843147139
      ],
      "rss": 6.11993049344332e-13
    },
    "O(log n)": {
      "r2": 0,
      "aic": -168.7396894790121,
      "params_norm": [
        -4.218004269987846e-09,
        0.9999999972302877
      ],
      "rss": 9.667316517257205e-13
    },
    "O(n log n)": {
      "r2": 0,
      "aic": -179.02396496152448,
      "params_norm": [
        -8.531161804738576e-09,
        0.9999999979301961
      ],
      "rss": 1.7414269289000443e-13
    },
    "O(2^n)": {
      "r2": 0,
      "aic": -211.61008467937864,
      "params_norm": [
        0.9999999998528463,
        2.5226359021217946e-10
      ],
      "rss": 7.625059892649581e-16
    },
    "O(n^k)": {
      "r2": 0,
      "aic": -166.76917443694222,
      "params_norm": [
        0.9999999973302715,
        -4.845089375126886e-09
      ],
      "rss": 1.3425688696876686e-12
    }
  }
}