{
  "Constant": {
    "r2": 0.0,
    "aic": -391.1305608257903,
    "bic": -386.0439712612503,
    "params": [
      100.1348504955147,
      -99.86514950448519
    ]
  },
  "Linear": {
    "r2": 0.9606582901372547,
    "aic": -695.264741130889,
    "bic": -690.178151566349,
    "params": [
      8.589883988140822e-05,
      0.09187942666511369
    ]
  },
  "Quadratic": {
    "r2": 0.8895538831824978,
    "aic": -596.2339465369605,
    "bic": -588.6040621901504,
    "params": [
      1.8729945207149427e-08,
      1.0,
      0.15299612193442796
    ]
  },
  "Cubic": {
    "r2": 0.7885804907657171,
    "aic": -533.1981876749869,
    "bic": -523.0250085459069,
    "params": [
      4.1548565842112656e-12,
      1.0,
      1.0,
      0.18182040196116153
    ]
  },
  "Logarithmic": {
    "r2": 0.5982796708671234,
    "aic": -476.8584791537185,
    "bic": -471.7718895891785,
    "params": [
      0.05263532149104377,
      -0.09660535141804971
    ]
  },
  "N Log N": {
    "r2": 0.958718826244062,
    "aic": -690.741340900867,
    "bic": -685.6547513363271,
    "params": [
      1.0133280442751484e-05,
      0.10371564796384683
    ]
  }
}