{
  "valid_points": 204,
  "models": {
    "Constant": {
      "r2": 0.85,
      "aic": -3622.6021167658646,
      "bic": -3615.965876778176,
      "params": [
        100.00102707349207,
        -99.9989729265079
      ],
      "confidence_score": 0.4450000000005988
    },
    "Linear": {
      "r2": 0.17372180683874971,
      "aic": -3661.530165146007,
      "bic": -3654.893925158319,
      "params": [
        1.9971423588474215e-11,
        0.0019538979110542954
      ],
      "confidence_score": 0.0944597187061646
    },
    "Quadratic": {
      "r2": 0.12396691991046549,
      "aic": -3647.601807690153,
      "bic": -3637.6474477086203,
      "params": [
        1.6258424319546767e-18,
        1.0,
        0.0019997083017700423
      ],
      "confidence_score": 0.05438019271257262
    },
    "Cubic": {
      "r2": 0.09358766576309652,
      "aic": -3638.647352895714,
      "bic": -3625.374872920337,
      "params": [
        1.4856924120687356e-25,
        1.0,
        1.0,
        0.002016790535019788
      ],
      "confidence_score": 0.03615259954603291
    },
    "Logarithmic": {
      "r2": 0.23211608947857376,
      "aic": -3676.4819267146536,
      "bic": -3669.845686726965,
      "params": [
        7.314138751574223e-05,
        0.0009462133153771918
      ],
      "confidence_score": 0.7140580447392869
    },
    "N Log N": {
      "r2": 0.16987085329369522,
      "aic": -3660.5816111041504,
      "bic": -3653.945371116462,
      "params": [
        1.2115235859834695e-12,
        0.0019591697335372246
      ],
      "confidence_score": 0.28304120860197085
    }
  }
}