{
  "valid_points": 66,
  "models": {
    "Constant": {
      "r2": 0.7,
      "aic": -654.8342558261825,
      "bic": -650.4549463421296,
      "params": [
        100.02911399033934,
        -99.97088600966076
      ],
      "confidence_score": 0.7272073819206581
    },
    "Linear": {
      "r2": 0.00011008620301844463,
      "aic": -654.841521915537,
      "bic": -650.4622124314841,
      "params": [
        -8.934763640056076e-08,
        0.05844376875812762
      ],
      "confidence_score": 0.38778486961141
    },
    "Quadratic": {
      "r2": 6.213185819492484e-05,
      "aic": -652.8383566562208,
      "bic": -646.2693924301415,
      "params": [
        -1.3804382822522707e-11,
        1.0,
        0.05831729754548113
      ],
      "confidence_score": 0.028915663772728955
    },
    "Cubic": {
      "r2": 7.41553442791254e-05,
      "aic": -650.8391502603814,
      "bic": -642.0805312922757,
      "params": [
        -3.814645962631616e-15,
        1.0,
        1.0,
        0.05829927848198224
      ],
      "confidence_score": 0.0
    },
    "Logarithmic": {
      "r2": 0.0002833635993564343,
      "aic": -654.8529604739733,
      "bic": -650.4736509899204,
      "params": [
        -0.00031501783780639323,
        0.060662420018754507
      ],
      "confidence_score": 0.4981416817996782
    },
    "N Log N": {
      "r2": 9.95647433066349e-05,
      "aic": -654.840827426396,
      "bic": -650.4615179423431,
      "params": [
        -9.710601411600825e-09,
        0.058411997592898994
      ],
      "confidence_score": 0.5962353344953707
    }
  }
}