{
  "valid_points": 98,
  "models": {
    "Constant": {
      "r2": 0.7,
      "aic": -2.5743591378697195,
      "bic": 2.595575819471425,
      "params": [
        100.71821909169763,
        -99.28178090830237
      ],
      "confidence_score": 0.09999999999999998
    },
    "Linear": {
      "r2": 0.8702928875643434,
      "aic": -202.73704159187312,
      "bic": -197.56710663453197,
      "params": [
        0.0006433511702006456,
        0.10680199959468129
      ],
      "confidence_score": 0.5047687653669527
    },
    "Quadratic": {
      "r2": 0.8354446576956143,
      "aic": -177.41617625926568,
      "bic": -169.66127382325396,
      "params": [
        1.4292218519784683e-07,
        1.0,
        0.5449434757219689
      ],
      "confidence_score": 0.4812668666068114
    },
    "Cubic": {
      "r2": 0.7513598176092928,
      "aic": -134.96571000634663,
      "bic": -124.62584009166434,
      "params": [
        3.195603546942686e-11,
        1.0,
        1.0,
        0.758040326687384
      ],
      "confidence_score": 0.4308158905655757
    },
    "Logarithmic": {
      "r2": 0.49488303138211054,
      "aic": -69.50495417699338,
      "bic": -64.33501921965224,
      "params": [
        0.3799830119982992,
        -1.2059459010319977
      ],
      "confidence_score": 0.4954415156910553
    },
    "N Log N": {
      "r2": 0.8744022613512803,
      "aic": -205.89212002880046,
      "bic": -200.7221850714593,
      "params": [
        7.616199016475676e-05,
        0.19057796826580908
      ],
      "confidence_score": 0.9480000000000001
    }
  }
}