{
  "valid_points": 60,
  "models": {
    "Constant": {
      "r2": -2.220446049250313e-16,
      "aic": 731.8682741103048,
      "bic": 736.056963234749,
      "params": [
        -60.42847387860479,
        740.8744897630243
      ],
      "confidence_score": -2.220446049250313e-16
    },
    "Linear": {
      "r2": 0.9670004064229996,
      "aic": 527.1926721039067,
      "bic": 531.3813612283509,
      "params": [
        0.48919966240149815,
        -530.3231491453407
      ],
      "confidence_score": 0.9470004064229995
    },
    "Quadratic": {
      "r2": 0.9980205643899471,
      "aic": 360.37166289010196,
      "bic": 366.6546965767683,
      "params": [
        9.919501434074718e-05,
        1.0,
        -1.5610395511874264
      ],
      "confidence_score": 0.9580205643899471
    },
    "Cubic": {
      "r2": 0.9886310243453102,
      "aic": 467.2562500774628,
      "bic": 475.63362832635124,
      "params": [
        2.4064411872963817e-08,
        1.0,
        1.0,
        181.63587889467667
      ],
      "confidence_score": 0.9386310243453102
    },
    "Logarithmic": {
      "r2": 0.8823780126992931,
      "aic": 603.4515164612455,
      "bic": 607.6402055856897,
      "params": [
        1046.7004898313085,
        -7425.771176879362
      ],
      "confidence_score": 0.872378012699293
    },
    "N Log N": {
      "r2": 0.9731338866498286,
      "aic": 514.854903314914,
      "bic": 519.0435924393582,
      "params": [
        0.05592252370666329,
        -409.8958821876769
      ],
      "confidence_score": 0.9431338866498286
    }
  }
}