{
  "valid_points": 30,
  "models": {
    "Constant": {
      "r2": 0.7,
      "aic": -607.8931859196456,
      "bic": -605.0907911563213,
      "params": [
        100.00014112641419,
        -99.99985887358582
      ],
      "confidence_score": 0.350001408323194
    },
    "Linear": {
      "r2": 0.10320882837057554,
      "aic": -611.161153466903,
      "bic": -608.3587587035787,
      "params": [
        8.559642918812744e-14,
        0.0002776544137690843
      ],
      "confidence_score": 0.051934919152006445
    },
    "Quadratic": {
      "r2": 0.06965219801085443,
      "aic": -608.0590893830857,
      "bic": -603.8554972380992,
      "params": [
        1.3601311082331938e-22,
        1.0,
        0.000279203692524776
      ],
      "confidence_score": 0.02179233131903324
    },
    "Cubic": {
      "r2": 0.0607967927164641,
      "aic": -605.7748883697676,
      "bic": -600.170098843119,
      "params": [
        2.381092550308535e-31,
        1.0,
        1.0,
        0.0002796209981033717
      ],
      "confidence_score": 0.016478236001052676
    },
    "Logarithmic": {
      "r2": 0.5586612386377665,
      "aic": -632.4314618817392,
      "bic": -629.6290671184149,
      "params": [
        4.8695717647097395e-06,
        0.0002279991157651888
      ],
      "confidence_score": 0.7773306193188834
    },
    "N Log N": {
      "r2": 0.09963038950659231,
      "aic": -611.0416835687579,
      "bic": -608.2392888054336,
      "params": [
        4.200360946308124e-15,
        0.0002778220588443407
      ],
      "confidence_score": 0.2478219928902492
    }
  }
}