{
  "Constant": {
    "r2": -2.220446049250313e-16,
    "aic": -687.7529635188207,
    "bic": -683.0653526751133,
    "params": [
      100.03773455399194,
      -99.96226544600808
    ]
  },
  "Linear": {
    "r2": 0.007086439319126336,
    "aic": -688.3005619075168,
    "bic": -683.6129510638094,
    "params": [
      -8.203860093480841e-07,
      0.07794092037515732
    ]
  },
  "Quadratic": {
    "r2": 0.007184805952516804,
    "aic": -686.3081905735762,
    "bic": -679.2767743080152,
    "params": [
      -1.3581414831452086e-10,
      1.0,
      0.07688139874440854
    ]
  },
  "Cubic": {
    "r2": 0.007619484341064742,
    "aic": -684.3419104091465,
    "bic": -674.9666887217318,
    "params": [
      -2.7678117834548132e-14,
      1.0,
      1.0,
      0.07655549208175824
    ]
  },
  "Logarithmic": {
    "r2": 0.007511677956991147,
    "aic": -688.3335460362226,
    "bic": -683.6459351925153,
    "params": [
      -0.0022406239432938777,
      0.09322652228524865
    ]
  },
  "N Log N": {
    "r2": 0.007068882193617676,
    "aic": -688.2992003723687,
    "bic": -683.6115895286613,
    "params": [
      -9.145575040927491e-08,
      0.07769761106487955
    ]
  }
}