{
  "valid_points": 37,
  "models": {
    "Constant": {
      "r2": -2.220446049250313e-16,
      "aic": 408.0831927062162,
      "bic": 411.30502853150466,
      "params": [
        147.21758420645716,
        0.5200997735889449
      ],
      "confidence_score": -2.220446049250313e-16
    },
    "Linear": {
      "r2": 0.27026478651347774,
      "aic": 396.425472026275,
      "bic": 399.6473078515634,
      "params": [
        1.0156734074411535,
        -69.3968201512924
      ],
      "confidence_score": 0.2502647865134777
    },
    "Quadratic": {
      "r2": 0.2674407296178457,
      "aic": 398.56838473804123,
      "bic": 403.4011384759739,
      "params": [
        0.0022395586333098126,
        1.0,
        12.914679845694996
      ],
      "confidence_score": 0.2274407296178457
    },
    "Cubic": {
      "r2": 0.22662746512438714,
      "aic": 402.57439943908497,
      "bic": 409.0180710896619,
      "params": [
        4.979788989167844e-06,
        1.0,
        1.0,
        52.119153718951054
      ],
      "confidence_score": 0.17662746512438715
    },
    "Logarithmic": {
      "r2": 0.18718373446605763,
      "aic": 400.4149356529655,
      "bic": 403.63677147825393,
      "params": [
        123.64736240701112,
        -484.89040380370045
      ],
      "confidence_score": 0.17718373446605762
    },
    "N Log N": {
      "r2": 0.27479971893139066,
      "aic": 396.19481844269535,
      "bic": 399.4166542679838,
      "params": [
        0.16338529189467887,
        -45.8841034554069
      ],
      "confidence_score": 0.24479971893139066
    }
  }
}