{
  "valid_points": 206,
  "models": {
    "Constant": {
      "r2": 0.7,
      "aic": -3352.0456707590515,
      "bic": -3345.3899184214724,
      "params": [
        100.00173283686648,
        -99.99826716313356
      ],
      "confidence_score": 0.3700000000085034
    },
    "Linear": {
      "r2": 0.022524640959563635,
      "aic": -3356.7388030491747,
      "bic": -3350.0830507115957,
      "params": [
        1.0261865474615436e-12,
        0.003455569664325277
      ],
      "confidence_score": 0.003514784694214972
    },
    "Quadratic": {
      "r2": 0.011638398299907426,
      "aic": -3352.457241600476,
      "bic": -3342.4736130941073,
      "params": [
        1.51459201311709e-21,
        1.0,
        0.0034628029438461016
      ],
      "confidence_score": 0.0
    },
    "Cubic": {
      "r2": 0.008714375719598877,
      "aic": -3349.8486997535474,
      "bic": -3336.5371950783892,
      "params": [
        2.498801942949713e-30,
        1.0,
        1.0,
        0.003463528001016433
      ],
      "confidence_score": 0.0
    },
    "Logarithmic": {
      "r2": 0.2100550610522336,
      "aic": -3400.6188296568644,
      "bic": -3393.9630773192853,
      "params": [
        0.00012517922103281797,
        0.0015611684637569596
      ],
      "confidence_score": 0.7030275305261168
    },
    "N Log N": {
      "r2": 0.020948256889712358,
      "aic": -3356.406852432901,
      "bic": -3349.751100095322,
      "params": [
        4.965674529979549e-14,
        0.0034570636262662015
      ],
      "confidence_score": 0.30847412852012457
    }
  }
}