{
  "valid_points": 18,
  "models": {
    "Constant": {
      "r2": -2.220446049250313e-16,
      "aic": -205.1160607057967,
      "bic": -203.3353171900044,
      "params": [
        100.03167324595978,
        -99.9683267540402
      ],
      "confidence_score": -2.220446049250313e-16
    },
    "Linear": {
      "r2": 0.18124842690544052,
      "aic": -208.7156029783545,
      "bic": -206.93485946256217,
      "params": [
        -4.540932805774389e-06,
        0.07015789112809756
      ],
      "confidence_score": 0.16124842690544053
    },
    "Quadratic": {
      "r2": 0.15747354555349014,
      "aic": -206.2003646174141,
      "bic": -203.5292493437256,
      "params": [
        -1.4065642340285044e-09,
        1.0,
        0.06662261444804822
      ],
      "confidence_score": 0.11747354555349013
    },
    "Cubic": {
      "r2": 0.1369453600728846,
      "aic": -203.7670516731946,
      "bic": -200.20556464160995,
      "params": [
        -5.666571180917214e-13,
        1.0,
        1.0,
        0.06546083129150321
      ],
      "confidence_score": 0.0869453600728846
    },
    "Logarithmic": {
      "r2": 0.20796983217274068,
      "aic": -209.31286505543557,
      "bic": -207.53212153964324,
      "params": [
        -0.007124164815322419,
        0.11531781272377496
      ],
      "confidence_score": 0.19796983217274067
    },
    "N Log N": {
      "r2": 0.1781938643341292,
      "aic": -208.64857432154412,
      "bic": -206.8678308057518,
      "params": [
        -5.422471690806475e-07,
        0.06930930757916745
      ],
      "confidence_score": 0.1481938643341292
    }
  }
}