{
  "valid_points": 41,
  "models": {
    "Constant": {
      "r2": 0.7,
      "params": [
        0.0001123436249614862
      ]
    },
    "Linear": {
      "r2": 0.00382879563568439,
      "params": [
        1.1442774505709963e-09,
        0.00011119820320804052
      ]
    },
    "Quadratic": {
      "r2": 0.008866687291349318,
      "params": [
        8.409663730645525e-13,
        0.00011120663758373103
      ]
    },
    "Cubic": {
      "r2": 0.014178397553427646,
      "params": [
        5.537493872038373e-16,
        0.00011120619436879303
      ]
    },
    "Logarithmic": {
      "r2": 0.0022525070640423417,
      "params": [
        -3.89178623219922e-07,
        0.00011487695767412748
      ]
    },
    "N Log N": {
      "r2": 0.004465035062116818,
      "params": [
        1.591541757049948e-10,
        0.00011121024672642728
      ]
    },
    "np": {
      "r2": -Infinity,
      "success": false
    }
  }
}