{
  "valid_points": 19,
  "models": {
    "Constant": {
      "r2": 0.7,
      "aic": 100.86666936070391,
      "bic": 102.7555473190368,
      "params": [
        -97.233860390751,
        102.76613960924905
      ],
      "confidence_score": 0.09999999999999998
    },
    "Linear": {
      "r2": 0.9999870388700501,
      "aic": -112.95088862295263,
      "bic": -111.06201066461975,
      "params": [
        0.0002008664929092907,
        -0.0210555671190229
      ],
      "confidence_score": 0.8999922233220301
    },
    "Quadratic": {
      "r2": 0.9217130223280098,
      "aic": 54.46656330230184,
      "bic": 57.29988023980116,
      "params": [
        7.899327185076715e-10,
        1.0,
        1.7228924199398739
      ],
      "confidence_score": 0.5330278133968058
    },
    "Cubic": {
      "r2": 0.8445198142597299,
      "aic": 69.50316677159815,
      "bic": 73.2809226882639,
      "params": [
        2.923696037986717e-15,
        1.0,
        1.0,
        2.364283717626406
      ],
      "confidence_score": 0.4867118885558379
    },
    "Logarithmic": {
      "r2": 0.3956236042182094,
      "aic": 91.29906539773609,
      "bic": 93.18794335606897,
      "params": [
        2.2340220900313494,
        -9.073122803166658
      ],
      "confidence_score": 0.34581180210910467
    },
    "N Log N": {
      "r2": 0.9989005584098085,
      "aic": -28.579435233016838,
      "bic": -26.690557274683957,
      "params": [
        1.6265411046161133e-05,
        0.23754198348311903
      ],
      "confidence_score": 0.648
    }
  }
}