{
  "Constant": {
    "r2": 0.0,
    "aic": 158.86544745643388,
    "bic": 161.38164053247684,
    "params": [
      110.13504677953631,
      -89.86495322046368
    ]
  },
  "Linear": {
    "r2": 0.9225552318708434,
    "aic": 92.35250054060222,
    "bic": 94.86869361664519,
    "params": [
      0.21792665296730557,
      -13.483392278092635
    ]
  },
  "Quadratic": {
    "r2": 0.9922946917585223,
    "aic": 34.353456510131224,
    "bic": 38.12774612419567,
    "params": [
      0.000696720522739048,
      1.0,
      -1.670627203493044
    ]
  },
  "Cubic": {
    "r2": 0.9729233226736239,
    "aic": 69.02930149700052,
    "bic": 74.06168764908645,
    "params": [
      2.3537005641172115e-06,
      1.0,
      1.0,
      3.2229427714473378
    ]
  },
  "Logarithmic": {
    "r2": 0.6476655949905581,
    "aic": 131.74290941303855,
    "bic": 134.25910248908153,
    "params": [
      20.00608261094262,
      -75.87643936303697
    ]
  },
  "N Log N": {
    "r2": 0.9460128739297806,
    "aic": 82.97119611578162,
    "bic": 85.48738919182459,
    "params": [
      0.037088260317324546,
      -9.700628652113936
    ]
  }
}