{
  "Constant": {
    "params": [
      0.3112800297913728
    ],
    "r_squared": 0.0,
    "success": true
  },
  "Linear": {
    "params": [
      9.393175662496668e-05,
      0.029484759405007666
    ],
    "r_squared": 0.908227734692897,
    "success": true
  },
  "Quadratic": {
    "params": [
      -3.013773426921778e-11,
      9.411258300417877e-05,
      0.029254708216695943
    ],
    "r_squared": 0.9082278368550715,
    "success": true
  },
  "Cubic": {
    "params": [
      3.680530395603287e-12,
      -3.3154910504692345e-08,
      0.00018443463490736348,
      -0.04296281407178684
    ],
    "r_squared": 0.9098324575462545,
    "success": true
  },
  "Logarithmic": {
    "params": [
      0.24322830011135502,
      -1.6143474763403103
    ],
    "r_squared": 0.8769912668473949,
    "success": true
  },
  "n_log_n": {
    "params": [
      1.0482610566420945e-05,
      0.05698298707413961
    ],
    "r_squared": 0.9075561037303967,
    "success": true
  },
  "Exponential": {
    "params": [
      0.12167600541666453,
      0.00029446421703926154
    ],
    "r_squared": 0.8878735487555625,
    "success": true
  },
  "Sqrt_Exponential": {
    "params": [
      0.12167629133554901,
      0.0005889271770970529
    ],
    "r_squared": 0.8878735487581694,
    "success": true
  },
  "Power": {
    "params": [
      0.00024201285963969992,
      0.8951345223364928
    ],
    "r_squared": 0.9081392280971217,
    "success": true
  }
}