{
  "best_model": "O(n^k)",
  "details": {
    "O(1)": {
      "r2": 0,
      "aic": Infinity,
      "params_norm": [
        1.0
      ],
      "rss": 0.0
    },
    "O(n)": {
      "r2": 0,
      "aic": -189.98324783934643,
      "params_norm": [
        2.8260351387841162e-09,
        0.9999999984841539
      ],
      "rss": 2.803147233509334e-14
    },
    "O(n^2)": {
      "r2": 0,
      "aic": -173.248615486069,
      "params_norm": [
        1.691220791766615e-08,
        -1.8127318966378344e-08,
        1.0000000027243656
      ],
      "rss": 8.612214820100704e-14
    },
    "O(n^3)": {
      "r2": 0,
      "aic": -145.04236613824781,
      "params_norm": [
        5.0474880319685436e-08,
        -8.325298454069733e-08,
        3.6704286508715144e-08,
        0.9999999971310017
      ],
      "rss": 6.386734350122047e-14
    },
    "O(log n)": {
      "r2": 0,
      "aic": -194.57159826548929,
      "params_norm": [
        -4.880607029633666e-10,
        0.9999999994249709
      ],
      "rss": 1.3047581877952513e-14
    },
    "O(n log n)": {
      "r2": 0,
      "aic": -188.63505611568618,
      "params_norm": [
        7.7646453975935e-09,
        1.0000000017620052
      ],
      "rss": 3.509387141004424e-14
    },
    "O(2^n)": {
      "r2": 0,
      "aic": -176.95036198472968,
      "params_norm": [
        0.9999999955732765,
        8.386664119902667e-09
      ],
      "rss": 2.4603542591541047e-13
    },
    "O(n^k)": {
      "r2": 0,
      "aic": -204.14478312543753,
      "params_norm": [
        0.9999999998651462,
        -2.0467565852733526e-10
      ],
      "rss": 2.6460607110665692e-15
    }
  }
}