{
  "best_model": "O(2^n)",
  "details": {
    "O(1)": {
      "r2": 0,
      "aic": Infinity,
      "params_norm": [
        1.0
      ],
      "rss": 0.0
    },
    "O(n)": {
      "r2": 0,
      "aic": -3494.8531687105765,
      "params_norm": [
        3.539513381405014e-10,
        0.9999999997936918
      ],
      "rss": 9.097401936995901e-14
    },
    "O(n^2)": {
      "r2": 0,
      "aic": -2959.855470829454,
      "params_norm": [
        2.262728146446774e-08,
        -2.697387986981183e-08,
        1.000000006707853
      ],
      "rss": 1.7792664248533666e-11
    },
    "O(n^3)": {
      "r2": 0,
      "aic": -2904.783015078744,
      "params_norm": [
        9.207473059506364e-09,
        1.2993395631032284e-08,
        -2.4496106730549883e-08,
        1.0000000064036458
      ],
      "rss": 3.0041520076690085e-11
    },
    "O(log n)": {
      "r2": 0,
      "aic": -3034.8436006247834,
      "params_norm": [
        -1.7262467729194512e-09,
        0.9999999988883356
      ],
      "rss": 8.648352707853514e-12
    },
    "O(n log n)": {
      "r2": 0,
      "aic": -3463.8303722830037,
      "params_norm": [
        9.149493385152141e-10,
        1.000000000238507
      ],
      "rss": 1.2368405426697004e-13
    },
    "O(2^n)": {
      "r2": 0,
      "aic": -3673.2590110406068,
      "params_norm": [
        1.0000000000853677,
        -1.463447165138362e-10
      ],
      "rss": 1.555184818353695e-14
    },
    "O(n^k)": {
      "r2": 0,
      "aic": -3373.5436711457887,
      "params_norm": [
        0.999999999792065,
        -3.2278032427202367e-10
      ],
      "rss": 3.0237201548251804e-13
    }
  }
}