{
  "Constant": {
    "name": "Constant",
    "r2": 0.0,
    "bic": 277.1024906688276,
    "confidence_score": -0.14978661367769955,
    "params": [
      0.20673664773118056,
      767.7918332123426
    ],
    "order": 0
  },
  "Linear": {
    "name": "Linear",
    "r2": 0.7188139716232398,
    "bic": 251.72771454891463,
    "confidence_score": 0.5290273579455402,
    "params": [
      8.569446585585558,
      4.25540096549506e-17
    ],
    "order": 2
  },
  "Quadratic": {
    "name": "Quadratic",
    "r2": 0.9512581258018942,
    "bic": 219.67388737143693,
    "confidence_score": 0.6465782052853449,
    "params": [
      0.05474492809770905,
      3.7967196378212395e-17,
      1.402049466145333e-17
    ],
    "order": 4
  },
  "Cubic": {
    "name": "Cubic",
    "r2": 0.9999576871248153,
    "bic": 81.68557240922198,
    "confidence_score": 0.6003844597694162,
    "params": [
      0.0003023523502195205,
      6.129399016175444e-16,
      7.852034247912701e-14,
      0.08558380929862519
    ],
    "order": 5
  },
  "Logarithmic": {
    "name": "Logarithmic",
    "r2": 0.2443149091723823,
    "bic": 271.49987994669715,
    "confidence_score": 0.07452829549468275,
    "params": [
      197.4762526888633,
      1.1908260512286102e-16
    ],
    "order": 1
  },
  "N Log N": {
    "name": "N Log N",
    "r2": 0.7911792190454109,
    "bic": 245.77691262319925,
    "confidence_score": 0.5813926053677114,
    "params": [
      1.7346081006664362,
      3.803000978559268e-17
    ],
    "order": 3
  },
  "confidence_analysis": {
    "best_model": "Quadratic",
    "best_score": 0.6465782052853449,
    "second_best_model": "Cubic",
    "second_best_score": 0.6003844597694162,
    "confidence_gap": 0.0461937455159287,
    "is_confident": true,
    "threshold": 0.03
  }
}