{
  "valid_points": 50,
  "models": {
    "Constant": {
      "r2": 0.7,
      "aic": 396.7306201859716,
      "bic": 400.5546661968279,
      "params": [
        -53.88456241786471,
        146.1154375821352
      ],
      "confidence_score": 0.11999999999999998
    },
    "Linear": {
      "r2": 0.9996517936020098,
      "aic": -1.4051376305162302,
      "bic": 2.4189083803400617,
      "params": [
        7.362416897571666e-05,
        -1.3113188015463297
      ],
      "confidence_score": 0.8997910761612059
    },
    "Quadratic": {
      "r2": 0.9462475593232994,
      "aic": 252.56230993263867,
      "bic": 258.29837894892313,
      "params": [
        2.7394875136963685e-11,
        1.0,
        34.98591015691535
      ],
      "confidence_score": 0.5477485355939796
    },
    "Cubic": {
      "r2": 0.8528759666586136,
      "aic": 304.90665599871113,
      "bic": 312.5547480204237,
      "params": [
        1.1013841963956768e-17,
        1.0,
        1.0,
        49.685865353119254
      ],
      "confidence_score": 0.4917255799951682
    },
    "Logarithmic": {
      "r2": 0.8626358500146605,
      "aic": 297.4746276671739,
      "bic": 301.2986736780302,
      "params": [
        60.88991971575854,
        -749.8150571802721
      ],
      "confidence_score": 0.548
    },
    "N Log N": {
      "r2": 0.999560680092402,
      "aic": 10.216485617291589,
      "bic": 14.040531628147882,
      "params": [
        4.926959228227132e-06,
        3.209744830119523
      ],
      "confidence_score": 0.6988984994820246
    }
  }
}