{
  "valid_points": 95,
  "models": {
    "Constant": {
      "r2": 0.7,
      "aic": -439.6006120918264,
      "bic": -434.49285830862533,
      "params": [
        -99.87760254819136,
        100.12239745180871
      ],
      "confidence_score": 0.41
    },
    "Linear": {
      "r2": 0.9056360134546758,
      "aic": -663.857210914453,
      "bic": -658.7494571312519,
      "params": [
        6.610472397999404e-05,
        0.10715512654625649
      ],
      "confidence_score": 0.9333816080728055
    },
    "Quadratic": {
      "r2": 0.8428792912443588,
      "aic": -613.4209998211771,
      "bic": -605.7593691463755,
      "params": [
        1.4445500221584615e-08,
        1.0,
        0.15409558859911832
      ],
      "confidence_score": 0.4857275747478609
    },
    "Cubic": {
      "r2": 0.7485818458382278,
      "aic": -566.7612005434255,
      "bic": -556.5456929770234,
      "params": [
        3.209287522030342e-12,
        1.0,
        1.0,
        0.17636819122859038
      ],
      "confidence_score": 0.42914910750293667
    },
    "Logarithmic": {
      "r2": 0.5668503915203253,
      "aic": -519.0844610728656,
      "bic": -513.9767072896644,
      "params": [
        0.040718965294558304,
        -0.03904913206859731
      ],
      "confidence_score": 0.28142519576016267
    },
    "N Log N": {
      "r2": 0.904511252921041,
      "aic": -662.7315647486741,
      "bic": -657.623810965473,
      "params": [
        7.800236029081693e-06,
        0.11623462132709313
      ],
      "confidence_score": 0.7688796302152119
    }
  }
}