{
  "best_model": "O(2^n)",
  "details": {
    "O(1)": {
      "r2": 0,
      "aic": Infinity,
      "params_norm": [
        1.0
      ],
      "rss": 0.0
    },
    "O(n)": {
      "r2": 0,
      "aic": -3702.2583308818366,
      "params_norm": [
        3.539513381405014e-10,
        0.9999999997936918
      ],
      "rss": 1.1670420838114391e-14
    },
    "O(n^2)": {
      "r2": 0,
      "aic": -3167.2606226243147,
      "params_norm": [
        2.262728146446774e-08,
        -2.697387986981183e-08,
        1.000000006707853
      ],
      "rss": 2.2824967214021296e-12
    },
    "O(n^3)": {
      "r2": 0,
      "aic": -3112.18816729074,
      "params_norm": [
        9.207473059506364e-09,
        1.2993395631032284e-08,
        -2.4496106730549883e-08,
        1.0000000064036458
      ],
      "rss": 3.853816934888537e-12
    },
    "O(log n)": {
      "r2": 0,
      "aic": -3242.248753184019,
      "params_norm": [
        -1.7262467729194512e-09,
        0.9999999988883356
      ],
      "rss": 1.10943680362199e-12
    },
    "O(n log n)": {
      "r2": 0,
      "aic": -3671.235503849613,
      "params_norm": [
        9.149493385152141e-10,
        1.000000000238507
      ],
      "rss": 1.5866567308378734e-14
    },
    "O(2^n)": {
      "r2": 0,
      "aic": -3880.664145783349,
      "params_norm": [
        1.0000000000853677,
        -1.463447165138362e-10
      ],
      "rss": 1.995038403911868e-15
    },
    "O(n^k)": {
      "r2": 0,
      "aic": -3580.948814118552,
      "params_norm": [
        0.999999999792065,
        -3.2278032427202367e-10
      ],
      "rss": 3.8789198999441667e-14
    }
  }
}