{
  "valid_points": 18,
  "models": {
    "Constant": {
      "r2": 0.9,
      "aic": -231.47784630539016,
      "bic": -229.69710278959784,
      "params": [
        100.02070909572969,
        -99.97929090427027
      ],
      "confidence_score": 0.649716758289248
    },
    "Linear": {
      "r2": 0.19960532499067163,
      "aic": -235.48555223110847,
      "bic": -233.70480871531615,
      "params": [
        -2.291249601160672e-06,
        0.04485506586126797
      ],
      "confidence_score": 0.2839019399602322
    },
    "Quadratic": {
      "r2": 0.1739516645056347,
      "aic": -232.9176821186507,
      "bic": -230.24656684496222,
      "params": [
        -7.10801662885482e-10,
        1.0,
        0.043073766999247955
      ],
      "confidence_score": 0.1365210538535309
    },
    "Cubic": {
      "r2": 0.15045790285687743,
      "aic": -230.41288641553828,
      "bic": -226.85139938395363,
      "params": [
        -2.855830824839756e-13,
        1.0,
        1.0,
        0.04248377333596208
      ],
      "confidence_score": 0.07982474509462206
    },
    "Logarithmic": {
      "r2": 0.22655198218820516,
      "aic": -236.10198897701957,
      "bic": -234.32124546122725,
      "params": [
        -0.0035751652436297014,
        0.0674992921377939
      ],
      "confidence_score": 0.4612759910941026
    },
    "N Log N": {
      "r2": 0.1964114598253459,
      "aic": -235.41386862692588,
      "bic": -233.63312511113355,
      "params": [
        -2.7372392046058753e-07,
        0.0444281938575779
      ],
      "confidence_score": 0.21066588085046675
    }
  }
}