{
  "valid_points": 29,
  "models": {
    "Constant": {
      "r2": 0.7,
      "aic": -568.9269284513482,
      "bic": -566.1923367913753,
      "params": [
        -99.99977905174782,
        100.00022094825228
      ],
      "confidence_score": 0.1200253468581841
    },
    "Linear": {
      "r2": 0.472080629590773,
      "aic": -587.4524681717074,
      "bic": -584.7178765117345,
      "params": [
        3.232937780256674e-13,
        0.000429926365028483
      ],
      "confidence_score": 0.5393981811849982
    },
    "Quadratic": {
      "r2": 0.5292961291769276,
      "aic": -588.7791855561728,
      "bic": -584.6772980662134,
      "params": [
        6.9528703434425205e-22,
        1.0,
        0.0004326825805967813
      ],
      "confidence_score": 0.6465742899653972
    },
    "Cubic": {
      "r2": 0.5477988289319056,
      "aic": -587.9421442047862,
      "bic": -582.4729608848404,
      "params": [
        1.3407399480887475e-30,
        1.0,
        1.0,
        0.00043372036814762416
      ],
      "confidence_score": 0.4245985238317212
    },
    "Logarithmic": {
      "r2": 0.4497245246302952,
      "aic": -586.2496800446423,
      "bic": -583.5150883846694,
      "params": [
        5.861635591070561e-06,
        0.00038120291381785957
      ],
      "confidence_score": 0.7692524100707029
    },
    "N Log N": {
      "r2": 0.4762912213488367,
      "aic": -587.6846943889327,
      "bic": -584.9501027289598,
      "params": [
        1.6294605890917358e-14,
        0.000430187250635043
      ],
      "confidence_score": 0.8361456106744184
    }
  }
}