{
  "valid_points": 31,
  "models": {
    "Constant": {
      "r2": 0.7,
      "aic": -704.5235305574109,
      "bic": -701.6555561484406,
      "params": [
        100.00005365619735,
        -99.9999463438027
      ],
      "confidence_score": 0.574027658812868
    },
    "Linear": {
      "r2": 0.00020741504524968146,
      "aic": -704.5299610907314,
      "bic": -701.661986681761,
      "params": [
        -1.137906959945289e-15,
        0.00010737155345536998
      ],
      "confidence_score": 0.2897899513065
    },
    "Quadratic": {
      "r2": 0.0005720582886689085,
      "aic": -702.5412694386806,
      "bic": -698.2393078252252,
      "params": [
        -3.658302047766743e-24,
        1.0,
        0.00010739176083912158
      ],
      "confidence_score": 0.03446992616755874
    },
    "Cubic": {
      "r2": 0.0006726090880803115,
      "aic": -700.5443884545336,
      "bic": -694.8084396365931,
      "params": [
        -7.43467405655357e-33,
        1.0,
        1.0,
        0.0001073919196172393
      ],
      "confidence_score": 0.0
    },
    "Logarithmic": {
      "r2": 0.01866319037630204,
      "aic": -705.1075564645722,
      "bic": -702.2395820556019,
      "params": [
        2.4970200344858805e-07,
        0.00010462011439217921
      ],
      "confidence_score": 0.6073315951881509
    },
    "N Log N": {
      "r2": 0.00025422903581762135,
      "aic": -704.5314126594933,
      "bic": -701.663438250523,
      "params": [
        -6.292677989146679e-17,
        0.00010737663207548766
      ],
      "confidence_score": 0.4230394198423038
    }
  }
}