{
  "valid_points": 40,
  "models": {
    "Constant": {
      "r2": 0.7,
      "aic": 444.95194080571207,
      "bic": 448.32969971393993,
      "params": [
        101.69123672172373,
        116.21228437647264
      ],
      "confidence_score": 0.09999999999999998
    },
    "Linear": {
      "r2": 0.8362499114150627,
      "aic": 372.57538626610386,
      "bic": 375.9531451743317,
      "params": [
        1.7833195959679933,
        -169.96849102484208
      ],
      "confidence_score": 0.4017499468490376
    },
    "Quadratic": {
      "r2": 0.9709588853582407,
      "aic": 305.39023253445373,
      "bic": 310.4568708967955,
      "params": [
        0.004274438250532198,
        1.0,
        -53.221959913954834
      ],
      "confidence_score": 0.5625753312149444
    },
    "Cubic": {
      "r2": 0.9999588447959202,
      "aic": 45.02553389601845,
      "bic": 51.781051712474195,
      "params": [
        1.04455541488635e-05,
        1.0,
        1.0,
        0.5364486635770365
      ],
      "confidence_score": 0.9799753068775521
    },
    "Logarithmic": {
      "r2": 0.430736499988159,
      "aic": 422.4154664503651,
      "bic": 425.79322535859296,
      "params": [
        157.56627250675623,
        -579.2045428867796
      ],
      "confidence_score": 0.36336824999407946
    },
    "N Log N": {
      "r2": 0.8708058476731633,
      "aic": 363.094382834267,
      "bic": 366.47214174249484,
      "params": [
        0.29133987143850526,
        -135.73264518743815
      ],
      "confidence_score": 0.698
    }
  }
}