{
  "valid_points": 18,
  "models": {
    "Constant": {
      "r2": 0.95,
      "aic": -224.61562691304238,
      "bic": -222.83488339725005,
      "params": [
        100.03291718247858,
        -99.96708281752136
      ],
      "confidence_score": 0.6350398077358814
    },
    "Linear": {
      "r2": 0.24884366763882582,
      "aic": -229.76617361221463,
      "bic": -227.9854300964223,
      "params": [
        -3.095520169749122e-06,
        0.07047764521150224
      ],
      "confidence_score": 0.2533953030009398
    },
    "Quadratic": {
      "r2": 0.21762838892298975,
      "aic": -227.03328492899317,
      "bic": -224.36216965530468,
      "params": [
        -9.620016997176408e-10,
        1.0,
        0.06807502724953865
      ],
      "confidence_score": 0.15361254970369426
    },
    "Cubic": {
      "r2": 0.18985678117815308,
      "aic": -224.40542311757218,
      "bic": -220.84393608598754,
      "params": [
        -3.8817014386021024e-13,
        1.0,
        1.0,
        0.06728272480655807
      ],
      "confidence_score": 0.10132465050686669
    },
    "Logarithmic": {
      "r2": 0.2829176991555127,
      "aic": -230.60179079251185,
      "bic": -228.82104727671953,
      "params": [
        -0.0048342180254002925,
        0.10110035084536528
      ],
      "confidence_score": 0.48945884957775637
    },
    "N Log N": {
      "r2": 0.24488895468407368,
      "aic": -229.6716552049162,
      "bic": -227.89091168912387,
      "params": [
        -3.698264346319463e-07,
        0.06990115771088089
      ],
      "confidence_score": 0.3588722342326564
    }
  }
}