{
  "valid_points": 20,
  "models": {
    "Constant": {
      "r2": 0.7,
      "aic": 163.03893745878872,
      "bic": 165.03040200589672,
      "params": [
        139.34310556174736,
        -32.28087776125885
      ],
      "confidence_score": 0.11999999999999998
    },
    "Linear": {
      "r2": 0.9998738853431428,
      "aic": -16.527444335855026,
      "bic": -14.535979788747046,
      "params": [
        0.00019346447781765086,
        -0.09416736984174423
      ],
      "confidence_score": 0.8999243312058857
    },
    "Quadratic": {
      "r2": 0.9549909565793293,
      "aic": 103.02110056881345,
      "bic": 106.00829738947543,
      "params": [
        1.6663698417454601e-10,
        1.0,
        43.29316120283185
      ],
      "confidence_score": 0.5529945739475975
    },
    "Cubic": {
      "r2": 0.8713462133365111,
      "aic": 126.02633132183352,
      "bic": 130.0092604160495,
      "params": [
        1.5925478602542338e-16,
        1.0,
        1.0,
        59.916822482863296
      ],
      "confidence_score": 0.5028077280019067
    },
    "Logarithmic": {
      "r2": 0.9134253204973496,
      "aic": 114.10397964554113,
      "bic": 116.09544419264911,
      "params": [
        79.46901102621767,
        -930.4445036366117
      ],
      "confidence_score": 0.548
    },
    "N Log N": {
      "r2": 0.9996742318066562,
      "aic": 2.452447601080487,
      "bic": 4.443912148188469,
      "params": [
        1.3684319381320261e-05,
        5.796654533496193
      ],
      "confidence_score": 0.6480226824565202
    }
  }
}