{
  "Constant": {
    "r2": 0.0,
    "aic": 423.44898384678083,
    "bic": 426.11339286713127,
    "params": [
      700.9999999999997,
      854.9223983436827
    ]
  },
  "Linear": {
    "r2": 0.8332130593754727,
    "aic": 373.29991744604575,
    "bic": 375.9643264663962,
    "params": [
      18.392062431654836,
      -1230.4750600520251
    ]
  },
  "Quadratic": {
    "r2": 0.9698451718064354,
    "aic": 327.4094974196665,
    "bic": 331.4061109501921,
    "params": [
      0.06335295623972714,
      1.0,
      -398.3579192613037
    ]
  },
  "Cubic": {
    "r2": 0.9998384171957637,
    "aic": 182.99518469166716,
    "bic": 188.32400273236797,
    "params": [
      0.0002220304269809903,
      1.0,
      1.0,
      -12.86844226659019
    ]
  },
  "Logarithmic": {
    "r2": 0.43104987867451816,
    "aic": 407.658033596612,
    "bic": 410.3224426169624,
    "params": [
      1136.7211046385344,
      -3778.8595509094603
    ]
  },
  "N Log N": {
    "r2": 0.8702751475044388,
    "aic": 366.2634753048339,
    "bic": 368.9278843251843,
    "params": [
      3.194757762251596,
      -971.2771696463919
    ]
  }
}