{
  "best_model": "O(2^n)",
  "details": {
    "O(1)": {
      "r2": 0,
      "aic": Infinity,
      "params_norm": [
        1.0
      ],
      "rss": 0.0
    },
    "O(n)": {
      "r2": 0,
      "aic": -3531.5664038393893,
      "params_norm": [
        3.539513381405014e-10,
        0.9999999997936918
      ],
      "rss": 6.324882730551866e-14
    },
    "O(n^2)": {
      "r2": 0,
      "aic": -2996.568698361314,
      "params_norm": [
        2.262728146446774e-08,
        -2.697387986981183e-08,
        1.000000006707853
      ],
      "rss": 1.2370182616985573e-11
    },
    "O(n^3)": {
      "r2": 0,
      "aic": -2941.496243023593,
      "params_norm": [
        9.207473059506364e-09,
        1.2993395631032284e-08,
        -2.4496106730549883e-08,
        1.0000000064036458
      ],
      "rss": 2.0886084440758672e-11
    },
    "O(log n)": {
      "r2": 0,
      "aic": -3071.556827648382,
      "params_norm": [
        -1.7262467729194512e-09,
        0.9999999988883356
      ],
      "rss": 6.012685979809313e-12
    },
    "O(n log n)": {
      "r2": 0,
      "aic": -3500.543577070661,
      "params_norm": [
        9.149493385152141e-10,
        1.000000000238507
      ],
      "rss": 8.599019580540451e-14
    },
    "O(2^n)": {
      "r2": 0,
      "aic": -3709.972242649292,
      "params_norm": [
        1.0000000000853677,
        -1.463447165138362e-10
      ],
      "rss": 1.081227586883341e-14
    },
    "O(n^k)": {
      "r2": 0,
      "aic": -3410.256895836704,
      "params_norm": [
        0.999999999792065,
        -3.2278032427202367e-10
      ],
      "rss": 2.1022130821714781e-13
    }
  }
}