{
  "valid_points": 20,
  "models": {
    "Constant": {
      "r2": 0.7,
      "aic": 143.60088724907766,
      "bic": 145.59235179618565,
      "params": [
        106.07628198340541,
        -93.92371801659462
      ],
      "confidence_score": 0.11999999999999998
    },
    "Linear": {
      "r2": 0.9999982923127333,
      "aic": -122.00652432052443,
      "bic": -120.01505977341645,
      "params": [
        6.613293788626518e-05,
        0.017189704567777242
      ],
      "confidence_score": 0.89999897538764
    },
    "Quadratic": {
      "r2": 0.9404984545648966,
      "aic": 89.16582738770475,
      "bic": 92.15302420836673,
      "params": [
        3.2626776780118574e-11,
        1.0,
        3.034722779223121
      ],
      "confidence_score": 0.5442990727389379
    },
    "Cubic": {
      "r2": 0.8734888177006974,
      "aic": 106.25239570710852,
      "bic": 110.23532480132448,
      "params": [
        1.522690075011209e-17,
        1.0,
        1.0,
        4.236962862946899
      ],
      "confidence_score": 0.5040932906204184
    },
    "Logarithmic": {
      "r2": 0.34588569056675345,
      "aic": 135.1114240944388,
      "bic": 137.1028886415468,
      "params": [
        4.588298677277638,
        -21.274371736013336
      ],
      "confidence_score": 0.4209428452833768
    },
    "N Log N": {
      "r2": 0.9992777357752592,
      "aic": -1.061503226411956,
      "bic": 0.9299613206960258,
      "params": [
        4.576756165354948e-06,
        0.42680718757203906
      ],
      "confidence_score": 0.698
    }
  }
}