{
  "Constant": {
    "r2": 0.0,
    "aic": 657.3037623684575,
    "bic": 661.4924514929016,
    "params": [
      -18.476431955146552,
      381.5235681951707
    ]
  },
  "Linear": {
    "r2": 0.9752395160209202,
    "aic": 435.3933852958065,
    "bic": 439.5820744202507,
    "params": [
      0.2639189039101598,
      -290.15215099754255
    ]
  },
  "Quadratic": {
    "r2": 0.9999641315384967,
    "aic": 45.164632873792414,
    "bic": 51.447666560458714,
    "params": [
      5.3340163665192565e-05,
      1.0,
      -3.688714058598559
    ]
  },
  "Cubic": {
    "r2": 0.9835108320681483,
    "aic": 415.0006662102056,
    "bic": 423.37804445909404,
    "params": [
      1.2894061611589688e-08,
      1.0,
      1.0,
      95.7774152982586
    ]
  },
  "Logarithmic": {
    "r2": 0.894441052205747,
    "aic": 522.3946182539395,
    "bic": 526.5833073783837,
    "params": [
      566.1258478943843,
      -4021.3389663593734
    ]
  },
  "N Log N": {
    "r2": 0.9807604044797924,
    "aic": 420.2566709590301,
    "bic": 424.44536008347427,
    "params": [
      0.030159487687737983,
      -224.98342565408157
    ]
  }
}