{
  "best_model": "O(log n)",
  "details": {
    "O(1)": {
      "r2": -2.220446049250313e-16,
      "aic": 49.92959144327888,
      "params_norm": [
        0.865461848354734
      ],
      "rss": 14963.33333333333
    },
    "O(n)": {
      "r2": 0.42857142857142827,
      "aic": 51.57189671566635,
      "params_norm": [
        0.6919105079160288,
        0.46184738367182687
      ],
      "rss": 8550.476190476193
    },
    "O(n^2)": {
      "r2": 0.7857142857142854,
      "aic": 55.68692119759599,
      "params_norm": [
        -2.594664330973501,
        3.7190188898290106,
        -0.2108433614718765
      ],
      "rss": 3206.4285714285747
    },
    "O(n^3)": {
      "r2": 0.9523809523809517,
      "aic": 76.66245681693843,
      "params_norm": [
        8.072289543752053,
        -16.72117107793644,
        10.82711834202397,
        -1.1526104881131205
      ],
      "rss": 712.539682539693
    },
    "O(log n)": {
      "r2": 0.6572064278859611,
      "aic": 48.505830381917534,
      "params_norm": [
        0.40317356903286494,
        1.145755208288759
      ],
      "rss": 5129.334484066402
    },
    "O(n log n)": {
      "r2": 0.04407436344082549,
      "aic": 54.659140513385715,
      "params_norm": [
        0.4967475914313829,
        0.9841554594118623
      ],
      "rss": 14303.833941713776
    },
    "O(2^n)": {
      "r2": 0.36349863159224394,
      "aic": 52.21897917672308,
      "params_norm": [
        0.5737238160654827,
        0.6786289122126509
      ],
      "rss": 9524.182142608053
    },
    "O(n^k)": {
      "r2": 0.5514999090551194,
      "aic": 50.11851307503296,
      "params_norm": [
        1.1312333990993706,
        0.4204386159261999
      ],
      "rss": 6711.056360838561
    }
  }
}