{
  "valid_points": 105,
  "models": {
    "Constant": {
      "r2": 0.7,
      "aic": -631.589504704417,
      "bic": -626.2815840041019,
      "params": [
        -99.8692682988586,
        100.13073170114141
      ],
      "confidence_score": 0.35
    },
    "Linear": {
      "r2": 0.8520836942057557,
      "aic": -832.2559146936876,
      "bic": -826.9479939933725,
      "params": [
        3.352613483966549e-05,
        0.17976021168553788
      ],
      "confidence_score": 0.7893176574870229
    },
    "Quadratic": {
      "r2": 0.8274033127485159,
      "aic": -814.053262546038,
      "bic": -806.0913814955654,
      "params": [
        6.195109399212599e-09,
        1.0,
        0.21363314417073684
      ],
      "confidence_score": 0.47645050958602764
    },
    "Cubic": {
      "r2": 0.7729779759451365,
      "aic": -783.2738703180088,
      "bic": -772.6580289173787,
      "params": [
        1.2579627259814193e-12,
        1.0,
        1.0,
        0.226169209444336
      ],
      "confidence_score": 0.4437867855675502
    },
    "Logarithmic": {
      "r2": 0.6949831642484393,
      "aic": -756.2652766992505,
      "bic": -750.9573559989354,
      "params": [
        0.05324148948932549,
        -0.14228579793523335
      ],
      "confidence_score": 0.34549158212421965
    },
    "N Log N": {
      "r2": 0.8530056939090467,
      "aic": -832.9124545424339,
      "bic": -827.6045338421188,
      "params": [
        3.83112316497928e-06,
        0.18714141273822485
      ],
      "confidence_score": 0.8480000000000001
    }
  }
}