{
  "valid_points": 29,
  "models": {
    "Constant": {
      "r2": 0.95,
      "aic": -117.38597193633586,
      "bic": -114.65138027636291,
      "params": [
        -72.85729672374393,
        127.1427032762561
      ],
      "confidence_score": 0.6887380984998067
    },
    "Linear": {
      "r2": 0.09662653821766531,
      "aic": -120.33292966798655,
      "bic": -117.5983380080136,
      "params": [
        -3.517233858090581e-10,
        54.298429351937116
      ],
      "confidence_score": 0.39
    },
    "Quadratic": {
      "r2": 0.05448053339164316,
      "aic": -117.01057520603719,
      "bic": -112.90868771607776,
      "params": [
        -5.364138358352534e-19,
        1.0,
        54.29251509323904
      ],
      "confidence_score": 0.05103390518120725
    },
    "Cubic": {
      "r2": 0.035579076220002004,
      "aic": -114.43656760200071,
      "bic": -108.96738428205481,
      "params": [
        -8.216648466496818e-28,
        1.0,
        1.0,
        54.29041725106335
      ],
      "confidence_score": 0.006691516529216991
    },
    "Logarithmic": {
      "r2": 0.0015736287280185834,
      "aic": -117.4316431136188,
      "bic": -114.69705145364586,
      "params": [
        -0.0008337891411451803,
        54.29403991615562
      ],
      "confidence_score": 0.21911264723469615
    },
    "N Log N": {
      "r2": 0.09394684028513267,
      "aic": -120.24703362121254,
      "bic": -117.51244196123959,
      "params": [
        -1.740255014365158e-11,
        54.29791197162202
      ],
      "confidence_score": 0.38236177424774315
    }
  }
}