{
  "valid_points": 20,
  "models": {
    "Constant": {
      "r2": 0.7,
      "aic": 150.49642298709762,
      "bic": 152.4878875342056,
      "params": [
        105.86174838244919,
        -94.13825161755082
      ],
      "confidence_score": 0.11999999999999998
    },
    "Linear": {
      "r2": 0.9987653327451821,
      "aic": 16.557347497057588,
      "bic": 18.54881204416557,
      "params": [
        4.2078047027716003e-05,
        -0.41001526539475797
      ],
      "confidence_score": 0.49925920084534814
    },
    "Quadratic": {
      "r2": 0.9758846985339711,
      "aic": 77.99824849997154,
      "bic": 80.98544532063352,
      "params": [
        1.0053149492635722e-11,
        1.0,
        2.2819244369054497
      ],
      "confidence_score": 0.5655308191203826
    },
    "Cubic": {
      "r2": 0.9599903940627172,
      "aic": 90.12370888175462,
      "bic": 94.10663797597059,
      "params": [
        2.3751047064829825e-18,
        1.0,
        1.0,
        2.821553415679976
      ],
      "confidence_score": 0.5559942364376304
    },
    "Logarithmic": {
      "r2": 0.2745973756510164,
      "aic": 144.07585430021356,
      "bic": 146.06731884732156,
      "params": [
        4.786506161852229,
        -23.31331909048685
      ],
      "confidence_score": 0.38529868782550825
    },
    "N Log N": {
      "r2": 0.9998265404266685,
      "aic": -22.694896862154426,
      "bic": -20.703432315046445,
      "params": [
        2.769072570540387e-06,
        3.862076873531505e-05
      ],
      "confidence_score": 0.998
    }
  }
}