{
  "valid_points": 27,
  "models": {
    "Constant": {
      "r2": 0.85,
      "aic": -550.7696069693817,
      "bic": -548.177933237373,
      "params": [
        -99.99975302705059,
        100.00024697294947
      ],
      "confidence_score": 0.5160407784420726
    },
    "Linear": {
      "r2": 0.018303807499427616,
      "aic": -551.2683886280829,
      "bic": -548.6767148960743,
      "params": [
        4.153939916509852e-14,
        0.0004922939511007602
      ],
      "confidence_score": 0.01987296020155257
    },
    "Quadratic": {
      "r2": 0.008126908582753,
      "aic": -548.9899299912305,
      "bic": -545.1024193932175,
      "params": [
        5.610443245375463e-23,
        1.0,
        0.0004931473308538348
      ],
      "confidence_score": 0.0
    },
    "Cubic": {
      "r2": 0.004809915998428171,
      "aic": -546.8997880329161,
      "bic": -541.7164405688989,
      "params": [
        8.176859788460282e-32,
        1.0,
        1.0,
        0.0004934103188299556
      ],
      "confidence_score": 0.0
    },
    "Logarithmic": {
      "r2": 0.2169873590794209,
      "aic": -557.3739808198532,
      "bic": -554.7823070878445,
      "params": [
        2.971549973381208e-06,
        0.0004610191056907611
      ],
      "confidence_score": 0.7064936795397104
    },
    "N Log N": {
      "r2": 0.017441873457873402,
      "aic": -551.2446928974535,
      "bic": -548.6530191654449,
      "params": [
        2.0342664442332636e-15,
        0.000492375798424616
      ],
      "confidence_score": 0.020722073348849568
    }
  }
}