{
  "valid_points": 29,
  "models": {
    "Constant": {
      "r2": 0.85,
      "aic": -591.8050749196564,
      "bic": -589.0704832596834,
      "params": [
        -99.99975387392368,
        100.00024612607629
      ],
      "confidence_score": 0.4442557619581936
    },
    "Linear": {
      "r2": 0.018717637288176325,
      "aic": -592.3530307699884,
      "bic": -589.6184391100155,
      "params": [
        3.335879159578589e-14,
        0.0004903982540324151
      ],
      "confidence_score": 0.03499712118167622
    },
    "Quadratic": {
      "r2": 0.012641119587835647,
      "aic": -590.1740041712443,
      "bic": -586.0721166812849,
      "params": [
        5.297935415513317e-23,
        1.0,
        0.0004910235089958427
      ],
      "confidence_score": 0.0
    },
    "Cubic": {
      "r2": 0.012309008167809443,
      "aic": -588.1642512719308,
      "bic": -582.6950679519849,
      "params": [
        9.7935897107068e-32,
        1.0,
        1.0,
        0.0004911323363336236
      ],
      "confidence_score": 0.0
    },
    "Logarithmic": {
      "r2": 0.17252583164196222,
      "aic": -597.2970191920701,
      "bic": -594.5624275320972,
      "params": [
        2.6131589017498695e-06,
        0.00046223303370170955
      ],
      "confidence_score": 0.6842629158209811
    },
    "N Log N": {
      "r2": 0.017927158000874188,
      "aic": -592.3296790091707,
      "bic": -589.5950873491978,
      "params": [
        1.630389591776277e-15,
        0.0004904730245624607
      ],
      "confidence_score": 0.03199451208023163
    }
  }
}