{
  "valid_points": 204,
  "models": {
    "Constant": {
      "r2": 0.85,
      "aic": -2500.58435964547,
      "bic": -2493.9481196577817,
      "params": [
        100.01906078016647,
        -99.98093921983352
      ],
      "confidence_score": 0.445
    },
    "Linear": {
      "r2": 0.5454715208823652,
      "aic": -2661.4372798740515,
      "bic": -2654.801039886363,
      "params": [
        5.57761837833186e-10,
        0.035314228179243685
      ],
      "confidence_score": 0.3172829125294191
    },
    "Quadratic": {
      "r2": 0.4097187809758326,
      "aic": -2606.124227143664,
      "bic": -2596.1698671621316,
      "params": [
        4.656595767931837e-17,
        1.0,
        0.03656175264053167
      ],
      "confidence_score": 0.22583126858549954
    },
    "Cubic": {
      "r2": 0.32540681620675105,
      "aic": -2576.8880335828408,
      "bic": -2563.615553607464,
      "params": [
        4.355182523411417e-24,
        1.0,
        1.0,
        0.03702980997710288
      ],
      "confidence_score": 0.17524408972405064
    },
    "Logarithmic": {
      "r2": 0.6975609445823577,
      "aic": -2744.542959912027,
      "bic": -2737.9067199243386,
      "params": [
        0.0019894457885759323,
        0.00797376774201749
      ],
      "confidence_score": 0.898
    },
    "N Log N": {
      "r2": 0.5350102013830125,
      "aic": -2656.795281312549,
      "bic": -2650.1590413248605,
      "params": [
        3.3890250236814566e-11,
        0.035457638646129996
      ],
      "confidence_score": 0.46550510069150625
    }
  }
}