{
  "Constant": {
    "r2": 0.0,
    "aic": -384.59359449670296,
    "bic": -379.9854643102946,
    "params": [
      100.17394661601335,
      -99.82605338398668
    ]
  },
  "Linear": {
    "r2": 0.9500728316896224,
    "aic": -606.3856522225933,
    "bic": -601.777522036185,
    "params": [
      6.125912496035557e-05,
      0.1649436831581389
    ]
  },
  "Quadratic": {
    "r2": 0.9259085259559943,
    "aic": -575.1752506908854,
    "bic": -568.2630554112728,
    "params": [
      9.967361341129444e-09,
      1.0,
      0.24576818650169208
    ]
  },
  "Cubic": {
    "r2": 0.8639707971537968,
    "aic": -528.2151355186869,
    "bic": -518.9988751458702,
    "params": [
      1.9067963717111637e-12,
      1.0,
      1.0,
      0.27441586454346745
    ]
  },
  "Logarithmic": {
    "r2": 0.9051260057508406,
    "aic": -558.878812161724,
    "bic": -554.2706819753157,
    "params": [
      0.15801169979789056,
      -0.9027719512731945
    ]
  },
  "N Log N": {
    "r2": 0.9503449866551348,
    "aic": -606.790132567465,
    "bic": -602.1820023810567,
    "params": [
      6.841054985285398e-06,
      0.1828139416313047
    ]
  }
}