{
  "valid_points": 18,
  "models": {
    "Constant": {
      "r2": 0.9,
      "aic": -191.00823488581872,
      "bic": -189.2274913700264,
      "params": [
        100.04853349592952,
        -99.95146650407055
      ],
      "confidence_score": 0.6559137932014973
    },
    "Linear": {
      "r2": 0.08994094898448135,
      "aic": -192.70465911213205,
      "bic": -190.92391559633973,
      "params": [
        -4.733471493656438e-06,
        0.1041671990995755
      ],
      "confidence_score": 0.4360546761120372
    },
    "Quadratic": {
      "r2": 0.08811379513159401,
      "aic": -190.66855618283554,
      "bic": -187.99744090914706,
      "params": [
        -1.5569359135270133e-09,
        1.0,
        0.10069335498201082
      ],
      "confidence_score": 0.12363151490467063
    },
    "Cubic": {
      "r2": 0.08647015795688551,
      "aic": -188.63614113182257,
      "bic": -185.07465410023792,
      "params": [
        -6.663045977381223e-13,
        1.0,
        1.0,
        0.09955314088932252
      ],
      "confidence_score": 0.05293126056403803
    },
    "Logarithmic": {
      "r2": 0.0919583197626872,
      "aic": -192.74460485142635,
      "bic": -190.96386133563402,
      "params": [
        -0.007010072192526148,
        0.14820599835431997
      ],
      "confidence_score": 0.5439791598813436
    },
    "N Log N": {
      "r2": 0.08970096084824108,
      "aic": -192.69991302783066,
      "bic": -190.91916951203834,
      "params": [
        -5.693018427566867e-07,
        0.10332731397289961
      ],
      "confidence_score": 0.536221053043627
    }
  }
}