{
  "valid_points": 19,
  "models": {
    "Constant": {
      "r2": 0.7,
      "aic": 122.04153632841108,
      "bic": 123.93041428674397,
      "params": [
        -95.50363725345383,
        104.49636274654614
      ],
      "confidence_score": 0.11999999999999998
    },
    "Linear": {
      "r2": 0.9999786321499254,
      "aic": -82.27730254376606,
      "bic": -80.38842458543317,
      "params": [
        8.725549733301641e-05,
        -0.03619323484322501
      ],
      "confidence_score": 0.8999871792899552
    },
    "Quadratic": {
      "r2": 0.9276540010734583,
      "aic": 74.1419288760596,
      "bic": 76.97524581355891,
      "params": [
        8.638414022800899e-11,
        1.0,
        2.40556333258044
      ],
      "confidence_score": 0.536592400644075
    },
    "Cubic": {
      "r2": 0.8511015162462364,
      "aic": 89.85621640418906,
      "bic": 93.63397232085481,
      "params": [
        8.00543030007681e-17,
        1.0,
        1.0,
        3.450572734988004
      ],
      "confidence_score": 0.4906609097477418
    },
    "Logarithmic": {
      "r2": 0.38965648761035554,
      "aic": 112.66060276864518,
      "bic": 114.54948072697806,
      "params": [
        3.436096176945886,
        -14.975917567856516
      ],
      "confidence_score": 0.4428282438051778
    },
    "N Log N": {
      "r2": 0.9993283901918016,
      "aic": -16.769291215774505,
      "bic": -14.880413257441624,
      "params": [
        6.355748361579941e-06,
        0.2704889421532506
      ],
      "confidence_score": 0.6980000000000017
    }
  }
}