{
  "valid_points": 6,
  "models": {
    "Constant": {
      "r2": 0.7,
      "aic": 50.65514858023752,
      "bic": 50.23866751869363,
      "params": [
        142.31933519986683,
        -21.5343593631924
      ],
      "confidence_score": 0.1400000000004099
    },
    "Linear": {
      "r2": 0.999788564790033,
      "aic": -0.1144030733327357,
      "bic": -0.5308841348766258,
      "params": [
        0.0005981332415184028,
        -10.47087802271366
      ],
      "confidence_score": 0.5576978843233845
    },
    "Quadratic": {
      "r2": 0.9785517081200105,
      "aic": 29.60248696375667,
      "bic": 28.97776537144084,
      "params": [
        1.3315685976611038e-09,
        1.0,
        47.79808462303785
      ],
      "confidence_score": 0.5671310474867622
    },
    "Cubic": {
      "r2": 0.9256405600327048,
      "aic": 39.06208069507146,
      "bic": 38.229118571983676,
      "params": [
        3.537873525171742e-15,
        1.0,
        1.0,
        67.8930369046678
      ],
      "confidence_score": 0.5353843362411802
    },
    "Logarithmic": {
      "r2": 0.9657016065279933,
      "aic": 30.41920799948965,
      "bic": 30.00272693794576,
      "params": [
        115.82843440710175,
        -1294.5809761214518
      ],
      "confidence_score": 0.4980000101598102
    },
    "N Log N": {
      "r2": 0.9998890326476207,
      "aic": -3.9824985555054955,
      "bic": -4.398979617049386,
      "params": [
        4.512325799172228e-05,
        -1.7130798796082018
      ],
      "confidence_score": 0.9480000000000001
    }
  }
}