{
  "valid_points": 19,
  "models": {
    "Constant": {
      "r2": 0.9,
      "aic": -248.24994848486745,
      "bic": -246.36107052653458,
      "params": [
        100.01352623497179,
        -99.98647376502811
      ],
      "confidence_score": 0.6435304378575392
    },
    "Linear": {
      "r2": 0.216008196434625,
      "aic": -252.87372603799264,
      "bic": -250.98484807965977,
      "params": [
        -2.222233696835829e-06,
        0.03038582048952565
      ],
      "confidence_score": 0.30667172201619486
    },
    "Quadratic": {
      "r2": 0.19677953819969496,
      "aic": -250.4133435302508,
      "bic": -247.5800265927515,
      "params": [
        -7.046808120869471e-10,
        1.0,
        0.028690852831801235
      ],
      "confidence_score": 0.15577913382443231
    },
    "Cubic": {
      "r2": 0.1782496708299235,
      "aic": -247.9800031363185,
      "bic": -244.20224721965272,
      "params": [
        -2.8955453629049004e-13,
        1.0,
        1.0,
        0.028127441159677538
      ],
      "confidence_score": 0.09761051473041221
    },
    "Logarithmic": {
      "r2": 0.23505096619620003,
      "aic": -253.34092381208717,
      "bic": -251.4520458537543,
      "params": [
        -0.0033943723890360543,
        0.05181791467311556
      ],
      "confidence_score": 0.5655254830981
    },
    "N Log N": {
      "r2": 0.21366880293410706,
      "aic": -252.81711537970835,
      "bic": -250.92823742137548,
      "params": [
        -2.661746453049679e-07,
        0.02997908333252595
      ],
      "confidence_score": 0.22887542018073598
    }
  }
}