{
  "valid_points": 75,
  "models": {
    "Constant": {
      "r2": -2.220446049250313e-16,
      "aic": -310.87596274995644,
      "bic": -306.2409865228838,
      "params": [
        -99.79291448990502,
        100.20708551009498
      ],
      "confidence_score": -2.220446049250313e-16
    },
    "Linear": {
      "r2": 0.9816057531734295,
      "aic": -610.5547629295876,
      "bic": -605.919786702515,
      "params": [
        0.00010558767919011114,
        0.0988158183417196
      ],
      "confidence_score": 0.9616057531734294
    },
    "Quadratic": {
      "r2": 0.9471289906131892,
      "aic": -529.3684715289886,
      "bic": -522.4160071883797,
      "params": [
        1.7075111300271666e-08,
        1.0,
        0.23927634689103497
      ],
      "confidence_score": 0.9071289906131892
    },
    "Cubic": {
      "r2": 0.8808192450252826,
      "aic": -466.40951192045475,
      "bic": -457.1395594663095,
      "params": [
        3.260979005187632e-12,
        1.0,
        1.0,
        0.28858854474495554
      ],
      "confidence_score": 0.8308192450252826
    },
    "Logarithmic": {
      "r2": 0.9517408600961215,
      "aic": -538.21371583071,
      "bic": -533.5787396036375,
      "params": [
        0.2752557118415342,
        -1.7646386347415104
      ],
      "confidence_score": 0.9417408600961215
    },
    "N Log N": {
      "r2": 0.9803740639161812,
      "aic": -605.6937115934065,
      "bic": -601.058735366334,
      "params": [
        1.1780204376428254e-05,
        0.1298998264072866
      ],
      "confidence_score": 0.9503740639161812
    }
  }
}