{
  "Constant": {
    "r2": -2.220446049250313e-16,
    "aic": -226.19050045452843,
    "bic": -221.52903377395577,
    "params": [
      -99.6542838941279,
      100.34571610587211
    ]
  },
  "Linear": {
    "r2": 0.9885636911663601,
    "aic": -565.9836124162792,
    "bic": -561.3221457357066,
    "params": [
      0.00019237691585860528,
      0.11430146416854214
    ]
  },
  "Quadratic": {
    "r2": 0.959316748311745,
    "aic": -467.53784755643574,
    "bic": -460.54564753557673,
    "params": [
      3.113355895312253e-08,
      1.0,
      0.3710023452180007
    ]
  },
  "Cubic": {
    "r2": 0.8957282501441717,
    "aic": -394.00786588937257,
    "bic": -384.68493252822725,
    "params": [
      5.949678370997867e-12,
      1.0,
      1.0,
      0.4616023991011629
    ]
  },
  "Logarithmic": {
    "r2": 0.9507645048653696,
    "aic": -455.03717615742795,
    "bic": -450.37570947685526,
    "params": [
      0.5006763014998029,
      -3.2752218076514183
    ]
  },
  "N Log N": {
    "r2": 0.9880582764771697,
    "aic": -562.6969797465067,
    "bic": -558.0355130659341,
    "params": [
      2.146520608036945e-05,
      0.17100309068494207
    ]
  }
}