{
  "valid_points": 65,
  "models": {
    "Constant": {
      "r2": 0.0,
      "aic": -691.5480190714895,
      "bic": -687.1992445316982,
      "params": [
        100.0234100394524,
        -99.97658996054763
      ],
      "confidence_score": 0.0
    },
    "Linear": {
      "r2": 0.009701171876738579,
      "aic": -692.1816738341957,
      "bic": -687.8328992944045,
      "params": [
        -5.881118843031885e-07,
        0.04823154742675684
      ],
      "confidence_score": -0.010298828123261421
    },
    "Quadratic": {
      "r2": 0.009938081544531463,
      "aic": -690.1972256759565,
      "bic": -683.6740638662695,
      "params": [
        -1.2260601505694385e-10,
        1.0,
        0.047603761463085065
      ],
      "confidence_score": -0.030061918455468538
    },
    "Cubic": {
      "r2": 0.010785389015213642,
      "aic": -688.2528773124404,
      "bic": -679.5553282328578,
      "params": [
        -3.232944730282409e-14,
        1.0,
        1.0,
        0.0474140844524691
      ],
      "confidence_score": -0.03921461098478636
    },
    "Logarithmic": {
      "r2": 0.01049677876120969,
      "aic": -692.2339158755566,
      "bic": -687.8851413357653,
      "params": [
        -0.0013413484947940389,
        0.057177612734484316
      ],
      "confidence_score": 0.0004967787612096906
    },
    "N Log N": {
      "r2": 0.009674448549806813,
      "aic": -692.1799198254412,
      "bic": -687.8311452856499,
      "params": [
        -6.71333147433302e-08,
        0.04808327971512794
      ],
      "confidence_score": -0.020325551450193186
    }
  }
}