{
  "valid_points": 53,
  "models": {
    "Constant": {
      "r2": 0.7,
      "aic": 430.88104476481413,
      "bic": 434.8216285919184,
      "params": [
        -54.91032712864422,
        145.08967287135576
      ],
      "confidence_score": 0.11999999999999998
    },
    "Linear": {
      "r2": 0.9719699003678548,
      "aic": 241.43379772036496,
      "bic": 245.3743815474692,
      "params": [
        7.568006745007876e-05,
        -11.398592139466619
      ],
      "confidence_score": 0.4837841973051996
    },
    "Quadratic": {
      "r2": 0.9796487975269927,
      "aic": 226.46643496421493,
      "bic": 232.3773107048713,
      "params": [
        2.750085035596482e-11,
        1.0,
        25.947139344279822
      ],
      "confidence_score": 0.9677892785161957
    },
    "Cubic": {
      "r2": 0.9292907737679209,
      "aic": 294.474546302945,
      "bic": 302.35571395715345,
      "params": [
        1.0723949667201226e-17,
        1.0,
        1.0,
        41.18430947064586
      ],
      "confidence_score": 0.5375744642607527
    },
    "Logarithmic": {
      "r2": 0.7789061946654148,
      "aic": 350.8951296881381,
      "bic": 354.8357135152424,
      "params": [
        63.35840520666223,
        -789.2927624108081
      ],
      "confidence_score": 0.548
    },
    "N Log N": {
      "r2": 0.9763236625962467,
      "aic": 232.48724974174584,
      "bic": 236.42783356885008,
      "params": [
        5.057911786815685e-06,
        -6.744298442178609
      ],
      "confidence_score": 0.6875878020855287
    }
  }
}