{
  "valid_points": 58,
  "models": {
    "Constant": {
      "r2": 0.0,
      "aic": 157.9257007657818,
      "bic": 162.04658678687466,
      "params": [
        -2.666509026262549,
        13.51824485740402
      ],
      "confidence_score": 0.0
    },
    "Linear": {
      "r2": 0.9993453723749604,
      "aic": -267.2980509664127,
      "bic": -263.1771649453199,
      "params": [
        0.004302732082758668,
        0.20618317380755063
      ],
      "confidence_score": 0.9793453723749603
    },
    "Quadratic": {
      "r2": 0.9749933559682243,
      "aic": -54.01389546698661,
      "bic": -47.83256643534735,
      "params": [
        8.483500747606169e-07,
        1.0,
        5.007993352035362
      ],
      "confidence_score": 0.9349933559682243
    },
    "Cubic": {
      "r2": 0.9196254963509018,
      "aic": 15.70432099660696,
      "bic": 23.946093038792636,
      "params": [
        2.007542966856139e-10,
        1.0,
        1.0,
        6.668128775866592
      ],
      "confidence_score": 0.8696254963509018
    },
    "Logarithmic": {
      "r2": 0.9696751644299969,
      "aic": -44.830017526896306,
      "bic": -40.70913150580347,
      "params": [
        9.487790434560234,
        -62.607534574238116
      ],
      "confidence_score": 0.9596751644299969
    },
    "N Log N": {
      "r2": 0.9989212607365616,
      "aic": -238.32811080120374,
      "bic": -234.2072247801109,
      "params": [
        0.0004902283681700817,
        1.2954857301758989
      ],
      "confidence_score": 0.9689212607365616
    }
  }
}