{
  "valid_points": 10,
  "models": {
    "Constant": {
      "r2": 0.0,
      "aic": 2.638681715267919,
      "bic": 3.243851901256011,
      "params": [
        0.7957523465156555,
        1.0
      ],
      "confidence_score": 0.0
    },
    "Linear": {
      "r2": 0.9992291769711277,
      "aic": -69.04183573757832,
      "bic": -68.43666555159024,
      "params": [
        0.004225114736591484,
        0.32329986081345674
      ],
      "confidence_score": 0.9792291769711277
    },
    "Quadratic": {
      "r2": 0.9573641484476825,
      "aic": -26.911916223795792,
      "bic": -26.004160944813655,
      "params": [
        4.6755994640435006e-06,
        1.0,
        0.9994860687689793
      ],
      "confidence_score": 0.9173641484476824
    },
    "Cubic": {
      "r2": 0.8702126599082431,
      "aic": -13.779898419039128,
      "bic": -12.569558047062944,
      "params": [
        5.591937224361035e-09,
        1.0,
        1.0,
        1.2284563963289277
      ],
      "confidence_score": 0.8202126599082431
    },
    "Logarithmic": {
      "r2": 0.914954393325688,
      "aic": -22.006994457464806,
      "bic": -21.401824271476713,
      "params": [
        1.348674895155714,
        -5.815246428977197
      ],
      "confidence_score": 0.904954393325688
    },
    "N Log N": {
      "r2": 0.9991852299485209,
      "aic": -68.4873645843151,
      "bic": -67.88219439832702,
      "params": [
        0.0006060020170125831,
        0.5186419886264068
      ],
      "confidence_score": 0.9691852299485209
    }
  }
}