{
  "valid_points": 18,
  "models": {
    "Constant": {
      "r2": 0.7,
      "aic": 120.48266695381227,
      "bic": 122.2634104696046,
      "params": [
        -96.15738644368116,
        103.84261355631882
      ],
      "confidence_score": 0.09999999999999998
    },
    "Linear": {
      "r2": 0.9999540343281109,
      "aic": -59.29441570648708,
      "bic": -57.51367219069475,
      "params": [
        0.00021288970874999702,
        -0.0777251536891761
      ],
      "confidence_score": 0.8999724205968666
    },
    "Quadratic": {
      "r2": 0.987080838724808,
      "aic": 44.19988036253022,
      "bic": 46.870995636218716,
      "params": [
        4.0158808868886034e-10,
        1.0,
        1.4248198540092445
      ],
      "confidence_score": 0.5722485032348847
    },
    "Cubic": {
      "r2": 0.9839091206642457,
      "aic": 50.1516189226339,
      "bic": 53.71310595421856,
      "params": [
        7.639950912338204e-16,
        1.0,
        1.0,
        1.5547593560015134
      ],
      "confidence_score": 0.5703454723985474
    },
    "Logarithmic": {
      "r2": 0.2921372943013393,
      "aic": 114.26357474705263,
      "bic": 116.04431826284495,
      "params": [
        3.8723050801724845,
        -16.651405401239927
      ],
      "confidence_score": 0.2940686471506696
    },
    "N Log N": {
      "r2": 0.9997217304348934,
      "aic": -26.881897643968525,
      "bic": -25.101154128176198,
      "params": [
        1.6157563947557985e-05,
        0.25766996389249497
      ],
      "confidence_score": 0.6480000274683382
    }
  }
}