{
  "valid_points": 19,
  "models": {
    "Constant": {
      "r2": 0.7,
      "aic": 117.37300777844261,
      "bic": 119.2618857367755,
      "params": [
        -95.72399689962984,
        104.27600310037008
      ],
      "confidence_score": 0.09999999999999998
    },
    "Linear": {
      "r2": 0.999993854605659,
      "aic": -110.62333746425051,
      "bic": -108.73445950591763,
      "params": [
        0.0003101391933999498,
        -0.022379432963197665
      ],
      "confidence_score": 0.8999963127633954
    },
    "Quadratic": {
      "r2": 0.9207610315462924,
      "aic": 71.20255334895532,
      "bic": 74.03587028645464,
      "params": [
        1.2190271628336321e-09,
        1.0,
        2.6733459950357195
      ],
      "confidence_score": 0.5324566189277754
    },
    "Cubic": {
      "r2": 0.8432774005995776,
      "aic": 86.16072731341079,
      "bic": 89.93848323007654,
      "params": [
        4.5108688926224885e-15,
        1.0,
        1.0,
        3.6642161526642676
      ],
      "confidence_score": 0.48596644035974645
    },
    "Logarithmic": {
      "r2": 0.3965518164997639,
      "aic": 107.77620083828101,
      "bic": 109.6650787966139,
      "params": [
        3.453377166288565,
        -14.02519305245598
      ],
      "confidence_score": 0.34627590824988197
    },
    "N Log N": {
      "r2": 0.9987801158465324,
      "aic": -10.097980459030932,
      "bic": -8.209102500698052,
      "params": [
        2.5112302501224603e-05,
        0.37741771260188395
      ],
      "confidence_score": 0.648
    }
  }
}