{
  "valid_points": 93,
  "models": {
    "Constant": {
      "r2": 0.7,
      "aic": -286.8815422113819,
      "bic": -281.81634322507534,
      "params": [
        -99.7528340387088,
        100.24716596129127
      ],
      "confidence_score": 0.41
    },
    "Linear": {
      "r2": 0.9889191017566399,
      "aic": -705.6170676923659,
      "bic": -700.5518687060594,
      "params": [
        0.00014775701962410626,
        0.18605993852237646
      ],
      "confidence_score": 0.983351461053984
    },
    "Quadratic": {
      "r2": 0.912740280384398,
      "aic": -511.69611038972585,
      "bic": -504.0983119102661,
      "params": [
        3.195054997768674e-08,
        1.0,
        0.2918440986650205
      ],
      "confidence_score": 0.5276441682306388
    },
    "Cubic": {
      "r2": 0.8092854718186206,
      "aic": -436.98045769458287,
      "bic": -426.85005972196984,
      "params": [
        7.0692840440918575e-12,
        1.0,
        1.0,
        0.340876158240282
      ],
      "confidence_score": 0.46557128309117235
    },
    "Logarithmic": {
      "r2": 0.6222879216087795,
      "aic": -377.42848781243936,
      "bic": -372.3632888261328,
      "params": [
        0.09145620583207073,
        -0.1423844053468273
      ],
      "confidence_score": 0.5091439608043898
    },
    "N Log N": {
      "r2": 0.9861871748138137,
      "aic": -685.12221362075,
      "bic": -680.0570146344435,
      "params": [
        1.740667218772144e-05,
        0.20665000340431647
      ],
      "confidence_score": 0.5980106345774711
    }
  }
}