{
  "valid_points": 195,
  "models": {
    "Constant": {
      "r2": 0.7,
      "aic": -3342.6480811937377,
      "bic": -3336.1020820766103,
      "params": [
        100.00097902539477,
        -99.99902097460529
      ],
      "confidence_score": 0.4300354513443649
    },
    "Linear": {
      "r2": 0.025808501539527295,
      "aic": -3347.746821139229,
      "bic": -3341.2008220221014,
      "params": [
        6.918177324187351e-13,
        0.0019510435668880007
      ],
      "confidence_score": 0.00609009170496118
    },
    "Quadratic": {
      "r2": 0.02070188806403761,
      "aic": -3344.727320558651,
      "bic": -3334.90832188296,
      "params": [
        1.2718694885952757e-21,
        1.0,
        0.001955506343117311
      ],
      "confidence_score": 0.0
    },
    "Cubic": {
      "r2": 0.019166928372958303,
      "aic": -3342.4219152842966,
      "bic": -3329.329917050042,
      "params": [
        2.3332209392996465e-30,
        1.0,
        1.0,
        0.001955934252718282
      ],
      "confidence_score": 0.0
    },
    "Logarithmic": {
      "r2": 0.0885810245823282,
      "aic": -3360.7348343508033,
      "bic": -3354.188835233676,
      "params": [
        5.31806366336222e-05,
        0.0011482815049155793
      ],
      "confidence_score": 0.5422905122911641
    },
    "N Log N": {
      "r2": 0.025006662745975405,
      "aic": -3347.5863863044224,
      "bic": -3341.040387187295,
      "params": [
        3.4168104978650024e-14,
        0.0019519376023036281
      ],
      "confidence_score": 0.21092209797562728
    }
  }
}