{
  "valid_points": 21,
  "models": {
    "Constant": {
      "r2": 0.7,
      "aic": 147.37193157832908,
      "bic": 149.46097645377594,
      "params": [
        109.46063707981793,
        -90.53936292018204
      ],
      "confidence_score": 0.09999999999999998
    },
    "Linear": {
      "r2": 0.9875947761655874,
      "aic": 55.18954159792216,
      "bic": 57.278586473369,
      "params": [
        6.1700449882518e-05,
        6.597987272245028
      ],
      "confidence_score": 0.7304236348012558
    },
    "Quadratic": {
      "r2": 0.9272687457018972,
      "aic": 94.33126591907275,
      "bic": 97.46483323224302,
      "params": [
        3.075460774926692e-11,
        1.0,
        10.33333750885101
      ],
      "confidence_score": 0.5363612478678231
    },
    "Cubic": {
      "r2": 0.8588852492169613,
      "aic": 110.25011200912772,
      "bic": 114.42820176002141,
      "params": [
        1.4321969283613975e-17,
        1.0,
        1.0,
        11.732341899832582
      ],
      "confidence_score": 0.49533114953026935
    },
    "Logarithmic": {
      "r2": 0.4095718753792419,
      "aic": 136.30687680249773,
      "bic": 138.39592167794459,
      "params": [
        4.532945125375832,
        -15.37260073949805
      ],
      "confidence_score": 0.45278593768962094
    },
    "N Log N": {
      "r2": 0.9881938887884789,
      "aic": 54.15003395018421,
      "bic": 56.239078825631054,
      "params": [
        4.28329928497961e-06,
        7.061589301921556
      ],
      "confidence_score": 0.998
    }
  }
}