{
  "valid_points": 57,
  "models": {
    "Constant": {
      "r2": 0.7,
      "aic": 561.3301083650351,
      "bic": 565.4162109007042,
      "params": [
        69.2354870756003,
        134.68350378321398
      ],
      "confidence_score": 0.09999999999999998
    },
    "Linear": {
      "r2": 0.9751904704760944,
      "aic": 350.6280440215782,
      "bic": 354.7141465572473,
      "params": [
        0.1506633568539294,
        -163.2238208431298
      ],
      "confidence_score": 0.4851142822856566
    },
    "Quadratic": {
      "r2": 0.9999871076188322,
      "aic": -78.42571124376373,
      "bic": -72.29655744026007,
      "params": [
        3.041040451201571e-05,
        1.0,
        0.29465685476603587
      ],
      "confidence_score": 0.9799922645712993
    },
    "Cubic": {
      "r2": 0.9830193873561782,
      "aic": 333.01617631449597,
      "bic": 341.1883813858342,
      "params": [
        7.329896300612758e-09,
        1.0,
        1.0,
        56.79929194904635
      ],
      "confidence_score": 0.5698116324137069
    },
    "Logarithmic": {
      "r2": 0.8926303399303646,
      "aic": 434.13588336881423,
      "bic": 438.22198590448335,
      "params": [
        322.62293789994294,
        -2289.1464763596223
      ],
      "confidence_score": 0.548
    },
    "N Log N": {
      "r2": 0.9807965415140889,
      "aic": 336.0282098234071,
      "bic": 340.1143123590762,
      "params": [
        0.017217036982383804,
        -126.02560300785758
      ],
      "confidence_score": 0.698
    }
  }
}