{
  "valid_points": 18,
  "models": {
    "Constant": {
      "r2": -2.220446049250313e-16,
      "aic": -174.76731294260867,
      "bic": -172.98656942681635,
      "params": [
        100.06358998103272,
        -99.93641001896728
      ],
      "confidence_score": -2.220446049250313e-16
    },
    "Linear": {
      "r2": 0.26497476531413744,
      "aic": -180.30862099675772,
      "bic": -178.5278774809654,
      "params": [
        -1.2756439677019671e-05,
        0.14631462158044128
      ],
      "confidence_score": 0.24497476531413745
    },
    "Quadratic": {
      "r2": 0.26757547725016206,
      "aic": -178.37242265487,
      "bic": -175.70130738118152,
      "params": [
        -4.259887710914284e-09,
        1.0,
        0.13710195052548932
      ],
      "confidence_score": 0.22757547725016206
    },
    "Cubic": {
      "r2": 0.26923269645826986,
      "aic": -176.41319647271834,
      "bic": -172.8517094411337,
      "params": [
        -1.8459917871418164e-12,
        1.0,
        1.0,
        0.13406781892125777
      ],
      "confidence_score": 0.21923269645826987
    },
    "Logarithmic": {
      "r2": 0.2614313558753345,
      "aic": -180.22205509315765,
      "bic": -178.44131157736533,
      "params": [
        -0.018558029767494124,
        0.2625621919135337
      ],
      "confidence_score": 0.2514313558753345
    },
    "N Log N": {
      "r2": 0.2653205575799369,
      "aic": -180.31709108057282,
      "bic": -178.5363475647805,
      "params": [
        -1.537289500716163e-06,
        0.14408475093448767
      ],
      "confidence_score": 0.2353205575799369
    }
  }
}