{
  "valid_points": 30,
  "models": {
    "Constant": {
      "r2": 0.7,
      "aic": -529.1272421979509,
      "bic": -526.3248474346266,
      "params": [
        100.00054867317286,
        -99.99945132682718
      ],
      "confidence_score": 0.6177195309788623
    },
    "Linear": {
      "r2": 2.619527347524908e-05,
      "aic": -529.1280280664482,
      "bic": -526.3256333031239,
      "params": [
        -5.066520048862062e-15,
        0.0010976185293877878
      ],
      "confidence_score": 0.3471153809266469
    },
    "Quadratic": {
      "r2": 0.0012116569371319885,
      "aic": -527.1636139455575,
      "bic": -522.960021800571,
      "params": [
        -6.666955183266419e-23,
        1.0,
        0.0010988409405757891
      ],
      "confidence_score": 0.0470946058534461
    },
    "Cubic": {
      "r2": 0.0032544095273946416,
      "aic": -525.2250336970172,
      "bic": -519.6202441703687,
      "params": [
        -2.0473813095945234e-31,
        1.0,
        1.0,
        0.0010996093235230487
      ],
      "confidence_score": 0.0
    },
    "Logarithmic": {
      "r2": 0.007560776987876605,
      "aic": -529.3549273346199,
      "bic": -526.5525325712956,
      "params": [
        2.105361886028184e-06,
        0.0010738897263205323
      ],
      "confidence_score": 0.5017803884939384
    },
    "N Log N": {
      "r2": 4.280243644039228e-05,
      "aic": -529.1285262985256,
      "bic": -526.3261315352013,
      "params": [
        -3.2359356093470043e-16,
        0.0010976876897150626
      ],
      "confidence_score": 0.4659128767915091
    }
  }
}