{
  "valid_points": 76,
  "models": {
    "Constant": {
      "r2": 0.7,
      "aic": -284.38377866076036,
      "bic": -279.72231198018767,
      "params": [
        -99.76227280536763,
        100.2377271946324
      ],
      "confidence_score": 0.37
    },
    "Linear": {
      "r2": 0.9875223481724795,
      "aic": -617.5538013936243,
      "bic": -612.8923347130517,
      "params": [
        0.00012947777850336184,
        0.08702105375509928
      ],
      "confidence_score": 0.9825134089034877
    },
    "Quadratic": {
      "r2": 0.957949866304636,
      "aic": -523.2196248586652,
      "bic": -516.2274248378062,
      "params": [
        2.0953240783765548e-08,
        1.0,
        0.2591121781723298
      ],
      "confidence_score": 0.5547699197827816
    },
    "Cubic": {
      "r2": 0.8936252327217046,
      "aic": -450.6835815285317,
      "bic": -441.3606481673864,
      "params": [
        4.0009100889495216e-12,
        1.0,
        1.0,
        0.31971896402142486
      ],
      "confidence_score": 0.5161751396330228
    },
    "Logarithmic": {
      "r2": 0.9495783977149368,
      "aic": -511.42128266229906,
      "bic": -506.7598159817264,
      "params": [
        0.33678023507925614,
        -2.191965102236793
      ],
      "confidence_score": 0.548
    },
    "N Log N": {
      "r2": 0.987028731997176,
      "aic": -614.6051862676842,
      "bic": -609.9437195871116,
      "params": [
        1.4447819386934858e-05,
        0.12507889860444557
      ],
      "confidence_score": 0.6666811590298927
    }
  }
}