{
  "valid_points": 58,
  "models": {
    "Constant": {
      "r2": 0.7,
      "aic": 699.7494826396796,
      "bic": 703.8703686607724,
      "params": [
        -89.02495224028809,
        710.9750477597114
      ],
      "confidence_score": 0.09999999999999998
    },
    "Linear": {
      "r2": 0.9722239694576177,
      "aic": 491.90173586697716,
      "bic": 496.02262188807,
      "params": [
        0.4527333163073679,
        -504.02888512433265
      ],
      "confidence_score": 0.48333438167457055
    },
    "Quadratic": {
      "r2": 0.9940736094335787,
      "aic": 404.30576700459704,
      "bic": 410.4870960362363,
      "params": [
        9.15103740000145e-05,
        1.0,
        -14.429611809002074
      ],
      "confidence_score": 0.9764441656601472
    },
    "Cubic": {
      "r2": 0.974235620530408,
      "aic": 491.5412644993049,
      "bic": 499.78303654149056,
      "params": [
        2.210227831445124e-08,
        1.0,
        1.0,
        155.69419916536418
      ],
      "confidence_score": 0.5645413723182447
    },
    "Logarithmic": {
      "r2": 0.8942962012082991,
      "aic": 569.4168446916984,
      "bic": 573.5377307127912,
      "params": [
        970.9636204693213,
        -6900.781881696409
      ],
      "confidence_score": 0.498
    },
    "N Log N": {
      "r2": 0.9774391743449126,
      "aic": 479.84014785922204,
      "bic": 483.96103388031486,
      "params": [
        0.05173885763269595,
        -392.5282671015242
      ],
      "confidence_score": 0.698
    }
  }
}