{
  "valid_points": 10,
  "models": {
    "Constant": {
      "r2": 0.7,
      "aic": 70.94563323183633,
      "bic": 71.55080341782441,
      "params": [
        11.461313232779501,
        1.0
      ],
      "confidence_score": 0.09999999999999998
    },
    "Linear": {
      "r2": 0.9169848767250132,
      "aic": 46.058308435325785,
      "bic": 46.66347862131388,
      "params": [
        0.08697358925796161,
        -5.246509540141465
      ],
      "confidence_score": 0.4501909260351823
    },
    "Quadratic": {
      "r2": 0.9997776416576915,
      "aic": -11.166569997127091,
      "bic": -10.258814718144954,
      "params": [
        9.109006950180909e-05,
        1.0,
        -0.2368064178912086
      ],
      "confidence_score": 0.9798665849946149
    },
    "Cubic": {
      "r2": 0.9873212807892268,
      "aic": 31.26732979494764,
      "bic": 32.47767016692382,
      "params": [
        8.866760296446461e-08,
        1.0,
        1.0,
        1.617750078841561
      ],
      "confidence_score": 0.5723927686834059
    },
    "Logarithmic": {
      "r2": 0.3806501415701802,
      "aic": 66.15478356623039,
      "bic": 66.75995375221848,
      "params": [
        8.145780026108614,
        -17.581960506931157
      ],
      "confidence_score": 0.3383250707850901
    },
    "N Log N": {
      "r2": 0.9464448076595925,
      "aic": 41.67520798867292,
      "bic": 42.28037817466102,
      "params": [
        0.012800241459611783,
        -3.8332968960492897
      ],
      "confidence_score": 0.6980000000011706
    }
  }
}