{
  "Constant": {
    "name": "Constant",
    "r2": -2.220446049250313e-16,
    "bic": 372.59232937191234,
    "confidence_score": -0.0939374781058886,
    "params": [
      91.27257783889621,
      5.173063426511706
    ],
    "order": 0
  },
  "Linear": {
    "name": "Linear",
    "r2": 0.7035003545055863,
    "bic": 325.1796683809146,
    "confidence_score": 0.5695628763996979,
    "params": [
      0.5189459041451845,
      6.076192170617704e-17
    ],
    "order": 2
  },
  "Quadratic": {
    "name": "Quadratic",
    "r2": 0.9443557015933675,
    "bic": 263.5936402383651,
    "confidence_score": 0.7234494844345349,
    "params": [
      0.0016500148758110413,
      1.8327964909429317e-18,
      4.950231098056682e-19
    ],
    "order": 4
  },
  "Cubic": {
    "name": "Cubic",
    "r2": 0.9996542048067548,
    "bic": 69.1025611413069,
    "confidence_score": 0.7117792485949781,
    "params": [
      4.534098820249012e-06,
      7.509869977294459e-15,
      9.691820167766741e-15,
      4.3525396520833196e-14
    ],
    "order": 5
  },
  "Logarithmic": {
    "name": "Logarithmic",
    "r2": 0.1946968019104769,
    "bic": 364.147408645339,
    "confidence_score": 0.08075932380458851,
    "params": [
      20.588871817748423,
      5.153389488517969e-14
    ],
    "order": 1
  },
  "N Log N": {
    "name": "N Log N",
    "r2": 0.7692038569241525,
    "bic": 315.4097316036031,
    "confidence_score": 0.6152663788182642,
    "params": [
      0.09209064409292463,
      2.0376386292959203e-17
    ],
    "order": 3
  },
  "confidence_analysis": {
    "best_model": "Quadratic",
    "best_score": 0.7234494844345349,
    "second_best_model": "Cubic",
    "second_best_score": 0.7117792485949781,
    "confidence_gap": 0.011670235839556842,
    "is_confident": false,
    "threshold": 0.03
  }
}