{
  "valid_points": 93,
  "models": {
    "Constant": {
      "r2": 0.0,
      "aic": -205.1169689817603,
      "bic": -200.05176999545378,
      "params": [
        -99.63911648799656,
        100.36088351200353
      ],
      "confidence_score": 0.0
    },
    "Linear": {
      "r2": 0.9872370034622476,
      "aic": -610.7090516753693,
      "bic": -605.6438526890628,
      "params": [
        0.0002321277602501998,
        0.2387166428655431
      ],
      "confidence_score": 0.9672370034622476
    },
    "Quadratic": {
      "r2": 0.9379929069633333,
      "aic": -461.70407317146186,
      "bic": -454.1062746920021,
      "params": [
        5.116725154685753e-08,
        1.0,
        0.40124048784220745
      ],
      "confidence_score": 0.8979929069633332
    },
    "Cubic": {
      "r2": 0.8442706178536215,
      "aic": -374.0630712210793,
      "bic": -363.9326732484663,
      "params": [
        1.1407494460685398e-11,
        1.0,
        1.0,
        0.4793698152484153
      ],
      "confidence_score": 0.7942706178536214
    },
    "Logarithmic": {
      "r2": 0.5820984001929265,
      "aic": -286.2603321454602,
      "bic": -281.19513315915367,
      "params": [
        0.13741887024625343,
        -0.23523990104473858
      ],
      "confidence_score": 0.5720984001929265
    },
    "N Log N": {
      "r2": 0.9894450608272615,
      "aic": -628.3749755161127,
      "bic": -623.3097765298062,
      "params": [
        2.7443333136965996e-05,
        0.26977472927556023
      ],
      "confidence_score": 0.9594450608272614
    }
  }
}