{
  "valid_points": 7,
  "models": {
    "Constant": {
      "r2": 0.7,
      "aic": 36.140455187766754,
      "bic": 36.03227548587738,
      "params": [
        3.921885473387581,
        1.0
      ],
      "confidence_score": 0.10000000020005034
    },
    "Linear": {
      "r2": 0.8840562573175311,
      "aic": 21.05790391103422,
      "bic": 20.949724209144847,
      "params": [
        0.21986782367733415,
        -2.836307733512647
      ],
      "confidence_score": 0.4304342569789435
    },
    "Quadratic": {
      "r2": 0.9924033571645984,
      "aic": 3.980113157503014,
      "bic": 3.8178436046689534,
      "params": [
        0.00179870901680812,
        1.0,
        -0.5623783188599871
      ],
      "confidence_score": 0.5780804899317827
    },
    "Cubic": {
      "r2": 0.9986296411739378,
      "aic": -6.008323408451378,
      "bic": -6.224682812230125,
      "params": [
        1.40714976630818e-05,
        1.0,
        1.0,
        0.2341328747003638
      ],
      "confidence_score": 0.9791777847043627
    },
    "Logarithmic": {
      "r2": 0.4367755403516652,
      "aic": 32.121915870610565,
      "bic": 32.01373616872119,
      "params": [
        4.143454867091944,
        -5.835637155494258
      ],
      "confidence_score": 0.466387771667782
    },
    "N Log N": {
      "r2": 0.9271904248113001,
      "aic": 17.801100551988714,
      "bic": 17.69292085009934,
      "params": [
        0.045799531884639345,
        -1.8840611933669296
      ],
      "confidence_score": 0.698001920788776
    }
  }
}