{
  "valid_points": 18,
  "models": {
    "Constant": {
      "r2": 0.7,
      "aic": -156.078075947632,
      "bic": -154.29733243183966,
      "params": [
        -99.92782829536328,
        100.07217170463669
      ],
      "confidence_score": 0.3700000115033793
    },
    "Linear": {
      "r2": 0.8491624466400677,
      "aic": -190.12600883047742,
      "bic": -188.3452653146851,
      "params": [
        3.837820207919229e-05,
        0.08677610615432085
      ],
      "confidence_score": 0.8789687041786101
    },
    "Quadratic": {
      "r2": 0.8514757346957851,
      "aic": -188.404200712223,
      "bic": -185.73308543853452,
      "params": [
        1.2770948488422586e-08,
        1.0,
        0.11459774175240857
      ],
      "confidence_score": 0.5936755220122857
    },
    "Cubic": {
      "r2": 0.8434950717762258,
      "aic": -185.46209597413159,
      "bic": -181.90060894254694,
      "params": [
        5.4912244112167826e-12,
        1.0,
        1.0,
        0.12385427806828819
      ],
      "confidence_score": 0.5012235799954231
    },
    "Logarithmic": {
      "r2": 0.8353208497953343,
      "aic": -188.54568831040575,
      "bic": -186.76494479461343,
      "params": [
        0.05574959545198485,
        -0.2623541033384785
      ],
      "confidence_score": 0.7271450856751189
    },
    "N Log N": {
      "r2": 0.8500428659496723,
      "aic": -190.23138032467443,
      "bic": -188.4506368088821,
      "params": [
        4.624370696728959e-06,
        0.0934915624180322
      ],
      "confidence_score": 0.8480000000000001
    }
  }
}