{
  "valid_points": 190,
  "models": {
    "Constant": {
      "r2": 0.7,
      "aic": -3452.0224473947833,
      "bic": -3445.5283992504624,
      "params": [
        -99.99951172031862,
        100.00048827968135
      ],
      "confidence_score": 0.4479621972072472
    },
    "Linear": {
      "r2": 0.0157342150069415,
      "aic": -3455.035716618138,
      "bic": -3448.541668473817,
      "params": [
        -4.890910740386615e-12,
        0.0010012127062923588
      ],
      "confidence_score": 0.10748966412151567
    },
    "Quadratic": {
      "r2": 0.008078341731755145,
      "aic": -3451.563565578576,
      "bic": -3441.8224933620945,
      "params": [
        -3.365624538678412e-19,
        1.0,
        0.0009879000536365768
      ],
      "confidence_score": 0.0
    },
    "Cubic": {
      "r2": 0.004586987525061148,
      "aic": -3448.8959800012794,
      "bic": -3435.9078837126376,
      "params": [
        -2.65987629266908e-26,
        1.0,
        1.0,
        0.0009833026951925857
      ],
      "confidence_score": 0.0
    },
    "Logarithmic": {
      "r2": 0.029202111160807842,
      "aic": -3457.653473555446,
      "bic": -3451.159425411125,
      "params": [
        -2.163255101796112e-05,
        0.001304491065239258
      ],
      "confidence_score": 0.3126010555804039
    },
    "N Log N": {
      "r2": 0.015050353737470323,
      "aic": -3454.903751730639,
      "bic": -3448.4097035863183,
      "params": [
        -2.9335456306301133e-13,
        0.000999656571066888
      ],
      "confidence_score": 0.28138760639939636
    }
  }
}