{
  "valid_points": 9,
  "models": {
    "Constant": {
      "r2": 0.7,
      "aic": -22.483510572463345,
      "bic": -22.089061417790905,
      "params": [
        -0.014501356416278144,
        1.0
      ],
      "confidence_score": 0.10000000001052778
    },
    "Linear": {
      "r2": 0.9952497681640539,
      "aic": -70.62956726349458,
      "bic": -70.23511810882214,
      "params": [
        0.0010443912149392665,
        0.5955925900064531
      ],
      "confidence_score": 0.8071498608984322
    },
    "Quadratic": {
      "r2": 0.9319152550746869,
      "aic": -44.66652947991476,
      "bic": -44.0748557479061,
      "params": [
        1.115176026084887e-06,
        1.0,
        0.7764155295375396
      ],
      "confidence_score": 0.539149987554143
    },
    "Cubic": {
      "r2": 0.829493689636013,
      "aic": -34.40435732056215,
      "bic": -33.61545901121727,
      "params": [
        1.302932167624629e-09,
        1.0,
        1.0,
        0.8389135628690851
      ],
      "confidence_score": 0.47769621825052233
    },
    "Logarithmic": {
      "r2": 0.9211092386692208,
      "aic": -45.34073093493536,
      "bic": -44.94628178026292,
      "params": [
        0.34596627148931286,
        -0.9982276532863839
      ],
      "confidence_score": 0.6480009676542738
    },
    "N Log N": {
      "r2": 0.992110820161777,
      "aic": -66.06387846396387,
      "bic": -65.66942930929143,
      "params": [
        0.00014890982660255438,
        0.6467979652642023
      ],
      "confidence_score": 0.6785981048762219
    }
  }
}