{
  "Constant": {
    "r2": 1.1102230246251565e-16,
    "aic": -159.2602405325204,
    "bic": -155.24557416205548,
    "params": [
      100.46874166212298,
      -99.53125833787696
    ]
  },
  "Linear": {
    "r2": 0.9879167718764111,
    "aic": -402.13676966956484,
    "bic": -398.1221032990999,
    "params": [
      0.0002601481459031385,
      0.2918429257763717
    ]
  },
  "Quadratic": {
    "r2": 0.9641647519848798,
    "aic": -340.3455214016661,
    "bic": -334.3235218459687,
    "params": [
      5.088001270729239e-08,
      1.0,
      0.5859255637962445
    ]
  },
  "Cubic": {
    "r2": 0.9109062429359829,
    "aic": -288.2538712795158,
    "bic": -280.22453853858593,
    "params": [
      1.1993167924261862e-11,
      1.0,
      1.0,
      0.6868942576384758
    ]
  },
  "Logarithmic": {
    "r2": 0.9619212354584592,
    "aic": -339.0056587666242,
    "bic": -334.99099239615924,
    "params": [
      0.5830493328598388,
      -3.5803327811405716
    ]
  },
  "N Log N": {
    "r2": 0.987393133942643,
    "aic": -399.8034933865706,
    "bic": -395.78882701610564,
    "params": [
      2.9601812326700274e-05,
      0.35858417243693164
    ]
  }
}