{
  "valid_points": 58,
  "models": {
    "Constant": {
      "r2": 0.7,
      "aic": 522.9544810274627,
      "bic": 527.0753670485556,
      "params": [
        134.82115138656107,
        1.0
      ],
      "confidence_score": 0.09999999999999998
    },
    "Linear": {
      "r2": 0.9748496683136118,
      "aic": 309.3471977639915,
      "bic": 313.46808378508433,
      "params": [
        0.10073632668464527,
        -110.20127404240516
      ],
      "confidence_score": 0.484909800988167
    },
    "Quadratic": {
      "r2": 0.9999720339527085,
      "aic": -83.14764303071298,
      "bic": -76.96631399907372,
      "params": [
        2.0467820028402528e-05,
        1.0,
        -1.3776458577437847
      ],
      "confidence_score": 0.9799832203716251
    },
    "Cubic": {
      "r2": 0.9833105054292545,
      "aic": 289.56188317018325,
      "bic": 297.80365521236894,
      "params": [
        4.9698884928516516e-09,
        1.0,
        1.0,
        36.38543256645444
      ],
      "confidence_score": 0.5699863032575526
    },
    "Logarithmic": {
      "r2": 0.8931944543598931,
      "aic": 393.2232461840352,
      "bic": 397.344132205128,
      "params": [
        214.82347607228786,
        -1525.0122567011626
      ],
      "confidence_score": 0.498
    },
    "N Log N": {
      "r2": 0.9804498917369356,
      "aic": 294.7375626482831,
      "bic": 298.8584486693759,
      "params": [
        0.01151911301221229,
        -85.43511828292719
      ],
      "confidence_score": 0.698
    }
  }
}