{
  "valid_points": 13,
  "models": {
    "Constant": {
      "r2": 0.7,
      "aic": 92.33122661669712,
      "bic": 93.4611253316202,
      "params": [
        8.567090238516148,
        1.0
      ],
      "confidence_score": 0.10000000000003616
    },
    "Linear": {
      "r2": 0.7957102757200039,
      "aic": 71.68441763346146,
      "bic": 72.81431634838454,
      "params": [
        0.011722746972252396,
        -6.115239961056858
      ],
      "confidence_score": 0.3774261669001157
    },
    "Quadratic": {
      "r2": 0.9583768546856111,
      "aic": 53.00294106378042,
      "bic": 54.69778913616503,
      "params": [
        1.6330278000298455e-06,
        1.0,
        -1.8003234917948014
      ],
      "confidence_score": 0.5550387227655474
    },
    "Cubic": {
      "r2": 0.9930636323908962,
      "aic": 31.70852508695734,
      "bic": 33.96832251680349,
      "params": [
        2.0425671191871437e-10,
        1.0,
        1.0,
        -0.3172780506428132
      ],
      "confidence_score": 0.9758381794345378
    },
    "Logarithmic": {
      "r2": 0.2280818481311735,
      "aic": 88.96582879554454,
      "bic": 90.09572751046761,
      "params": [
        5.935145059674331,
        -21.827520581665627
      ],
      "confidence_score": 0.06204092406578138
    },
    "N Log N": {
      "r2": 0.829503789536845,
      "aic": 69.33367790583158,
      "bic": 70.46357662075465,
      "params": [
        0.001337352361780509,
        -5.174036583596518
      ],
      "confidence_score": 0.6480000035667899
    }
  }
}