{
  "valid_points": 14,
  "models": {
    "Constant": {
      "r2": 0.7,
      "aic": 96.3120324864379,
      "bic": 97.59014714566841,
      "params": [
        11.248813573803222,
        1.0
      ],
      "confidence_score": 0.09999999999999998
    },
    "Linear": {
      "r2": 0.9995906548531938,
      "aic": -12.901293806484393,
      "bic": -11.623179147253875,
      "params": [
        0.0015040917532582743,
        -0.07077223663619958
      ],
      "confidence_score": 0.8997543929119163
    },
    "Quadratic": {
      "r2": 0.9473077295796162,
      "aic": 57.1060214089888,
      "bic": 59.023193397834575,
      "params": [
        2.3545258156693386e-08,
        1.0,
        3.0695967428430815
      ],
      "confidence_score": 0.5483846377477699
    },
    "Cubic": {
      "r2": 0.8836183139896548,
      "aic": 70.19971118801635,
      "bic": 72.75594050647739,
      "params": [
        3.5119153677017307e-13,
        1.0,
        1.0,
        4.290029038753286
      ],
      "confidence_score": 0.5101709883937928
    },
    "Logarithmic": {
      "r2": 0.47323801517026487,
      "aic": 87.33794184832517,
      "bic": 88.61605650755568,
      "params": [
        6.195568065159872,
        -24.62453918530683
      ],
      "confidence_score": 0.38461900758513246
    },
    "N Log N": {
      "r2": 0.9991355710782672,
      "aic": -2.43614816571326,
      "bic": -1.1580335064827434,
      "params": [
        0.0001365835830275907,
        0.5056119588500807
      ],
      "confidence_score": 0.6496019308041049
    }
  }
}