{
  "valid_points": 19,
  "models": {
    "Constant": {
      "r2": 0.7,
      "aic": 132.94726283736213,
      "bic": 134.836140795695,
      "params": [
        -93.65753690271004,
        106.34246309729002
      ],
      "confidence_score": 0.11999999999999998
    },
    "Linear": {
      "r2": 0.99978779497363,
      "aic": -27.753932419891143,
      "bic": -25.865054461558262,
      "params": [
        0.00023351825632824807,
        -0.20227038662426747
      ],
      "confidence_score": 0.8998726769841779
    },
    "Quadratic": {
      "r2": 0.9272781099771085,
      "aic": 85.14611889566183,
      "bic": 87.97943583316115,
      "params": [
        4.6076324243597254e-10,
        1.0,
        3.7970025035864117
      ],
      "confidence_score": 0.536366865986265
    },
    "Cubic": {
      "r2": 0.8522860711690473,
      "aic": 100.61018484617152,
      "bic": 104.38794076283727,
      "params": [
        8.540243656043011e-16,
        1.0,
        1.0,
        5.281794815135646
      ],
      "confidence_score": 0.4913716427014283
    },
    "Logarithmic": {
      "r2": 0.3804234945543242,
      "aic": 123.85160012613412,
      "bic": 125.740478084467,
      "params": [
        4.71233694164778,
        -19.670451448415978
      ],
      "confidence_score": 0.43821174727716217
    },
    "N Log N": {
      "r2": 0.999519106687616,
      "aic": -12.210174371123514,
      "bic": -10.321296412790634,
      "params": [
        1.7914675914746463e-05,
        0.3496664829617561
      ],
      "confidence_score": 0.698126426198804
    }
  }
}