{
  "Constant": {
    "r2": 0.0,
    "aic": -627.485238411298,
    "bic": -622.8237717307254,
    "params": [
      100.06617203746968,
      -99.93382796253032
    ]
  },
  "Linear": {
    "r2": 0.050786155152610424,
    "aic": -631.4464472340597,
    "bic": -626.7849805534871,
    "params": [
      -3.0929773768839652e-06,
      0.14172474974714577
    ]
  },
  "Quadratic": {
    "r2": 0.04966225591579165,
    "aic": -629.3565140598695,
    "bic": -622.3643140390105,
    "params": [
      -5.016019837691273e-10,
      1.0,
      0.13761386578074844
    ]
  },
  "Cubic": {
    "r2": 0.04828193911092604,
    "aic": -627.2462080474896,
    "bic": -617.9232746863443,
    "params": [
      -9.76617057036978e-14,
      1.0,
      1.0,
      0.1362234613180846
    ]
  },
  "Logarithmic": {
    "r2": 0.051416504695037,
    "aic": -631.4969337280311,
    "bic": -626.8354670474585,
    "params": [
      -0.008270277876437054,
      0.1979543565742868
    ]
  },
  "N Log N": {
    "r2": 0.05066310742119262,
    "aic": -631.4365959012335,
    "bic": -626.7751292206609,
    "params": [
      -3.4471835542269283e-07,
      0.1408045966527528
    ]
  }
}