{
  "valid_points": 19,
  "models": {
    "Constant": {
      "r2": 0.7,
      "aic": -101.66912511086265,
      "bic": -99.78024715252977,
      "params": [
        -99.75244093098135,
        100.24755906901859
      ],
      "confidence_score": 0.1200000000003261
    },
    "Linear": {
      "r2": 0.9440635955700234,
      "aic": -156.45638261707882,
      "bic": -154.56750465874595,
      "params": [
        0.00021993708715117855,
        0.16521250731031023
      ],
      "confidence_score": 0.8093744117186896
    },
    "Quadratic": {
      "r2": 0.9289996365369839,
      "aic": -149.92546048323644,
      "bic": -147.09214354573712,
      "params": [
        7.248589420306821e-08,
        1.0,
        0.3265884340296824
      ],
      "confidence_score": 0.5455648415242054
    },
    "Cubic": {
      "r2": 0.902142975295369,
      "aic": -141.82983325716648,
      "bic": -138.05207734050072,
      "params": [
        3.0838761383759694e-11,
        1.0,
        1.0,
        0.38062923644921653
      ],
      "confidence_score": 0.5213746917613934
    },
    "Logarithmic": {
      "r2": 0.9449625804854352,
      "aic": -156.76422254610304,
      "bic": -154.87534458777017,
      "params": [
        0.32220259089495407,
        -1.8556818161039146
      ],
      "confidence_score": 0.9480000000000001
    },
    "N Log N": {
      "r2": 0.9429743253597713,
      "aic": -156.08994503612647,
      "bic": -154.2010670777936,
      "params": [
        2.6472154380817842e-05,
        0.2040544968800922
      ],
      "confidence_score": 0.8121429365086321
    }
  }
}