{
  "valid_points": 18,
  "models": {
    "Constant": {
      "r2": 0.7,
      "aic": 114.19762833314111,
      "bic": 115.97837184893343,
      "params": [
        -96.2925351121359,
        103.70746488786406
      ],
      "confidence_score": 0.11999999999999998
    },
    "Linear": {
      "r2": 0.9988182430596403,
      "aic": -7.135925943290296,
      "bic": -5.355182427497967,
      "params": [
        8.818935858464626e-05,
        -0.29106617142470237
      ],
      "confidence_score": 0.4992909460096788
    },
    "Quadratic": {
      "r2": 0.9690848682680099,
      "aic": 53.62045706533748,
      "bic": 56.291572339025976,
      "params": [
        8.369283099124103e-11,
        1.0,
        1.8766289832136827
      ],
      "confidence_score": 0.5614509209608058
    },
    "Cubic": {
      "r2": 0.9513792813224928,
      "aic": 63.77092881684158,
      "bic": 67.33241584842624,
      "params": [
        7.892690203625533e-17,
        1.0,
        1.0,
        2.269308731331977
      ],
      "confidence_score": 0.5508275687934957
    },
    "Logarithmic": {
      "r2": 0.31061700311232565,
      "aic": 107.50237913398612,
      "bic": 109.28312264977845,
      "params": [
        3.2102822702067275,
        -15.975374505200337
      ],
      "confidence_score": 0.30330850155616285
    },
    "N Log N": {
      "r2": 0.999892271384188,
      "aic": -50.24848724358284,
      "bic": -48.467743727790506,
      "params": [
        6.385062858016637e-06,
        0.06708834205894965
      ],
      "confidence_score": 0.998
    }
  }
}