{
  "valid_points": 59,
  "models": {
    "Constant": {
      "r2": 1.1102230246251565e-16,
      "aic": 529.2823929895293,
      "bic": 533.4374678773407,
      "params": [
        -9.727153735835362,
        145.09925744865689
      ],
      "confidence_score": 1.1102230246251565e-16
    },
    "Linear": {
      "r2": 0.9754006755546887,
      "aic": 310.68525140790643,
      "bic": 314.8403262957179,
      "params": [
        0.09882874115712159,
        -107.09332480401527
      ],
      "confidence_score": 0.9554006755546887
    },
    "Quadratic": {
      "r2": 0.9999439025588447,
      "aic": -46.234408172594456,
      "bic": -40.00179584087729,
      "params": [
        2.0074296009031656e-05,
        1.0,
        -0.20169583735417151
      ],
      "confidence_score": 0.9599439025588447
    },
    "Cubic": {
      "r2": 0.9824489994967885,
      "aic": 294.76637799358247,
      "bic": 303.07652776920537,
      "params": [
        4.871270184216063e-09,
        1.0,
        1.0,
        37.04236727437328
      ],
      "confidence_score": 0.9324489994967885
    },
    "Logarithmic": {
      "r2": 0.8945384771264702,
      "aic": 396.5672558128847,
      "bic": 400.72233070069615,
      "params": [
        210.88917434205706,
        -1496.1347579572541
      ],
      "confidence_score": 0.8845384771264702
    },
    "N Log N": {
      "r2": 0.9809305671947955,
      "aic": 295.66194543665245,
      "bic": 299.8170203244639,
      "params": [
        0.011300538034336189,
        -82.78215466148556
      ],
      "confidence_score": 0.9509305671947955
    }
  }
}