{
  "Constant": {
    "r2": 2.220446049250313e-16,
    "aic": -307.03814507433884,
    "bic": -302.917259053246,
    "params": [
      -0.6143314858962754,
      1.0
    ]
  },
  "Linear": {
    "r2": 0.7420467897939262,
    "aic": -385.626814919616,
    "bic": -381.50592889852317,
    "params": [
      6.71808159068421e-05,
      0.21539989447749885
    ]
  },
  "Quadratic": {
    "r2": 0.738989396925068,
    "aic": -382.9434114395724,
    "bic": -376.7620824079331,
    "params": [
      1.31419180224764e-08,
      1.0,
      0.2911203443997795
    ]
  },
  "Cubic": {
    "r2": 0.710470399635925,
    "aic": -374.92901403423554,
    "bic": -366.68724199204985,
    "params": [
      3.0932759942577587e-12,
      1.0,
      1.0,
      0.31723978252772267
    ]
  },
  "Logarithmic": {
    "r2": 0.7059158462603634,
    "aic": -378.02372536706685,
    "bic": -373.90283934597403,
    "params": [
      0.15022378291857677,
      -0.7815027812456876
    ]
  },
  "N Log N": {
    "r2": 0.7434866358961802,
    "aic": -385.9514668839774,
    "bic": -381.8305808628846,
    "params": [
      7.645397929503226e-06,
      0.2325828043499792
    ]
  }
}