{
  "Constant": {
    "name": "Constant",
    "r2": 0.0,
    "bic": 284.41268288926693,
    "confidence_score": -0.14978661367769955,
    "params": [
      304.2981220070764,
      614.8128917779281
    ],
    "order": 0
  },
  "Linear": {
    "name": "Linear",
    "r2": 0.7179018878419374,
    "bic": 259.10267582729796,
    "confidence_score": 0.5281152741642379,
    "params": [
      10.268031764477643,
      1.3759651113500552e-17
    ],
    "order": 2
  },
  "Quadratic": {
    "name": "Quadratic",
    "r2": 0.951054963143211,
    "bic": 227.06726901793238,
    "confidence_score": 0.6463750426266618,
    "params": [
      0.06562685254040623,
      1.1786186355538384e-20,
      3.722002563758917e-21
    ],
    "order": 4
  },
  "Cubic": {
    "name": "Cubic",
    "r2": 0.9999430297648927,
    "bic": 94.94451508398406,
    "confidence_score": 0.6003698024094936,
    "params": [
      0.0003625039344164747,
      9.011620713423149e-20,
      1.2754220569208197e-21,
      1.0025596956852199e-22
    ],
    "order": 5
  },
  "Logarithmic": {
    "name": "Logarithmic",
    "r2": 0.2434983960943794,
    "bic": 278.8316703774685,
    "confidence_score": 0.07371178241667985,
    "params": [
      236.41569410828353,
      3.5883492019244366e-18
    ],
    "order": 1
  },
  "N Log N": {
    "name": "N Log N",
    "r2": 0.7904392007020377,
    "bic": 253.15785548372654,
    "confidence_score": 0.5806525870243382,
    "params": [
      2.0787334138448648,
      1.0396592564717117e-17
    ],
    "order": 3
  },
  "confidence_analysis": {
    "best_model": "Quadratic",
    "best_score": 0.6463750426266618,
    "second_best_model": "Cubic",
    "second_best_score": 0.6003698024094936,
    "confidence_gap": 0.04600524021716823,
    "is_confident": true,
    "threshold": 0.03
  }
}