{
  "valid_points": 200,
  "models": {
    "Constant": {
      "r2": 0.7,
      "aic": -3582.9750187622876,
      "bic": -3576.3783840291917,
      "params": [
        -99.99957842752328,
        100.0004215724767
      ],
      "confidence_score": 0.4625836280550598
    },
    "Linear": {
      "r2": 0.011687861540819688,
      "aic": -3585.326359065281,
      "bic": -3578.729724332185,
      "params": [
        -3.2037413732909e-13,
        0.0008463605777007735
      ],
      "confidence_score": 0.3970127169244918
    },
    "Quadratic": {
      "r2": 0.007801758451147389,
      "aic": -3582.5414890406173,
      "bic": -3572.6465369409734,
      "params": [
        -5.373073399328843e-22,
        1.0,
        0.0008441936310894041
      ],
      "confidence_score": 0.003784541453027184
    },
    "Cubic": {
      "r2": 0.006066802527325277,
      "aic": -3580.1920748314615,
      "bic": -3566.998805365269,
      "params": [
        -9.033544207382103e-31,
        1.0,
        1.0,
        0.0008439439356783575
      ],
      "confidence_score": 0.0
    },
    "Logarithmic": {
      "r2": 0.003869497993514881,
      "aic": -3583.7504195362435,
      "bic": -3577.1537848031476,
      "params": [
        7.629159923856189e-06,
        0.0007269032142937717
      ],
      "confidence_score": 0.3363648919158111
    },
    "N Log N": {
      "r2": 0.011603836681460367,
      "aic": -3585.309356079188,
      "bic": -3578.712721346092,
      "params": [
        -1.6016742677779638e-14,
        0.0008459797222887008
      ],
      "confidence_score": 0.6012622810771578
    }
  }
}