{
  "valid_points": 78,
  "models": {
    "Constant": {
      "r2": 0.7,
      "aic": -8.175898078011635,
      "bic": -3.462480424632451,
      "params": [
        -98.75969480341055,
        101.24030519658945
      ],
      "confidence_score": 0.35
    },
    "Linear": {
      "r2": 0.9940720432377648,
      "aic": -408.16580149513555,
      "bic": -403.4523838417564,
      "params": [
        0.0007922242282288883,
        0.11409442936697956
      ],
      "confidence_score": 0.7730141762848155
    },
    "Quadratic": {
      "r2": 0.9694850239532586,
      "aic": -278.35983851832066,
      "bic": -271.2897120382519,
      "params": [
        1.2964186525895547e-07,
        1.0,
        1.1481247091719955
      ],
      "confidence_score": 0.5616910143719551
    },
    "Cubic": {
      "r2": 0.9090382982342109,
      "aic": -191.16660229793092,
      "bic": -181.73976699117256,
      "params": [
        2.494236876985409e-11,
        1.0,
        1.0,
        1.5138377829204317
      ],
      "confidence_score": 0.5254229789405265
    },
    "Logarithmic": {
      "r2": 0.9497126736544834,
      "aic": -241.39606928378146,
      "bic": -236.68265163040226,
      "params": [
        2.0238187962203376,
        -13.532178412785932
      ],
      "confidence_score": 0.598
    },
    "N Log N": {
      "r2": 0.9941868395497279,
      "aic": -409.6911073942966,
      "bic": -404.9776897409174,
      "params": [
        8.853637423846336e-05,
        0.34306145704333096
      ],
      "confidence_score": 0.898
    }
  }
}