{
  "valid_points": 80,
  "models": {
    "Constant": {
      "r2": 0.7,
      "aic": 23.858672968493472,
      "bic": 28.622726237841235,
      "params": [
        -98.37605641223486,
        101.62394358776508
      ],
      "confidence_score": 0.35
    },
    "Linear": {
      "r2": 0.9992229705001432,
      "aic": -548.9439063886043,
      "bic": -544.1798531192566,
      "params": [
        0.0009801644994320569,
        0.3318977897198685
      ],
      "confidence_score": 0.9895337823000859
    },
    "Quadratic": {
      "r2": 0.969215061173361,
      "aic": -252.5997036504483,
      "bic": -245.45362374642667,
      "params": [
        1.598523006515262e-07,
        1.0,
        1.619991308368806
      ],
      "confidence_score": 0.5615290367040165
    },
    "Cubic": {
      "r2": 0.9046656456998428,
      "aic": -160.17053082714904,
      "bic": -150.64242428845353,
      "params": [
        3.0678653986817096e-11,
        1.0,
        1.0,
        2.0750805788320505
      ],
      "confidence_score": 0.5227993874199056
    },
    "Logarithmic": {
      "r2": 0.9600826992557947,
      "aic": -233.816962747755,
      "bic": -229.05290947840726,
      "params": [
        2.5139500472828575,
        -16.636080104652812
      ],
      "confidence_score": 0.598
    },
    "N Log N": {
      "r2": 0.9986934922216492,
      "aic": -507.37312858689813,
      "bic": -502.6090753175504,
      "params": [
        0.0001094928352453623,
        0.6167902956202489
      ],
      "confidence_score": 0.5980000002819301
    }
  }
}