{
  "valid_points": 30,
  "models": {
    "Constant": {
      "r2": 0.7,
      "aic": -603.4487434600861,
      "bic": -600.6463486967618,
      "params": [
        100.00022724270828,
        -99.99977275729178
      ],
      "confidence_score": 0.3503848380614343
    },
    "Linear": {
      "r2": 0.020249676313426224,
      "aic": -604.0624688058585,
      "bic": -601.2600740425343,
      "params": [
        4.082970239464098e-14,
        0.0004522919614009633
      ],
      "confidence_score": 0.0028472115327360537
    },
    "Quadratic": {
      "r2": 0.013166822416468937,
      "aic": -601.846371665275,
      "bic": -597.6427795202885,
      "params": [
        6.368302482158285e-23,
        1.0,
        0.0004530577732475438
      ],
      "confidence_score": 0.0
    },
    "Cubic": {
      "r2": 0.011321811217445243,
      "aic": -599.7903351847909,
      "bic": -594.1855456581424,
      "params": [
        1.1065315792113725e-31,
        1.0,
        1.0,
        0.00045326236307032913
      ],
      "confidence_score": 0.0
    },
    "Logarithmic": {
      "r2": 0.3584796300668073,
      "aic": -616.76617371506,
      "bic": -613.9637789517357,
      "params": [
        4.20067119070975e-06,
        0.0004076841742987434
      ],
      "confidence_score": 0.7772398150334036
    },
    "N Log N": {
      "r2": 0.019438315322141797,
      "aic": -604.0376351762887,
      "bic": -601.2352404129645,
      "params": [
        1.997974218858331e-15,
        0.0004523778444167042
      ],
      "confidence_score": 0.20823575745628603
    }
  }
}