{
  "valid_points": 18,
  "models": {
    "Constant": {
      "r2": 0.0,
      "aic": -230.24459008317874,
      "bic": -228.4638465673864,
      "params": [
        100.02564231140735,
        -99.97435768859248
      ],
      "confidence_score": 0.0
    },
    "Linear": {
      "r2": 0.19388327759576407,
      "aic": -234.12407122465032,
      "bic": -232.343327708858,
      "params": [
        -2.336868068164577e-06,
        0.05478992491706369
      ],
      "confidence_score": 0.17388327759576408
    },
    "Quadratic": {
      "r2": 0.19339917971847387,
      "aic": -232.11326491564418,
      "bic": -229.4421496419557,
      "params": [
        -7.756023517192981e-10,
        1.0,
        0.05309112995913309
      ],
      "confidence_score": 0.15339917971847386
    },
    "Cubic": {
      "r2": 0.19086949596235336,
      "aic": -230.05690115747382,
      "bic": -226.49541412588917,
      "params": [
        -3.3286718349777023e-13,
        1.0,
        1.0,
        0.05252663349380587
      ],
      "confidence_score": 0.14086949596235337
    },
    "Logarithmic": {
      "r2": 0.19247765138365713,
      "aic": -234.09271194651703,
      "bic": -232.3119684307247,
      "params": [
        -0.0034102006478406327,
        0.0761622942982684
      ],
      "confidence_score": 0.18247765138365712
    },
    "N Log N": {
      "r2": 0.19392643140945598,
      "aic": -234.12503484371067,
      "bic": -232.34429132791834,
      "params": [
        -2.814657423938642e-07,
        0.05437975808177061
      ],
      "confidence_score": 0.16392643140945598
    }
  }
}