{
  "Constant": {
    "r2": 0.0,
    "aic": 270.1195053698776,
    "bic": 272.783914390228,
    "params": [
      -36.34913625732072,
      138.07640132365498
    ]
  },
  "Linear": {
    "r2": 0.8363019763015802,
    "aic": 219.44701308319475,
    "bic": 222.11142210354515,
    "params": [
      1.192131606681125,
      -78.88067334585625
    ]
  },
  "Quadratic": {
    "r2": 0.9710007160875809,
    "aic": 172.98594939455694,
    "bic": 176.98256292508256,
    "params": [
      0.004101244857249831,
      1.0,
      -24.78588566767839
    ]
  },
  "Cubic": {
    "r2": 0.9986509677630226,
    "aic": 89.08520682713119,
    "bic": 94.414024867832,
    "params": [
      1.4356371577206595e-05,
      1.0,
      1.0,
      0.29006773780829176
    ]
  },
  "Logarithmic": {
    "r2": 0.43420463829642797,
    "aic": 254.17286646825693,
    "bic": 256.83727548860736,
    "params": [
      73.81211281948829,
      -244.6827066165397
    ]
  },
  "N Log N": {
    "r2": 0.8730952095495244,
    "aic": 212.31859702518594,
    "bic": 214.98300604553634,
    "params": [
      0.20702876398742565,
      -62.041960170014086
    ]
  }
}