{
  "Constant": {
    "name": "Constant",
    "r2": 0.0,
    "bic": 279.29397209830535,
    "confidence_score": -0.14978661367769955,
    "params": [
      693.5383859836984,
      98.30206773111564
    ],
    "order": 0
  },
  "Linear": {
    "name": "Linear",
    "r2": 0.7020409489443431,
    "bic": 255.07798780863314,
    "confidence_score": 0.5122543352666435,
    "params": [
      8.889098375017214,
      3.303978486681058e-17
    ],
    "order": 2
  },
  "Quadratic": {
    "name": "Quadratic",
    "r2": 0.940676473441184,
    "bic": 225.7947180971506,
    "confidence_score": 0.6359965529246346,
    "params": [
      0.057034947837711195,
      2.1333691101263254e-18,
      8.1270743337518735e-19
    ],
    "order": 4
  },
  "Cubic": {
    "name": "Cubic",
    "r2": 0.9992798575725219,
    "bic": 140.56420565390522,
    "confidence_score": 0.5997066302171229,
    "params": [
      0.000316043812908329,
      5.3519588236526103e-20,
      3.7652179270775926e-20,
      3.3031723935176767e-20
    ],
    "order": 5
  },
  "Logarithmic": {
    "name": "Logarithmic",
    "r2": 0.2354735821282734,
    "bic": 273.9239981291265,
    "confidence_score": 0.06568696845057385,
    "params": [
      203.893347604843,
      1.617267670288693e-12
    ],
    "order": 1
  },
  "N Log N": {
    "name": "N Log N",
    "r2": 0.77476323436636,
    "bic": 249.48190933143607,
    "confidence_score": 0.5649766206886604,
    "params": [
      1.8010723624646299,
      1.4115445534896162e-18
    ],
    "order": 3
  },
  "confidence_analysis": {
    "best_model": "Quadratic",
    "best_score": 0.6359965529246346,
    "second_best_model": "Cubic",
    "second_best_score": 0.5997066302171229,
    "confidence_gap": 0.036289922707511746,
    "is_confident": true,
    "threshold": 0.03
  }
}