{
  "Constant": {
    "r2": 0.0,
    "aic": 446.85629454690064,
    "bic": 449.5207035672511,
    "params": [
      493.1069848780554,
      1824.3306024278488
    ]
  },
  "Linear": {
    "r2": 0.8221781447506583,
    "aic": 398.5010493416705,
    "bic": 401.16545836202096,
    "params": [
      27.75013563310073,
      -1886.707961108857
    ]
  },
  "Quadratic": {
    "r2": 0.9642812856142242,
    "aic": 355.5580401251872,
    "bic": 359.5546536557128,
    "params": [
      0.09595051232716001,
      1.0,
      -642.3958417061677
    ]
  },
  "Cubic": {
    "r2": 0.999442306693044,
    "aic": 241.088656024623,
    "bic": 246.4174740653238,
    "params": [
      0.00033717564471835715,
      1.0,
      1.0,
      -64.92986702769807
    ]
  },
  "Logarithmic": {
    "r2": 0.42074067849818275,
    "aic": 431.5681538907155,
    "bic": 434.23256291106594,
    "params": [
      1705.7962885304084,
      -5688.089166753478
    ]
  },
  "N Log N": {
    "r2": 0.8600382452647191,
    "aic": 391.7974844705413,
    "bic": 394.4618934908917,
    "params": [
      4.823899737097378,
      -1498.4878268915268
    ]
  }
}