{
  "Constant": {
    "r2": 0.0,
    "aic": 927.5615168060074,
    "bic": 931.7502059304516,
    "params": [
      -16.03536233305931,
      3183.9646376669416
    ]
  },
  "Linear": {
    "r2": 0.9607002252775048,
    "aic": 733.3693272634846,
    "bic": 737.5580163879288,
    "params": [
      2.4681143234776,
      -2952.994246890567
    ]
  },
  "Quadratic": {
    "r2": 0.9976522824864502,
    "aic": 566.3028151873023,
    "bic": 572.5858488739685,
    "params": [
      0.0004985361709192188,
      1.0,
      -278.90826552531905
    ]
  },
  "Cubic": {
    "r2": 0.9904153803887774,
    "aic": 652.7057814592788,
    "bic": 661.0831597081672,
    "params": [
      1.1999213446757899e-07,
      1.0,
      1.0,
      654.0250637203504
    ]
  },
  "Logarithmic": {
    "r2": 0.8671960298833655,
    "aic": 806.4286479902026,
    "bic": 810.6173371146468,
    "params": [
      5276.846329222134,
      -37705.69175636985
    ]
  },
  "N Log N": {
    "r2": 0.9677080810147722,
    "aic": 721.5852208297367,
    "bic": 725.7739099541809,
    "params": [
      0.2820860398308255,
      -2345.059755472583
    ]
  }
}