{
  "Constant": {
    "params": [
      0.00014565608647966718
    ],
    "r_squared": -2.220446049250313e-16,
    "success": true
  },
  "Linear": {
    "params": [
      -2.2429008935461262e-08,
      0.00021294311784810562
    ],
    "r_squared": 0.005008475816170921,
    "success": true
  },
  "Quadratic": {
    "params": [
      1.7804866264484846e-11,
      -1.2925820540480015e-07,
      0.0003488535939835715
    ],
    "r_squared": 0.008457661489475354,
    "success": true
  },
  "Cubic": {
    "params": [
      -2.7781910626726765e-14,
      2.6784205464393435e-10,
      -8.110401379531302e-07,
      0.000893976292401293
    ],
    "r_squared": 0.017300500792397644,
    "success": true
  },
  "Logarithmic": {
    "params": [
      -7.080812711992482e-05,
      0.0007062408475909566
    ],
    "r_squared": 0.007188675088322327,
    "success": true
  },
  "n_log_n": {
    "params": [
      -2.4519522408392116e-09,
      0.00020513785793926825
    ],
    "r_squared": 0.004802571314121984,
    "success": true
  },
  "Exponential": {
    "params": [
      0.00024408778623392287,
      -0.00018053059102711474
    ],
    "r_squared": 0.005813227024114798,
    "success": true
  },
  "Sqrt_Exponential": {
    "params": [
      0.00024408779042990782,
      -0.0003610611836694084
    ],
    "r_squared": 0.005813227024112466,
    "success": true
  },
  "Power": {
    "params": [
      0.009709151092989123,
      -0.5346924870757497
    ],
    "r_squared": 0.008454975194396863,
    "success": true
  }
}