{
  "best_model": "O(2^n)",
  "details": {
    "O(1)": {
      "r2": 0,
      "aic": Infinity,
      "params_norm": [
        1.0
      ],
      "rss": 0.0
    },
    "O(n)": {
      "r2": 0,
      "aic": -172.50908298811618,
      "params_norm": [
        9.36426321460069e-09,
        0.9999999945375131
      ],
      "rss": 5.15784323015865e-13
    },
    "O(n^2)": {
      "r2": 0,
      "aic": -172.36475769495385,
      "params_norm": [
        1.3968810166677247e-08,
        -1.4862539108855611e-08,
        1.000000003305388
      ],
      "rss": 9.979082530831299e-14
    },
    "O(n^3)": {
      "r2": 0,
      "aic": -135.75207489314488,
      "params_norm": [
        1.0922999163697997e-07,
        -1.936360687196331e-07,
        1.0137572068589287e-07,
        0.9999999843147139
      ],
      "rss": 3.0042256951667295e-13
    },
    "O(log n)": {
      "r2": 0,
      "aic": -173.00887481695693,
      "params_norm": [
        -4.218004269987846e-09,
        0.9999999972302877
      ],
      "rss": 4.745609502423452e-13
    },
    "O(n log n)": {
      "r2": 0,
      "aic": -183.29315040918556,
      "params_norm": [
        -8.531161804738576e-09,
        0.9999999979301961
      ],
      "rss": 8.548527417813908e-14
    },
    "O(2^n)": {
      "r2": 0,
      "aic": -215.8792701822009,
      "params_norm": [
        0.9999999998528463,
        2.5226359021217946e-10
      ],
      "rss": 3.7430817149874884e-16
    },
    "O(n^k)": {
      "r2": 0,
      "aic": -171.03835974264405,
      "params_norm": [
        0.9999999973302715,
        -4.845089375126886e-09
      ],
      "rss": 6.590564825836183e-13
    }
  }
}