{
  "valid_points": 19,
  "models": {
    "Constant": {
      "r2": 0.7,
      "aic": 136.90723347369646,
      "bic": 138.79611143202933,
      "params": [
        -94.22970218093775,
        105.77029781906232
      ],
      "confidence_score": 0.11999999999999998
    },
    "Linear": {
      "r2": 0.9999944630936543,
      "aic": -93.07018458213177,
      "bic": -91.18130662379889,
      "params": [
        0.0001397983921632706,
        -0.03208449481958886
      ],
      "confidence_score": 0.8999966778561925
    },
    "Quadratic": {
      "r2": 0.9568129455646541,
      "aic": 79.20515807839915,
      "bic": 82.03847501589847,
      "params": [
        1.3196072448227252e-10,
        1.0,
        3.2678080565225107
      ],
      "confidence_score": 0.5540877673387924
    },
    "Cubic": {
      "r2": 0.936292100275324,
      "aic": 88.591745991732,
      "bic": 92.36950190839775,
      "params": [
        1.2427196889945908e-16,
        1.0,
        1.0,
        3.8651284164125546
      ],
      "confidence_score": 0.5417752601651943
    },
    "Logarithmic": {
      "r2": 0.3064773884015849,
      "aic": 129.95377621412655,
      "bic": 131.84265417245942,
      "params": [
        4.621094602931312,
        -20.356887464521066
      ],
      "confidence_score": 0.4012386942007925
    },
    "N Log N": {
      "r2": 0.9991753130137111,
      "aic": 1.9976070442221192,
      "bic": 3.8864850025549997,
      "params": [
        1.01152290930167e-05,
        0.5127869290214174
      ],
      "confidence_score": 0.698
    }
  }
}