{
  "valid_points": 41,
  "models": {
    "Constant": {
      "r2": 0.7,
      "params": [
        0.0002726588807089314
      ]
    },
    "Linear": {
      "r2": 0.21470096098943403,
      "params": [
        -2.01428929091918e-08,
        0.0002928219165035939
      ]
    },
    "Quadratic": {
      "r2": 0.09623786036205362,
      "params": [
        -6.512916889121803e-12,
        0.0002814643508561547
      ]
    },
    "Cubic": {
      "r2": 0.04052765095064004,
      "params": [
        -2.200797316131383e-15,
        0.0002771794350406228
      ]
    },
    "Logarithmic": {
      "r2": 0.2315853511059639,
      "params": [
        -9.27632924767731e-06,
        0.0003330425373369077
      ]
    },
    "N Log N": {
      "r2": 0.1951845813818437,
      "params": [
        -2.4736198462348525e-09,
        0.00029027417036374067
      ]
    },
    "np": {
      "r2": -Infinity,
      "success": false
    }
  }
}