{
  "valid_points": 27,
  "models": {
    "Constant": {
      "r2": 0.85,
      "aic": -549.2375365135089,
      "bic": -546.6458627815002,
      "params": [
        -99.99977089464664,
        100.0002291053534
      ],
      "confidence_score": 0.20746482057193683
    },
    "Linear": {
      "r2": 0.0003096183992911117,
      "aic": -549.2458975047149,
      "bic": -546.6542237727062,
      "params": [
        -5.558029713816866e-15,
        0.0004584317396286951
      ],
      "confidence_score": 0.006689385029946008
    },
    "Quadratic": {
      "r2": 0.00022517917922337816,
      "aic": -547.2436170359772,
      "bic": -543.3561064379642,
      "params": [
        -9.607541290306146e-24,
        1.0,
        0.00045834745659675293
      ],
      "confidence_score": 0.0
    },
    "Cubic": {
      "r2": 4.560587132806937e-05,
      "aic": -545.2387679001142,
      "bic": -540.0554204360969,
      "params": [
        -8.192266535947524e-33,
        1.0,
        1.0,
        0.0004582643656556257
      ],
      "confidence_score": 0.0
    },
    "Logarithmic": {
      "r2": 0.20991927834599322,
      "aic": -555.599280818177,
      "bic": -553.0076070861684,
      "params": [
        3.006863103485181e-06,
        0.0004248926200642772
      ],
      "confidence_score": 0.8029596391729966
    },
    "N Log N": {
      "r2": 0.00036697718645750665,
      "aic": -549.2474467160637,
      "bic": -546.655772984055,
      "params": [
        -3.03571103309671e-16,
        0.00045844501088206167
      ],
      "confidence_score": 0.21071022689111674
    }
  }
}