{
  "valid_points": 23,
  "models": {
    "Constant": {
      "r2": 0.7,
      "aic": 161.8895097126441,
      "bic": 164.1604981445024,
      "params": [
        105.27127953651166,
        -94.72872046348841
      ],
      "confidence_score": 0.09999999999999998
    },
    "Linear": {
      "r2": 0.9999966007235472,
      "aic": -127.72529329864082,
      "bic": -125.45430486678252,
      "params": [
        1.783638827668188e-05,
        -0.028574268015335358
      ],
      "confidence_score": 0.8999979604341283
    },
    "Quadratic": {
      "r2": 0.9483550724407918,
      "aic": 95.73215390021478,
      "bic": 99.13863654800224,
      "params": [
        2.1054145907369563e-12,
        1.0,
        3.4635794050246176
      ],
      "confidence_score": 0.549013043464475
    },
    "Cubic": {
      "r2": 0.9258220770464402,
      "aic": 106.05986944245518,
      "bic": 110.60184630617178,
      "params": [
        2.4757838433958676e-19,
        1.0,
        1.0,
        4.062577104891762
      ],
      "confidence_score": 0.5354932462278641
    },
    "Logarithmic": {
      "r2": 0.26441225505937405,
      "aic": 154.82654444680205,
      "bic": 157.09753287866033,
      "params": [
        3.4597882802692665,
        -17.839778633435184
      ],
      "confidence_score": 0.280206127529687
    },
    "N Log N": {
      "r2": 0.999203047566236,
      "aic": -2.208948226145819,
      "bic": 0.06204020571248048,
      "params": [
        1.1232549451823866e-06,
        0.4617875694889515
      ],
      "confidence_score": 0.648
    }
  }
}