{
  "valid_points": 74,
  "models": {
    "Constant": {
      "r2": 0.0,
      "aic": -259.35895729205583,
      "bic": -254.7508271056475,
      "params": [
        100.30003817802351,
        -99.69996182197654
      ],
      "confidence_score": 0.0
    },
    "Linear": {
      "r2": 0.9815592280414024,
      "aic": -554.855105978497,
      "bic": -550.2469757920887,
      "params": [
        0.0001453225291012537,
        0.16705449568438913
      ],
      "confidence_score": 0.9615592280414024
    },
    "Quadratic": {
      "r2": 0.9445884179115518,
      "aic": -471.43848895628,
      "bic": -464.52629367666754,
      "params": [
        2.3472828109779364e-08,
        1.0,
        0.3606059293471223
      ],
      "confidence_score": 0.9045884179115518
    },
    "Cubic": {
      "r2": 0.8755176925834378,
      "aic": -409.54474178075725,
      "bic": -400.32848140794056,
      "params": [
        4.471133422608673e-12,
        1.0,
        1.0,
        0.42874282539615394
      ],
      "confidence_score": 0.8255176925834378
    },
    "Logarithmic": {
      "r2": 0.9532092004010345,
      "aic": -485.95203999319517,
      "bic": -481.3439098067868,
      "params": [
        0.3786418323022853,
        -2.3960911722650704
      ],
      "confidence_score": 0.9432092004010345
    },
    "N Log N": {
      "r2": 0.9800967090317572,
      "aic": -549.2073510291267,
      "bic": -544.5992208427184,
      "params": [
        1.6212785368933675e-05,
        0.2098461340565677
      ],
      "confidence_score": 0.9500967090317571
    }
  }
}