{
  "Constant": {
    "r2": 0.0,
    "aic": 724.4113430151666,
    "bic": 728.6000321396108,
    "params": [
      -99.60734941068011,
      729.2073503182368
    ]
  },
  "Linear": {
    "r2": 0.9746470050244886,
    "aic": 503.9198383591908,
    "bic": 508.108527483635,
    "params": [
      0.45515561188396725,
      -500.7031018619931
    ]
  },
  "Quadratic": {
    "r2": 0.9998025179000409,
    "aic": 214.61958636420707,
    "bic": 220.90262005087337,
    "params": [
      9.114259814735348e-05,
      1.0,
      -2.739749851127825
    ]
  },
  "Cubic": {
    "r2": 0.982714067761643,
    "aic": 484.9396065937888,
    "bic": 493.31698484267724,
    "params": [
      2.1773227260119545e-08,
      1.0,
      1.0,
      170.6158341935049
    ]
  },
  "Logarithmic": {
    "r2": 0.8920875171451614,
    "aic": 590.825259557123,
    "bic": 595.0139486815672,
    "params": [
      982.0160834585043,
      -6977.8515094365275
    ]
  },
  "N Log N": {
    "r2": 0.9802815181088351,
    "aic": 488.8394080565073,
    "bic": 493.0280971809515,
    "params": [
      0.05196724928842097,
      -387.62107941053114
    ]
  }
}