{
  "valid_points": 76,
  "models": {
    "Constant": {
      "r2": 0.0,
      "aic": -727.4545538801358,
      "bic": -722.7930871995632,
      "params": [
        100.04093942085373,
        -99.95906057914621
      ],
      "confidence_score": 0.0
    },
    "Linear": {
      "r2": 0.03515225356149643,
      "aic": -730.1742112811215,
      "bic": -725.5127446005489,
      "params": [
        -1.3342708715669005e-06,
        0.08586409812707807
      ],
      "confidence_score": 0.015152253561496427
    },
    "Quadratic": {
      "r2": 0.03228892415922213,
      "aic": -727.9490039639622,
      "bic": -720.9568039431033,
      "params": [
        -2.1048369354305629e-10,
        1.0,
        0.0840313144262871
      ],
      "confidence_score": -0.007711075840777869
    },
    "Cubic": {
      "r2": 0.03114251061899842,
      "aic": -725.8590227045333,
      "bic": -716.536089343388,
      "params": [
        -4.0916671716672733e-14,
        1.0,
        1.0,
        0.0834483729324419
      ],
      "confidence_score": -0.018857489381001583
    },
    "Logarithmic": {
      "r2": 0.04047732115955305,
      "aic": -730.5948227861801,
      "bic": -725.9333561056075,
      "params": [
        -0.003789493173956664,
        0.11187941914260488
      ],
      "confidence_score": 0.030477321159553046
    },
    "N Log N": {
      "r2": 0.03469194947064236,
      "aic": -730.1379622781933,
      "bic": -725.4764955976207,
      "params": [
        -1.4797693245770153e-07,
        0.08544949339837435
      ],
      "confidence_score": 0.004691949470642359
    }
  }
}