{
  "valid_points": 59,
  "models": {
    "Constant": {
      "r2": 0.0,
      "aic": 607.5840100511898,
      "bic": 611.7390849390013,
      "params": [
        -69.02198088120315,
        330.97801911883147
      ],
      "confidence_score": 0.0
    },
    "Linear": {
      "r2": 0.9738159623297941,
      "aic": 392.67029716760567,
      "bic": 396.8253720554171,
      "params": [
        0.18866733115296808,
        -206.51453826931814
      ],
      "confidence_score": 0.953815962329794
    },
    "Quadratic": {
      "r2": 0.9998796258082226,
      "aic": 77.11459132872254,
      "bic": 83.3472036604397,
      "params": [
        3.820251085973059e-05,
        1.0,
        -2.5639744572644902
      ],
      "confidence_score": 0.9598796258082226
    },
    "Cubic": {
      "r2": 0.9846319406460686,
      "aic": 365.2316345617376,
      "bic": 373.5417843373605,
      "params": [
        9.246142290028544e-09,
        1.0,
        1.0,
        68.30616619052682
      ],
      "confidence_score": 0.9346319406460686
    },
    "Logarithmic": {
      "r2": 0.8925979160310277,
      "aic": 475.9446441472162,
      "bic": 480.09971903502765,
      "params": [
        404.02368384277526,
        -2868.006478904425
      ],
      "confidence_score": 0.8825979160310277
    },
    "N Log N": {
      "r2": 0.9794661049605904,
      "aic": 378.3289878926874,
      "bic": 382.48406278049885,
      "params": [
        0.0215650066092432,
        -160.07484717150263
      ],
      "confidence_score": 0.9494661049605904
    }
  }
}