{
  "valid_points": 11,
  "models": {
    "Constant": {
      "r2": 0.7,
      "aic": 88.14072058420007,
      "bic": 88.93651112979681,
      "params": [
        137.0208935382424,
        -39.539925287772654
      ],
      "confidence_score": 0.12000000000000065
    },
    "Linear": {
      "r2": 0.9976779348662114,
      "aic": 21.42243878510109,
      "bic": 22.21822933069783,
      "params": [
        0.0002722113921728398,
        1.6856714651569955
      ],
      "confidence_score": 0.7698208261709283
    },
    "Quadratic": {
      "r2": 0.9635700381106839,
      "aic": 53.704719729135014,
      "bic": 54.898405547530125,
      "params": [
        3.587466746081707e-10,
        1.0,
        42.914267019385605
      ],
      "confidence_score": 0.5581420445885252
    },
    "Cubic": {
      "r2": 0.8932774515026142,
      "aic": 67.52796959855229,
      "bic": 69.11955068974578,
      "params": [
        5.381745370088075e-16,
        1.0,
        1.0,
        57.556815246546826
      ],
      "confidence_score": 0.5159664709193029
    },
    "Logarithmic": {
      "r2": 0.928124307216267,
      "aic": 59.17973203121041,
      "bic": 59.97552257680715,
      "params": [
        78.91233737078701,
        -899.3832198003431
      ],
      "confidence_score": 0.4980000012867122
    },
    "N Log N": {
      "r2": 0.9978363202404044,
      "aic": 20.645326526369235,
      "bic": 21.441117071965976,
      "params": [
        1.98170692013113e-05,
        7.579124875629106
      ],
      "confidence_score": 0.998
    }
  }
}