{
  "valid_points": 75,
  "models": {
    "Constant": {
      "r2": 0.0,
      "aic": -173.48812400251865,
      "bic": -168.85314777544602,
      "params": [
        -99.4963373492161,
        100.50366265078387
      ],
      "confidence_score": 0.0
    },
    "Linear": {
      "r2": 0.9602011843722321,
      "aic": -415.2819833948294,
      "bic": -410.6470071677568,
      "params": [
        0.0002611187144354992,
        0.23441390698359107
      ],
      "confidence_score": 0.9402011843722321
    },
    "Quadratic": {
      "r2": 0.9403366880721253,
      "aic": -382.9159731072173,
      "bic": -375.9635087666084,
      "params": [
        4.2495962829976715e-08,
        1.0,
        0.5788526736777009
      ],
      "confidence_score": 0.9003366880721253
    },
    "Cubic": {
      "r2": 0.8874204994405133,
      "aic": -333.29529664796456,
      "bic": -324.0253441938193,
      "params": [
        8.169425370771099e-12,
        1.0,
        1.0,
        0.6988151218282713
      ],
      "confidence_score": 0.8374204994405132
    },
    "Logarithmic": {
      "r2": 0.9179801498873167,
      "aic": -361.0476729876397,
      "bic": -356.4126967605671,
      "params": [
        0.6767843187148479,
        -4.343562876008216
      ],
      "confidence_score": 0.9079801498873167
    },
    "N Log N": {
      "r2": 0.9605608468484228,
      "aic": -415.96284059958515,
      "bic": -411.3278643725125,
      "params": [
        2.9152253764797548e-05,
        0.31083122685887693
      ],
      "confidence_score": 0.9305608468484228
    }
  }
}