{
  "valid_points": 78,
  "models": {
    "Constant": {
      "r2": 0.0,
      "aic": -14.355217272247913,
      "bic": -9.64179961886873,
      "params": [
        -98.79444918284807,
        101.20555081715192
      ],
      "confidence_score": 0.0
    },
    "Linear": {
      "r2": 0.9989477634465068,
      "aic": -549.1885289505555,
      "bic": -544.4751112971762,
      "params": [
        0.0007684071768938594,
        0.14035991284220162
      ],
      "confidence_score": 0.9789477634465068
    },
    "Quadratic": {
      "r2": 0.9705193045922551,
      "aic": -287.2287478508579,
      "bic": -280.15862137078915,
      "params": [
        1.2571320096541786e-07,
        1.0,
        1.145185817981469
      ],
      "confidence_score": 0.9305193045922551
    },
    "Cubic": {
      "r2": 0.906507400703791,
      "aic": -195.20531109537333,
      "bic": -185.77847578861497,
      "params": [
        2.4175054983943916e-11,
        1.0,
        1.0,
        1.4998337857036916
      ],
      "confidence_score": 0.8565074007037909
    },
    "Logarithmic": {
      "r2": 0.9576361978215437,
      "aic": -260.94917555139364,
      "bic": -256.23575789801447,
      "params": [
        1.9635745881147413,
        -13.10461065598983
      ],
      "confidence_score": 0.9476361978215437
    },
    "N Log N": {
      "r2": 0.998642297396701,
      "aic": -529.3081963265267,
      "bic": -524.5947786731475,
      "params": [
        8.58717469662592e-05,
        0.36282267502057775
      ],
      "confidence_score": 0.9686422973967009
    }
  }
}