{
  "best_model": "O(2^n)",
  "details": {
    "O(1)": {
      "r2": 0,
      "aic": Infinity,
      "params_norm": [
        1.0
      ],
      "rss": 0.0
    },
    "O(n)": {
      "r2": 0,
      "aic": -153.17402964734188,
      "params_norm": [
        9.36426321460069e-09,
        0.9999999945375131
      ],
      "rss": 1.2941540230216132e-11
    },
    "O(n^2)": {
      "r2": 0,
      "aic": -153.02970399635268,
      "params_norm": [
        1.3968810166677247e-08,
        -1.4862539108855611e-08,
        1.000000003305388
      ],
      "rss": 2.50385093095076e-12
    },
    "O(n^3)": {
      "r2": 0,
      "aic": -116.4170215294813,
      "params_norm": [
        1.0922999163697997e-07,
        -1.936360687196331e-07,
        1.0137572068589287e-07,
        0.9999999843147139
      ],
      "rss": 7.537900263357437e-12
    },
    "O(log n)": {
      "r2": 0,
      "aic": -153.6738214588697,
      "params_norm": [
        -4.218004269987846e-09,
        0.9999999972302877
      ],
      "rss": 1.1907204955477866e-11
    },
    "O(n log n)": {
      "r2": 0,
      "aic": -163.95809712846582,
      "params_norm": [
        -8.531161804738576e-09,
        0.9999999979301961
      ],
      "rss": 2.1449102937551864e-12
    },
    "O(2^n)": {
      "r2": 0,
      "aic": -196.5442143724564,
      "params_norm": [
        0.9999999998528463,
        2.5226359021217946e-10
      ],
      "rss": 9.39176713429153e-15
    },
    "O(n^k)": {
      "r2": 0,
      "aic": -151.70330632296387,
      "params_norm": [
        0.9999999973302715,
        -4.845089375126886e-09
      ],
      "rss": 1.65363810315842e-11
    }
  }
}