{
  "valid_points": 19,
  "models": {
    "Constant": {
      "r2": 0.85,
      "aic": -229.50271193128717,
      "bic": -227.6138339729543,
      "params": [
        100.01571298037696,
        -99.9842870196229
      ],
      "confidence_score": 0.5252932304299538
    },
    "Linear": {
      "r2": 0.20792029916829657,
      "aic": -233.93148386877053,
      "bic": -232.04260591043766,
      "params": [
        -3.512858865128976e-06,
        0.036686004686425244
      ],
      "confidence_score": 0.36248613128577345
    },
    "Quadratic": {
      "r2": 0.17566646150212661,
      "aic": -231.1731329049127,
      "bic": -228.3398159674134,
      "params": [
        -1.0796084157103058e-09,
        1.0,
        0.033930226117324554
      ],
      "confidence_score": 0.12429856105837046
    },
    "Cubic": {
      "r2": 0.14970754775313133,
      "aic": -228.58403554820958,
      "bic": -224.80627963154382,
      "params": [
        -4.320288459746461e-13,
        1.0,
        1.0,
        0.033026283710729694
      ],
      "confidence_score": 0.07647170566891269
    },
    "Logarithmic": {
      "r2": 0.24687631033341273,
      "aic": -234.8897021724492,
      "bic": -233.00082421411634,
      "params": [
        -0.005551540544137314,
        0.07191591447633887
      ],
      "confidence_score": 0.6214381551667063
    },
    "N Log N": {
      "r2": 0.20362845982009237,
      "aic": -233.8288113485888,
      "bic": -231.93993339025593,
      "params": [
        -4.190620079465094e-07,
        0.03602483624776471
      ],
      "confidence_score": 0.2763170868244099
    }
  }
}