{
  "best_model": "O(n)",
  "details": {
    "O(1)": {
      "r2": -2.220446049250313e-16,
      "aic": 68.34124962540456,
      "params_norm": [
        0.8053737854447469
      ],
      "rss": 321890.8333333334
    },
    "O(n)": {
      "r2": 0.995023453307706,
      "aic": 41.52313524281243,
      "params_norm": [
        0.4828758392034551,
        0.5236962125920727
      ],
      "rss": 1601.9047619047592
    },
    "O(n^2)": {
      "r2": 0.9981337949903897,
      "aic": 45.63815972474215,
      "params_norm": [
        -0.11090336538765602,
        0.6122630988525448,
        0.49494348819604345
      ],
      "rss": 600.7142857142925
    },
    "O(n^3)": {
      "r2": 0.9995852877756422,
      "aic": 66.61369534408502,
      "params_norm": [
        0.3450326621361732,
        -0.7147105310461334,
        0.9160835343367193,
        0.4546896758782244
      ],
      "rss": 133.4920634920765
    },
    "O(log n)": {
      "r2": 0.9638061184972964,
      "aic": 53.42805846321592,
      "params_norm": [
        0.22362301120805045,
        0.9608404387859371
      ],
      "rss": 11650.478678473202
    },
    "O(n log n)": {
      "r2": 0.6636023332997708,
      "aic": 66.80448190343631,
      "params_norm": [
        0.8828301164468536,
        1.0163185330922921
      ],
      "rss": 108283.32526552568
    },
    "O(2^n)": {
      "r2": 0.9821069032463625,
      "aic": 49.20120784495686,
      "params_norm": [
        0.5622517206459212,
        0.5921972096867459
      ],
      "rss": 5759.623824942331
    },
    "O(n^k)": {
      "r2": 0.9867697710432333,
      "aic": 47.38974365464283,
      "params_norm": [
        0.9776615268314347,
        0.30224886466351847
      ],
      "rss": 4258.689424084455
    }
  }
}