{
  "Constant": {
    "r2": 0.0,
    "aic": -153.64679802812404,
    "bic": -149.4917231403126,
    "params": [
      -99.63966315075496,
      100.36033684924497
    ]
  },
  "Linear": {
    "r2": 0.9846010027362143,
    "aic": -399.8805182091207,
    "bic": -395.7254433213092,
    "params": [
      0.000299677672296772,
      -0.03867904741467698
    ]
  },
  "Quadratic": {
    "r2": 0.9691076651845356,
    "aic": -356.8043822426026,
    "bic": -350.57176991088545,
    "params": [
      5.825891382853709e-08,
      1.0,
      0.3024685037076757
    ]
  },
  "Cubic": {
    "r2": 0.9207182502191047,
    "aic": -299.19688980809997,
    "bic": -290.88674003247706,
    "params": [
      1.362271113558731e-11,
      1.0,
      1.0,
      0.4208153143342463
    ]
  },
  "Logarithmic": {
    "r2": 0.9473416208339094,
    "aic": -327.3386624001825,
    "bic": -323.18358751237105,
    "params": [
      0.6738159932899586,
      -4.515196183038073
    ]
  },
  "N Log N": {
    "r2": 0.9852098795181174,
    "aic": -402.26075353924523,
    "bic": -398.1056786514338,
    "params": [
      3.4081205739358494e-05,
      0.03852474365496011
    ]
  }
}