{
  "valid_points": 57,
  "models": {
    "Constant": {
      "r2": 1.1102230246251565e-16,
      "aic": -152.5480889192389,
      "bic": -148.46198638356978,
      "params": [
        -99.64752031915013,
        100.35247968084981
      ],
      "confidence_score": 1.1102230246251565e-16
    },
    "Linear": {
      "r2": 0.9872774969025779,
      "aic": -401.3179174135841,
      "bic": -397.231814877915,
      "params": [
        0.00029487601660849183,
        -0.029644048097576148
      ],
      "confidence_score": 0.9672774969025779
    },
    "Quadratic": {
      "r2": 0.9683407925277904,
      "aic": -347.3534855856786,
      "bic": -341.22433178217494,
      "params": [
        5.786918914893666e-08,
        1.0,
        0.3036568400648463
      ],
      "confidence_score": 0.9283407925277903
    },
    "Cubic": {
      "r2": 0.9162738739965044,
      "aic": -289.9197289781514,
      "bic": -281.74752390681317,
      "params": [
        1.3657319680336763e-11,
        1.0,
        1.0,
        0.4193985841479199
      ],
      "confidence_score": 0.8662738739965044
    },
    "Logarithmic": {
      "r2": 0.9530295144925485,
      "aic": -326.86753193906463,
      "bic": -322.7814294033955,
      "params": [
        0.6572559861956535,
        -4.391696643042405
      ],
      "confidence_score": 0.9430295144925485
    },
    "N Log N": {
      "r2": 0.9875178489223215,
      "aic": -402.40505634653954,
      "bic": -398.3189538108704,
      "params": [
        3.357058532352482e-05,
        0.04581530710706966
      ],
      "confidence_score": 0.9575178489223215
    }
  }
}