{
  "valid_points": 97,
  "models": {
    "Constant": {
      "r2": 0.7,
      "aic": -119.3737799626879,
      "bic": -114.22435800568114,
      "params": [
        100.35663068140914,
        -99.64336931859089
      ],
      "confidence_score": 0.41
    },
    "Linear": {
      "r2": 0.6370126342425324,
      "aic": -217.67234325137574,
      "bic": -212.52292129436898,
      "params": [
        0.00030258218198753184,
        0.0925686060397366
      ],
      "confidence_score": 0.5210656698847216
    },
    "Quadratic": {
      "r2": 0.6270288545078258,
      "aic": -213.0404393279494,
      "bic": -205.31630639243926,
      "params": [
        6.852963250093732e-08,
        1.0,
        0.291246553689351
      ],
      "confidence_score": 0.3602712394599873
    },
    "Cubic": {
      "r2": 0.553579947224334,
      "aic": -193.60378990234494,
      "bic": -183.3049459883314,
      "params": [
        1.5272225774540846e-11,
        1.0,
        1.0,
        0.3948793356514855
      ],
      "confidence_score": 0.3121480356585702
    },
    "Logarithmic": {
      "r2": 0.32661545602472875,
      "aic": -157.7313362622975,
      "bic": -152.58191430529075,
      "params": [
        0.16854596397583355,
        -0.4567662653569784
      ],
      "confidence_score": 0.36130772801237515
    },
    "N Log N": {
      "r2": 0.6443357453830622,
      "aic": -219.6492854824666,
      "bic": -214.49986352545983,
      "params": [
        3.597070628583725e-05,
        0.12965590075595215
      ],
      "confidence_score": 0.898
    }
  }
}