{
  "Constant": {
    "r2": 0.0,
    "aic": -68.68675641235497,
    "bic": -64.02528973178231,
    "params": [
      -99.41479475972682,
      100.58520524027321
    ]
  },
  "Linear": {
    "r2": 0.26445365780648167,
    "aic": -92.02952813437938,
    "bic": -87.36806145380672,
    "params": [
      0.0002813509788222035,
      0.33357641787832504
    ]
  },
  "Quadratic": {
    "r2": 0.270955192882665,
    "aic": -90.70428287634603,
    "bic": -83.71208285548704,
    "params": [
      4.719223245519544e-08,
      1.0,
      0.6923298805316005
    ]
  },
  "Cubic": {
    "r2": 0.272602242194523,
    "aic": -88.87617540966959,
    "bic": -79.55324204852425,
    "params": [
      9.446039496478048e-12,
      1.0,
      1.0,
      0.8136369716812752
    ]
  },
  "Logarithmic": {
    "r2": 0.2513521839197663,
    "aic": -90.68773888989237,
    "bic": -86.02627220931971,
    "params": [
      0.7225864423048963,
      -4.547551945435314
    ]
  },
  "N Log N": {
    "r2": 0.2654158488685985,
    "aic": -92.12901118230533,
    "bic": -87.46754450173268,
    "params": [
      3.148715741522027e-05,
      0.41425630050603135
    ]
  }
}