{
  "best_model": "O(2^n)",
  "details": {
    "O(1)": {
      "r2": 0.0,
      "aic": 59.93425597963417,
      "params_norm": [
        0.5446165191730479
      ],
      "rss": 79284.83333333334
    },
    "O(n)": {
      "r2": 0.924375135699706,
      "aic": 49.44243503758007,
      "params_norm": [
        0.8590391863367882,
        0.04351032679190203
      ],
      "rss": 5995.904761904765
    },
    "O(n^2)": {
      "r2": 0.9699613779492442,
      "aic": 53.90262803791947,
      "params_norm": [
        0.7836599655463441,
        -0.05523077262254206,
        0.2466814259472882
      ],
      "rss": 2381.607142857165
    },
    "O(n^3)": {
      "r2": 0.9900174065998093,
      "aic": 77.2927818035667,
      "params_norm": [
        2.367257550060561,
        -3.359040875603902,
        2.0292711789613347,
        -0.029498661888748112
      ],
      "rss": 791.4682539685496
    },
    "O(log n)": {
      "r2": 0.7902379184861509,
      "aic": 55.563567965408104,
      "params_norm": [
        0.37374089023507573,
        0.80444776456724
      ],
      "rss": 16630.951672478608
    },
    "O(n log n)": {
      "r2": 0.8409786753281788,
      "aic": 53.90195416970214,
      "params_norm": [
        1.8343648188252304,
        0.982922390577217
      ],
      "rss": 12607.979223051232
    },
    "O(2^n)": {
      "r2": 0.9754110892989342,
      "aic": 42.70149764651086,
      "params_norm": [
        0.18202695020914758,
        1.683089472266281
      ],
      "rss": 1949.5276867822215
    },
    "O(n^k)": {
      "r2": 0.918890253325891,
      "aic": 49.86254311477341,
      "params_norm": [
        0.9152432198980458,
        0.9829890828813064
      ],
      "rss": 6430.77274676562
    }
  }
}