{
  "valid_points": 56,
  "models": {
    "Constant": {
      "r2": -2.220446049250313e-16,
      "aic": -386.65293369940224,
      "bic": -382.6022303179319,
      "params": [
        -99.75644304816211,
        100.24355695183793
      ],
      "confidence_score": -2.220446049250313e-16
    },
    "Linear": {
      "r2": 0.0278223884148312,
      "aic": -388.2330724411861,
      "bic": -384.1823690597158,
      "params": [
        5.867352047106422e-06,
        0.4724455235578514
      ],
      "confidence_score": 0.0078223884148312
    },
    "Quadratic": {
      "r2": 0.02449203630546115,
      "aic": -386.0415631932329,
      "bic": -379.9655081210274,
      "params": [
        1.0888285684312171e-09,
        1.0,
        0.4794867567707363
      ],
      "confidence_score": -0.01550796369453885
    },
    "Cubic": {
      "r2": 0.02099029253388507,
      "aic": -383.84090206448576,
      "bic": -375.73949530154516,
      "params": [
        2.4445720296938826e-13,
        1.0,
        1.0,
        0.48191018466656965
      ],
      "confidence_score": -0.029009707466114934
    },
    "Logarithmic": {
      "r2": 0.030222295211817962,
      "aic": -388.3714843273055,
      "bic": -384.32078094583517,
      "params": [
        0.013915512874493564,
        0.3791858014652253
      ],
      "confidence_score": 0.02022229521181796
    },
    "N Log N": {
      "r2": 0.02747096036172747,
      "aic": -388.2128329143909,
      "bic": -384.16212953292063,
      "params": [
        6.634744866915725e-07,
        0.4740321634096429
      ],
      "confidence_score": -0.002529039638272529
    }
  }
}