{
  "Constant": {
    "r2": 2.220446049250313e-16,
    "aic": -256.8443057393756,
    "bic": -252.23617555296727,
    "params": [
      100.29637719932444,
      -99.70362280067557
    ]
  },
  "Linear": {
    "r2": 0.9741476254211074,
    "aic": -527.3404145916542,
    "bic": -522.7322844052459,
    "params": [
      0.00014556838783197357,
      0.1560492351528444
    ]
  },
  "Quadratic": {
    "r2": 0.9573088685120361,
    "aic": -488.22284720125225,
    "bic": -481.31065192163976,
    "params": [
      2.3716315233441615e-08,
      1.0,
      0.3471943887587632
    ]
  },
  "Cubic": {
    "r2": 0.903018710933817,
    "aic": -425.50385967235565,
    "bic": -416.28759929953895,
    "params": [
      4.554781593152678e-12,
      1.0,
      1.0,
      0.41426851127267056
    ]
  },
  "Logarithmic": {
    "r2": 0.9244018525008045,
    "aic": -447.93624474498273,
    "bic": -443.3281145585744,
    "params": [
      0.37608506423433063,
      -2.385242261894899
    ]
  },
  "N Log N": {
    "r2": 0.975129869686516,
    "aic": -530.2068015625541,
    "bic": -525.5986713761458,
    "params": [
      1.6256003363572504e-05,
      0.19844492461183483
    ]
  }
}