{
  "valid_points": 58,
  "models": {
    "Constant": {
      "r2": 0.7,
      "aic": 599.551037415897,
      "bic": 603.6719234369898,
      "params": [
        331.41142901290084,
        -68.58857098709925
      ],
      "confidence_score": 0.09999999999999998
    },
    "Linear": {
      "r2": 0.9754859920682039,
      "aic": 384.45742421082,
      "bic": 388.57831023191284,
      "params": [
        0.193625073796791,
        -211.39165457341812
      ],
      "confidence_score": 0.48529159524092225
    },
    "Quadratic": {
      "r2": 0.9999686860045665,
      "aic": 0.007202945522850612,
      "bic": 6.188531977162109,
      "params": [
        3.92212323405694e-05,
        1.0,
        -1.8274789029720457
      ],
      "confidence_score": 0.9799812116027399
    },
    "Cubic": {
      "r2": 0.9829229870008889,
      "aic": 367.4897620613475,
      "bic": 375.7315341035332,
      "params": [
        9.4946483863064e-09,
        1.0,
        1.0,
        70.78403835991676
      ],
      "confidence_score": 0.5697537922005332
    },
    "Logarithmic": {
      "r2": 0.8945342446875897,
      "aic": 469.08763698460695,
      "bic": 473.20852300569976,
      "params": [
        414.12132880629537,
        -2939.7111577204782
      ],
      "confidence_score": 0.548
    },
    "N Log N": {
      "r2": 0.9810012883212796,
      "aic": 369.674759123025,
      "bic": 373.7956451441178,
      "params": [
        0.02213320091549783,
        -163.69088184015365
      ],
      "confidence_score": 0.698
    }
  }
}