{
  "Constant": {
    "r2": 0.0,
    "aic": -301.30780357075395,
    "bic": -297.18691754966113,
    "params": [
      -0.6725203276708198,
      1.0
    ]
  },
  "Linear": {
    "r2": 0.8705635809999849,
    "aic": -419.89260207091553,
    "bic": -415.7717160498227,
    "params": [
      7.645111167006346e-05,
      0.13371564792401835
    ]
  },
  "Quadratic": {
    "r2": 0.8453663461900742,
    "aic": -407.576199608018,
    "bic": -401.3948705763787,
    "params": [
      1.4767808642623947e-08,
      1.0,
      0.22123420067360178
    ]
  },
  "Cubic": {
    "r2": 0.7950111547781284,
    "aic": -389.2261870335646,
    "bic": -380.9844149913789,
    "params": [
      3.4378444079797956e-12,
      1.0,
      1.0,
      0.25142847851166633
    ]
  },
  "Logarithmic": {
    "r2": 0.850598364449779,
    "aic": -411.57259298610546,
    "bic": -407.45170696501265,
    "params": [
      0.17325206872667148,
      -1.01861105677513
    ]
  },
  "N Log N": {
    "r2": 0.8696436314157161,
    "aic": -419.4818339398535,
    "bic": -415.3609479187607,
    "params": [
      8.68736564827178e-06,
      0.1535303830590037
    ]
  }
}