{
  "valid_points": 56,
  "models": {
    "Constant": {
      "r2": -2.220446049250313e-16,
      "aic": -299.3187560502424,
      "bic": -295.26805266877216,
      "params": [
        -99.8390607070178,
        100.16093929298229
      ],
      "confidence_score": -2.220446049250313e-16
    },
    "Linear": {
      "r2": 0.9079057181687357,
      "aic": -432.8755318038167,
      "bic": -428.8248284223464,
      "params": [
        7.309958047940768e-05,
        0.13912963476671436
      ],
      "confidence_score": 0.8879057181687356
    },
    "Quadratic": {
      "r2": 0.8775557896033659,
      "aic": -414.92434362208235,
      "bic": -408.8482885498769,
      "params": [
        1.4214577070958967e-08,
        1.0,
        0.22230674285007368
      ],
      "confidence_score": 0.8375557896033659
    },
    "Cubic": {
      "r2": 0.8220190495464768,
      "aic": -391.97916629334514,
      "bic": -383.87775953040455,
      "params": [
        3.336445247711428e-12,
        1.0,
        1.0,
        0.2508562419711409
      ],
      "confidence_score": 0.7720190495464767
    },
    "Logarithmic": {
      "r2": 0.8918239225890517,
      "aic": -423.8624779000455,
      "bic": -419.81177451857525,
      "params": [
        0.16486354855990062,
        -0.9567958028450977
      ],
      "confidence_score": 0.8818239225890517
    },
    "N Log N": {
      "r2": 0.9064340696264895,
      "aic": -431.98773744599947,
      "bic": -427.93703406452914,
      "params": [
        8.311989786512742e-06,
        0.15799091025804762
      ],
      "confidence_score": 0.8764340696264895
    }
  }
}