{
  "valid_points": 40,
  "models": {
    "Constant": {
      "r2": 0.7,
      "aic": 188.22671969489753,
      "bic": 191.6044786031254,
      "params": [
        -95.48293403349807,
        104.51706596650187
      ],
      "confidence_score": 0.09999999999999998
    },
    "Linear": {
      "r2": 0.8432948194642371,
      "aic": 114.09115689685046,
      "bic": 117.46891580507834,
      "params": [
        0.07233883653095974,
        -6.699565012480044
      ],
      "confidence_score": 0.40597689167854223
    },
    "Quadratic": {
      "r2": 0.974613015123216,
      "aic": 43.285973986557195,
      "bic": 48.352612348899,
      "params": [
        0.00017298776775509506,
        1.0,
        -1.938395681810917
      ],
      "confidence_score": 0.5647678090739295
    },
    "Cubic": {
      "r2": 0.9997469432287662,
      "aic": -139.04914839232467,
      "bic": -132.29363057586892,
      "params": [
        4.2189669946512964e-07,
        1.0,
        1.0,
        0.25465990567338403
      ],
      "confidence_score": 0.9798481659372598
    },
    "Logarithmic": {
      "r2": 0.4368101091872365,
      "aic": 165.2611827408735,
      "bic": 168.63894164910135,
      "params": [
        6.409504057668462,
        -23.390747396076893
      ],
      "confidence_score": 0.46640505459361825
    },
    "N Log N": {
      "r2": 0.877440895408761,
      "aic": 104.26024453900044,
      "bic": 107.63800344722831,
      "params": [
        0.01181323538668321,
        -5.305090655988787
      ],
      "confidence_score": 0.698
    }
  }
}