{
  "valid_points": 58,
  "models": {
    "Constant": {
      "r2": 0.7,
      "aic": 488.8504237266454,
      "bic": 492.9713097477382,
      "params": [
        100.49018498587195,
        1.0
      ],
      "confidence_score": 0.09999999999999998
    },
    "Linear": {
      "r2": 0.9715430191451346,
      "aic": 282.4074407328975,
      "bic": 286.5283267539903,
      "params": [
        0.07348135079654028,
        -81.5163860927525
      ],
      "confidence_score": 0.48292581148708075
    },
    "Quadratic": {
      "r2": 0.9994581123389277,
      "aic": 54.66421669335019,
      "bic": 60.84554572498945,
      "params": [
        1.4911640591197539e-05,
        1.0,
        -2.4600185133867485
      ],
      "confidence_score": 0.9796748674033566
    },
    "Cubic": {
      "r2": 0.9859691917346088,
      "aic": 245.39343667604564,
      "bic": 253.63520871823133,
      "params": [
        3.6149713197810247e-09,
        1.0,
        1.0,
        25.010332510964737
      ],
      "confidence_score": 0.5715815150407653
    },
    "Logarithmic": {
      "r2": 0.8894857366238015,
      "aic": 361.0990039370857,
      "bic": 365.2198899581785,
      "params": [
        157.06262277184334,
        -1115.5991714420911
      ],
      "confidence_score": 0.498
    },
    "N Log N": {
      "r2": 0.9773768603210451,
      "aic": 269.10106674578844,
      "bic": 273.22195276688126,
      "params": [
        0.00840122377565318,
        -63.49357901543652
      ],
      "confidence_score": 0.698
    }
  }
}