{
  "Constant": {
    "r2": -2.220446049250313e-16,
    "aic": -495.4059324448151,
    "bic": -490.8805726907325,
    "params": [
      -99.91839840798309,
      100.08160159201694
    ]
  },
  "Linear": {
    "r2": 0.7582832954591505,
    "aic": -596.225142992667,
    "bic": -591.6997832385844,
    "params": [
      3.0004525547688843e-05,
      0.08721989257798868
    ]
  },
  "Quadratic": {
    "r2": 0.7627203989076434,
    "aic": -595.5405742499421,
    "bic": -588.7525346188181,
    "params": [
      5.9206388392877484e-09,
      1.0,
      0.12083809451389962
    ]
  },
  "Cubic": {
    "r2": 0.7387898658783515,
    "aic": -586.7184684095761,
    "bic": -577.6677489014108,
    "params": [
      1.4021743359605153e-12,
      1.0,
      1.0,
      0.13256658324345516
    ]
  },
  "Logarithmic": {
    "r2": 0.7108488444650674,
    "aic": -583.503137007738,
    "bic": -578.9777772536554,
    "params": [
      0.06622061921010887,
      -0.35138045107798827
    ]
  },
  "N Log N": {
    "r2": 0.7607735300326471,
    "aic": -596.9603992315052,
    "bic": -592.4350394774226,
    "params": [
      3.4186638912386168e-06,
      0.09483164954911531
    ]
  }
}