{
  "valid_points": 19,
  "models": {
    "Constant": {
      "r2": 0.7,
      "aic": 125.24452465234745,
      "bic": 127.13340261068033,
      "params": [
        -94.7900044682779,
        105.20999553172216
      ],
      "confidence_score": 0.11999999999999998
    },
    "Linear": {
      "r2": 0.9999195112217126,
      "aic": -53.87593823251683,
      "bic": -51.987060274183946,
      "params": [
        0.0001906849311977264,
        -0.10335830774225775
      ],
      "confidence_score": 0.8999517067330276
    },
    "Quadratic": {
      "r2": 0.9244686309135328,
      "aic": 78.16358738821528,
      "bic": 80.9969043257146,
      "params": [
        3.756521164765043e-10,
        1.0,
        3.1738243534392305
      ],
      "confidence_score": 0.5346811785481197
    },
    "Cubic": {
      "r2": 0.8481873447013414,
      "aic": 93.42747171647036,
      "bic": 97.20522763313613,
      "params": [
        6.956493618006759e-16,
        1.0,
        1.0,
        4.3897372348536035
      ],
      "confidence_score": 0.48891240682080483
    },
    "Logarithmic": {
      "r2": 0.3832923629354882,
      "aic": 116.06068059961282,
      "bic": 117.9495585579457,
      "params": [
        3.8621993428204573,
        -16.098256681564507
      ],
      "confidence_score": 0.43964618146774415
    },
    "N Log N": {
      "r2": 0.999325755480396,
      "aic": -13.49191210581779,
      "bic": -11.603034147484909,
      "params": [
        1.462627974945908e-05,
        0.34897660048173346
      ],
      "confidence_score": 0.6980000005103186
    }
  }
}