{
  "best_model": "O(1)",
  "details": {
    "O(1)": {
      "r2": 0.0,
      "aic": 67.22263076856677,
      "params_norm": [
        0.6325329566846974
      ],
      "rss": 267140.8333333333
    },
    "O(n)": {
      "r2": 0.2816612247062479,
      "aic": 70.23774683261001,
      "params_norm": [
        0.4723365669906848,
        0.3917339209126607
      ],
      "rss": 191897.619047619
    },
    "O(n^2)": {
      "r2": 0.6760770914931173,
      "aic": 75.45913239931643,
      "params_norm": [
        -1.9516684289139086,
        2.4622730003417894,
        0.10334821412205385
      ],
      "rss": 86533.0357142857
    },
    "O(n^3)": {
      "r2": 0.6773253926908777,
      "aic": 105.4359655410825,
      "params_norm": [
        0.42503088746517104,
        -2.6017157409565583,
        2.7111473717912755,
        0.08910264478440534
      ],
      "rss": 86199.56349206503
    },
    "O(log n)": {
      "r2": 0.5424761152322887,
      "aic": 67.53107363764617,
      "params_norm": [
        0.16541257696935946,
        0.8274207075751441
      ],
      "rss": 122223.31184675037
    },
    "O(n log n)": {
      "r2": 0.16927427140008733,
      "aic": 71.10989723801848,
      "params_norm": [
        -0.9045240603958757,
        0.4438840760107521
      ],
      "rss": 221920.76340962114
    },
    "O(2^n)": {
      "r2": 0.22351261334790562,
      "aic": 70.70478148632732,
      "params_norm": [
        0.4613475621388316,
        0.5909420987519443
      ],
      "rss": 207431.48754306269
    },
    "O(n^k)": {
      "r2": 0.48044926780919306,
      "aic": 68.29388586413279,
      "params_norm": [
        0.8389938427157294,
        0.2823207942467546
      ],
      "rss": 138793.21555639565
    }
  }
}