{
  "valid_points": 18,
  "models": {
    "Constant": {
      "r2": 0.9,
      "aic": -209.42027359555564,
      "bic": -207.63953007976332,
      "params": [
        100.0319465373953,
        -99.96805346260471
      ],
      "confidence_score": 0.7968520450329692
    },
    "Linear": {
      "r2": 0.01194089687006794,
      "aic": -209.6365033123073,
      "bic": -207.85575979651497,
      "params": [
        -1.0341928713408777e-06,
        0.06544436409758392
      ],
      "confidence_score": 0.3935912939348589
    },
    "Quadratic": {
      "r2": 0.010830793758615287,
      "aic": -207.61629132362495,
      "bic": -204.94517604993646,
      "params": [
        -3.273112891832852e-10,
        1.0,
        0.06465543752128156
      ],
      "confidence_score": 0.07899762335133223
    },
    "Cubic": {
      "r2": 0.009669107002892363,
      "aic": -205.59516440980303,
      "bic": -202.03367737821839,
      "params": [
        -1.3360247656035018e-13,
        1.0,
        1.0,
        0.06439157875888857
      ],
      "confidence_score": 0.007374627191680489
    },
    "Logarithmic": {
      "r2": 0.012925528299723932,
      "aic": -209.65444981215705,
      "bic": -207.87370629636473,
      "params": [
        -0.001575915941208747,
        0.07538950069114318
      ],
      "confidence_score": 0.504462764149862
    },
    "N Log N": {
      "r2": 0.011812516067880696,
      "aic": -209.63416468264666,
      "bic": -207.85342116685433,
      "params": [
        -1.238787534491539e-07,
        0.06525530627648293
      ],
      "confidence_score": 0.3008788673132636
    }
  }
}