{
  "valid_points": 11,
  "models": {
    "Constant": {
      "r2": 0.7,
      "aic": 88.91212495458335,
      "bic": 89.70791550018009,
      "params": [
        109.93597372011703,
        -90.06402627988291
      ],
      "confidence_score": 0.09999999999999998
    },
    "Linear": {
      "r2": 0.920413960688044,
      "aic": 61.07204249712319,
      "bic": 61.86783304271994,
      "params": [
        0.07484827481985867,
        -7.910371295173526
      ],
      "confidence_score": 0.4522483764128264
    },
    "Quadratic": {
      "r2": 0.9999640203512801,
      "aic": -21.646003065026612,
      "bic": -20.4523172466315,
      "params": [
        3.947622685285257e-05,
        1.0,
        -0.16843545520066527
      ],
      "confidence_score": 0.979978412210768
    },
    "Cubic": {
      "r2": 0.9850858293367495,
      "aic": 46.65224682012943,
      "bic": 48.24382791132291,
      "params": [
        1.9225156050632912e-08,
        1.0,
        1.0,
        2.743551298891701
      ],
      "confidence_score": 0.5710514976020501
    },
    "Logarithmic": {
      "r2": 0.3595952960010447,
      "aic": 84.0099204773136,
      "bic": 84.80571102291034,
      "params": [
        12.138861736301504,
        -29.242041797400915
      ],
      "confidence_score": 0.32779764800052236
    },
    "N Log N": {
      "r2": 0.9473712451004598,
      "aic": 56.52270594192099,
      "bic": 57.318496487517734,
      "params": [
        0.010024953504146988,
        -5.95280634998025
      ],
      "confidence_score": 0.698
    }
  }
}