{
  "Constant": {
    "name": "Constant",
    "r2": 0.0,
    "bic": -6.632864948491685,
    "confidence_score": -0.16057620877200915,
    "params": [
      0.7293852466087648,
      0.7293852466086127
    ],
    "order": 0
  },
  "Linear": {
    "name": "Linear",
    "r2": 0.9885838768430866,
    "bic": -87.14197994233301,
    "confidence_score": 0.7880076680710774,
    "params": [
      0.011377803018792843,
      0.1730787508870551
    ],
    "order": 2
  },
  "Quadratic": {
    "name": "Quadratic",
    "r2": 0.9993165831792121,
    "bic": -134.9337940841994,
    "confidence_score": 0.6784522700211985,
    "params": [
      2.2908158266746867e-05,
      0.00620055925050418,
      0.3778165973701649
    ],
    "order": 4
  },
  "Cubic": {
    "name": "Cubic",
    "r2": 0.9995889274962967,
    "bic": -141.19345855049764,
    "confidence_score": 0.5784365099522785,
    "params": [
      6.725251506465596e-08,
      1.0955565946910462e-07,
      0.008339000922611117,
      0.3302495928861396
    ],
    "order": 5
  },
  "Logarithmic": {
    "name": "Logarithmic",
    "r2": 0.5175956454476149,
    "bic": -19.754371870171994,
    "confidence_score": 0.33701943667560574,
    "params": [
      0.3382898548781713,
      2.4246731705460624e-22
    ],
    "order": 1
  },
  "N Log N": {
    "name": "N Log N",
    "r2": 0.9958189458034522,
    "bic": -105.22231850249939,
    "confidence_score": 0.775242737031443,
    "params": [
      0.0020300656103501794,
      0.3357983924082209
    ],
    "order": 3
  },
  "confidence_analysis": {
    "best_model": "Linear",
    "best_score": 0.7880076680710774,
    "second_best_model": "N Log N",
    "second_best_score": 0.775242737031443,
    "confidence_gap": 0.012764931039634386,
    "is_confident": false,
    "threshold": 0.03
  }
}