{
  "valid_points": 98,
  "models": {
    "Constant": {
      "r2": 0.7,
      "aic": -895.4010274253143,
      "bic": -890.2310924679731,
      "params": [
        -99.9754669867,
        100.0245330133
      ],
      "confidence_score": 0.531323457148628
    },
    "Linear": {
      "r2": 0.021722747678445065,
      "aic": -897.5533191093728,
      "bic": -892.3833841520316,
      "params": [
        -1.0753240335947822e-06,
        0.05132464597934472
      ],
      "confidence_score": 0.39932348757517777
    },
    "Quadratic": {
      "r2": 0.020923656107695976,
      "aic": -895.473301908152,
      "bic": -887.7183994721404,
      "params": [
        -2.3822468550040427e-10,
        1.0,
        0.05057944919268846
      ],
      "confidence_score": 0.03101553132722081
    },
    "Cubic": {
      "r2": 0.019667389444651073,
      "aic": -893.3476373299962,
      "bic": -883.007767415314,
      "params": [
        -5.4422840514344287e-14,
        1.0,
        1.0,
        0.05024247756324725
      ],
      "confidence_score": 0.0
    },
    "Logarithmic": {
      "r2": 0.006231900173409799,
      "aic": -896.0136645780277,
      "bic": -890.8437296206865,
      "params": [
        -0.00045316504967238795,
        0.05223578003932398
      ],
      "confidence_score": 0.13875525377688958
    },
    "N Log N": {
      "r2": 0.021908776100971417,
      "aic": -897.5719564833481,
      "bic": -892.4020215260069,
      "params": [
        -1.2740900274617396e-07,
        0.05118534743347971
      ],
      "confidence_score": 0.6089543880504856
    }
  }
}