{
  "valid_points": 28,
  "models": {
    "Constant": {
      "r2": 0.85,
      "aic": -598.8784994677798,
      "bic": -596.2140904474294,
      "params": [
        -99.99981699511412,
        100.000183004886
      ],
      "confidence_score": 0.47530060982516714
    },
    "Linear": {
      "r2": 0.14996311489878478,
      "aic": -603.4278144814513,
      "bic": -600.7634054611009,
      "params": [
        7.385201704432275e-14,
        0.0003631777004980215
      ],
      "confidence_score": 0.4728591246299473
    },
    "Quadratic": {
      "r2": 0.15377414423054447,
      "aic": -601.5536310760924,
      "bic": -597.5570175455669,
      "params": [
        1.5174486390694678e-22,
        1.0,
        0.0003639270347306867
      ],
      "confidence_score": 0.15133289914443585
    },
    "Cubic": {
      "r2": 0.14646140628704007,
      "aic": -599.3127060164188,
      "bic": -593.983887975718,
      "params": [
        2.806337187842776e-31,
        1.0,
        1.0,
        0.00036423728348412913
      ],
      "confidence_score": 0.08112354655857873
    },
    "Logarithmic": {
      "r2": 0.10318018051338806,
      "aic": -601.9277080704439,
      "bic": -599.2632990500936,
      "params": [
        1.2045598905104052e-06,
        0.0003530918581154902
      ],
      "confidence_score": 0.4887706581778509
    },
    "N Log N": {
      "r2": 0.15105271754637195,
      "aic": -603.4637287399803,
      "bic": -600.7993197196299,
      "params": [
        3.718830175178239e-15,
        0.0003632419911667611
      ],
      "confidence_score": 0.573526358773186
    }
  }
}