{
  "best_model": "O(n log n)",
  "details": {
    "O(1)": {
      "r2": 0,
      "aic": Infinity,
      "params_norm": [
        1.0
      ],
      "rss": 0.0
    },
    "O(n)": {
      "r2": 0,
      "aic": -2964.881309908295,
      "params_norm": [
        -9.778793904550355e-10,
        1.0000000005923924
      ],
      "rss": 9.7617387626654e-15
    },
    "O(n^2)": {
      "r2": 0,
      "aic": -2756.8430018444446,
      "params_norm": [
        -1.6370592904487226e-08,
        1.8986107378921625e-08,
        0.9999999954126015
      ],
      "rss": 1.2399046698023474e-13
    },
    "O(n^3)": {
      "r2": 0,
      "aic": -2645.805265480717,
      "params_norm": [
        -1.58316306908492e-07,
        2.880903192393119e-07,
        -1.5917913911634305e-07,
        1.0000000258094672
      ],
      "rss": 4.751829343732749e-13
    },
    "O(log n)": {
      "r2": 0,
      "aic": -2942.086765485136,
      "params_norm": [
        -5.934146138113041e-10,
        0.999999999643905
      ],
      "rss": 1.2934325451043149e-14
    },
    "O(n log n)": {
      "r2": 0,
      "aic": -3025.1040161235915,
      "params_norm": [
        -1.4129476602064176e-09,
        0.9999999996352317
      ],
      "rss": 4.641234265132223e-15
    },
    "O(2^n)": {
      "r2": 0,
      "aic": -2980.617904599425,
      "params_norm": [
        0.9999999994674227,
        8.876288830373813e-10
      ],
      "rss": 8.0380907787844e-15
    }
  }
}