{
  "valid_points": 9,
  "models": {
    "Constant": {
      "r2": 0.0,
      "aic": -62.83586842242529,
      "bic": -62.441419267752856,
      "params": [
        -0.8662773933675554,
        1.0
      ],
      "confidence_score": 0.0
    },
    "Linear": {
      "r2": 0.9301253107313132,
      "aic": -86.78533457271399,
      "bic": -86.39088541804155,
      "params": [
        0.00010895428202639668,
        0.092743690559011
      ],
      "confidence_score": 0.9101253107313132
    },
    "Quadratic": {
      "r2": 0.9335334009244252,
      "aic": -85.2353699657867,
      "bic": -84.64369623377804,
      "params": [
        1.1893926377126718e-07,
        1.0,
        0.1113484791824707
      ],
      "confidence_score": 0.8935334009244251
    },
    "Cubic": {
      "r2": 0.8893550201971542,
      "aic": -78.64872567459551,
      "bic": -77.85982736525064,
      "params": [
        1.4343359484316695e-10,
        1.0,
        1.0,
        0.11757056346670043
      ],
      "confidence_score": 0.8393550201971541
    },
    "Logarithmic": {
      "r2": 0.8287215812172135,
      "aic": -78.71605222102669,
      "bic": -78.32160306635424,
      "params": [
        0.037297527190004544,
        -0.08106138275314678
      ],
      "confidence_score": 0.8187215812172135
    },
    "N Log N": {
      "r2": 0.9356946509439633,
      "aic": -87.53288058174549,
      "bic": -87.13843142707304,
      "params": [
        1.55522127075565e-05,
        0.09810140187293881
      ],
      "confidence_score": 0.9056946509439633
    }
  }
}