{
  "valid_points": 20,
  "models": {
    "Constant": {
      "r2": 0.7,
      "aic": 276.91964207005174,
      "bic": 278.9111066171597,
      "params": [
        803.1694907409264,
        3.1692829190560587
      ],
      "confidence_score": 0.09999999999999998
    },
    "Linear": {
      "r2": 0.8402363765177356,
      "aic": 240.23844388312267,
      "bic": 242.22990843023067,
      "params": [
        13.27698894598797,
        -620.937532251694
      ],
      "confidence_score": 0.40414182591064135
    },
    "Quadratic": {
      "r2": 0.9740122034901214,
      "aic": 205.91707774702058,
      "bic": 208.90427456768256,
      "params": [
        0.06430316047020024,
        1.0,
        -195.47230910347747
      ],
      "confidence_score": 0.5644073220940728
    },
    "Cubic": {
      "r2": 0.9998999233757412,
      "aic": 96.72815361401543,
      "bic": 100.71108270823139,
      "params": [
        0.00031632797617864306,
        1.0,
        1.0,
        2.930567183342841
      ],
      "confidence_score": 0.9799399540254446
    },
    "Logarithmic": {
      "r2": 0.4435063436934312,
      "aic": 265.19765191803316,
      "bic": 267.1891164651411,
      "params": [
        591.2925129329839,
        -1763.2316949103483
      ],
      "confidence_score": 0.36975317184671563
    },
    "N Log N": {
      "r2": 0.8792627842725832,
      "aic": 234.6368647511013,
      "bic": 236.6283292982093,
      "params": [
        2.45194598244043,
        -480.26555462434703
      ],
      "confidence_score": 0.698
    }
  }
}