{
  "best_model": "O(2^n)",
  "details": {
    "O(1)": {
      "r2": 0,
      "aic": Infinity,
      "params_norm": [
        1.0
      ],
      "rss": 0.0
    },
    "O(n)": {
      "r2": 0,
      "aic": -3643.742949469675,
      "params_norm": [
        3.539513381405014e-10,
        0.9999999997936918
      ],
      "rss": 2.083048875902251e-14
    },
    "O(n^2)": {
      "r2": 0,
      "aic": -3108.7452478311534,
      "params_norm": [
        2.262728146446774e-08,
        -2.697387986981183e-08,
        1.000000006707853
      ],
      "rss": 4.074019252717471e-12
    },
    "O(n^3)": {
      "r2": 0,
      "aic": -3053.6727921519296,
      "params_norm": [
        9.207473059506364e-09,
        1.2993395631032284e-08,
        -2.4496106730549883e-08,
        1.0000000064036458
      ],
      "rss": 6.878662429478134e-12
    },
    "O(log n)": {
      "r2": 0,
      "aic": -3183.733377740175,
      "params_norm": [
        -1.7262467729194512e-09,
        0.9999999988883356
      ],
      "rss": 1.980229318345562e-12
    },
    "O(n log n)": {
      "r2": 0,
      "aic": -3612.720145939179,
      "params_norm": [
        9.149493385152141e-10,
        1.000000000238507
      ],
      "rss": 2.832016768203826e-14
    },
    "O(2^n)": {
      "r2": 0,
      "aic": -3822.1487970075905,
      "params_norm": [
        1.0000000000853677,
        -1.463447165138362e-10
      ],
      "rss": 3.560935136302494e-15
    },
    "O(n^k)": {
      "r2": 0,
      "aic": -3522.4334424492463,
      "params_norm": [
        0.999999999792065,
        -3.2278032427202367e-10
      ],
      "rss": 6.923468373547112e-14
    }
  }
}