{
  "valid_points": 75,
  "models": {
    "Constant": {
      "r2": -2.220446049250313e-16,
      "aic": -253.86381334728463,
      "bic": -249.228837120212,
      "params": [
        -99.73320392270884,
        100.26679607729122
      ],
      "confidence_score": -2.220446049250313e-16
    },
    "Linear": {
      "r2": 0.9768130135918939,
      "aic": -536.1761199754418,
      "bic": -531.5411437483692,
      "params": [
        0.00015428339822609605,
        0.07588473984483501
      ],
      "confidence_score": 0.9568130135918939
    },
    "Quadratic": {
      "r2": 0.9649626180914889,
      "aic": -503.2142933169052,
      "bic": -496.2618289762963,
      "params": [
        2.5238205525468516e-08,
        1.0,
        0.2781983398014384
      ],
      "confidence_score": 0.9249626180914888
    },
    "Cubic": {
      "r2": 0.9148321741064814,
      "aic": -434.59867935915435,
      "bic": -425.3287269050091,
      "params": [
        4.863630293913342e-12,
        1.0,
        1.0,
        0.34918436956842114
      ],
      "confidence_score": 0.8648321741064814
    },
    "Logarithmic": {
      "r2": 0.9216996577331623,
      "aic": -444.90406120510613,
      "bic": -440.2690849780335,
      "params": [
        0.39680208782723503,
        -2.6046254033573977
      ],
      "confidence_score": 0.9116996577331623
    },
    "N Log N": {
      "r2": 0.978378888186669,
      "aic": -541.4201915625239,
      "bic": -536.7852153354513,
      "params": [
        1.7237390491826182e-05,
        0.12073844606719775
      ],
      "confidence_score": 0.9483788881866689
    }
  }
}