{
  "Constant": {
    "params": [
      0.00011365796632245574
    ],
    "r_squared": -2.220446049250313e-16,
    "success": true
  },
  "Linear": {
    "params": [
      6.963760099705014e-09,
      9.276668178981955e-05
    ],
    "r_squared": 0.0006244390085654583,
    "success": true
  },
  "Quadratic": {
    "params": [
      7.823034941268757e-12,
      -3.9974433149814724e-08,
      0.00015248246748926993
    ],
    "r_squared": 0.0014856337250530594,
    "success": true
  },
  "Cubic": {
    "params": [
      -1.602348404955655e-14,
      1.5203437321537558e-10,
      -4.331986300950336e-07,
      0.00046688710796140753
    ],
    "r_squared": 0.005290114617099939,
    "success": true
  },
  "Logarithmic": {
    "params": [
      1.0548378373669718e-05,
      3.0146928843047306e-05
    ],
    "r_squared": 0.0002063332496542447,
    "success": true
  },
  "n_log_n": {
    "params": [
      8.025118175682948e-10,
      9.41898752310727e-05
    ],
    "r_squared": 0.000665377313075477,
    "success": true
  },
  "Exponential": {
    "params": [
      9.300300503293229e-05,
      6.580341186289418e-05
    ],
    "r_squared": 0.0006718247955863621,
    "success": true
  },
  "Sqrt_Exponential": {
    "params": [
      9.30031083394014e-05,
      0.00013160612626521428
    ],
    "r_squared": 0.0006718247954243806,
    "success": true
  },
  "Power": {
    "params": [
      4.571031752437164e-05,
      0.11486147503741771
    ],
    "r_squared": 0.0002519553576021405,
    "success": true
  }
}