{
  "Constant": {
    "r2": 0.0,
    "aic": 845.1290014396176,
    "bic": 849.3176905640618,
    "params": [
      78.98719528069125,
      1678.987195280691
    ]
  },
  "Linear": {
    "r2": 0.9762005441984765,
    "aic": 620.8434475967176,
    "bic": 625.0321367211618,
    "params": [
      1.2631257358326717,
      -1368.261805624481
    ]
  },
  "Quadratic": {
    "r2": 0.9999437353681803,
    "aic": 260.0023356716342,
    "bic": 266.2853693583005,
    "params": [
      0.00025515972313572277,
      1.0,
      3.644977452160554
    ]
  },
  "Cubic": {
    "r2": 0.9826796118515603,
    "aic": 605.7767434987599,
    "bic": 614.1541217476482,
    "params": [
      6.165500640017111e-08,
      1.0,
      1.0,
      479.98171171493976
    ]
  },
  "Logarithmic": {
    "r2": 0.8963554927277435,
    "aic": 709.1216953674393,
    "bic": 713.3103844918835,
    "params": [
      2711.0621097437374,
      -19237.963317089972
    ]
  },
  "N Log N": {
    "r2": 0.9816053912314586,
    "aic": 605.3871418989999,
    "bic": 609.575831023444,
    "params": [
      0.14433550400863246,
      -1056.187719847453
    ]
  }
}