{
  "valid_points": 16,
  "models": {
    "Constant": {
      "r2": 0.7,
      "aic": 34.745915588555945,
      "bic": 36.29109303303551,
      "params": [
        0.3114421162754297,
        1.0
      ],
      "confidence_score": 0.11999999999999998
    },
    "Linear": {
      "r2": 0.9999417434459323,
      "aic": -121.26454770209506,
      "bic": -119.7193702576155,
      "params": [
        7.66353690916377e-05,
        0.055944023286561895
      ],
      "confidence_score": 0.8099650460675594
    },
    "Quadratic": {
      "r2": 0.9240172980851276,
      "aic": -4.490077547209278,
      "bic": -2.172311380489935,
      "params": [
        5.984576314160596e-10,
        1.0,
        0.4546764147229628
      ],
      "confidence_score": 0.5344103788510765
    },
    "Cubic": {
      "r2": 0.8475096838389677,
      "aic": 8.655448620006938,
      "bic": 11.745803508966063,
      "params": [
        4.422395961647977e-15,
        1.0,
        1.0,
        0.6001503690896441
      ],
      "confidence_score": 0.4885058103033806
    },
    "Logarithmic": {
      "r2": 0.4460787172239289,
      "aic": 25.294192529639346,
      "bic": 26.83936997411891,
      "params": [
        0.538051868382242,
        -2.2131158787796363
      ],
      "confidence_score": 0.5710393586119644
    },
    "N Log N": {
      "r2": 0.9990129506635796,
      "aic": -75.98673294806075,
      "bic": -74.44155550358118,
      "params": [
        6.565138486851903e-06,
        0.11857742518560299
      ],
      "confidence_score": 0.6980000000441742
    }
  }
}