{
  "valid_points": 206,
  "models": {
    "Constant": {
      "r2": 0.7,
      "aic": -2740.874720885453,
      "bic": -2734.218968547874,
      "params": [
        100.00730055628492,
        -99.99269944371511
      ],
      "confidence_score": 0.37
    },
    "Linear": {
      "r2": 0.6510767580895153,
      "aic": -2957.7728044323226,
      "bic": -2951.1170520947435,
      "params": [
        3.603861517409499e-10,
        0.012774050026186416
      ],
      "confidence_score": 0.3806460548537091
    },
    "Quadratic": {
      "r2": 0.4779185927710703,
      "aic": -2872.7606615323284,
      "bic": -2862.7770330259596,
      "params": [
        2.9542765161654205e-17,
        1.0,
        0.013599844430039018
      ],
      "confidence_score": 0.2667511556626421
    },
    "Cubic": {
      "r2": 0.3696184212642867,
      "aic": -2831.929293142758,
      "bic": -2818.6177884676,
      "params": [
        2.721448651188591e-24,
        1.0,
        1.0,
        0.013907569878153163
      ],
      "confidence_score": 0.20177105275857202
    },
    "Logarithmic": {
      "r2": 0.8183707301127221,
      "aic": -3092.26697637537,
      "bic": -3085.611224037791,
      "params": [
        0.0013279463608094227,
        -0.005548442085420814
      ],
      "confidence_score": 0.898
    },
    "N Log N": {
      "r2": 0.6381462849400572,
      "aic": -2950.276862565076,
      "bic": -2943.621110227497,
      "params": [
        2.187230107219154e-11,
        0.012868932480054409
      ],
      "confidence_score": 0.598
    }
  }
}