{
  "Constant": {
    "r2": 0.0,
    "aic": 425.3325273465877,
    "bic": 430.4819493035945,
    "params": [
      104.86216941829198,
      -95.13783058170796
    ]
  },
  "Linear": {
    "r2": 0.9341092934763322,
    "aic": 161.5160138267486,
    "bic": 166.66543578375536,
    "params": [
      0.006050355243596908,
      -2.7305357441474793
    ]
  },
  "Quadratic": {
    "r2": 0.9921332915288845,
    "aic": -42.643680179683905,
    "bic": -34.919547244173756,
    "params": [
      1.419948513881053e-06,
      1.0,
      0.9177155657988556
    ]
  },
  "Cubic": {
    "r2": 0.9560218764681598,
    "aic": 126.29842011375659,
    "bic": 136.5972640277701,
    "params": [
      3.295985657216782e-10,
      1.0,
      1.0,
      2.78220586512129
    ]
  },
  "Logarithmic": {
    "r2": 0.4355005238654228,
    "aic": 369.86639247586197,
    "bic": 375.01581443286875,
    "params": [
      3.2229681782481383,
      -12.65731474345868
    ]
  },
  "N Log N": {
    "r2": 0.9528509867553889,
    "aic": 129.0516341283975,
    "bic": 134.20105608540425,
    "params": [
      0.0007220999875696435,
      -2.038176289403838
    ]
  }
}