{
  "valid_points": 10,
  "models": {
    "Constant": {
      "r2": 0.7,
      "aic": -38.212898810072815,
      "bic": -37.60772862408472,
      "params": [
        -0.9236181378364561,
        1.0
      ],
      "confidence_score": 0.12000000000000012
    },
    "Linear": {
      "r2": 0.998863297083068,
      "aic": -106.00913266141589,
      "bic": -105.4039624754278,
      "params": [
        0.0003869117583653603,
        -0.0023933718396518255
      ],
      "confidence_score": 0.5939689624355013
    },
    "Quadratic": {
      "r2": 0.9410887814980078,
      "aic": -64.53013620541537,
      "bic": -63.62238092643324,
      "params": [
        3.7669271013562877e-07,
        1.0,
        0.023870220339914372
      ],
      "confidence_score": 0.5446532689788562
    },
    "Cubic": {
      "r2": 0.8712500667575422,
      "aic": -54.7117313895089,
      "bic": -53.50139101753271,
      "params": [
        3.550256455076955e-10,
        1.0,
        1.0,
        0.03296416628813089
      ],
      "confidence_score": 0.502750040055033
    },
    "Logarithmic": {
      "r2": 0.5747887227674833,
      "aic": -46.76458991689614,
      "bic": -46.15941973090805,
      "params": [
        0.0426654557067773,
        -0.08097691230651428
      ],
      "confidence_score": 0.5353943613837514
    },
    "N Log N": {
      "r2": 0.9991479599621045,
      "aic": -108.89166920411319,
      "bic": -108.2864990181251,
      "params": [
        5.605805332252265e-05,
        0.005020386347408092
      ],
      "confidence_score": 0.9480000000000001
    }
  }
}