{
  "valid_points": 197,
  "models": {
    "Constant": {
      "r2": 0.85,
      "aic": -3441.684973719726,
      "bic": -3435.1185662622497,
      "params": [
        100.00112242996711,
        -99.9988775700329
      ],
      "confidence_score": 0.44500000000035445
    },
    "Linear": {
      "r2": 0.2020327831424944,
      "aic": -3486.1454632293803,
      "bic": -3479.579055771904,
      "params": [
        2.5027816924440508e-11,
        0.0021182779468000693
      ],
      "confidence_score": 0.11335235983252022
    },
    "Quadratic": {
      "r2": 0.16717543288476433,
      "aic": -3475.722629471343,
      "bic": -3465.873018285129,
      "params": [
        2.1833257207890984e-18,
        1.0,
        0.0021711647463811498
      ],
      "confidence_score": 0.08030751241082695
    },
    "Cubic": {
      "r2": 0.14461668365109537,
      "aic": -3468.4574744172564,
      "bic": -3455.3246595023043,
      "params": [
        2.1334030305818306e-25,
        1.0,
        1.0,
        0.0021907988343653076
      ],
      "confidence_score": 0.06677002172924056
    },
    "Logarithmic": {
      "r2": 0.2433281726289006,
      "aic": -3496.61362418584,
      "bic": -3490.0472167283638,
      "params": [
        8.992572881528117e-05,
        0.0008806769813028798
      ],
      "confidence_score": 0.7196640863144502
    },
    "N Log N": {
      "r2": 0.1992676387368656,
      "aic": -3485.4639918653156,
      "bic": -3478.8975844078395,
      "params": [
        1.5239174754336549e-12,
        0.002124475652076673
      ],
      "confidence_score": 0.3987714711694629
    }
  }
}