{
  "best_model": "O(2^n)",
  "details": {
    "O(1)": {
      "r2": 0,
      "aic": Infinity,
      "params_norm": [
        1.0
      ],
      "rss": 0.0
    },
    "O(n)": {
      "r2": 0,
      "aic": -3571.332065641419,
      "params_norm": [
        3.539513381405014e-10,
        0.9999999997936918
      ],
      "rss": 4.266407209073437e-14
    },
    "O(n^2)": {
      "r2": 0,
      "aic": -3036.33436061347,
      "params_norm": [
        2.262728146446774e-08,
        -2.697387986981183e-08,
        1.000000006707853
      ],
      "rss": 8.344223649321244e-12
    },
    "O(n^3)": {
      "r2": 0,
      "aic": -2981.261904984289,
      "params_norm": [
        9.207473059506364e-09,
        1.2993395631032284e-08,
        -2.4496106730549883e-08,
        1.0000000064036458
      ],
      "rss": 1.4088568102132844e-11
    },
    "O(log n)": {
      "r2": 0,
      "aic": -3111.3224911959283,
      "params_norm": [
        -1.7262467729194512e-09,
        0.9999999988883356
      ],
      "rss": 4.0558169154510955e-12
    },
    "O(n log n)": {
      "r2": 0,
      "aic": -3540.3092491905304,
      "params_norm": [
        9.149493385152141e-10,
        1.000000000238507
      ],
      "rss": 5.800410370353388e-14
    },
    "O(2^n)": {
      "r2": 0,
      "aic": -3749.737872229838,
      "params_norm": [
        1.0000000000853677,
        -1.463447165138362e-10
      ],
      "rss": 7.293350469080855e-15
    },
    "O(n^k)": {
      "r2": 0,
      "aic": -3450.0225694443616,
      "params_norm": [
        0.999999999792065,
        -3.2278032427202367e-10
      ],
      "rss": 1.4180335640232905e-13
    }
  }
}