{
  "valid_points": 19,
  "models": {
    "Constant": {
      "r2": 0.0,
      "aic": 137.04724455862743,
      "bic": 138.9361225169603,
      "params": [
        -81.69081981636978,
        118.30918018363027
      ],
      "confidence_score": 0.0
    },
    "Linear": {
      "r2": 0.9320118968905051,
      "aic": 85.9672162343229,
      "bic": 87.85609419265579,
      "params": [
        0.531285607287188,
        -17.572771576032686
      ],
      "confidence_score": 0.9120118968905051
    },
    "Quadratic": {
      "r2": 0.9997061613465018,
      "aic": -15.469870480382472,
      "bic": -12.636553542883151,
      "params": [
        0.0026085189585840496,
        1.0,
        0.010405302490634871
      ],
      "confidence_score": 0.9597061613465018
    },
    "Cubic": {
      "r2": 0.9733294231301993,
      "aic": 72.18755264756878,
      "bic": 75.96530856423453,
      "params": [
        1.3166261607522323e-05,
        1.0,
        1.0,
        8.021398150847334
      ],
      "confidence_score": 0.9233294231301993
    },
    "Logarithmic": {
      "r2": 0.5587659560921496,
      "aic": 121.50182774105498,
      "bic": 123.39070569938787,
      "params": [
        23.955438385168616,
        -66.20984934809987
      ],
      "confidence_score": 0.5487659560921496
    },
    "N Log N": {
      "r2": 0.9590771873425249,
      "aic": 76.32196006854902,
      "bic": 78.2108380268819,
      "params": [
        0.09823160261482027,
        -11.7682554976416
      ],
      "confidence_score": 0.9290771873425249
    }
  }
}