{
  "Constant": {
    "r2": 1.1102230246251565e-16,
    "aic": -75.18605378454473,
    "bic": -70.47263613116554,
    "params": [
      -99.37124101397315,
      100.62875898602688
    ]
  },
  "Linear": {
    "r2": 0.7633268386638827,
    "aic": -187.5899159311831,
    "bic": -182.8764982778039,
    "params": [
      0.0004658219039178624,
      -0.12919800345530197
    ]
  },
  "Quadratic": {
    "r2": 0.7893156698216359,
    "aic": -194.66281162086509,
    "bic": -187.5926851407963,
    "params": [
      7.828861170455781e-08,
      1.0,
      0.463932412737168
    ]
  },
  "Cubic": {
    "r2": 0.779165397589885,
    "aic": -188.9926723019453,
    "bic": -179.56583699518694,
    "params": [
      1.547739393417748e-11,
      1.0,
      1.0,
      0.6728082228310429
    ]
  },
  "Logarithmic": {
    "r2": 0.6873643292646135,
    "aic": -165.87796088254768,
    "bic": -161.1645432291685,
    "params": [
      1.1675707479728368,
      -7.98383496342705
    ]
  },
  "N Log N": {
    "r2": 0.7685720423740016,
    "aic": -189.33801264427916,
    "bic": -184.62459499089996,
    "params": [
      5.2200524730220295e-05,
      0.0028355092299840036
    ]
  }
}