{
  "valid_points": 9,
  "models": {
    "Constant": {
      "r2": 0.7,
      "aic": 74.69511803313682,
      "bic": 75.08956718780927,
      "params": [
        110.62786144349313,
        1.0
      ],
      "confidence_score": 0.1200000000016885
    },
    "Linear": {
      "r2": 0.9956204729522445,
      "aic": 25.817787169640035,
      "bic": 26.212236324312475,
      "params": [
        0.0004107410302361947,
        -7.942138386555548
      ],
      "confidence_score": 0.5898473388797659
    },
    "Quadratic": {
      "r2": 0.9794458876871194,
      "aic": 41.732869823539616,
      "bic": 42.324543555548274,
      "params": [
        6.87935678503031e-10,
        1.0,
        42.860793476744405
      ],
      "confidence_score": 0.5676968605508562
    },
    "Cubic": {
      "r2": 0.9212633694466236,
      "aic": 55.82029695517813,
      "bic": 56.60919526452301,
      "params": [
        1.3310273457180507e-15,
        1.0,
        1.0,
        61.10269799480585
      ],
      "confidence_score": 0.5327580448637461
    },
    "Logarithmic": {
      "r2": 0.9288391231004344,
      "aic": 50.909809193146124,
      "bic": 51.30425834781856,
      "params": [
        98.91410998184628,
        -1122.0540320547327
      ],
      "confidence_score": 0.5480002468439628
    },
    "N Log N": {
      "r2": 0.9968370959704632,
      "aic": 22.888735942716263,
      "bic": 23.283185097388703,
      "params": [
        3.0392944599544037e-05,
        -0.532703146216176
      ],
      "confidence_score": 0.9480000000000001
    }
  }
}