{
  "valid_points": 92,
  "models": {
    "Constant": {
      "r2": 0.7,
      "aic": -3.3286448640059287,
      "bic": 1.7149322900921522,
      "params": [
        -99.17453707641221,
        100.82546292358775
      ],
      "confidence_score": 0.35
    },
    "Linear": {
      "r2": 0.9990496936854347,
      "aic": -643.5314542480207,
      "bic": -638.4878770939226,
      "params": [
        0.0006854760511230129,
        0.23550721152603005
      ],
      "confidence_score": 0.9894298162112608
    },
    "Quadratic": {
      "r2": 0.9281421104102511,
      "aic": -243.570612543978,
      "bic": -236.00524681283088,
      "params": [
        1.492669403859378e-07,
        1.0,
        0.7214289470521328
      ],
      "confidence_score": 0.5368852662461506
    },
    "Cubic": {
      "r2": 0.8254575509214391,
      "aic": -159.9226769909517,
      "bic": -149.83552268275554,
      "params": [
        3.312464312463191e-11,
        1.0,
        1.0,
        0.9481917005545439
      ],
      "confidence_score": 0.47527453055286345
    },
    "Logarithmic": {
      "r2": 0.6138417833274815,
      "aic": -90.86739059261078,
      "bic": -85.8238134385127,
      "params": [
        0.4160093741900095,
        -1.2392303786878056
      ],
      "confidence_score": 0.598
    },
    "N Log N": {
      "r2": 0.997512476135287,
      "aic": -555.0036544153307,
      "bic": -549.9600772612326,
      "params": [
        8.085397594817956e-05,
        0.32978245681558255
      ],
      "confidence_score": 0.598
    }
  }
}