{
  "valid_points": 19,
  "models": {
    "Constant": {
      "r2": 0.7,
      "aic": 94.69721844982428,
      "bic": 96.58609640815716,
      "params": [
        -97.73519799897545,
        102.26480200102456
      ],
      "confidence_score": 0.11999999999999998
    },
    "Linear": {
      "r2": 0.9999884741485615,
      "aic": -121.3502253415932,
      "bic": -119.46134738326032,
      "params": [
        4.250498319779972e-05,
        -0.015286068515398155
      ],
      "confidence_score": 0.8099930844891369
    },
    "Quadratic": {
      "r2": 0.9207278725280396,
      "aic": 48.53471326013392,
      "bic": 51.36803019763324,
      "params": [
        4.193790299890358e-11,
        1.0,
        1.303218581694673
      ],
      "confidence_score": 0.5324367235168237
    },
    "Cubic": {
      "r2": 0.8425006580900446,
      "aic": 63.578872467405596,
      "bic": 67.35662838407136,
      "params": [
        3.878935397587831e-17,
        1.0,
        1.0,
        1.8401977961337792
      ],
      "confidence_score": 0.48550039485402674
    },
    "Logarithmic": {
      "r2": 0.40104138603369555,
      "aic": 84.95852572236201,
      "bic": 86.8474036806949,
      "params": [
        1.681022403359156,
        -7.257769970155838
      ],
      "confidence_score": 0.5485206930168478
    },
    "N Log N": {
      "r2": 0.9990396163544443,
      "aic": -37.318158278554165,
      "bic": -35.42928032022128,
      "params": [
        3.09729372698736e-06,
        0.145776703911091
      ],
      "confidence_score": 0.698
    }
  }
}