{
  "Constant": {
    "r2": -2.220446049250313e-16,
    "aic": -538.1108519084581,
    "bic": -532.9821555255224,
    "params": [
      -99.92544066238517,
      100.07455933761483
    ]
  },
  "Linear": {
    "r2": 0.9225726573510658,
    "aic": -783.7187203793167,
    "bic": -778.590023996381,
    "params": [
      4.078581857125396e-05,
      0.06278189495039199
    ]
  },
  "Quadratic": {
    "r2": 0.84666497601785,
    "aic": -716.1233369251636,
    "bic": -708.43029235076,
    "params": [
      8.81314262716102e-09,
      1.0,
      0.09238236529441929
    ]
  },
  "Cubic": {
    "r2": 0.7408713475805472,
    "aic": -663.75219076823,
    "bic": -653.4947980023586,
    "params": [
      1.9409887520289584e-12,
      1.0,
      1.0,
      0.1064673167111665
    ]
  },
  "Logarithmic": {
    "r2": 0.581754786314417,
    "aic": -621.792840661995,
    "bic": -616.6641442790593,
    "params": [
      0.025356600890147563,
      -0.02825012395716986
    ]
  },
  "N Log N": {
    "r2": 0.9200029584478205,
    "aic": -780.58435196508,
    "bic": -775.4556555821443,
    "params": [
      4.8055362556764345e-06,
      0.06848391493894106
    ]
  }
}