{
  "valid_points": 29,
  "models": {
    "Constant": {
      "r2": 0.7,
      "aic": -592.3287036235034,
      "bic": -589.5941119635305,
      "params": [
        -99.99984206053715,
        100.00015793946288
      ],
      "confidence_score": 0.35000000946307674
    },
    "Linear": {
      "r2": 0.6933805436658177,
      "aic": -626.6109914531451,
      "bic": -623.8763997931721,
      "params": [
        2.0121007898135272e-13,
        0.0003046967742654707
      ],
      "confidence_score": 0.757002626048147
    },
    "Quadratic": {
      "r2": 0.7055299046373773,
      "aic": -625.7834605428951,
      "bic": -621.6815730529357,
      "params": [
        3.922388342688087e-22,
        1.0,
        0.00030678251970729946
      ],
      "confidence_score": 0.5204497233805432
    },
    "Cubic": {
      "r2": 0.6933944497950777,
      "aic": -622.6123067215842,
      "bic": -617.1431234016384,
      "params": [
        7.284499570776017e-31,
        1.0,
        1.0,
        0.0003075497012115785
      ],
      "confidence_score": 0.4081471936173998
    },
    "Logarithmic": {
      "r2": 0.41703993822519125,
      "aic": -607.9781650134296,
      "bic": -605.2435733534567,
      "params": [
        3.855216874307577e-06,
        0.00027227445494844743
      ],
      "confidence_score": 0.40654364300814905
    },
    "N Log N": {
      "r2": 0.69613300938838,
      "aic": -626.8724945453995,
      "bic": -624.1379028854266,
      "params": [
        1.0068411864193695e-14,
        0.0003048919863529242
      ],
      "confidence_score": 0.84606650469419
    }
  }
}