{
  "valid_points": 112,
  "models": {
    "Constant": {
      "r2": -2.220446049250313e-16,
      "aic": -721.7350526420555,
      "bic": -716.2980548994653,
      "params": [
        100.10578011694771,
        -99.8942198830522
      ],
      "confidence_score": -2.220446049250313e-16
    },
    "Linear": {
      "r2": 0.8131314689867987,
      "aic": -909.5982472759251,
      "bic": -904.161249533335,
      "params": [
        2.7141327270960654e-05,
        0.1459521335566924
      ],
      "confidence_score": 0.7931314689867986
    },
    "Quadratic": {
      "r2": 0.7766932106787213,
      "aic": -887.6464288468487,
      "bic": -879.4909322329635,
      "params": [
        4.909013069196859e-09,
        1.0,
        0.17456268877021172
      ],
      "confidence_score": 0.7366932106787213
    },
    "Cubic": {
      "r2": 0.7080236846216506,
      "aic": -855.6163029148714,
      "bic": -844.7423074296911,
      "params": [
        9.780914257212524e-13,
        1.0,
        1.0,
        0.1850380198102361
      ],
      "confidence_score": 0.6580236846216505
    },
    "Logarithmic": {
      "r2": 0.6477414859767704,
      "aic": -838.5947279487998,
      "bic": -833.1577302062096,
      "params": [
        0.04304190335848661,
        -0.11508136331360357
      ],
      "confidence_score": 0.6377414859767704
    },
    "N Log N": {
      "r2": 0.8134769400540083,
      "aic": -909.8054976345578,
      "bic": -904.3684998919676,
      "params": [
        3.0950366847903462e-06,
        0.15212389009658858
      ],
      "confidence_score": 0.7834769400540083
    }
  }
}