{
  "valid_points": 18,
  "models": {
    "Constant": {
      "r2": -2.220446049250313e-16,
      "aic": -155.3518349071009,
      "bic": -153.57109139130858,
      "params": [
        -99.91338037782243,
        100.08661962217757
      ],
      "confidence_score": -2.220446049250313e-16
    },
    "Linear": {
      "r2": 0.8158112735722043,
      "aic": -185.8041333857181,
      "bic": -184.02338986992578,
      "params": [
        3.838356126817377e-05,
        0.11566390245290559
      ],
      "confidence_score": 0.7958112735722043
    },
    "Quadratic": {
      "r2": 0.8123440293292267,
      "aic": -183.46844375121893,
      "bic": -180.79732847753044,
      "params": [
        1.2728235197886397e-08,
        1.0,
        0.14359306320668536
      ],
      "confidence_score": 0.7723440293292266
    },
    "Cubic": {
      "r2": 0.7985114078042818,
      "aic": -180.1882401521055,
      "bic": -176.62675312052085,
      "params": [
        5.451671251223702e-12,
        1.0,
        1.0,
        0.15289769599896733
      ],
      "confidence_score": 0.7485114078042817
    },
    "Logarithmic": {
      "r2": 0.807538721280725,
      "aic": -185.01332021706193,
      "bic": -183.2325767012696,
      "params": [
        0.05593168483843298,
        -0.23478662409396533
      ],
      "confidence_score": 0.797538721280725
    },
    "N Log N": {
      "r2": 0.816008629049535,
      "aic": -185.8234304577624,
      "bic": -184.0426869419701,
      "params": [
        4.623179867832586e-06,
        0.12240049242577185
      ],
      "confidence_score": 0.786008629049535
    }
  }
}