{
  "valid_points": 19,
  "models": {
    "Constant": {
      "r2": 0.7,
      "aic": 130.330980367348,
      "bic": 132.21985832568086,
      "params": [
        -94.94697879019533,
        105.05302120980463
      ],
      "confidence_score": 0.11999999999999998
    },
    "Linear": {
      "r2": 0.9999434085011485,
      "aic": -55.48240347176494,
      "bic": -53.593525513432056,
      "params": [
        5.463990789111861e-05,
        -0.07113793592827755
      ],
      "confidence_score": 0.8999660451006891
    },
    "Quadratic": {
      "r2": 0.9451691157177765,
      "aic": 77.16444878956948,
      "bic": 79.9977657270688,
      "params": [
        2.7067956931698327e-11,
        1.0,
        2.16801193685256
      ],
      "confidence_score": 0.5471014694306658
    },
    "Cubic": {
      "r2": 0.8790873378033216,
      "aic": 94.18993128066579,
      "bic": 97.96768719733154,
      "params": [
        1.2639573650094757e-17,
        1.0,
        1.0,
        3.191122594390102
      ],
      "confidence_score": 0.5074524026819929
    },
    "Logarithmic": {
      "r2": 0.3719225345083711,
      "aic": 121.49423678622398,
      "bic": 123.38311474455686,
      "params": [
        4.054085448390616,
        -18.46921051567711
      ],
      "confidence_score": 0.4339612672541856
    },
    "N Log N": {
      "r2": 0.999677903816309,
      "aic": -22.44156628092702,
      "bic": -20.55268832259414,
      "params": [
        3.783134645467924e-06,
        0.21095616077778834
      ],
      "confidence_score": 0.6980000200629422
    }
  }
}