{
  "valid_points": 109,
  "models": {
    "Constant": {
      "r2": 0.7,
      "aic": 1165.0773293410393,
      "bic": 1170.4600251054976,
      "params": [
        115.97985069977898,
        105.69199338947028
      ],
      "confidence_score": 0.09999999999999998
    },
    "Linear": {
      "r2": 0.9447071181155503,
      "aic": 849.5102197765094,
      "bic": 854.8929155409677,
      "params": [
        0.148737383059804,
        -138.14298960787937
      ],
      "confidence_score": 0.46682427086933015
    },
    "Quadratic": {
      "r2": 0.9999905966229007,
      "aic": -94.53681239712546,
      "bic": -86.46276875043803,
      "params": [
        2.8861717451644786e-05,
        1.0,
        0.657807960922606
      ],
      "confidence_score": 0.9799943579737403
    },
    "Cubic": {
      "r2": 0.9740333035668648,
      "aic": 771.1248182810394,
      "bic": 781.890209809956,
      "params": [
        5.993662023408522e-09,
        1.0,
        1.0,
        54.89737407722062
      ],
      "confidence_score": 0.5644199821401188
    },
    "Logarithmic": {
      "r2": 0.610401944878479,
      "aic": 1062.3296021267024,
      "bic": 1067.7122978911607,
      "params": [
        200.5128256690148,
        -1294.336180293062
      ],
      "confidence_score": 0.4532009724392395
    },
    "N Log N": {
      "r2": 0.9597777692631273,
      "aic": 814.8237671655774,
      "bic": 820.2064629300356,
      "params": [
        0.01714790081345631,
        -108.48611031620001
      ],
      "confidence_score": 0.648
    }
  }
}