{
  "valid_points": 7489,
  "models": {
    "Constant": {
      "r2": 0.9,
      "aic": -151743.1197040285,
      "bic": -151729.277322916,
      "params": [
        100.00053869125378,
        -99.99946130874619
      ],
      "confidence_score": 0.5323739165566308
    },
    "Linear": {
      "r2": 0.00010291581787280624,
      "aic": -151743.89048025175,
      "bic": -151730.04809913924,
      "params": [
        4.640290638469021e-13,
        0.0010728873078358543
      ],
      "confidence_score": 0.0
    },
    "Quadratic": {
      "r2": 5.712842565008813e-06,
      "aic": -151741.16248762867,
      "bic": -151720.39891595993,
      "params": [
        -8.699229991504637e-21,
        1.0,
        0.0010782054697884048
      ],
      "confidence_score": 0.0
    },
    "Cubic": {
      "r2": 5.448253651507695e-05,
      "aic": -151739.52773485985,
      "bic": -151711.84297263485,
      "params": [
        -2.4538040870266105e-27,
        1.0,
        1.0,
        0.0010796543018407282
      ],
      "confidence_score": 0.0
    },
    "Logarithmic": {
      "r2": 0.0012915250778665621,
      "aic": -151752.79818668438,
      "bic": -151738.95580557187,
      "params": [
        6.951882349501208e-06,
        0.0009656310776667064
      ],
      "confidence_score": 0.49864576253893333
    },
    "N Log N": {
      "r2": 8.118827261016648e-05,
      "aic": -151743.72774768542,
      "bic": -151729.8853665729,
      "params": [
        2.4932266803439705e-14,
        0.0010734957869516608
      ],
      "confidence_score": 0.0012579600166172668
    }
  }
}