{
  "Constant": {
    "r2": 0.0,
    "aic": -53.60235909367888,
    "bic": -49.55165571220858,
    "params": [
      -99.27114266236971,
      100.72885733763022
    ]
  },
  "Linear": {
    "r2": 0.9949099008994872,
    "aic": -349.30800591545864,
    "bic": -345.2573025339883,
    "params": [
      0.0006765161646079543,
      -0.23961605915819373
    ]
  },
  "Quadratic": {
    "r2": 0.9878745021212259,
    "aic": -298.69926682042063,
    "bic": -292.62321174821517,
    "params": [
      1.320744528727541e-07,
      1.0,
      0.5237006538509337
    ]
  },
  "Cubic": {
    "r2": 0.9473213491776639,
    "aic": -214.44087983560522,
    "bic": -206.33947307266462,
    "params": [
      3.100903311801694e-11,
      1.0,
      1.0,
      0.7859330427022165
    ]
  },
  "Logarithmic": {
    "r2": 0.9499289741283309,
    "aic": -221.2838738833372,
    "bic": -217.2331705018669,
    "params": [
      1.514654629198255,
      -10.293491295648588
    ]
  },
  "N Log N": {
    "r2": 0.9964679132401311,
    "aic": -369.77087931887684,
    "bic": -365.72017593740657,
    "params": [
      7.697499170404377e-05,
      -0.0663455573733689
    ]
  }
}