{
  "best_model": "O(2^n)",
  "details": {
    "O(1)": {
      "r2": 0,
      "aic": Infinity,
      "params_norm": [
        1.0
      ],
      "rss": 0.0
    },
    "O(n)": {
      "r2": 0,
      "aic": -3378.1238030259324,
      "params_norm": [
        3.539513381405014e-10,
        0.9999999997936918
      ],
      "rss": 2.8896635372328134e-13
    },
    "O(n^2)": {
      "r2": 0,
      "aic": -2843.126098978532,
      "params_norm": [
        2.262728146446774e-08,
        -2.697387986981183e-08,
        1.000000006707853
      ],
      "rss": 5.651593345471336e-11
    },
    "O(n^3)": {
      "r2": 0,
      "aic": -2788.0536432677613,
      "params_norm": [
        9.207473059506364e-09,
        1.2993395631032284e-08,
        -2.4496106730549883e-08,
        1.0000000064036458
      ],
      "rss": 9.542272731871399e-11
    },
    "O(log n)": {
      "r2": 0,
      "aic": -2918.1142303571237,
      "params_norm": [
        -1.7262467729194512e-09,
        0.9999999988883356
      ],
      "rss": 2.7470294029087417e-11
    },
    "O(n log n)": {
      "r2": 0,
      "aic": -3347.100995185861,
      "params_norm": [
        9.149493385152141e-10,
        1.000000000238507
      ],
      "rss": 3.9286528682873306e-13
    },
    "O(2^n)": {
      "r2": 0,
      "aic": -3556.5295517625377,
      "params_norm": [
        1.0000000000853677,
        -1.463447165138362e-10
      ],
      "rss": 4.939833436828897e-14
    },
    "O(n^k)": {
      "r2": 0,
      "aic": -3256.814298964311,
      "params_norm": [
        0.999999999792065,
        -3.2278032427202367e-10
      ],
      "rss": 9.60442827606028e-13
    }
  }
}