{
  "valid_points": 41,
  "models": {
    "Constant": {
      "r2": 0.7,
      "params": [
        0.0003206489675837319
      ]
    },
    "Linear": {
      "r2": 9.438152944740708e-06,
      "params": [
        -2.7603008767584924e-10,
        0.00032092527357019396
      ]
    },
    "Quadratic": {
      "r2": 0.0018605051971848363,
      "params": [
        1.871656872402002e-12,
        0.0003181184856205842
      ]
    },
    "Cubic": {
      "r2": 0.0057714436991458395,
      "params": [
        1.7165435103289943e-15,
        0.00031712309623495695
      ]
    },
    "Logarithmic": {
      "r2": 0.0059392854134735495,
      "params": [
        -3.070402242340879e-06,
        0.00034063554952495266
      ]
    },
    "N Log N": {
      "r2": 2.056218465418258e-05,
      "params": [
        5.247495019436682e-11,
        0.00032027528000872147
      ]
    },
    "np": {
      "r2": -Infinity,
      "success": false
    }
  }
}