{
  "valid_points": 19,
  "models": {
    "Constant": {
      "r2": 0.7,
      "aic": 135.96803975581523,
      "bic": 137.8569177141481,
      "params": [
        -93.50283373343316,
        106.49716626656685
      ],
      "confidence_score": 0.11999999999999998
    },
    "Linear": {
      "r2": 0.9999920176345749,
      "aic": -87.05919989763848,
      "bic": -85.1703219393056,
      "params": [
        0.00012588064434659874,
        -0.03139240070849514
      ],
      "confidence_score": 0.8999952105807449
    },
    "Quadratic": {
      "r2": 0.9267126579747738,
      "aic": 88.31405968320195,
      "bic": 91.14737662070127,
      "params": [
        1.24559485169273e-10,
        1.0,
        3.4961360878774688
      ],
      "confidence_score": 0.5360275947848642
    },
    "Cubic": {
      "r2": 0.8498599542110838,
      "aic": 103.94049090042718,
      "bic": 107.71824681709293,
      "params": [
        1.1540667646585494e-16,
        1.0,
        1.0,
        5.004737766691996
      ],
      "confidence_score": 0.4899159725266503
    },
    "Logarithmic": {
      "r2": 0.3906649956714813,
      "aic": 126.55568536299256,
      "bic": 128.44456332132543,
      "params": [
        4.9635209294743685,
        -21.628930431660592
      ],
      "confidence_score": 0.4433324978357407
    },
    "N Log N": {
      "r2": 0.9992267698402227,
      "aic": -0.16570253830198656,
      "bic": 1.723175420030894,
      "params": [
        9.168702151573788e-06,
        0.41177179316891843
      ],
      "confidence_score": 0.698
    }
  }
}