{
  "valid_points": 38,
  "models": {
    "Constant": {
      "r2": 0.7,
      "aic": 164.72556711403823,
      "bic": 168.000739433491,
      "params": [
        107.63309408763531,
        -92.36690591236479
      ],
      "confidence_score": 0.09999999999999998
    },
    "Linear": {
      "r2": 0.9933120251017281,
      "aic": -25.557310831274584,
      "bic": -22.282138511821813,
      "params": [
        0.06536417042941511,
        1.0116386924135246
      ],
      "confidence_score": 0.8959872150610368
    },
    "Quadratic": {
      "r2": 0.901841287844718,
      "aic": 78.52112237035374,
      "bic": 83.4338808495329,
      "params": [
        0.0001378483487101123,
        1.0,
        6.508889354258906
      ],
      "confidence_score": 0.5211047727068308
    },
    "Cubic": {
      "r2": 0.7888379827287695,
      "aic": 109.63064285404135,
      "bic": 116.1809874929469,
      "params": [
        3.0830658530952165e-07,
        1.0,
        1.0,
        8.845743234729166
      ],
      "confidence_score": 0.45330278963726167
    },
    "Logarithmic": {
      "r2": 0.7667136835356075,
      "aic": 109.41699447048337,
      "bic": 112.69216678993615,
      "params": [
        6.9645207290293465,
        -19.974332307568297
      ],
      "confidence_score": 0.548
    },
    "N Log N": {
      "r2": 0.9851563892111603,
      "aic": 4.738508377402136,
      "bic": 8.013680696854907,
      "params": [
        0.01042083310398642,
        2.582459952161011
      ],
      "confidence_score": 0.6980000791530585
    }
  }
}