{
  "Constant": {
    "r2": 2.220446049250313e-16,
    "aic": 504.17578000810977,
    "bic": 509.28353379131084,
    "params": [
      -93.07131604536566,
      106.92868395463422
    ]
  },
  "Linear": {
    "r2": 0.920906835901486,
    "aic": 263.14854125805755,
    "bic": 268.2562950412586,
    "params": [
      0.009579097975709994,
      -5.482730071080112
    ]
  },
  "Quadratic": {
    "r2": 0.9998180794059361,
    "aic": -311.95854492417425,
    "bic": -304.2969142493726,
    "params": [
      2.2802810436539644e-06,
      1.0,
      0.13512097020047942
    ]
  },
  "Cubic": {
    "r2": 0.9723053421215266,
    "aic": 167.45678463583107,
    "bic": 177.67229220223322,
    "params": [
      5.334224302563762e-10,
      1.0,
      1.0,
      3.020174575380945
    ]
  },
  "Logarithmic": {
    "r2": 0.400630124468239,
    "aic": 455.54752361671586,
    "bic": 460.65527739991694,
    "params": [
      4.877760889749382,
      -19.875384014992573
    ]
  },
  "N Log N": {
    "r2": 0.9433885001250409,
    "aic": 231.3791820493456,
    "bic": 236.48693583254666,
    "params": [
      0.0011463460156501866,
      -4.424740166666129
    ]
  }
}