{
  "valid_points": 10,
  "models": {
    "Constant": {
      "r2": 0.7,
      "aic": -46.77307436277981,
      "bic": -46.167904176791716,
      "params": [
        -0.9496947973966594,
        1.0
      ],
      "confidence_score": 0.12000000000000016
    },
    "Linear": {
      "r2": 0.9990974086864827,
      "aic": -116.87548130740831,
      "bic": -116.27031112142022,
      "params": [
        0.0002522208392856662,
        -0.0010469602751463913
      ],
      "confidence_score": 0.8994584452118896
    },
    "Quadratic": {
      "r2": 0.9396421038555542,
      "aic": -72.8477093709639,
      "bic": -71.93995409198176,
      "params": [
        2.45341661209153e-07,
        1.0,
        0.016104133430892453
      ],
      "confidence_score": 0.5437852624079225
    },
    "Cubic": {
      "r2": 0.8702074723128621,
      "aic": -63.19125480542925,
      "bic": -61.980914433453066,
      "params": [
        2.3126923647246216e-10,
        1.0,
        1.0,
        0.022022239222206322
      ],
      "confidence_score": 0.5021244833883677
    },
    "Logarithmic": {
      "r2": 0.5799873082718205,
      "aic": -55.44777786038844,
      "bic": -54.84260767440035,
      "params": [
        0.027935063592711324,
        -0.05272492565776467
      ],
      "confidence_score": 0.537993654135924
    },
    "N Log N": {
      "r2": 0.9987446819822274,
      "aic": -113.57673774161279,
      "bic": -112.9715675556247,
      "params": [
        3.653158366927206e-05,
        0.0038007740567236573
      ],
      "confidence_score": 0.7056511786687995
    }
  }
}