{
  "Constant": {
    "r2": 2.220446049250313e-16,
    "aic": -463.67076334762083,
    "bic": -459.0626331612125,
    "params": [
      100.1563553421481,
      -99.8436446578518
    ]
  },
  "Linear": {
    "r2": 0.8466584336522112,
    "aic": -602.4272299142862,
    "bic": -597.8190997278779,
    "params": [
      3.4108308386127106e-05,
      0.21061622068037922
    ]
  },
  "Quadratic": {
    "r2": 0.8350860122950445,
    "aic": -595.0432741926334,
    "bic": -588.1310789130208,
    "params": [
      5.566996941595401e-09,
      1.0,
      0.25553988259671434
    ]
  },
  "Cubic": {
    "r2": 0.7864616052798767,
    "aic": -573.9222217994272,
    "bic": -564.7059614266105,
    "params": [
      1.0679859397848884e-12,
      1.0,
      1.0,
      0.27148967427272463
    ]
  },
  "Logarithmic": {
    "r2": 0.794264871516007,
    "aic": -580.6770267445719,
    "bic": -576.0688965581636,
    "params": [
      0.08757848638201646,
      -0.3808149347937889
    ]
  },
  "N Log N": {
    "r2": 0.8481718200283179,
    "aic": -603.1611919879754,
    "bic": -598.5530618015671,
    "params": [
      3.8104681542080115e-06,
      0.2205435905644609
    ]
  }
}