{
  "valid_points": 21,
  "models": {
    "Constant": {
      "r2": 0.7,
      "aic": 170.58952329264693,
      "bic": 172.6785681680938,
      "params": [
        139.3378490187189,
        -32.298334870199724
      ],
      "confidence_score": 0.11999999999999998
    },
    "Linear": {
      "r2": 0.9999210732861344,
      "aic": -27.797283688774563,
      "bic": -25.708238813327718,
      "params": [
        0.00018248256697961875,
        1.6065614138474718
      ],
      "confidence_score": 0.8999526439716806
    },
    "Quadratic": {
      "r2": 0.9530747826765178,
      "aic": 108.3463219228999,
      "bic": 111.47988923607018,
      "params": [
        1.5047455279204585e-10,
        1.0,
        44.21412562669853
      ],
      "confidence_score": 0.5518448696059106
    },
    "Cubic": {
      "r2": 0.8682019055905272,
      "aic": 132.03335687310073,
      "bic": 136.21144662399442,
      "params": [
        1.3745448636530048e-16,
        1.0,
        1.0,
        60.587768959828665
      ],
      "confidence_score": 0.5009211433543163
    },
    "Logarithmic": {
      "r2": 0.9129452655528986,
      "aic": 119.32394053463535,
      "bic": 121.4129854100822,
      "params": [
        77.70717820932899,
        -910.4779852146901
      ],
      "confidence_score": 0.548
    },
    "N Log N": {
      "r2": 0.9995927727924895,
      "aic": 6.660598436308221,
      "bic": 8.749643311755067,
      "params": [
        1.2869704542507327e-05,
        7.365349176306145
      ],
      "confidence_score": 0.648000009878414
    }
  }
}