{
  "Constant": {
    "name": "Constant",
    "r2": 2.220446049250313e-16,
    "bic": 212.59282614842752,
    "confidence_score": -0.14978661367769933,
    "params": [
      21.6216821311264,
      143.9754850404468
    ],
    "order": 0
  },
  "Linear": {
    "name": "Linear",
    "r2": 0.7438537546074415,
    "bic": 185.3526916174057,
    "confidence_score": 0.554067140929742,
    "params": [
      1.7952987330218464,
      4.032573149570117e-17
    ],
    "order": 2
  },
  "Quadratic": {
    "name": "Quadratic",
    "r2": 0.963593376413275,
    "bic": 149.3284673374795,
    "confidence_score": 0.6589134558967257,
    "params": [
      0.011356569997230092,
      2.4269003836278782e-21,
      1.6889956267243683e-21
    ],
    "order": 4
  },
  "Cubic": {
    "name": "Cubic",
    "r2": 0.9999870510061036,
    "bic": -6.5055585892202235,
    "confidence_score": 0.6004138236507045,
    "params": [
      5.993062140555783e-05,
      9.849743616854675e-21,
      0.01707206823465467,
      11.550427863814395
    ],
    "order": 5
  },
  "Logarithmic": {
    "name": "Logarithmic",
    "r2": 0.2595405962554407,
    "bic": 206.58313675764055,
    "confidence_score": 0.08975398257774113,
    "params": [
      42.103070111224255,
      8.599190298337641e-13
    ],
    "order": 1
  },
  "N Log N": {
    "name": "N Log N",
    "r2": 0.8141365518407464,
    "bic": 178.93796565702323,
    "confidence_score": 0.6043499381630468,
    "params": [
      0.3623790819998274,
      5.3694895043843506e-18
    ],
    "order": 3
  },
  "confidence_analysis": {
    "best_model": "Quadratic",
    "best_score": 0.6589134558967257,
    "second_best_model": "N Log N",
    "second_best_score": 0.6043499381630468,
    "confidence_gap": 0.054563517733678846,
    "is_confident": true,
    "threshold": 0.03
  }
}