{
  "Constant": {
    "r2": -2.220446049250313e-16,
    "aic": -326.629631144902,
    "bic": -322.1326406608033,
    "params": [
      100.17258293394535,
      -99.82741706605471
    ]
  },
  "Linear": {
    "r2": 0.9767992936830909,
    "aic": -590.0797100704284,
    "bic": -585.5827195863296,
    "params": [
      0.00010833002601629005,
      0.07347416264104223
    ]
  },
  "Quadratic": {
    "r2": 0.952465128075264,
    "aic": -537.8700495506594,
    "bic": -531.1245638245113,
    "params": [
      2.1008910722208896e-08,
      1.0,
      0.19747970872991116
    ]
  },
  "Cubic": {
    "r2": 0.8967346793246366,
    "aic": -481.56138831677015,
    "bic": -472.5674073485727,
    "params": [
      4.894647139264922e-12,
      1.0,
      1.0,
      0.24066140857922091
    ]
  },
  "Logarithmic": {
    "r2": 0.9464258970446143,
    "aic": -531.4978948484478,
    "bic": -527.000904364349,
    "params": [
      0.2432121018884908,
      -1.5423965146974243
    ]
  },
  "N Log N": {
    "r2": 0.9764227421865621,
    "aic": -588.9527189923248,
    "bic": -584.455728508226,
    "params": [
      1.2318418252423824e-05,
      0.10146028133766004
    ]
  }
}