{
  "Constant": {
    "name": "Constant",
    "r2": 0.0,
    "bic": 116.30185049659666,
    "confidence_score": -0.09393747810588837,
    "params": [
      4.24093456584753,
      0.2742502291497344
    ],
    "order": 0
  },
  "Linear": {
    "name": "Linear",
    "r2": 0.8276551245494974,
    "bic": 47.729799422456516,
    "confidence_score": 0.693717646443609,
    "params": [
      0.02283383980116462,
      3.6512413982580684e-17
    ],
    "order": 2
  },
  "Quadratic": {
    "name": "Quadratic",
    "r2": 0.9962012286364954,
    "bic": -97.38461386431918,
    "confidence_score": 0.7752950114776629,
    "params": [
      7.007551535738376e-05,
      8.645520220654838e-17,
      4.819419618614204e-16
    ],
    "order": 4
  },
  "Cubic": {
    "name": "Cubic",
    "r2": 0.9998652972417382,
    "bic": -223.9561861208315,
    "confidence_score": 0.7119903410299615,
    "params": [
      6.403060671654772e-08,
      4.339395784157334e-05,
      0.0005544401600444581,
      0.20190970313852352
    ],
    "order": 5
  },
  "Logarithmic": {
    "name": "Logarithmic",
    "r2": 0.2585805027676269,
    "bic": 104.6334915572422,
    "confidence_score": 0.14464302466173853,
    "params": [
      0.9493964907166075,
      2.0384165790910945e-27
    ],
    "order": 1
  },
  "N Log N": {
    "name": "N Log N",
    "r2": 0.8858073310290075,
    "bic": 31.676991536243428,
    "confidence_score": 0.7318698529231191,
    "params": [
      0.004021286025510702,
      1.6913177807938493e-25
    ],
    "order": 3
  },
  "confidence_analysis": {
    "best_model": "Quadratic",
    "best_score": 0.7752950114776629,
    "second_best_model": "N Log N",
    "second_best_score": 0.7318698529231191,
    "confidence_gap": 0.043425158554543764,
    "is_confident": true,
    "threshold": 0.03
  },
  "fit_best_model": "Quadratic",
  "llm_prediction": "Quadratic",
  "fusion_prediction": "Quadratic",
  "fusion_reason": "agreement"
}