{
  "valid_points": 6,
  "models": {
    "Constant": {
      "r2": 0.7,
      "aic": 49.23237825403983,
      "bic": 48.81589719249594,
      "params": [
        141.60238515082992,
        -24.289713037451033
      ],
      "confidence_score": 0.16000000000144832
    },
    "Linear": {
      "r2": 0.9998309876763084,
      "aic": -2.8808552926482225,
      "bic": -3.2973363541921126,
      "params": [
        0.0005312701039125178,
        0.729432335625108
      ],
      "confidence_score": 0.899898592605785
    },
    "Quadratic": {
      "r2": 0.976954326733392,
      "aic": 28.610714826426378,
      "bic": 27.985993234110545,
      "params": [
        1.1817265952463026e-09,
        1.0,
        52.539028036740135
      ],
      "confidence_score": 0.5661726604527024
    },
    "Cubic": {
      "r2": 0.92213089868432,
      "aic": 37.91602195230945,
      "bic": 37.08305982922167,
      "params": [
        3.1363579911600293e-15,
        1.0,
        1.0,
        70.42347319175109
      ],
      "confidence_score": 0.5332785398922528
    },
    "Logarithmic": {
      "r2": 0.966640933873272,
      "aic": 28.829824079920584,
      "bic": 28.413343018376693,
      "params": [
        102.92823307498159,
        -1140.4192253714334
      ],
      "confidence_score": 0.4313205059519153
    },
    "N Log N": {
      "r2": 0.999830607451427,
      "aic": -2.867372329276958,
      "bic": -3.2838533908208483,
      "params": [
        4.007707209144027e-05,
        8.513715001733496
      ],
      "confidence_score": 0.9459843573371919
    }
  }
}