{
  "valid_points": 77,
  "models": {
    "Constant": {
      "r2": 0.7,
      "aic": -11.736547936310176,
      "bic": -7.048937092602808,
      "params": [
        -99.18127488103,
        100.81872511896997
      ],
      "confidence_score": 0.35000018251140913
    },
    "Linear": {
      "r2": 0.2941305799656899,
      "aic": -38.55757417247737,
      "bic": -33.869963328770005,
      "params": [
        0.00042617564362190663,
        0.35920004450469756
      ],
      "confidence_score": 0.3287866003565276
    },
    "Quadratic": {
      "r2": 0.2599007385257017,
      "aic": -32.9113122145197,
      "bic": -25.879895948958644,
      "params": [
        6.58273759945871e-08,
        1.0,
        0.9583617739589273
      ],
      "confidence_score": 0.1389280229200926
    },
    "Cubic": {
      "r2": 0.22297994901411256,
      "aic": -27.1628104306263,
      "bic": -17.787588743211565,
      "params": [
        1.2058290881222753e-11,
        1.0,
        1.0,
        1.1688370814097413
      ],
      "confidence_score": 0.11384022073641946
    },
    "Logarithmic": {
      "r2": 0.3104752840838122,
      "aic": -40.36150862735873,
      "bic": -35.67389778365136,
      "params": [
        1.1619661608063876,
        -7.565898678116291
      ],
      "confidence_score": 0.7532376420419061
    },
    "N Log N": {
      "r2": 0.2908680754950034,
      "aic": -38.20250272273416,
      "bic": -33.51489187902679,
      "params": [
        4.730147197670067e-05,
        0.4906559022438015
      ],
      "confidence_score": 0.5453633465791902
    }
  }
}