{
  "valid_points": 29,
  "models": {
    "Constant": {
      "r2": 0.7,
      "aic": -659.3781277794684,
      "bic": -656.6435361194955,
      "params": [
        -99.99993673429415,
        100.00006326570609
      ],
      "confidence_score": 0.3633273996461551
    },
    "Linear": {
      "r2": 0.18996629263949327,
      "aic": -665.4878309059975,
      "bic": -662.7532392460246,
      "params": [
        3.3147117259143734e-14,
        0.00012468931415370415
      ],
      "confidence_score": 0.4810214319069437
    },
    "Quadratic": {
      "r2": 0.20955813535370482,
      "aic": -664.1978596383148,
      "bic": -660.0959721483554,
      "params": [
        6.728062949719621e-23,
        1.0,
        0.00012497110761925854
      ],
      "confidence_score": 0.2055901800801546
    },
    "Cubic": {
      "r2": 0.20019972460663338,
      "aic": -661.8565316884774,
      "bic": -656.3873483685315,
      "params": [
        1.2319304568760379e-31,
        1.0,
        1.0,
        0.00012512280099180893
      ],
      "confidence_score": 0.11575324391978072
    },
    "Logarithmic": {
      "r2": 0.07705038245130613,
      "aic": -661.7033660931668,
      "bic": -658.9687744331939,
      "params": [
        5.150308492173317e-07,
        0.00012078004469538771
      ],
      "confidence_score": 0.27915020235501103
    },
    "N Log N": {
      "r2": 0.19326165261709882,
      "aic": -665.6060486490733,
      "bic": -662.8714569891004,
      "params": [
        1.6696749933700566e-15,
        0.00012470943413603265
      ],
      "confidence_score": 0.3946308263085494
    }
  }
}