{
  "valid_points": 75,
  "models": {
    "Constant": {
      "r2": 0.7,
      "aic": -573.6302194415259,
      "bic": -568.9952432144534,
      "params": [
        100.08851098517576,
        -99.91148901482427
      ],
      "confidence_score": 0.4300000051574045
    },
    "Linear": {
      "r2": 0.3771584329058736,
      "aic": -609.1399518639776,
      "bic": -604.504975636905,
      "params": [
        1.1414160802414308e-05,
        0.14308386556600672
      ],
      "confidence_score": 0.5696493394411131
    },
    "Quadratic": {
      "r2": 0.3827517194478832,
      "aic": -607.8165146729892,
      "bic": -600.8640503323803,
      "params": [
        1.8914224630961485e-09,
        1.0,
        0.15782529350432606
      ],
      "confidence_score": 0.26687704231366705
    },
    "Cubic": {
      "r2": 0.3685041812566393,
      "aic": -604.1050163188386,
      "bic": -594.8350638646933,
      "params": [
        3.6696445907851814e-13,
        1.0,
        1.0,
        0.1630709601909957
      ],
      "confidence_score": 0.20391062895741743
    },
    "Logarithmic": {
      "r2": 0.3404604025905884,
      "aic": -604.8462144714979,
      "bic": -600.2112382444253,
      "params": [
        0.028698377217879375,
        -0.0500323594976123
      ],
      "confidence_score": 0.39919714830448094
    },
    "N Log N": {
      "r2": 0.37921445123216235,
      "aic": -609.3879386005058,
      "bic": -604.7529623734332,
      "params": [
        1.2776800444717665e-06,
        0.1463459367758975
      ],
      "confidence_score": 0.7876072256160812
    }
  }
}