{
  "valid_points": 19,
  "models": {
    "Constant": {
      "r2": -2.220446049250313e-16,
      "aic": -189.0879764234937,
      "bic": -187.19909846516083,
      "params": [
        100.06205088606006,
        -99.93794911393995
      ],
      "confidence_score": -2.220446049250313e-16
    },
    "Linear": {
      "r2": 0.09015970627974423,
      "aic": -190.88321415280853,
      "bic": -188.99433619447566,
      "params": [
        -6.811007073004305e-06,
        0.13431828273019464
      ],
      "confidence_score": 0.07015970627974423
    },
    "Quadratic": {
      "r2": 0.09910749362343152,
      "aic": -189.0709937559973,
      "bic": -186.237676818498,
      "params": [
        -2.37250019630153e-09,
        1.0,
        0.12961783502172952
      ],
      "confidence_score": 0.05910749362343152
    },
    "Cubic": {
      "r2": 0.10869847095399254,
      "aic": -187.2743537776409,
      "bic": -183.49659786097513,
      "params": [
        -1.0726994639541508e-12,
        1.0,
        1.0,
        0.1280841688800542
      ],
      "confidence_score": 0.05869847095399254
    },
    "Logarithmic": {
      "r2": 0.08226258479804271,
      "aic": -190.71901184140833,
      "bic": -188.83013388307546,
      "params": [
        -0.009526429822409798,
        0.1936068953640011
      ],
      "confidence_score": 0.07226258479804272
    },
    "N Log N": {
      "r2": 0.09117517805974251,
      "aic": -190.9044318752566,
      "bic": -189.01555391692372,
      "params": [
        -8.248688523001848e-07,
        0.1331712769354172
      ],
      "confidence_score": 0.06117517805974251
    }
  }
}