{
  "valid_points": 30,
  "models": {
    "Constant": {
      "r2": 0.7,
      "aic": -656.2016896037156,
      "bic": -653.3992948403913,
      "params": [
        100.00008313606186,
        -99.99991686393811
      ],
      "confidence_score": 0.35730101182060464
    },
    "Linear": {
      "r2": 0.15506511826299552,
      "aic": -661.2565611325437,
      "bic": -658.4541663692194,
      "params": [
        4.690138441051356e-14,
        0.00016375248548334572
      ],
      "confidence_score": 0.20493050711200064
    },
    "Quadratic": {
      "r2": 0.08122849988026559,
      "aic": -656.7432244208567,
      "bic": -652.5396322758702,
      "params": [
        6.565971188277859e-23,
        1.0,
        0.00016480016720890405
      ],
      "confidence_score": 0.035070667876600875
    },
    "Cubic": {
      "r2": 0.06392024472073143,
      "aic": -654.1833275288025,
      "bic": -648.5785380021539,
      "params": [
        1.0914065320719523e-31,
        1.0,
        1.0,
        0.00016506578808159403
      ],
      "confidence_score": 0.019226139404144648
    },
    "Logarithmic": {
      "r2": 0.21941993975652785,
      "aic": -663.6332286648045,
      "bic": -660.8308339014802,
      "params": [
        1.3642248159719935e-06,
        0.00015107278693277787
      ],
      "confidence_score": 0.707709969878264
    },
    "N Log N": {
      "r2": 0.14734096360430027,
      "aic": -660.9835556317097,
      "bic": -658.1811608683854,
      "params": [
        2.2834095339739513e-15,
        0.0001638634589423496
      ],
      "confidence_score": 0.1514244069101355
    }
  }
}