{
  "valid_points": 10,
  "models": {
    "Constant": {
      "r2": 0.7,
      "aic": -53.564544893525344,
      "bic": -52.95937470753725,
      "params": [
        -0.521809443831444,
        1.0
      ],
      "confidence_score": 0.12000006379381412
    },
    "Linear": {
      "r2": 0.951514932661858,
      "aic": -83.82953907734289,
      "bic": -83.2243688913548,
      "params": [
        0.00024818538235793497,
        0.39169795041681166
      ],
      "confidence_score": 0.7883603910575687
    },
    "Quadratic": {
      "r2": 0.9146689726590445,
      "aic": -76.17671636236533,
      "bic": -75.26896108338319,
      "params": [
        2.751016117130689e-07,
        1.0,
        0.43134006393610436
      ],
      "confidence_score": 0.534746802142468
    },
    "Cubic": {
      "r2": 0.8225348834664825,
      "aic": -66.8543570530481,
      "bic": -65.64401668107192,
      "params": [
        3.2725718995782264e-10,
        1.0,
        1.0,
        0.444990670167371
      ],
      "confidence_score": 0.4735692529045209
    },
    "Logarithmic": {
      "r2": 0.84150720404548,
      "aic": -71.98500627441322,
      "bic": -71.37983608842514,
      "params": [
        0.07785722125022831,
        0.03881764445474364
      ],
      "confidence_score": 0.648637868175115
    },
    "N Log N": {
      "r2": 0.9537052798871766,
      "aic": -84.2918185018523,
      "bic": -83.68664831586422,
      "params": [
        3.5638597277564436e-05,
        0.40308449970500526
      ],
      "confidence_score": 0.8480000000000001
    }
  }
}