{
  "best_model": "O(2^n)",
  "details": {
    "O(1)": {
      "r2": 0,
      "aic": Infinity,
      "params_norm": [
        1.0
      ],
      "rss": 0.0
    },
    "O(n)": {
      "r2": 0,
      "aic": -3599.3950135337554,
      "params_norm": [
        3.539513381405014e-10,
        0.9999999997936918
      ],
      "rss": 3.231418163567466e-14
    },
    "O(n^2)": {
      "r2": 0,
      "aic": -3064.3973056417863,
      "params_norm": [
        2.262728146446774e-08,
        -2.697387986981183e-08,
        1.000000006707853
      ],
      "rss": 6.319996030510394e-12
    },
    "O(n^3)": {
      "r2": 0,
      "aic": -3009.324851247067,
      "params_norm": [
        9.207473059506364e-09,
        1.2993395631032284e-08,
        -2.4496106730549883e-08,
        1.0000000064036458
      ],
      "rss": 1.0670818177317193e-11
    },
    "O(log n)": {
      "r2": 0,
      "aic": -3139.385434443671,
      "params_norm": [
        -1.7262467729194512e-09,
        0.9999999988883356
      ],
      "rss": 3.071915175728046e-12
    },
    "O(n log n)": {
      "r2": 0,
      "aic": -3568.372183978597,
      "params_norm": [
        9.149493385152141e-10,
        1.000000000238507
      ],
      "rss": 4.393287593113419e-14
    },
    "O(2^n)": {
      "r2": 0,
      "aic": -3777.80081876085,
      "params_norm": [
        1.0000000000853677,
        -1.463447165138362e-10
      ],
      "rss": 5.524054395601905e-15
    },
    "O(n^k)": {
      "r2": 0,
      "aic": -3478.085507622302,
      "params_norm": [
        0.999999999792065,
        -3.2278032427202367e-10
      ],
      "rss": 1.0740324660804935e-13
    }
  }
}