{
  "valid_points": 29,
  "models": {
    "Constant": {
      "r2": 0.7,
      "aic": -617.3937605385921,
      "bic": -614.6591688786192,
      "params": [
        -99.99988239643899,
        100.00011760356104
      ],
      "confidence_score": 0.3985716328451078
    },
    "Linear": {
      "r2": 0.005054576898025576,
      "aic": -617.540714978562,
      "bic": -614.8061233185891,
      "params": [
        -1.450506145171301e-14,
        0.0002357441802473496
      ],
      "confidence_score": 0.38974807181653126
    },
    "Quadratic": {
      "r2": 0.006025106000164482,
      "aic": -615.5690171141015,
      "bic": -611.4671296241421,
      "params": [
        -3.2165164713920047e-23,
        1.0,
        0.0002356333737858157
      ],
      "confidence_score": 0.05890433759293649
    },
    "Cubic": {
      "r2": 0.00746218371259455,
      "aic": -613.610975326314,
      "bic": -608.1417920063682,
      "params": [
        -6.785084497683818e-32,
        1.0,
        1.0,
        0.00023562089178582146
      ],
      "confidence_score": 0.0
    },
    "Logarithmic": {
      "r2": 0.0001878362099538844,
      "aic": -617.3992083003403,
      "bic": -614.6646166403674,
      "params": [
        -5.1943450554518955e-08,
        0.00023574496404276456
      ],
      "confidence_score": 0.6774253812666936
    },
    "N Log N": {
      "r2": 0.005097805917503306,
      "aic": -617.5419750163198,
      "bic": -614.8073833563469,
      "params": [
        -7.309501816859914e-16,
        0.0002357323805043638
      ],
      "confidence_score": 0.5005489029587517
    }
  }
}