{
  "Constant": {
    "name": "Constant",
    "r2": 0.0,
    "bic": -41.16646622831593,
    "confidence_score": -0.16057620877200915,
    "params": [
      0.3772638738344189,
      0.37726387379670573
    ],
    "order": 0
  },
  "Linear": {
    "name": "Linear",
    "r2": 0.9706894188830404,
    "bic": -104.70298679014331,
    "confidence_score": 0.7701132101110312,
    "params": [
      0.004320037947656585,
      0.26636345954587887
    ],
    "order": 2
  },
  "Quadratic": {
    "name": "Quadratic",
    "r2": 0.9974824248805014,
    "bic": -145.99635817843597,
    "confidence_score": 0.6766181117224878,
    "params": [
      1.3868900661971355e-05,
      0.0011856663952398891,
      0.39031444804646637
    ],
    "order": 4
  },
  "Cubic": {
    "name": "Cubic",
    "r2": 0.9974824220052488,
    "bic": -143.1059658632513,
    "confidence_score": 0.5763300044612306,
    "params": [
      2.4338551152226087e-13,
      1.3868818133451546e-05,
      0.001185674138925573,
      0.3903142757162481
    ],
    "order": 5
  },
  "Logarithmic": {
    "name": "Logarithmic",
    "r2": 0.6078425760469073,
    "bic": -58.01612093395343,
    "confidence_score": 0.4272663672748981,
    "params": [
      0.17155916278762737,
      9.400795646851841e-14
    ],
    "order": 1
  },
  "N Log N": {
    "name": "N Log N",
    "r2": 0.9840853206801744,
    "bic": -115.69570685243295,
    "confidence_score": 0.7635091119081652,
    "params": [
      0.0007732715339373238,
      0.32677686430932895
    ],
    "order": 3
  },
  "confidence_analysis": {
    "best_model": "Linear",
    "best_score": 0.7701132101110312,
    "second_best_model": "N Log N",
    "second_best_score": 0.7635091119081652,
    "confidence_gap": 0.0066040982028660045,
    "is_confident": false,
    "threshold": 0.03
  }
}