{
  "Constant": {
    "name": "Constant",
    "r2": 0.0,
    "bic": 9.583636078084439,
    "confidence_score": -0.16057620877200915,
    "params": [
      2.7445908639118866,
      1.1672154140188469
    ],
    "order": 0
  },
  "Linear": {
    "name": "Linear",
    "r2": 0.8844807692759507,
    "bic": -29.266092657796904,
    "confidence_score": 0.6839045605039414,
    "params": [
      0.016886025061584157,
      2.0036854392233696
    ],
    "order": 2
  },
  "Quadratic": {
    "name": "Quadratic",
    "r2": 0.9819796845905061,
    "bic": -59.81859158978377,
    "confidence_score": 0.6611153714324924,
    "params": [
      7.6741193559759e-05,
      4.897027383894548e-18,
      2.6378512963748775
    ],
    "order": 4
  },
  "Cubic": {
    "name": "Cubic",
    "r2": 0.9985924898078722,
    "bic": -102.8224136263281,
    "confidence_score": 0.5774400722638539,
    "params": [
      3.413810375001708e-07,
      4.6206459872660753e-20,
      0.001586419296544475,
      2.7965314371594614
    ],
    "order": 5
  },
  "Logarithmic": {
    "name": "Logarithmic",
    "r2": 0.5920979645939599,
    "bic": -6.557472290655051,
    "confidence_score": 0.4115217558219507,
    "params": [
      0.8766238385914682,
      2.2587895446475546e-14
    ],
    "order": 1
  },
  "N Log N": {
    "name": "N Log N",
    "r2": 0.9116542344156742,
    "bic": -34.093310085774064,
    "confidence_score": 0.691078025643665,
    "params": [
      0.0030476601704561854,
      2.2259310341272833
    ],
    "order": 3
  },
  "confidence_analysis": {
    "best_model": "N Log N",
    "best_score": 0.691078025643665,
    "second_best_model": "Linear",
    "second_best_score": 0.6839045605039414,
    "confidence_gap": 0.0071734651397236115,
    "is_confident": false,
    "threshold": 0.03
  }
}