{
  "Constant": {
    "name": "Constant",
    "r2": 0.0,
    "bic": 367.85946180174597,
    "confidence_score": -0.14978661367769955,
    "params": [
      0.03645086878794914,
      6343.340553031288
    ],
    "order": 0
  },
  "Linear": {
    "name": "Linear",
    "r2": 0.6143737382769772,
    "bic": 348.80172955301214,
    "confidence_score": 0.42458712459927767,
    "params": [
      73.65838736628781,
      2.4801669730081404e-21
    ],
    "order": 2
  },
  "Quadratic": {
    "name": "Quadratic",
    "r2": 0.8748498760403156,
    "bic": 329.29036866298077,
    "confidence_score": 0.5701699555237664,
    "params": [
      0.483694779473477,
      9.441538461343499e-20,
      3.346217965767771e-20
    ],
    "order": 4
  },
  "Cubic": {
    "name": "Cubic",
    "r2": 0.9762154483622194,
    "bic": 299.0765463507554,
    "confidence_score": 0.5766422210068204,
    "params": [
      0.0027260054603155362,
      1.847827784389698e-25,
      3.234960800130325e-26,
      4.442460721421265e-24
    ],
    "order": 5
  },
  "Logarithmic": {
    "name": "Logarithmic",
    "r2": 0.1923759438355901,
    "bic": 363.58628968654136,
    "confidence_score": 0.022589330157890542,
    "params": [
      1646.6121451684307,
      1.648683880897965e-15
    ],
    "order": 1
  },
  "N Log N": {
    "name": "N Log N",
    "r2": 0.6870633046067487,
    "bic": 344.6243746010004,
    "confidence_score": 0.4772766909290492,
    "params": [
      15.003442222891756,
      7.98440852248855e-21
    ],
    "order": 3
  },
  "confidence_analysis": {
    "best_model": "Cubic",
    "best_score": 0.5766422210068204,
    "second_best_model": "Quadratic",
    "second_best_score": 0.5701699555237664,
    "confidence_gap": 0.006472265483054018,
    "is_confident": false,
    "threshold": 0.03
  }
}