{
  "valid_points": 19,
  "models": {
    "Constant": {
      "r2": 0.7,
      "aic": 93.95256560313422,
      "bic": 95.8414435614671,
      "params": [
        -97.68793347634765,
        102.31206652365233
      ],
      "confidence_score": 0.11999999999999998
    },
    "Linear": {
      "r2": 0.9999721255834518,
      "aic": -105.31565832567613,
      "bic": -103.42678036734324,
      "params": [
        8.369474511493724e-05,
        0.0052623386627745905
      ],
      "confidence_score": 0.8099832753500711
    },
    "Quadratic": {
      "r2": 0.9176810163169853,
      "aic": 48.5066484673393,
      "bic": 51.33996540483862,
      "params": [
        1.6426915205074098e-10,
        1.0,
        1.4554521993029246
      ],
      "confidence_score": 0.5306086097901911
    },
    "Cubic": {
      "r2": 0.83950367248243,
      "aic": 63.19236545763216,
      "bic": 66.97012137429792,
      "params": [
        3.03756924380268e-16,
        1.0,
        1.0,
        1.9910085800067039
      ],
      "confidence_score": 0.4837022034894579
    },
    "Logarithmic": {
      "r2": 0.3902816862342545,
      "aic": 84.55215962871003,
      "bic": 86.44103758704291,
      "params": [
        1.710523634814634,
        -7.120493662814164
      ],
      "confidence_score": 0.5431408431171273
    },
    "N Log N": {
      "r2": 0.9984798852091076,
      "aic": -29.33785350324377,
      "bic": -27.44897554491089,
      "params": [
        6.416827821057472e-06,
        0.20578698061258616
      ],
      "confidence_score": 0.698
    }
  }
}