{
  "valid_points": 20,
  "models": {
    "Constant": {
      "r2": 0.7,
      "aic": 125.1152413309283,
      "bic": 127.10670587803628,
      "params": [
        104.35909368097785,
        -95.64090631902214
      ],
      "confidence_score": 0.11999999999999998
    },
    "Linear": {
      "r2": 0.9999491316841195,
      "aic": -72.61016478940678,
      "bic": -70.6187002422988,
      "params": [
        8.274031285748773e-05,
        0.04232774681596607
      ],
      "confidence_score": 0.8999694790104716
    },
    "Quadratic": {
      "r2": 0.9158816768288034,
      "aic": 77.60462408858506,
      "bic": 80.59182090924703,
      "params": [
        8.130320295392444e-11,
        1.0,
        2.758616664076071
      ],
      "confidence_score": 0.529529006097282
    },
    "Cubic": {
      "r2": 0.8369463992993335,
      "aic": 92.84171545939714,
      "bic": 96.8246445536131,
      "params": [
        7.517371493059193e-17,
        1.0,
        1.0,
        3.7656671304335734
      ],
      "confidence_score": 0.4821678395796001
    },
    "Logarithmic": {
      "r2": 0.3767909978554217,
      "aic": 115.65777454099018,
      "bic": 117.64923908809816,
      "params": [
        3.098159438642422,
        -13.637952536661299
      ],
      "confidence_score": 0.4363954989277109
    },
    "N Log N": {
      "r2": 0.9984031644275715,
      "aic": -3.6793861757268056,
      "bic": -1.6879216286188239,
      "params": [
        6.025545306492799e-06,
        0.39724036861873496
      ],
      "confidence_score": 0.6980000000000004
    }
  }
}