{
  "valid_points": 29,
  "models": {
    "Constant": {
      "r2": 0.7,
      "aic": -627.2697477174892,
      "bic": -624.5351560575162,
      "params": [
        -99.99991142801169,
        100.00008857198837
      ],
      "confidence_score": 0.13886829573703163
    },
    "Linear": {
      "r2": 0.0019199202459638798,
      "aic": -627.3254789214911,
      "bic": -624.5908872615182,
      "params": [
        -7.53996527683902e-15,
        0.0001774231484558533
      ],
      "confidence_score": 0.015868621619843766
    },
    "Quadratic": {
      "r2": 0.001967149413944158,
      "aic": -625.326851234501,
      "bic": -621.2249637445416,
      "params": [
        -1.550145805883382e-23,
        1.0,
        0.0001773494014825956
      ],
      "confidence_score": 0.0
    },
    "Cubic": {
      "r2": 0.0012359468294615983,
      "aic": -623.3056123434972,
      "bic": -617.8364290235513,
      "params": [
        -2.329017637231145e-32,
        1.0,
        1.0,
        0.00017728600538284868
      ],
      "confidence_score": 0.0
    },
    "Logarithmic": {
      "r2": 0.1736850406359306,
      "aic": -632.8023465882032,
      "bic": -630.0677549282303,
      "params": [
        1.3321873076963368e-06,
        0.00016335000567821204
      ],
      "confidence_score": 0.7848425203179653
    },
    "N Log N": {
      "r2": 0.002024391453001817,
      "aic": -627.3285145732764,
      "bic": -624.5939229133035,
      "params": [
        -3.8850301732847507e-16,
        0.00017742315367154078
      ],
      "confidence_score": 0.31844313234897553
    }
  }
}