{
  "Constant": {
    "params": [
      0.0014377788261131005
    ],
    "r_squared": 0.0,
    "success": true
  },
  "Linear": {
    "params": [
      4.521991738342733e-07,
      8.118130371128181e-05
    ],
    "r_squared": 0.9931491381879718,
    "success": true
  },
  "Quadratic": {
    "params": [
      1.7053723391003554e-11,
      3.498768312560146e-07,
      0.0002113580665923833
    ],
    "r_squared": 0.9946927824507797,
    "success": true
  },
  "Cubic": {
    "params": [
      -6.576771644330561e-15,
      7.624466758239199e-11,
      1.8847957035438636e-07,
      0.0003404041867347825
    ],
    "r_squared": 0.994934530103286,
    "success": true
  },
  "Logarithmic": {
    "params": [
      0.001156635882776234,
      -0.007719255404645542
    ],
    "r_squared": 0.9357190201402039,
    "success": true
  },
  "n_log_n": {
    "params": [
      5.051668247392516e-08,
      0.00021229754997173974
    ],
    "r_squared": 0.9944645189919185,
    "success": true
  },
  "Exponential": {
    "params": [
      0.0005341410433841164,
      0.0003093952628782299
    ],
    "r_squared": 0.9794804345538678,
    "success": true
  },
  "Sqrt_Exponential": {
    "params": [
      0.0005341410433248078,
      0.0006187905257790557
    ],
    "r_squared": 0.9794804345538678,
    "success": true
  },
  "Power": {
    "params": [
      7.274216395792954e-07,
      0.9481932192794283
    ],
    "r_squared": 0.9921000023742719,
    "success": true
  }
}