{
  "valid_points": 19,
  "models": {
    "Constant": {
      "r2": 0.7,
      "aic": 134.60798752187117,
      "bic": 136.49686548020404,
      "params": [
        -95.92138846453868,
        104.07861153546135
      ],
      "confidence_score": 0.11999999999999998
    },
    "Linear": {
      "r2": 0.9944152022270636,
      "aic": 36.04155345634217,
      "bic": 37.930431414675056,
      "params": [
        6.652488402836276e-05,
        -1.0211766640996998
      ],
      "confidence_score": 0.4968650294501412
    },
    "Quadratic": {
      "r2": 0.9978336599548645,
      "aic": 20.048380662155573,
      "bic": 22.881697599654892,
      "params": [
        3.166128440561808e-11,
        1.0,
        0.6757161473524635
      ],
      "confidence_score": 0.9787001959729187
    },
    "Cubic": {
      "r2": 0.9964149441986431,
      "aic": 31.619343965297894,
      "bic": 35.397099881963655,
      "params": [
        1.507281060020174e-17,
        1.0,
        1.0,
        0.8239465540778779
      ],
      "confidence_score": 0.578615224333202
    },
    "Logarithmic": {
      "r2": 0.22972037994743988,
      "aic": 129.64895546641185,
      "bic": 131.53783342474472,
      "params": [
        3.7035394802887356,
        -17.541871312861183
      ],
      "confidence_score": 0.26286018997371996
    },
    "N Log N": {
      "r2": 0.9970978322182686,
      "aic": 23.60433862626626,
      "bic": 25.49321658459914,
      "params": [
        4.576214660834009e-06,
        -0.6830923909022705
      ],
      "confidence_score": 0.7792899979210568
    }
  }
}