{
  "valid_points": 74,
  "models": {
    "Constant": {
      "r2": 0.0,
      "aic": -148.91031609978538,
      "bic": -144.30218591337703,
      "params": [
        100.46855080369355,
        -99.53144919630635
      ],
      "confidence_score": 0.0
    },
    "Linear": {
      "r2": 0.9877390340638104,
      "aic": -474.6090738328425,
      "bic": -470.00094364643417,
      "params": [
        0.00030599270535125456,
        0.029461082731270793
      ],
      "confidence_score": 0.9677390340638103
    },
    "Quadratic": {
      "r2": 0.9634643717034512,
      "aic": -391.81090198099713,
      "bic": -384.89870670138464,
      "params": [
        4.974742837572599e-08,
        1.0,
        0.43293831126230764
      ],
      "confidence_score": 0.9234643717034512
    },
    "Cubic": {
      "r2": 0.902753898261108,
      "aic": -317.368084385111,
      "bic": -308.1518240122943,
      "params": [
        9.535207835173319e-12,
        1.0,
        1.0,
        0.5741613166563658
      ],
      "confidence_score": 0.8527538982611079
    },
    "Logarithmic": {
      "r2": 0.9445455049733996,
      "aic": -362.93256139356174,
      "bic": -358.3244312071534,
      "params": [
        0.7925257392979874,
        -5.32975917701513
      ],
      "confidence_score": 0.9345455049733996
    },
    "N Log N": {
      "r2": 0.9878824447227573,
      "aic": -475.47971820771875,
      "bic": -470.8715880213104,
      "params": [
        3.416211581371246e-05,
        0.11891426499147793
      ],
      "confidence_score": 0.9578824447227573
    }
  }
}