{
  "valid_points": 95,
  "models": {
    "Constant": {
      "r2": 0.7,
      "aic": -312.534617290881,
      "bic": -307.4268635076799,
      "params": [
        -99.81503688583234,
        100.18496311416757
      ],
      "confidence_score": 0.41
    },
    "Linear": {
      "r2": 0.9828528030583339,
      "aic": -698.7970707153836,
      "bic": -693.6893169321825,
      "params": [
        0.00013411593144233372,
        0.08735949001854001
      ],
      "confidence_score": 0.9797116818350003
    },
    "Quadratic": {
      "r2": 0.9142817145758692,
      "aic": -543.9200828005861,
      "bic": -536.2584521257845,
      "params": [
        2.9190130746697865e-08,
        1.0,
        0.18337280329602107
      ],
      "confidence_score": 0.5285690287455215
    },
    "Cubic": {
      "r2": 0.8116714498545414,
      "aic": -467.14350454786756,
      "bic": -456.9279969814654,
      "params": [
        6.464897583341227e-12,
        1.0,
        1.0,
        0.2291092100296785
      ],
      "confidence_score": 0.4670028699127248
    },
    "Logarithmic": {
      "r2": 0.606393270928542,
      "aic": -401.112903975425,
      "bic": -396.00515019222394,
      "params": [
        0.08209818693305614,
        -0.20356613635119222
      ],
      "confidence_score": 0.5011966354642711
    },
    "N Log N": {
      "r2": 0.981695436760145,
      "aic": -692.5920821116327,
      "bic": -687.4843283284316,
      "params": [
        1.5819261183698335e-05,
        0.10583507391178996
      ],
      "confidence_score": 0.6114810928314542
    }
  }
}