{
  "valid_points": 30,
  "models": {
    "Constant": {
      "r2": 0.7,
      "aic": 85.06402658721537,
      "bic": 87.86642135053968,
      "params": [
        101.89140395571792,
        -98.10859604428207
      ],
      "confidence_score": 0.3500000000163745
    },
    "Linear": {
      "r2": 0.1390674076112992,
      "aic": 80.57185456138093,
      "bic": 83.37424932470525,
      "params": [
        1.341282490861872e-08,
        3.3022753878194764
      ],
      "confidence_score": 0.07344044477311297
    },
    "Quadratic": {
      "r2": 0.07343254038780422,
      "aic": 84.77597384714151,
      "bic": 88.97956599212799,
      "params": [
        1.981178708289147e-17,
        1.0,
        3.5290134567891496
      ],
      "confidence_score": 0.024059524245196372
    },
    "Cubic": {
      "r2": 0.05596083441028066,
      "aic": 87.33639784546178,
      "bic": 92.94118737211039,
      "params": [
        3.2790345634614957e-26,
        1.0,
        1.0,
        3.5895103764914382
      ],
      "confidence_score": 0.013576500647894767
    },
    "Logarithmic": {
      "r2": 0.7930796881727724,
      "aic": 37.80138078160085,
      "bic": 40.603775544925156,
      "params": [
        0.592566065879756,
        -2.422146988055704
      ],
      "confidence_score": 0.898
    },
    "N Log N": {
      "r2": 0.13184718623206382,
      "aic": 80.82240077453899,
      "bic": 83.6247955378633,
      "params": [
        6.553742521478126e-10,
        3.327238731193674
      ],
      "confidence_score": 0.3639235932525611
    }
  }
}