{
  "valid_points": 29,
  "models": {
    "Constant": {
      "r2": 0.85,
      "aic": -656.3407880478778,
      "bic": -653.6061963879049,
      "params": [
        -99.99992684300602,
        100.00007315699402
      ],
      "confidence_score": 0.41211958999172227
    },
    "Linear": {
      "r2": 0.021168854484156063,
      "aic": -656.9612757545958,
      "bic": -654.2266840946229,
      "params": [
        1.5166917474477815e-14,
        0.0001457524241635737
      ],
      "confidence_score": 0.3847979967667602
    },
    "Quadratic": {
      "r2": 0.037995884991435136,
      "aic": -655.4641480202048,
      "bic": -651.3622605302454,
      "params": [
        4.1270755150724443e-23,
        1.0,
        0.00014576706906879857
      ],
      "confidence_score": 0.09706747876024152
    },
    "Cubic": {
      "r2": 0.04695588176423371,
      "aic": -653.7355164358263,
      "bic": -648.2663331158805,
      "params": [
        8.696377909049115e-32,
        1.0,
        1.0,
        0.0001457836630849014
      ],
      "confidence_score": 0.028222919354868783
    },
    "Logarithmic": {
      "r2": 0.017492607801923743,
      "aic": -656.8525629785155,
      "bic": -654.1179713185426,
      "params": [
        2.5611332877506483e-07,
        0.00014366209371712206
      ],
      "confidence_score": 0.6871795663183674
    },
    "N Log N": {
      "r2": 0.02205212514956989,
      "aic": -656.9874563818103,
      "bic": -654.2528647218373,
      "params": [
        7.767691591028273e-16,
        0.00014575580399997252
      ],
      "confidence_score": 0.509026062574785
    }
  }
}