{
  "valid_points": 78,
  "models": {
    "Constant": {
      "r2": 0.7,
      "aic": 71.42579040815146,
      "bic": 76.13920806153064,
      "params": [
        -97.97970121009989,
        102.02029878990018
      ],
      "confidence_score": 0.35
    },
    "Linear": {
      "r2": 0.9857395473394495,
      "aic": -260.0948890394569,
      "bic": -255.38147138607772,
      "params": [
        0.0013449740129817256,
        0.09706480071225332
      ],
      "confidence_score": 0.5829463221040501
    },
    "Quadratic": {
      "r2": 0.9770121050288562,
      "aic": -220.8516351536697,
      "bic": -213.7815086736009,
      "params": [
        2.2352563541787945e-07,
        1.0,
        1.8298430742359235
      ],
      "confidence_score": 0.5662072630187053
    },
    "Cubic": {
      "r2": 0.9300513428911479,
      "aic": -132.05372411415053,
      "bic": -122.62688880739216,
      "params": [
        4.3603895761568585e-11,
        1.0,
        1.0,
        2.4433863190296035
      ],
      "confidence_score": 0.5380308057346886
    },
    "Logarithmic": {
      "r2": 0.9268674290598472,
      "aic": -132.5817622679265,
      "bic": -127.86834461454733,
      "params": [
        3.383523953051736,
        -22.674798003542875
      ],
      "confidence_score": 0.598
    },
    "N Log N": {
      "r2": 0.9876419990750692,
      "aic": -271.26343263674346,
      "bic": -266.5500149833643,
      "params": [
        0.00015057346960013038,
        0.48117044769476736
      ],
      "confidence_score": 0.898
    }
  }
}