{
  "valid_points": 31,
  "models": {
    "Constant": {
      "r2": 0.7,
      "aic": -590.1239325719008,
      "bic": -587.2559581629305,
      "params": [
        100.00014360393243,
        -99.99985639606756
      ],
      "confidence_score": 0.48472165957299224
    },
    "Linear": {
      "r2": 0.049460802776575497,
      "aic": -591.6964348324713,
      "bic": -588.8284604235009,
      "params": [
        1.112132606238393e-13,
        0.0002814259905633935
      ],
      "confidence_score": 0.41398911167365865
    },
    "Quadratic": {
      "r2": 0.053861638388788435,
      "aic": -589.8402928627102,
      "bic": -585.5383312492547,
      "params": [
        2.246679819242575e-22,
        1.0,
        0.0002823337391666008
      ],
      "confidence_score": 0.08841935890075786
    },
    "Cubic": {
      "r2": 0.050825412011467175,
      "aic": -587.7409709029962,
      "bic": -582.0050220850557,
      "params": [
        4.090373253176797e-31,
        1.0,
        1.0,
        0.0002828326027231308
      ],
      "confidence_score": 0.02350143076404754
    },
    "Logarithmic": {
      "r2": 0.0021617435637724114,
      "aic": -590.191019160532,
      "bic": -587.3230447515617,
      "params": [
        5.378624945691937e-07,
        0.0002814086458893396
      ],
      "confidence_score": 0.3383981854282745
    },
    "N Log N": {
      "r2": 0.050338601928079596,
      "aic": -591.7250757830107,
      "bic": -588.8571013740403,
      "params": [
        5.604145584346256e-15,
        0.0002814870024540621
      ],
      "confidence_score": 0.5231693009640398
    }
  }
}