{
  "Constant": {
    "r2": -2.220446049250313e-16,
    "aic": 410.95613877265794,
    "bic": 413.62054779300837,
    "params": [
      892.6471582101749,
      334.65513574824286
    ]
  },
  "Linear": {
    "r2": 0.820222277246269,
    "aic": 362.90718495918264,
    "bic": 365.5715939795331,
    "params": [
      14.599330312001424,
      -984.4962483098071
    ]
  },
  "Quadratic": {
    "r2": 0.962005202123432,
    "aic": 321.38757002751663,
    "bic": 325.38418355804225,
    "params": [
      0.05047997685765804,
      1.0,
      -329.87879215819913
    ]
  },
  "Cubic": {
    "r2": 0.9985935931979565,
    "aic": 231.08805732519517,
    "bic": 236.41687536589598,
    "params": [
      0.00017752385803393445,
      1.0,
      1.0,
      -27.02039622626658
    ]
  },
  "Logarithmic": {
    "r2": 0.4211063871284285,
    "aic": 395.6503150597999,
    "bic": 398.3147240801503,
    "params": [
      898.8781756623341,
      -2991.2514359606025
    ]
  },
  "N Log N": {
    "r2": 0.8578203381782825,
    "aic": 356.3375524564955,
    "bic": 359.0019614768459,
    "params": [
      2.53759651656039,
      -780.0526618931333
    ]
  }
}