{
  "valid_points": 30,
  "models": {
    "Constant": {
      "r2": 0.7,
      "aic": -660.6572282950765,
      "bic": -657.8548335317522,
      "params": [
        100.00008512288333,
        -99.99991487711662
      ],
      "confidence_score": 0.5634114574955218
    },
    "Linear": {
      "r2": 0.004111488201018698,
      "aic": -660.7808272033054,
      "bic": -657.9784324399811,
      "params": [
        -7.090511681932191e-15,
        0.00017062668147471368
      ],
      "confidence_score": 0.29515519021907344
    },
    "Quadratic": {
      "r2": 0.00720733065178214,
      "aic": -658.874231163104,
      "bic": -654.6706390181175,
      "params": [
        -1.815854875585873e-23,
        1.0,
        0.00017065284416287893
      ],
      "confidence_score": 0.042229578282295954
    },
    "Cubic": {
      "r2": 0.009412618646495674,
      "aic": -656.9409442139705,
      "bic": -651.3361546873219,
      "params": [
        -3.888412431751916e-32,
        1.0,
        1.0,
        0.00017067555427180804
      ],
      "confidence_score": 0.0
    },
    "Logarithmic": {
      "r2": 0.022448232846283722,
      "aic": -661.338349189072,
      "bic": -658.5359544257477,
      "params": [
        3.829316850143245e-07,
        0.00016609439938721114
      ],
      "confidence_score": 0.5092241164231419
    },
    "N Log N": {
      "r2": 0.004248793464392664,
      "aic": -660.7849636521519,
      "bic": -657.9825688888276,
      "params": [
        -3.6000203488172467e-16,
        0.00017062551550250184
      ],
      "confidence_score": 0.22761062607465166
    }
  }
}