{
  "valid_points": 93,
  "models": {
    "Constant": {
      "r2": 0.7,
      "aic": -322.67963695151116,
      "bic": -317.6144379652046,
      "params": [
        -99.83105433964604,
        100.16894566035408
      ],
      "confidence_score": 0.41
    },
    "Linear": {
      "r2": 0.9833869256969447,
      "aic": -703.7532084567678,
      "bic": -698.6880094704612,
      "params": [
        0.00012210916659197485,
        0.08641208764483241
      ],
      "confidence_score": 0.5801132462287983
    },
    "Quadratic": {
      "r2": 0.9349453542479474,
      "aic": -574.804709182928,
      "bic": -567.2069107034682,
      "params": [
        2.6987336560508727e-08,
        1.0,
        0.17035769838265868
      ],
      "confidence_score": 0.5409672125487685
    },
    "Cubic": {
      "r2": 0.8372121583766299,
      "aic": -487.5032354843446,
      "bic": -477.3728375117316,
      "params": [
        6.0194937295341146e-12,
        1.0,
        1.0,
        0.21070856330773724
      ],
      "confidence_score": 0.48232729502597793
    },
    "Logarithmic": {
      "r2": 0.5683083478063401,
      "aic": -400.80370232207395,
      "bic": -395.7385033357674,
      "params": [
        0.072194540195211,
        -0.16357435068676227
      ],
      "confidence_score": 0.48215417390317
    },
    "N Log N": {
      "r2": 0.9861634201837065,
      "aic": -720.7605088177557,
      "bic": -715.6953098314492,
      "params": [
        1.4438786376642207e-05,
        0.10260932129188541
      ],
      "confidence_score": 0.898
    }
  }
}