{
  "valid_points": 20,
  "models": {
    "Constant": {
      "r2": 0.7,
      "aic": 146.01259206908094,
      "bic": 148.00405661618893,
      "params": [
        106.81206220760947,
        -93.18793779239056
      ],
      "confidence_score": 0.09999999999999998
    },
    "Linear": {
      "r2": 0.9928588555966841,
      "aic": 47.17494737112624,
      "bic": 49.16641191823422,
      "params": [
        0.0002780776913734462,
        -0.9690869426131925
      ],
      "confidence_score": 0.4957711192428865
    },
    "Quadratic": {
      "r2": 0.9590781201707483,
      "aic": 84.0907840726288,
      "bic": 87.07798089329077,
      "params": [
        5.611332771980012e-10,
        1.0,
        3.3412775733630373
      ],
      "confidence_score": 0.5554468721027758
    },
    "Cubic": {
      "r2": 0.8985216383116326,
      "aic": 104.25439829780495,
      "bic": 108.23732739202092,
      "params": [
        1.0506614551794066e-15,
        1.0,
        1.0,
        4.971823609849628
      ],
      "confidence_score": 0.5191129829869795
    },
    "Logarithmic": {
      "r2": 0.3447966238795912,
      "aic": 137.55640019612844,
      "bic": 139.54786474323643,
      "params": [
        5.385038103275714,
        -23.367425228126397
      ],
      "confidence_score": 0.3203983119397956
    },
    "N Log N": {
      "r2": 0.9970607954185117,
      "aic": 29.420266374058805,
      "bic": 31.411730921166786,
      "params": [
        2.1387603387924566e-05,
        -0.37369426177257037
      ],
      "confidence_score": 0.9480000000000001
    }
  }
}