{
  "valid_points": 36,
  "models": {
    "Constant": {
      "r2": 0.7,
      "aic": 291.17330140584187,
      "bic": 294.3403392827541,
      "params": [
        138.5312897472095,
        -34.9194714601018
      ],
      "confidence_score": 0.11999999999999998
    },
    "Linear": {
      "r2": 0.9994433117089628,
      "aic": 21.40711795698595,
      "bic": 24.574155833898168,
      "params": [
        0.00010871947251878122,
        1.839791860905457
      ],
      "confidence_score": 0.8996659870253777
    },
    "Quadratic": {
      "r2": 0.9448326782718134,
      "aic": 188.8674594534814,
      "bic": 193.61801626884971,
      "params": [
        5.494188954700392e-11,
        1.0,
        41.933304993627985
      ],
      "confidence_score": 0.546899606963088
    },
    "Cubic": {
      "r2": 0.8552463570840161,
      "aic": 225.595309553589,
      "bic": 231.92938530741344,
      "params": [
        3.0290959041790424e-17,
        1.0,
        1.0,
        57.80997639631809
      ],
      "confidence_score": 0.49314781425040966
    },
    "Logarithmic": {
      "r2": 0.8910260987024761,
      "aic": 211.37401433567624,
      "bic": 214.54105221258845,
      "params": [
        69.6598974679999,
        -839.7006592168145
      ],
      "confidence_score": 0.548
    },
    "N Log N": {
      "r2": 0.9988021457885611,
      "aic": 48.993256126425045,
      "bic": 52.16029400333726,
      "params": [
        7.421673494174667e-06,
        6.996828650690254
      ],
      "confidence_score": 0.6980003068085532
    }
  }
}