{
  "valid_points": 31,
  "models": {
    "Constant": {
      "r2": 0.7,
      "aic": -703.3018799429906,
      "bic": -700.4339055340203,
      "params": [
        -99.99993829236874,
        100.00006170763127
      ],
      "confidence_score": 0.4958778601667051
    },
    "Linear": {
      "r2": 0.00024680787769282286,
      "aic": -703.3095319315235,
      "bic": -700.4415575225531,
      "params": [
        1.2660379834731695e-15,
        0.00012334944232657722
      ],
      "confidence_score": 0.18539749417096688
    },
    "Quadratic": {
      "r2": 0.00017185535780084304,
      "aic": -701.3072079169159,
      "bic": -697.0052463034605,
      "params": [
        2.044975248634997e-24,
        1.0,
        0.00012337089715034225
      ],
      "confidence_score": 0.015130216961071963
    },
    "Cubic": {
      "r2": 0.00046004765635210276,
      "aic": -699.3161447018236,
      "bic": -693.5801958838831,
      "params": [
        6.271061586432857e-33,
        1.0,
        1.0,
        0.0001233481842080602
      ],
      "confidence_score": 0.0
    },
    "Logarithmic": {
      "r2": 0.04545162238131706,
      "aic": -704.7439054975346,
      "bic": -701.8759310885642,
      "params": [
        3.9743046688246463e-07,
        0.00011913017777615357
      ],
      "confidence_score": 0.6207258111906585
    },
    "N Log N": {
      "r2": 0.00020673992100317395,
      "aic": -703.3082895431245,
      "bic": -700.4403151341542,
      "params": [
        5.787514913185308e-17,
        0.00012335618196007765
      ],
      "confidence_score": 0.14444948944119548
    }
  }
}