{
  "valid_points": 28,
  "models": {
    "Constant": {
      "r2": 0.7,
      "aic": -64.2852565921385,
      "bic": -61.62084757178809,
      "params": [
        -99.78146389392869,
        100.21853610607137
      ],
      "confidence_score": 0.41000000449171387
    },
    "Linear": {
      "r2": 0.08615143534039127,
      "aic": -66.80778794431811,
      "bic": -64.1433789239677,
      "params": [
        7.832677064982976e-10,
        0.40703552400466025
      ],
      "confidence_score": 0.041690882344554175
    },
    "Quadratic": {
      "r2": 0.04573607099555854,
      "aic": -63.59607633047578,
      "bic": -59.599462799950174,
      "params": [
        1.1580054906142217e-18,
        1.0,
        0.42117829033375975
      ],
      "confidence_score": 0.007441644777115286
    },
    "Cubic": {
      "r2": 0.03473328190956848,
      "aic": -61.275079664944144,
      "bic": -55.94626162424333,
      "params": [
        1.912317529559446e-27,
        1.0,
        1.0,
        0.42499397529446237
      ],
      "confidence_score": 0.000839969496598085
    },
    "Logarithmic": {
      "r2": 0.7238836001680418,
      "aic": -100.31937397434112,
      "bic": -97.65496495399071,
      "params": [
        0.0446450706441373,
        -0.04170943630686242
      ],
      "confidence_score": 0.8480000000000001
    },
    "N Log N": {
      "r2": 0.08175308851037211,
      "aic": -66.67334740948628,
      "bic": -64.00893838913588,
      "params": [
        3.828274036035624e-11,
        0.4085798574528489
      ],
      "confidence_score": 0.3388765590796643
    }
  }
}