{
  "Constant": {
    "r2": -2.220446049250313e-16,
    "aic": 349.0736903338221,
    "bic": 351.73809935417256,
    "params": [
      377.10577518293996,
      32.52532836035891
    ]
  },
  "Linear": {
    "r2": 0.8272865397994444,
    "aic": 299.902292335485,
    "bic": 302.56670135583545,
    "params": [
      4.85602308255811,
      -326.05639346425494
    ]
  },
  "Quadratic": {
    "r2": 0.9665807780050533,
    "aic": 255.9122173339299,
    "bic": 259.9088308644555,
    "params": [
      0.01675849915144899,
      1.0,
      -107.3266976767337
    ]
  },
  "Cubic": {
    "r2": 0.9996600330146529,
    "aic": 129.44715301812477,
    "bic": 134.77597105882558,
    "params": [
      5.882664951478224e-05,
      1.0,
      1.0,
      -6.017824425606801
    ]
  },
  "Logarithmic": {
    "r2": 0.4262607731972493,
    "aic": 333.5174420850768,
    "bic": 336.18185110542726,
    "params": [
      299.5216451076028,
      -996.0634449298535
    ]
  },
  "N Log N": {
    "r2": 0.8646592849026578,
    "aic": 293.0748141283321,
    "bic": 295.7392231486825,
    "params": [
      0.8437863844304005,
      -257.8425354907583
    ]
  }
}