{
  "Constant": {
    "r2": 0.0,
    "aic": -127.4059064431955,
    "bic": -122.71829559948813,
    "params": [
      -99.57990450421707,
      100.42009549578292
    ]
  },
  "Linear": {
    "r2": 0.5701928168879655,
    "aic": -192.4261372747771,
    "bic": -187.73852643106972,
    "params": [
      0.00028025874384574045,
      0.003964414960684892
    ]
  },
  "Quadratic": {
    "r2": 0.5241816545196194,
    "aic": -182.59527904747821,
    "bic": -175.56386278191715,
    "params": [
      4.413272379197722e-08,
      1.0,
      0.3891387921342044
    ]
  },
  "Cubic": {
    "r2": 0.45551527688929905,
    "aic": -170.21539176058857,
    "bic": -160.84017007317385,
    "params": [
      8.135222004691386e-12,
      1.0,
      1.0,
      0.5277643258701741
    ]
  },
  "Logarithmic": {
    "r2": 0.5654749836592525,
    "aic": -191.5855420345432,
    "bic": -186.89793119083583,
    "params": [
      0.7412370753327191,
      -5.026888234646366
    ]
  },
  "N Log N": {
    "r2": 0.5671733822878986,
    "aic": -191.88709645934276,
    "bic": -187.19948561563538,
    "params": [
      3.1194667982733823e-05,
      0.08827795564388785
    ]
  }
}