{
  "valid_points": 31,
  "models": {
    "Constant": {
      "r2": 0.85,
      "aic": -673.5445040079671,
      "bic": -670.6765295989968,
      "params": [
        -99.99988307395286,
        100.00011692604716
      ],
      "confidence_score": 0.4251275327487163
    },
    "Linear": {
      "r2": 0.10315444351501957,
      "aic": -676.9195239049263,
      "bic": -674.051549495956,
      "params": [
        4.1824399716772627e-14,
        0.00023167768242793085
      ],
      "confidence_score": 0.052811922621961986
    },
    "Quadratic": {
      "r2": 0.09503217023750588,
      "aic": -674.6400363852387,
      "bic": -670.3380747717832,
      "params": [
        7.771351201253677e-23,
        1.0,
        0.00023216611551864978
      ],
      "confidence_score": 0.03716287287787093
    },
    "Cubic": {
      "r2": 0.09528012225497595,
      "aic": -672.6485312349939,
      "bic": -666.9125824170534,
      "params": [
        1.4584226965288413e-31,
        1.0,
        1.0,
        0.00023229209435321252
      ],
      "confidence_score": 0.03719396917557659
    },
    "Logarithmic": {
      "r2": 0.39398426448552826,
      "aic": -689.0708331466548,
      "bic": -686.2028587376844,
      "params": [
        1.8909016719149832e-06,
        0.0002134644428913082
      ],
      "confidence_score": 0.7949921322427641
    },
    "N Log N": {
      "r2": 0.10199541567082981,
      "aic": -676.8794872830969,
      "bic": -674.0115128741265,
      "params": [
        2.077346517824169e-15,
        0.00023173148304046442
      ],
      "confidence_score": 0.0496734859720026
    }
  }
}