{
  "valid_points": 200,
  "models": {
    "Constant": {
      "r2": 0.7,
      "aic": -3999.77979951194,
      "bic": -3993.183164778844,
      "params": [
        100.00018788874142,
        -99.9998121112586
      ],
      "confidence_score": 0.6451459034894067
    },
    "Linear": {
      "r2": 0.0002299214504219993,
      "aic": -3999.825789089223,
      "bic": -3993.229154356127,
      "params": [
        2.3919733216317383e-13,
        0.0003745702945758246
      ],
      "confidence_score": 0.3655327919269733
    },
    "Quadratic": {
      "r2": 0.001541762887094178,
      "aic": -3998.088390037243,
      "bic": -3988.193437937599,
      "params": [
        5.94308582697357e-20,
        1.0,
        0.0003737807114159461
      ],
      "confidence_score": 0.0111939390920603
    },
    "Cubic": {
      "r2": 0.003398625574647318,
      "aic": -3996.4606823162285,
      "bic": -3983.267412850036,
      "params": [
        9.234556246988857e-27,
        1.0,
        1.0,
        0.00037345396397344826
      ],
      "confidence_score": 0.0
    },
    "Logarithmic": {
      "r2": 0.0008644357553819759,
      "aic": -3999.952761431025,
      "bic": -3993.356126697929,
      "params": [
        -1.4670615154392894e-06,
        0.00039801799209218116
      ],
      "confidence_score": 0.598432217877691
    },
    "N Log N": {
      "r2": 0.00028626644400120416,
      "aic": -3999.837060997152,
      "bic": -3993.240426264056,
      "params": [
        1.6370411894110143e-14,
        0.0003744871633051705
      ],
      "confidence_score": 0.5812805234628233
    }
  }
}