{
  "valid_points": 66,
  "models": {
    "Constant": {
      "r2": 0.7,
      "aic": -528.0786836157695,
      "bic": -523.6993741317166,
      "params": [
        100.07273180579591,
        -99.92726819420412
      ],
      "confidence_score": 0.46010150708931596
    },
    "Linear": {
      "r2": 0.061199181467957886,
      "aic": -532.2467118612822,
      "bic": -527.8674023772293,
      "params": [
        -5.440700544312449e-06,
        0.15853777986964956
      ],
      "confidence_score": 0.3492737898391542
    },
    "Quadratic": {
      "r2": 0.055865527299063245,
      "aic": -529.872804039485,
      "bic": -523.3038398134057,
      "params": [
        -1.0719241050338724e-09,
        1.0,
        0.15235238061812917
      ],
      "confidence_score": 0.04645280901579092
    },
    "Cubic": {
      "r2": 0.05202883995411556,
      "aic": -527.6051427552078,
      "bic": -518.8465237871021,
      "params": [
        -2.6237545582273687e-13,
        1.0,
        1.0,
        0.15033615596760236
      ],
      "confidence_score": 0.014763346285034947
    },
    "Logarithmic": {
      "r2": 0.06730118756700154,
      "aic": -532.6770980852541,
      "bic": -528.2977886012012,
      "params": [
        -0.012518642519595433,
        0.24212121451828753
      ],
      "confidence_score": 0.5316505937835008
    },
    "N Log N": {
      "r2": 0.060505084327065584,
      "aic": -532.1979331598776,
      "bic": -527.8186236758247,
      "params": [
        -6.184116963679095e-07,
        0.1571189589615718
      ],
      "confidence_score": 0.5643394550018992
    }
  }
}