{
  "valid_points": 58,
  "models": {
    "Constant": {
      "r2": 0.7,
      "aic": 449.85978621512095,
      "bic": 453.98067223621376,
      "params": [
        71.47923610025438,
        1.0
      ],
      "confidence_score": 0.09999999999999998
    },
    "Linear": {
      "r2": 0.9737757377694221,
      "aic": 238.67771128650384,
      "bic": 242.79859730759668,
      "params": [
        0.053491342382795404,
        -59.08179822570755
      ],
      "confidence_score": 0.48426544266165317
    },
    "Quadratic": {
      "r2": 0.9999317771886655,
      "aic": -104.51864496059147,
      "bic": -98.33731592895222,
      "params": [
        1.089911152984957e-05,
        1.0,
        -1.5374759199297694
      ],
      "confidence_score": 0.9799590663131993
    },
    "Cubic": {
      "r2": 0.9841071420458993,
      "aic": 213.63042977022025,
      "bic": 221.87220181240593,
      "params": [
        2.6526347626390435e-09,
        1.0,
        1.0,
        18.50267508306394
      ],
      "confidence_score": 0.5704642852275396
    },
    "Logarithmic": {
      "r2": 0.8924815108540948,
      "aic": 320.51442387451226,
      "bic": 324.6353098956051,
      "params": [
        113.88396504845568,
        -808.7553613454871
      ],
      "confidence_score": 0.548
    },
    "N Log N": {
      "r2": 0.9794528790531546,
      "aic": 224.5277882447508,
      "bic": 228.64867426584365,
      "params": [
        0.006118511253628353,
        -45.975880215013675
      ],
      "confidence_score": 0.698
    }
  }
}