{
  "valid_points": 57,
  "models": {
    "Constant": {
      "r2": -2.220446049250313e-16,
      "aic": -308.016203259024,
      "bic": -303.9301007233549,
      "params": [
        -99.85634525747669,
        100.14365474252327
      ],
      "confidence_score": -2.220446049250313e-16
    },
    "Linear": {
      "r2": 0.8614435738838004,
      "aic": -420.6754280289147,
      "bic": -416.5893254932456,
      "params": [
        6.979943146567112e-05,
        0.1128109063823093
      ],
      "confidence_score": 0.8414435738838004
    },
    "Quadratic": {
      "r2": 0.8340359795803469,
      "aic": -408.38730599796946,
      "bic": -402.2581521944658,
      "params": [
        1.3580646585940189e-08,
        1.0,
        0.19235813099978863
      ],
      "confidence_score": 0.7940359795803469
    },
    "Cubic": {
      "r2": 0.780449306114073,
      "aic": -390.43801418382986,
      "bic": -382.26580911249164,
      "params": [
        3.184105669941095e-12,
        1.0,
        1.0,
        0.21984624616857468
      ],
      "confidence_score": 0.730449306114073
    },
    "Logarithmic": {
      "r2": 0.8427428744745494,
      "aic": -413.45896831006013,
      "bic": -409.372865774391,
      "params": [
        0.15705633750715892,
        -0.9310001343756756
      ],
      "confidence_score": 0.8327428744745494
    },
    "N Log N": {
      "r2": 0.8603337754766732,
      "aic": -420.2206926249458,
      "bic": -416.1345900892767,
      "params": [
        7.938029838533961e-06,
        0.1308170367550849
      ],
      "confidence_score": 0.8303337754766732
    }
  }
}