{
  "valid_points": 93,
  "models": {
    "Constant": {
      "r2": 0.7,
      "aic": -519.6234005617032,
      "bic": -514.5582015753967,
      "params": [
        -99.91421631827782,
        100.08578368172209
      ],
      "confidence_score": 0.41
    },
    "Linear": {
      "r2": 0.8958025108027058,
      "aic": -729.9398544349083,
      "bic": -724.8746554486017,
      "params": [
        4.0363315345071094e-05,
        0.08648757089404935
      ],
      "confidence_score": 0.9274815064816234
    },
    "Quadratic": {
      "r2": 0.8299609742085758,
      "aic": -682.3940399079705,
      "bic": -674.7962414285107,
      "params": [
        8.76410063377498e-09,
        1.0,
        0.11534150843118043
      ],
      "confidence_score": 0.4779765845304871
    },
    "Cubic": {
      "r2": 0.7347870419576937,
      "aic": -639.0550614852068,
      "bic": -628.9246635125937,
      "params": [
        1.93554643491133e-12,
        1.0,
        1.0,
        0.12912347111738665
      ],
      "confidence_score": 0.4208722251746162
    },
    "Logarithmic": {
      "r2": 0.5663793557713737,
      "aic": -597.3328259065411,
      "bic": -592.2676269202345,
      "params": [
        0.024921607080124194,
        -0.0022467879642197605
      ],
      "confidence_score": 0.28118967788568683
    },
    "N Log N": {
      "r2": 0.894203657034114,
      "aic": -728.523657851354,
      "bic": -723.4584588650474,
      "params": [
        4.7603382078359285e-06,
        0.09202475219906851
      ],
      "confidence_score": 0.7457740152555968
    }
  }
}