{
  "valid_points": 29,
  "models": {
    "Constant": {
      "r2": 0.85,
      "aic": -654.5722103672435,
      "bic": -651.8376187072706,
      "params": [
        100.00009088423738,
        -99.99990911576256
      ],
      "confidence_score": 0.6336220781979527
    },
    "Linear": {
      "r2": 0.031165900855309014,
      "aic": -655.4904051790472,
      "bic": -652.7558135190743,
      "params": [
        1.897279453520288e-14,
        0.0001810659964453807
      ],
      "confidence_score": 0.40672855578391426
    },
    "Quadratic": {
      "r2": 0.029017703486066804,
      "aic": -653.4261746164905,
      "bic": -649.3242871265311,
      "params": [
        3.7183349832235135e-23,
        1.0,
        0.0001812757222250076
      ],
      "confidence_score": 0.06898675714140258
    },
    "Cubic": {
      "r2": 0.023904162159015807,
      "aic": -651.273850950781,
      "bic": -645.8046676308352,
      "params": [
        6.396950958232468e-32,
        1.0,
        1.0,
        0.00018137837433048907
      ],
      "confidence_score": 0.006659146749198881
    },
    "Logarithmic": {
      "r2": 0.007303706500732199,
      "aic": -654.7847951326106,
      "bic": -652.0502034726377,
      "params": [
        1.706157047532269e-07,
        0.00018000185541751362
      ],
      "confidence_score": 0.5114273319346421
    },
    "N Log N": {
      "r2": 0.031495892464811215,
      "aic": -655.5002844626283,
      "bic": -652.7656928026554,
      "params": [
        9.570540010481973e-16,
        0.0001810807388405754
      ],
      "confidence_score": 0.5137479462324056
    }
  }
}