{
  "valid_points": 97,
  "models": {
    "Constant": {
      "r2": -2.220446049250313e-16,
      "aic": -227.5161644633943,
      "bic": -222.36674250638754,
      "params": [
        100.29253715783668,
        -99.70746284216324
      ],
      "confidence_score": -2.220446049250313e-16
    },
    "Linear": {
      "r2": 0.9907137636657105,
      "aic": -681.4006925567099,
      "bic": -676.2512705997032,
      "params": [
        0.00021602333952117574,
        0.13347863788584236
      ],
      "confidence_score": 0.9707137636657105
    },
    "Quadratic": {
      "r2": 0.909484950617809,
      "aic": -458.5333620701621,
      "bic": -450.80922913465196,
      "params": [
        4.6663681296833837e-08,
        1.0,
        0.2900778721779942
      ],
      "confidence_score": 0.869484950617809
    },
    "Cubic": {
      "r2": 0.8015725123148062,
      "aic": -380.39732451538265,
      "bic": -370.09848060136915,
      "params": [
        1.0313808885461344e-11,
        1.0,
        1.0,
        0.36287622038723116
      ],
      "confidence_score": 0.7515725123148062
    },
    "Logarithmic": {
      "r2": 0.6188540452929876,
      "aic": -321.07973518067394,
      "bic": -315.93031322366716,
      "params": [
        0.13423868466437922,
        -0.35245661203716383
      ],
      "confidence_score": 0.6088540452929876
    },
    "N Log N": {
      "r2": 0.9875273189155813,
      "aic": -652.7849748084599,
      "bic": -647.6355528514531,
      "params": [
        2.544231832847273e-05,
        0.16395057893231788
      ],
      "confidence_score": 0.9575273189155813
    }
  }
}