{
  "Constant": {
    "r2": 2.220446049250313e-16,
    "aic": 66.14724462720326,
    "bic": 70.6726043812859,
    "params": [
      -98.63989729906461,
      101.36010270093526
    ]
  },
  "Linear": {
    "r2": 0.9792038492297686,
    "aic": -208.8348585379939,
    "bic": -204.30949878391127,
    "params": [
      0.0017356591278781589,
      -1.6653896328231563
    ]
  },
  "Quadratic": {
    "r2": 0.9998603395838725,
    "aic": -562.0698197220951,
    "bic": -555.2817800909711,
    "params": [
      3.441512356957179e-07,
      1.0,
      0.2545314500651154
    ]
  },
  "Cubic": {
    "r2": 0.981969741622052,
    "aic": -214.96773308384536,
    "bic": -205.9170135756801,
    "params": [
      8.192613629720572e-11,
      1.0,
      1.0,
      0.9151256878832068
    ]
  },
  "Logarithmic": {
    "r2": 0.9059741463120805,
    "aic": -101.70992553876326,
    "bic": -97.18456578468063,
    "params": [
      3.819707041089216,
      -26.941183058782944
    ]
  },
  "N Log N": {
    "r2": 0.9840736477824504,
    "aic": -227.77714740790955,
    "bic": -223.2517876538269,
    "params": [
      0.000197854077475079,
      -1.228417440909972
    ]
  }
}