{
  "Constant": {
    "params": [
      0.0002926749945753819
    ],
    "r_squared": -2.220446049250313e-16,
    "success": true
  },
  "Linear": {
    "params": [
      4.393416932903136e-08,
      0.00016087248677593876
    ],
    "r_squared": 0.28120563854141,
    "success": true
  },
  "Quadratic": {
    "params": [
      1.8296797328987756e-11,
      -6.584661471500334e-08,
      0.00030053803982011367
    ],
    "r_squared": 0.33450516550658227,
    "success": true
  },
  "Cubic": {
    "params": [
      -1.8961744275608027e-14,
      1.8895249711916236e-10,
      -5.311773081090734e-07,
      0.0006725959156530133
    ],
    "r_squared": 0.39478307100518695,
    "success": true
  },
  "Logarithmic": {
    "params": [
      9.957019896604288e-05,
      -0.0004956177899295575
    ],
    "r_squared": 0.20800563517895487,
    "success": true
  },
  "n_log_n": {
    "params": [
      4.956279867501405e-09,
      0.00017244088843004378
    ],
    "r_squared": 0.28714122204975756,
    "success": true
  },
  "Exponential": {
    "params": [
      0.00017832033216700857,
      0.00015913978440405837
    ],
    "r_squared": 0.29848063993520124,
    "success": true
  },
  "Sqrt_Exponential": {
    "params": [
      0.00017832032952878887,
      0.0003182795769727602
    ],
    "r_squared": 0.29848063993526186,
    "success": true
  },
  "Power": {
    "params": [
      1.072341427463269e-05,
      0.4153473402432129
    ],
    "r_squared": 0.24153420493478828,
    "success": true
  }
}