{
  "valid_points": 31,
  "models": {
    "Constant": {
      "r2": 0.7,
      "aic": -691.9667010387182,
      "bic": -689.0987266297478,
      "params": [
        100.0000775701576,
        -99.99992242984234
      ],
      "confidence_score": 0.5171434658673466
    },
    "Linear": {
      "r2": 0.03529482515395721,
      "aic": -693.0806160598646,
      "bic": -690.2126416508943,
      "params": [
        1.817600386618311e-14,
        0.00015419536172717332
      ],
      "confidence_score": 0.40014296024290025
    },
    "Quadratic": {
      "r2": 0.05919421849957651,
      "aic": -691.8582762919026,
      "bic": -687.5563146784472,
      "params": [
        4.556778955095369e-23,
        1.0,
        0.00015415173148634415
      ],
      "confidence_score": 0.11857831143257709
    },
    "Cubic": {
      "r2": 0.07024587083065259,
      "aic": -690.2245892945217,
      "bic": -684.4886404765812,
      "params": [
        9.303573607040385e-32,
        1.0,
        1.0,
        0.0001541451598383096
      ],
      "confidence_score": 0.044378607094617925
    },
    "Logarithmic": {
      "r2": 0.002669228853988903,
      "aic": -692.0495577642336,
      "bic": -689.1815833552632,
      "params": [
        -1.1563243043523766e-07,
        0.00015638706111044585
      ],
      "confidence_score": 0.4735479968126354
    },
    "N Log N": {
      "r2": 0.03703423327314781,
      "aic": -693.1365609466881,
      "bic": -690.2685865377177,
      "params": [
        9.299880581211458e-16,
        0.00015419095851835582
      ],
      "confidence_score": 0.3165171166365739
    }
  }
}