{
  "valid_points": 19,
  "models": {
    "Constant": {
      "r2": 0.7,
      "aic": 97.94699070972028,
      "bic": 99.83586866805317,
      "params": [
        -97.4579669927296,
        102.54203300727043
      ],
      "confidence_score": 0.11999999999999998
    },
    "Linear": {
      "r2": 0.999940695491311,
      "aic": -86.97668852721259,
      "bic": -85.0878105688797,
      "params": [
        9.29700062403116e-05,
        -0.04667950617146044
      ],
      "confidence_score": 0.8099644172947866
    },
    "Quadratic": {
      "r2": 0.9197927050447656,
      "aic": 52.00731534433173,
      "bic": 54.84063228183105,
      "params": [
        1.8268656815392027e-10,
        1.0,
        1.5601210741233156
      ],
      "confidence_score": 0.5318756230268593
    },
    "Cubic": {
      "r2": 0.841761918089835,
      "aic": 66.91755459073764,
      "bic": 70.6953105074034,
      "params": [
        3.378788585400445e-16,
        1.0,
        1.0,
        2.155154744687908
      ],
      "confidence_score": 0.485057150853901
    },
    "Logarithmic": {
      "r2": 0.3849000693638056,
      "aic": 88.71355053453324,
      "bic": 90.60242849286612,
      "params": [
        1.8869721126689685,
        -7.872073630183278
      ],
      "confidence_score": 0.5404500346819028
    },
    "N Log N": {
      "r2": 0.9988477353766261,
      "aic": -30.607503960929506,
      "bic": -28.718626002596626,
      "params": [
        7.129381663234645e-06,
        0.1750866538418944
      ],
      "confidence_score": 0.6980000000001725
    }
  }
}