{
  "best_model": "O(2^n)",
  "details": {
    "O(1)": {
      "r2": 0,
      "aic": Infinity,
      "params_norm": [
        1.0
      ],
      "rss": 0.0
    },
    "O(n)": {
      "r2": 0,
      "aic": -3669.510319882148,
      "params_norm": [
        3.539513381405014e-10,
        0.9999999997936918
      ],
      "rss": 1.6139912473206618e-14
    },
    "O(n^2)": {
      "r2": 0,
      "aic": -3134.5126157858176,
      "params_norm": [
        2.262728146446774e-08,
        -2.697387986981183e-08,
        1.000000006707853
      ],
      "rss": 3.1566381621579668e-12
    },
    "O(n^3)": {
      "r2": 0,
      "aic": -3079.4401616103482,
      "params_norm": [
        9.207473059506364e-09,
        1.2993395631032284e-08,
        -2.4496106730549883e-08,
        1.0000000064036458
      ],
      "rss": 5.329736228351278e-12
    },
    "O(log n)": {
      "r2": 0,
      "aic": -3209.500745508911,
      "params_norm": [
        -1.7262467729194512e-09,
        0.9999999988883356
      ],
      "rss": 1.5343244741544142e-12
    },
    "O(n log n)": {
      "r2": 0,
      "aic": -3638.4874840668167,
      "params_norm": [
        9.149493385152141e-10,
        1.000000000238507
      ],
      "rss": 2.1943084437936882e-14
    },
    "O(2^n)": {
      "r2": 0,
      "aic": -3847.9161433636255,
      "params_norm": [
        1.0000000000853677,
        -1.463447165138362e-10
      ],
      "rss": 2.7590900903324043e-15
    },
    "O(n^k)": {
      "r2": 0,
      "aic": -3548.20082140791,
      "params_norm": [
        0.999999999792065,
        -3.2278032427202367e-10
      ],
      "rss": 5.3644523370267945e-14
    }
  }
}