{
  "best_model": "O(n)",
  "details": {
    "O(1)": {
      "r2": 0.0,
      "aic": 64.06917116941497,
      "params_norm": [
        0.5940170940162084
      ],
      "rss": 157937.5
    },
    "O(n)": {
      "r2": 1.0,
      "aic": -364.5733850676598,
      "params_norm": [
        0.9743589743589745,
        0.02564102564102562
      ],
      "rss": 6.462348535570529e-27
    },
    "O(n^2)": {
      "r2": 1.0,
      "aic": -154.14603484308049,
      "params_norm": [
        1.444660615132506e-08,
        0.9743589574834051,
        0.02564102950044991
      ],
      "rss": 2.0787666850530626e-12
    },
    "O(n^3)": {
      "r2": 1.0,
      "aic": -137.5818442190806,
      "params_norm": [
        -2.0232138801712267e-08,
        3.515750692339138e-08,
        0.9743589565489186,
        0.025641028181987352
      ],
      "rss": 2.2145701208671023e-13
    },
    "O(log n)": {
      "r2": 0.9362633955328183,
      "aic": 52.55119371124602,
      "params_norm": [
        0.4436299369847339,
        0.9024364341274816
      ],
      "rss": 10066.399968035494
    },
    "O(n log n)": {
      "r2": 0.7208183134155063,
      "aic": 61.41381615316928,
      "params_norm": [
        1.8519798956046842,
        1.0365319369659252
      ],
      "rss": 44093.25762493847
    },
    "O(2^n)": {
      "r2": 0.9637245262187508,
      "aic": 49.16949065255251,
      "params_norm": [
        0.21562599231719318,
        1.5797079416293718
      ],
      "rss": 5729.257640326042
    },
    "O(n^k)": {
      "r2": 0.9998493470105423,
      "aic": 16.26598247627542,
      "params_norm": [
        0.9969613790300562,
        0.9506666490098865
      ],
      "rss": 23.793756522469454
    }
  }
}