{
  "valid_points": 29,
  "models": {
    "Constant": {
      "r2": 0.95,
      "aic": -426.5904656276629,
      "bic": -423.85587396769,
      "params": [
        -99.98970471065618,
        100.01029528934387
      ],
      "confidence_score": 0.716806264487469
    },
    "Linear": {
      "r2": 0.0042224280202739495,
      "aic": -426.71317528930854,
      "bic": -423.9785836293356,
      "params": [
        2.735047026100293e-13,
        0.02057537879319701
      ],
      "confidence_score": 0.27863450213939006
    },
    "Quadratic": {
      "r2": 0.00781817568424592,
      "aic": -424.8180836653727,
      "bic": -420.71619617541324,
      "params": [
        7.19228402845306e-22,
        1.0,
        0.020573899070623805
      ],
      "confidence_score": 0.04067968615423885
    },
    "Cubic": {
      "r2": 0.00942403173094597,
      "aic": -422.86505847562034,
      "bic": -417.39587515567445,
      "params": [
        1.4792729334763154e-30,
        1.0,
        1.0,
        0.02057366442170363
      ],
      "confidence_score": 0.0
    },
    "Logarithmic": {
      "r2": 0.026972619436678946,
      "aic": -427.38341427600017,
      "bic": -424.64882261602725,
      "params": [
        1.783610912584518e-05,
        0.02038568327189443
      ],
      "confidence_score": 0.6114863097183395
    },
    "N Log N": {
      "r2": 0.004496197669984547,
      "aic": -426.72114937071564,
      "bic": -423.9865577107427,
      "params": [
        1.4094730576632531e-14,
        0.020575198112456467
      ],
      "confidence_score": 0.2156811129853782
    }
  }
}