{
  "valid_points": 20,
  "models": {
    "Constant": {
      "r2": 0.7,
      "aic": 112.01218629959575,
      "bic": 114.00365084670374,
      "params": [
        102.13922057300806,
        -97.86077942699187
      ],
      "confidence_score": 0.11999999999999998
    },
    "Linear": {
      "r2": 0.999992389344009,
      "aic": -123.70703747291637,
      "bic": -121.71557292580839,
      "params": [
        8.172636262626654e-06,
        -0.0063641675195185154
      ],
      "confidence_score": 0.8999954336064054
    },
    "Quadratic": {
      "r2": 0.9853387446461024,
      "aic": 29.561247200490037,
      "bic": 32.54844402115201,
      "params": [
        9.643079224224006e-13,
        1.0,
        0.8149007560276957
      ],
      "confidence_score": 0.5712032467876614
    },
    "Cubic": {
      "r2": 0.9819712977456545,
      "aic": 35.696381872065956,
      "bic": 39.67931096628192,
      "params": [
        1.1465966195594057e-19,
        1.0,
        1.0,
        0.8867325660492265
      ],
      "confidence_score": 0.5691827786473926
    },
    "Logarithmic": {
      "r2": 0.2598590462688325,
      "aic": 105.99389364144648,
      "bic": 107.98535818855446,
      "params": [
        1.823500741519533,
        -10.333382625736114
      ],
      "confidence_score": 0.3779295231344163
    },
    "N Log N": {
      "r2": 0.9996262657553127,
      "aic": -45.82712547701651,
      "bic": -43.83566092990853,
      "params": [
        5.126080820244266e-07,
        0.14289075519902097
      ],
      "confidence_score": 0.698
    }
  }
}