{
  "valid_points": 55,
  "models": {
    "Constant": {
      "r2": 0.7,
      "aic": -199.21934619263357,
      "bic": -195.20467982216863,
      "params": [
        100.42223730547863,
        -99.57776269452135
      ],
      "confidence_score": 0.09999999999999998
    },
    "Linear": {
      "r2": 0.9635218831496576,
      "aic": -381.32669670208367,
      "bic": -377.3120303316187,
      "params": [
        0.0001786600853570519,
        0.40107276275263404
      ],
      "confidence_score": 0.4894950476307503
    },
    "Quadratic": {
      "r2": 0.9597976945281562,
      "aic": -373.9800476151997,
      "bic": -367.9580480595023,
      "params": [
        3.530186317746574e-08,
        1.0,
        0.6005547827023884
      ],
      "confidence_score": 0.5568221757132875
    },
    "Cubic": {
      "r2": 0.9238995788943631,
      "aic": -336.88292762272926,
      "bic": -328.8535948817994,
      "params": [
        8.399349433409662e-12,
        1.0,
        1.0,
        0.6689759313520776
      ],
      "confidence_score": 0.5343397473396612
    },
    "Logarithmic": {
      "r2": 0.9191538843671294,
      "aic": -337.5557717954769,
      "bic": -333.54110542501195,
      "params": [
        0.3963381265595628,
        -2.2265910269481766
      ],
      "confidence_score": 0.5980000000237842
    },
    "N Log N": {
      "r2": 0.9652978753761,
      "aic": -384.07183629784157,
      "bic": -380.0571699273766,
      "params": [
        2.0353547500982874e-05,
        0.4464364349613419
      ],
      "confidence_score": 0.9480000000000001
    }
  }
}