{
  "valid_points": 19,
  "models": {
    "Constant": {
      "r2": 0.7,
      "aic": 131.64095698282335,
      "bic": 133.52983494115622,
      "params": [
        -95.80433915712328,
        104.19566084287668
      ],
      "confidence_score": 0.11999999999999998
    },
    "Linear": {
      "r2": 0.9999165179875035,
      "aic": -46.785751019000756,
      "bic": -44.89687306066787,
      "params": [
        6.169820297841078e-05,
        -0.12114365920637349
      ],
      "confidence_score": 0.8999499107925021
    },
    "Quadratic": {
      "r2": 0.987448705903421,
      "aic": 50.460258417176476,
      "bic": 53.293575354675795,
      "params": [
        2.913044516501112e-11,
        1.0,
        1.5078477115329272
      ],
      "confidence_score": 0.5724692235420525
    },
    "Cubic": {
      "r2": 0.9843132456773869,
      "aic": 56.69712365046804,
      "bic": 60.474879567133804,
      "params": [
        1.3855786583709666e-17,
        1.0,
        1.0,
        1.650155946371473
      ],
      "confidence_score": 0.570587947406432
    },
    "Logarithmic": {
      "r2": 0.264753308777833,
      "aic": 125.7975221492689,
      "bic": 127.68640010760178,
      "params": [
        3.6772936255618207,
        -17.125651054185248
      ],
      "confidence_score": 0.38037665438891655
    },
    "N Log N": {
      "r2": 0.9998469500559879,
      "aic": -35.26922192653677,
      "bic": -33.38034396820389,
      "params": [
        4.238328945962899e-06,
        0.20373265598513302
      ],
      "confidence_score": 0.6989469754864839
    }
  }
}