{
  "valid_points": 21,
  "models": {
    "Constant": {
      "r2": 0.7,
      "aic": 145.40422512135564,
      "bic": 147.4932699968025,
      "params": [
        104.80651731292407,
        -95.19348268707587
      ],
      "confidence_score": 0.11999999999999998
    },
    "Linear": {
      "r2": 0.9999974405000112,
      "aic": -124.98544622243563,
      "bic": -122.89640134698878,
      "params": [
        3.2051645716291155e-05,
        0.01061645611040496
      ],
      "confidence_score": 0.8999984643000066
    },
    "Quadratic": {
      "r2": 0.9549751329212899,
      "aic": 82.2928779794483,
      "bic": 85.42644529261858,
      "params": [
        7.576805299255189e-12,
        1.0,
        2.736835266995484
      ],
      "confidence_score": 0.5529850797527739
    },
    "Cubic": {
      "r2": 0.9340630121823715,
      "aic": 92.3040549375859,
      "bic": 96.4821446884796,
      "params": [
        1.784088360533402e-18,
        1.0,
        1.0,
        3.2324087859306836
      ],
      "confidence_score": 0.5404378073094229
    },
    "Logarithmic": {
      "r2": 0.28200895079789057,
      "aic": 138.4469634189728,
      "bic": 140.53600829441967,
      "params": [
        3.542971230498958,
        -17.308162242542796
      ],
      "confidence_score": 0.38900447539894534
    },
    "N Log N": {
      "r2": 0.9991276588615574,
      "aic": -2.5267048103770806,
      "bic": -0.4376599349302346,
      "params": [
        2.1086684175388374e-06,
        0.4173500279207195
      ],
      "confidence_score": 0.698
    }
  }
}