{
  "Constant": {
    "r2": 1.1102230246251565e-16,
    "aic": 257.1440654762631,
    "bic": 259.80847449661354,
    "params": [
      -41.92158322719496,
      136.1948450861437
    ]
  },
  "Linear": {
    "r2": 0.8950608132849006,
    "aic": 194.02158589518876,
    "bic": 196.68599491553917,
    "params": [
      0.9782300977392352,
      -53.92859794854547
    ]
  },
  "Quadratic": {
    "r2": 0.9939271030298925,
    "aic": 116.23431870769231,
    "bic": 120.23093223821792,
    "params": [
      0.003291207761380033,
      1.0,
      -7.252269560230745
    ]
  },
  "Cubic": {
    "r2": 0.9919054057482032,
    "aic": 126.28041861650769,
    "bic": 131.6092366572085,
    "params": [
      1.1348672503186386e-05,
      1.0,
      1.0,
      14.087434545913077
    ]
  },
  "Logarithmic": {
    "r2": 0.49921488475718656,
    "aic": 237.77987639154168,
    "bic": 240.44428541189208,
    "params": [
      62.77638133030299,
      -200.34456776700333
    ]
  },
  "N Log N": {
    "r2": 0.9258841118720779,
    "aic": 184.28455553677193,
    "bic": 186.94896455712234,
    "params": [
      0.16910260951366166,
      -39.494639735454044
    ]
  }
}