{
  "valid_points": 23,
  "models": {
    "Constant": {
      "r2": 0.7,
      "aic": 175.36553502991066,
      "bic": 177.63652346176895,
      "params": [
        108.76693848682491,
        -91.2330615131751
      ],
      "confidence_score": 0.09999999999999998
    },
    "Linear": {
      "r2": 0.9989254693149874,
      "aic": 18.14049547930078,
      "bic": 20.41148391115908,
      "params": [
        4.37231400503002e-05,
        -0.40621974964956187
      ],
      "confidence_score": 0.4993552825137809
    },
    "Quadratic": {
      "r2": 0.9193698557940382,
      "aic": 119.45423288858787,
      "bic": 122.86071553637532,
      "params": [
        1.092131667139596e-11,
        1.0,
        5.873832720109799
      ],
      "confidence_score": 0.5316219134764228
    },
    "Cubic": {
      "r2": 0.8382745716356284,
      "aic": 137.4628638582104,
      "bic": 142.004840721927,
      "params": [
        2.522560617708907e-18,
        1.0,
        1.0,
        8.158635481198804
      ],
      "confidence_score": 0.4829647429813769
    },
    "Logarithmic": {
      "r2": 0.3454111804926625,
      "aic": 165.61933110015653,
      "bic": 167.89031953201481,
      "params": [
        5.357194273308353,
        -26.252362504921198
      ],
      "confidence_score": 0.3207055902463313
    },
    "N Log N": {
      "r2": 0.9998093394794533,
      "aic": -21.62983505543027,
      "bic": -19.35884662357197,
      "params": [
        2.9033444792903073e-06,
        0.2852993647408422
      ],
      "confidence_score": 0.9480000000000001
    }
  }
}