{
  "Constant": {
    "name": "Constant",
    "r2": 1.1102230246251565e-16,
    "bic": 542.315616692776,
    "confidence_score": -0.0922219863528483,
    "params": [
      226.47885907356,
      453.9740660729024
    ],
    "order": 0
  },
  "Linear": {
    "name": "Linear",
    "r2": 0.694784257893456,
    "bic": 494.8461606423498,
    "confidence_score": 0.5625622715406076,
    "params": [
      3.7867793741802975,
      7.107081229135185e-18
    ],
    "order": 2
  },
  "Quadratic": {
    "name": "Quadratic",
    "r2": 0.9368190134857667,
    "bic": 435.53442137143287,
    "confidence_score": 0.7184860339564941,
    "params": [
      0.012094262754594392,
      4.6222460315129954e-23,
      1.1583508183500093e-23
    ],
    "order": 4
  },
  "Cubic": {
    "name": "Cubic",
    "r2": 0.9988103075445631,
    "bic": 280.3309577582187,
    "confidence_score": 0.7143663348388664,
    "params": [
      3.332465816680171e-05,
      1.77722809178225e-16,
      8.738463836943733e-17,
      5.561469449501234e-17
    ],
    "order": 5
  },
  "Logarithmic": {
    "name": "Logarithmic",
    "r2": 0.20184515535010283,
    "bic": 533.2975103151291,
    "confidence_score": 0.08962316899725442,
    "params": [
      149.11999478712673,
      8.30633992348763e-17
    ],
    "order": 1
  },
  "N Log N": {
    "name": "N Log N",
    "r2": 0.7597343735924362,
    "bic": 485.275209054066,
    "confidence_score": 0.6075123872395878,
    "params": [
      0.6726631403745058,
      1.2157281065638553e-21
    ],
    "order": 3
  },
  "confidence_analysis": {
    "best_model": "Quadratic",
    "best_score": 0.7184860339564941,
    "second_best_model": "Cubic",
    "second_best_score": 0.7143663348388664,
    "confidence_gap": 0.004119699117627773,
    "is_confident": false,
    "threshold": 0.03
  }
}