{
  "Constant": {
    "r2": 2.220446049250313e-16,
    "aic": -585.0825939181088,
    "bic": -580.5292616800767,
    "params": [
      -99.92218228160512,
      100.07781771839481
    ]
  },
  "Linear": {
    "r2": 0.0152929893737761,
    "aic": -586.1921955083866,
    "bic": -581.6388632703545,
    "params": [
      -2.374230775314956e-06,
      0.16165015475469735
    ]
  },
  "Quadratic": {
    "r2": 0.012753408159530077,
    "aic": -584.0067449498276,
    "bic": -577.1767465927795,
    "params": [
      -4.242989312149105e-10,
      1.0,
      0.15868048878620936
    ]
  },
  "Cubic": {
    "r2": 0.011557615925328779,
    "aic": -581.9195884667724,
    "bic": -572.8129239907082,
    "params": [
      -9.681038945020521e-14,
      1.0,
      1.0,
      0.15776662031324884
    ]
  },
  "Logarithmic": {
    "r2": 0.01959901695653199,
    "aic": -586.5077348916391,
    "bic": -581.954402653607,
    "params": [
      -0.006164162657192597,
      0.2035322581349882
    ]
  },
  "N Log N": {
    "r2": 0.014906454424642002,
    "aic": -586.1639383159442,
    "bic": -581.610606077912,
    "params": [
      -2.664592309451766e-07,
      0.16096743085311002
    ]
  }
}