{
  "valid_points": 203,
  "models": {
    "Constant": {
      "r2": 0.9,
      "aic": -3074.3388380933015,
      "bic": -3067.712426135218,
      "params": [
        100.00664684279229,
        -99.99335315720757
      ],
      "confidence_score": 0.7115420956686449
    },
    "Linear": {
      "r2": 6.924023679533153e-05,
      "aic": -3074.3528943480055,
      "bic": -3067.726482389922,
      "params": [
        1.4906966708341738e-12,
        0.013286035503248726
      ],
      "confidence_score": 0.3143690957583514
    },
    "Quadratic": {
      "r2": 0.0003206932701813603,
      "aic": -3072.403949268064,
      "bic": -3062.464331330939,
      "params": [
        -3.0574474399324353e-19,
        1.0,
        0.013304210808310245
      ],
      "confidence_score": 0.003544317973819173
    },
    "Cubic": {
      "r2": 0.0010421440400786297,
      "aic": -3070.550503645601,
      "bic": -3057.297679729434,
      "params": [
        -5.755910513438646e-26,
        1.0,
        1.0,
        0.013308590100251415
      ],
      "confidence_score": 0.0
    },
    "Logarithmic": {
      "r2": 0.0021330784725418495,
      "aic": -3074.772315508435,
      "bic": -3068.1459035503512,
      "params": [
        2.713068293426276e-05,
        0.012881543860887103
      ],
      "confidence_score": 0.599066539236271
    },
    "N Log N": {
      "r2": 3.8996963508508564e-05,
      "aic": -3074.346754631255,
      "bic": -3067.720342673171,
      "params": [
        6.857203986837009e-14,
        0.013288186094699644
      ],
      "confidence_score": 0.44051957746126397
    }
  }
}