{
  "Constant": {
    "r2": 0.0,
    "aic": -595.9988277844353,
    "bic": -591.390697598027,
    "params": [
      -99.85936233723484,
      100.14063766276506
    ]
  },
  "Linear": {
    "r2": 0.0025750009715009847,
    "aic": -596.1896236116072,
    "bic": -591.5814934251989,
    "params": [
      7.566949445925175e-07,
      0.279005240696518
    ]
  },
  "Quadratic": {
    "r2": 0.002803687763608953,
    "aic": -594.2065920683208,
    "bic": -587.2943967887082,
    "params": [
      1.2976686392107695e-10,
      1.0,
      0.27993171388015325
    ]
  },
  "Cubic": {
    "r2": 0.00256918409336393,
    "aic": -592.1891920526153,
    "bic": -582.9729316797986,
    "params": [
      2.4563743577314468e-14,
      1.0,
      1.0,
      0.28031275872453365
    ]
  },
  "Logarithmic": {
    "r2": 0.0016982186663849763,
    "aic": -596.1246027927343,
    "bic": -591.516472606326,
    "params": [
      0.0016297923275864878,
      0.2683699576472014
    ]
  },
  "N Log N": {
    "r2": 0.0026360928116830884,
    "aic": -596.1941562176999,
    "bic": -591.5860260312916,
    "params": [
      8.545554445841518e-08,
      0.2792024955679002
    ]
  }
}