{
  "valid_points": 9,
  "models": {
    "Constant": {
      "r2": 0.7,
      "aic": -66.95428126003988,
      "bic": -66.55983210536743,
      "params": [
        -0.7959766123029919,
        1.0
      ],
      "confidence_score": 0.12037619213121112
    },
    "Linear": {
      "r2": 0.7350148792301321,
      "aic": -78.90701568353447,
      "bic": -78.51256652886202,
      "params": [
        7.704682559461056e-05,
        0.17504522051503496
      ],
      "confidence_score": 0.538638415619458
    },
    "Quadratic": {
      "r2": 0.82252047154563,
      "aic": -80.51438134436471,
      "bic": -79.92270761235605,
      "params": [
        8.881100511391849e-08,
        1.0,
        0.1873168041488977
      ],
      "confidence_score": 0.873512282927378
    },
    "Cubic": {
      "r2": 0.8403539935554863,
      "aic": -79.4674486312157,
      "bic": -78.67855032187083,
      "params": [
        1.1091174915213007e-10,
        1.0,
        1.0,
        0.19153362659768797
      ],
      "confidence_score": 0.6989433574572457
    },
    "Logarithmic": {
      "r2": 0.5642975095267442,
      "aic": -74.43144192866654,
      "bic": -74.0369927739941,
      "params": [
        0.024482901204602864,
        0.06303454505186762
      ],
      "confidence_score": 0.6638144654417535
    },
    "N Log N": {
      "r2": 0.7531695211391853,
      "aic": -79.54576274547232,
      "bic": -79.15131359079987,
      "params": [
        1.1099530203002388e-05,
        0.17860072627061602
      ],
      "confidence_score": 0.75199295600853
    }
  }
}