{
  "Constant": {
    "r2": 3.3306690738754696e-16,
    "aic": -269.14612468324196,
    "bic": -264.9910497954305,
    "params": [
      -95.92658555356122,
      104.07341444643882
    ]
  },
  "Linear": {
    "r2": 0.1808690070676484,
    "aic": -280.9172893411438,
    "bic": -276.7622144533324,
    "params": [
      4.8362238962318393e-05,
      8.025267536299712
    ]
  },
  "Quadratic": {
    "r2": 0.16711579940092713,
    "aic": -277.93490370382574,
    "bic": -271.70229137210856,
    "params": [
      9.090368013886518e-09,
      1.0,
      8.082536112351676
    ]
  },
  "Cubic": {
    "r2": 0.14960608872266667,
    "aic": -274.70740578025817,
    "bic": -266.39725600463527,
    "params": [
      2.059831091182676e-12,
      1.0,
      1.0,
      8.102353316712056
    ]
  },
  "Logarithmic": {
    "r2": 0.1842443686384615,
    "aic": -281.1609106573547,
    "bic": -277.00583576954324,
    "params": [
      0.11208972267938022,
      7.276731515100741
    ]
  },
  "N Log N": {
    "r2": 0.1797097686928596,
    "aic": -280.8338512661691,
    "bic": -276.67877637835767,
    "params": [
      5.479397607738113e-06,
      8.038143324342807
    ]
  }
}