{
  "valid_points": 55,
  "models": {
    "Constant": {
      "r2": -2.220446049250313e-16,
      "aic": -214.84166902175525,
      "bic": -210.82700265129031,
      "params": [
        100.20692968233064,
        -99.79307031766928
      ],
      "confidence_score": -2.220446049250313e-16
    },
    "Linear": {
      "r2": 0.9618763979261019,
      "aic": -394.5223631620079,
      "bic": -390.5076967915429,
      "params": [
        0.00015487359971222414,
        0.029491249012068677
      ],
      "confidence_score": 0.9418763979261019
    },
    "Quadratic": {
      "r2": 0.9440753495850711,
      "aic": -371.4479202640876,
      "bic": -365.4259207083902,
      "params": [
        3.037610727248358e-08,
        1.0,
        0.20397427071914404
      ],
      "confidence_score": 0.9040753495850711
    },
    "Cubic": {
      "r2": 0.8914165269253658,
      "aic": -332.95465258005197,
      "bic": -324.9253198391221,
      "params": [
        7.158048199387283e-12,
        1.0,
        1.0,
        0.26429682796039494
      ],
      "confidence_score": 0.8414165269253657
    },
    "Logarithmic": {
      "r2": 0.924149980312622,
      "aic": -356.6865212714547,
      "bic": -352.67185490098973,
      "params": [
        0.3447973955621795,
        -2.257837761078515
      ],
      "confidence_score": 0.914149980312622
    },
    "N Log N": {
      "r2": 0.9623907669619878,
      "aic": -395.2694824782772,
      "bic": -391.25481610781225,
      "params": [
        1.763218671718347e-05,
        0.06904068183453704
      ],
      "confidence_score": 0.9323907669619877
    }
  }
}