{
  "Constant": {
    "r2": 2.220446049250313e-16,
    "aic": -212.20226155442876,
    "bic": -208.15155817295846,
    "params": [
      -99.78957963841302,
      100.21042036158704
    ]
  },
  "Linear": {
    "r2": 0.9224915533559613,
    "aic": -355.4148896923851,
    "bic": -351.36418631091476,
    "params": [
      0.0001603914375206683,
      0.019862129371326698
    ]
  },
  "Quadratic": {
    "r2": 0.908739808286685,
    "aic": -344.26853530828697,
    "bic": -338.1924802360815,
    "params": [
      3.148631399680809e-08,
      1.0,
      0.20028190489075567
    ]
  },
  "Cubic": {
    "r2": 0.8609497588211688,
    "aic": -318.68577952880094,
    "bic": -310.58437276586034,
    "params": [
      7.432543125756776e-12,
      1.0,
      1.0,
      0.262625438533826
    ]
  },
  "Logarithmic": {
    "r2": 0.8832397131012574,
    "aic": -332.46966900107094,
    "bic": -328.4189656196006,
    "params": [
      0.3571328922257825,
      -2.349066188811899
    ]
  },
  "N Log N": {
    "r2": 0.9233705104698896,
    "aic": -356.0535661030363,
    "bic": -352.002862721566,
    "params": [
      1.8261244153584232e-05,
      0.06078339190145193
    ]
  }
}