{
  "valid_points": 18,
  "models": {
    "Constant": {
      "r2": -2.220446049250313e-16,
      "aic": -234.74922012105952,
      "bic": -232.9684766052672,
      "params": [
        100.03148066914738,
        -99.96851933085256
      ],
      "confidence_score": -2.220446049250313e-16
    },
    "Linear": {
      "r2": 0.02254192015350376,
      "aic": -235.15961783703463,
      "bic": -233.3788743212423,
      "params": [
        -7.030996076053368e-07,
        0.06401598770628496
      ],
      "confidence_score": 0.002541920153503758
    },
    "Quadratic": {
      "r2": 0.014057136407336968,
      "aic": -233.00404384825922,
      "bic": -230.33292857457073,
      "params": [
        -1.8450885264087447e-10,
        1.0,
        0.06339109021348022
      ],
      "confidence_score": -0.025942863592663033
    },
    "Cubic": {
      "r2": 0.007874833090664946,
      "aic": -230.8915281811243,
      "bic": -227.33004114953965,
      "params": [
        -5.965980838965746e-14,
        1.0,
        1.0,
        0.06318394395493061
      ],
      "confidence_score": -0.04212516690933506
    },
    "Logarithmic": {
      "r2": 0.03344778368645207,
      "aic": -235.36157932189855,
      "bic": -233.58083580610622,
      "params": [
        -0.001254385002826,
        0.07211217170220438
      ],
      "confidence_score": 0.02344778368645207
    },
    "N Log N": {
      "r2": 0.02138774392232945,
      "aic": -235.1383760910804,
      "bic": -233.35763257528808,
      "params": [
        -8.247973347420522e-08,
        0.06386832587022077
      ],
      "confidence_score": -0.00861225607767055
    }
  }
}