{
  "valid_points": 31,
  "models": {
    "Constant": {
      "r2": 0.7,
      "aic": 163.70116617076528,
      "bic": 166.56914057973557,
      "params": [
        -86.15600739515594,
        113.8439926048441
      ],
      "confidence_score": 0.3500000008159326
    },
    "Linear": {
      "r2": 0.06538044149521383,
      "aic": 161.60507879511852,
      "bic": 164.4730532040888,
      "params": [
        2.4384061700349312e-08,
        26.420280390108672
      ],
      "confidence_score": 0.02922826799991997
    },
    "Quadratic": {
      "r2": 0.04156103314291659,
      "aic": 164.38523495032922,
      "bic": 168.68719656378465,
      "params": [
        3.763576291710243e-17,
        1.0,
        26.87148502013647
      ],
      "confidence_score": 0.0049366202630292885
    },
    "Cubic": {
      "r2": 0.035150378454597675,
      "aic": 166.591892476931,
      "bic": 172.3278412948716,
      "params": [
        6.486996232973843e-26,
        1.0,
        1.0,
        26.994104534596822
      ],
      "confidence_score": 0.0010902271338678673
    },
    "Logarithmic": {
      "r2": 0.7198509022372672,
      "aic": 124.25573307943792,
      "bic": 127.12370748840821,
      "params": [
        1.8717469898770254,
        7.506859097656507
      ],
      "confidence_score": 0.898
    },
    "N Log N": {
      "r2": 0.06275021065741082,
      "aic": 161.6921972788185,
      "bic": 164.5601716877888,
      "params": [
        1.1932256534315169e-09,
        26.469908394596693
      ],
      "confidence_score": 0.32937510755660876
    }
  }
}