{
  "valid_points": 10,
  "models": {
    "Constant": {
      "r2": 0.7,
      "aic": 83.41743200438657,
      "bic": 84.02260219037466,
      "params": [
        22.39727245271206,
        1.0
      ],
      "confidence_score": 0.09999999999999998
    },
    "Linear": {
      "r2": 0.9191932334726143,
      "aic": 58.260486276280375,
      "bic": 58.86565646226847,
      "params": [
        0.16245436507797473,
        -9.678436277163538
      ],
      "confidence_score": 0.45151594008357954
    },
    "Quadratic": {
      "r2": 0.9998755274671665,
      "aic": -4.496822857714678,
      "bic": -3.58906757873254,
      "params": [
        0.00016994717981166918,
        1.0,
        -0.29367031793746734
      ],
      "confidence_score": 0.9799253164802999
    },
    "Cubic": {
      "r2": 0.9865595651402845,
      "aic": 44.32255611661685,
      "bic": 45.53289648859304,
      "params": [
        1.6535565215635256e-07,
        1.0,
        1.0,
        3.1751800314259957
      ],
      "confidence_score": 0.5719357390927878
    },
    "Logarithmic": {
      "r2": 0.38379760330465784,
      "aic": 78.57563397087898,
      "bic": 79.18080415686707,
      "params": [
        15.259576290877204,
        -32.88311140760263
      ],
      "confidence_score": 0.3398988016523289
    },
    "N Log N": {
      "r2": 0.9482259887001004,
      "aic": 53.80876232465047,
      "bic": 54.41393251063857,
      "params": [
        0.02390276330666572,
        -7.0307635715790715
      ],
      "confidence_score": 0.6980000000000761
    }
  }
}