{
  "valid_points": 75,
  "models": {
    "Constant": {
      "r2": 0.7,
      "aic": -694.790551730201,
      "bic": -690.1555755031284,
      "params": [
        100.04196003079413,
        -99.95803996920588
      ],
      "confidence_score": 0.5864362825748008
    },
    "Linear": {
      "r2": 0.011003756453331626,
      "aic": -695.6204076502416,
      "bic": -690.9854314231691,
      "params": [
        -8.603227055203888e-07,
        0.0865010297046972
      ],
      "confidence_score": 0.31244953823900423
    },
    "Quadratic": {
      "r2": 0.007817777393074876,
      "aic": -693.3791889618902,
      "bic": -686.4267246212813,
      "params": [
        -1.1914971189729864e-10,
        1.0,
        0.08515159301045785
      ],
      "confidence_score": 0.017017751266755112
    },
    "Cubic": {
      "r2": 0.006495606763294304,
      "aic": -691.2793113567362,
      "bic": -682.009358902591,
      "params": [
        -2.14649497453717e-14,
        1.0,
        1.0,
        0.08475770978715073
      ],
      "confidence_score": 0.0
    },
    "Logarithmic": {
      "r2": 0.01721368703558468,
      "aic": -696.0928191055552,
      "bic": -691.4578428784827,
      "params": [
        -0.002853071819352307,
        0.10651520694408537
      ],
      "confidence_score": 0.5066068435177924
    },
    "N Log N": {
      "r2": 0.01050153324602865,
      "aic": -695.5823314894508,
      "bic": -690.9473552623782,
      "params": [
        -9.380881919595163e-08,
        0.08619521395690553
      ],
      "confidence_score": 0.5356690436556055
    }
  }
}