{
  "valid_points": 41,
  "models": {
    "Constant": {
      "r2": 0.7,
      "aic": 336.23042329158153,
      "bic": 339.65756742499013,
      "params": [
        128.49871945090405,
        -71.50128054909582
      ],
      "confidence_score": 0.09999999999999998
    },
    "Linear": {
      "r2": 0.8984934065890232,
      "aic": 242.4375308528444,
      "bic": 245.864674986253,
      "params": [
        0.08445228905924962,
        -34.34904068137571
      ],
      "confidence_score": 0.4390960439534139
    },
    "Quadratic": {
      "r2": 0.9957325625786712,
      "aic": 114.50401082755951,
      "bic": 119.64472702767243,
      "params": [
        3.877566702923055e-05,
        1.0,
        -4.511731065336429
      ],
      "confidence_score": 0.9774395375472027
    },
    "Cubic": {
      "r2": 0.9866966535211333,
      "aic": 163.12109721305842,
      "bic": 169.97538547987565,
      "params": [
        1.8064325025484065e-08,
        1.0,
        1.0,
        9.360855955060835
      ],
      "confidence_score": 0.5720179921173887
    },
    "Logarithmic": {
      "r2": 0.47253039442829703,
      "aic": 310.004197854069,
      "bic": 313.4313419874776,
      "params": [
        36.621642522219716,
        -186.3550970620736
      ],
      "confidence_score": 0.38426519721414854
    },
    "N Log N": {
      "r2": 0.9222976475407983,
      "aic": 231.48076371022898,
      "bic": 234.9079078436376,
      "params": [
        0.01087675249050049,
        -27.611332817188604
      ],
      "confidence_score": 0.698
    }
  }
}