{
  "valid_points": 106,
  "models": {
    "Constant": {
      "r2": 0.85,
      "aic": -850.1278365546328,
      "bic": -844.8009583664087,
      "params": [
        100.1618234651549,
        -99.83817653484505
      ],
      "confidence_score": 0.4521335138000997
    },
    "Linear": {
      "r2": 0.04432737294046829,
      "aic": -854.93386223309,
      "bic": -849.606984044866,
      "params": [
        -2.790293652354947e-06,
        0.3304485343231417
      ],
      "confidence_score": 0.41659642376428097
    },
    "Quadratic": {
      "r2": 0.037325284241954915,
      "aic": -852.1600454359983,
      "bic": -844.1697281536622,
      "params": [
        -4.778335505051245e-10,
        1.0,
        0.32734751721489164
      ],
      "confidence_score": 0.02878125062797871
    },
    "Cubic": {
      "r2": 0.03161594323588257,
      "aic": -849.5332474134137,
      "bic": -838.8794910369654,
      "params": [
        -9.216973752730009e-14,
        1.0,
        1.0,
        0.32625339569946243
      ],
      "confidence_score": 0.0008428967794350921
    },
    "Logarithmic": {
      "r2": 0.04159276907823417,
      "aic": -854.6309822822803,
      "bic": -849.3041040940562,
      "params": [
        -0.004786495973919652,
        0.3599437861908103
      ],
      "confidence_score": 0.4766372255486037
    },
    "N Log N": {
      "r2": 0.04360398613572347,
      "aic": -854.8536569482795,
      "bic": -849.5267787600554,
      "params": [
        -3.1584815260010673e-07,
        0.3297768037924549
      ],
      "confidence_score": 0.30800924101016647
    }
  }
}