{
  "valid_points": 7441,
  "models": {
    "Constant": {
      "r2": 0.9,
      "aic": -149363.0176951729,
      "bic": -149349.1881741181,
      "params": [
        -99.99951941942871,
        100.00048058057112
      ],
      "confidence_score": 0.53
    },
    "Linear": {
      "r2": 0.03279667232349148,
      "aic": -149611.14929307523,
      "bic": -149597.31977202045,
      "params": [
        -9.303563994249063e-12,
        0.0010513256048491422
      ],
      "confidence_score": 0.009678003790323396
    },
    "Quadratic": {
      "r2": 0.03848837664640381,
      "aic": -149653.06671569592,
      "bic": -149632.32243411374,
      "params": [
        -7.987666951213442e-19,
        1.0,
        0.0010367633386676768
      ],
      "confidence_score": 0.01889375839036284
    },
    "Cubic": {
      "r2": 0.040473385581618504,
      "aic": -149666.44429273045,
      "bic": -149638.78525062086,
      "params": [
        -7.459480153776287e-26,
        1.0,
        1.0,
        0.0010302584471858429
      ],
      "confidence_score": 0.4042840313489711
    },
    "Logarithmic": {
      "r2": 0.01932598787859796,
      "aic": -149508.23012165184,
      "bic": -149494.40060059706,
      "params": [
        -3.080567108515564e-05,
        0.0014563962862110748
      ],
      "confidence_score": 0.207662993939299
    },
    "N Log N": {
      "r2": 0.033318125662742504,
      "aic": -149615.16207975705,
      "bic": -149601.33255870227,
      "params": [
        -5.670981604445368e-13,
        0.0010496046432985197
      ],
      "confidence_score": 0.014659065041270828
    }
  }
}