{
  "Constant": {
    "r2": 0.0,
    "aic": -308.1190193528309,
    "bic": -303.51088916642254,
    "params": [
      100.2209872158395,
      -99.77901278416039
    ]
  },
  "Linear": {
    "r2": 0.9725168664684869,
    "aic": -574.0885457090694,
    "bic": -569.4804155226611,
    "params": [
      0.00010392960500311278,
      0.13299452491304453
    ]
  },
  "Quadratic": {
    "r2": 0.9427560768710994,
    "aic": -517.7911196945621,
    "bic": -510.8789244149496,
    "params": [
      1.6835143900326507e-08,
      1.0,
      0.27084746895168255
    ]
  },
  "Cubic": {
    "r2": 0.8796196501097016,
    "aic": -460.7843428603865,
    "bic": -451.5680824875698,
    "params": [
      3.2169582597157055e-12,
      1.0,
      1.0,
      0.3191953071752861
    ]
  },
  "Logarithmic": {
    "r2": 0.9366625633825048,
    "aic": -512.305643810777,
    "bic": -507.6975136243687,
    "params": [
      0.2699996930546193,
      -1.6938498787756744
    ]
  },
  "N Log N": {
    "r2": 0.9719037082278651,
    "aic": -572.4557274327076,
    "bic": -567.8475972462993,
    "params": [
      1.159840668532608e-05,
      0.16350790582352037
    ]
  }
}