{
  "valid_points": 111,
  "models": {
    "Constant": {
      "r2": 0.0,
      "aic": -436.01003652663735,
      "bic": -430.5909761240127,
      "params": [
        100.18934601800409,
        -99.81065398199583
      ],
      "confidence_score": 0.0
    },
    "Linear": {
      "r2": 0.9826237727472589,
      "aic": -885.8544370285961,
      "bic": -880.4353766259713,
      "params": [
        0.00010505021952289528,
        0.1282892222013956
      ],
      "confidence_score": 0.9626237727472589
    },
    "Quadratic": {
      "r2": 0.9246370391651465,
      "aic": -720.9938055172724,
      "bic": -712.8652149133354,
      "params": [
        1.8964475428904297e-08,
        1.0,
        0.23887976828460938
      ],
      "confidence_score": 0.8846370391651465
    },
    "Cubic": {
      "r2": 0.8391992786119798,
      "aic": -634.8724639230178,
      "bic": -624.0343431177685,
      "params": [
        3.782936365233014e-12,
        1.0,
        1.0,
        0.278805850968138
      ],
      "confidence_score": 0.7891992786119798
    },
    "Logarithmic": {
      "r2": 0.8114264265993095,
      "aic": -621.1876777920507,
      "bic": -615.768617389426,
      "params": [
        0.16878835647984144,
        -0.8993376514585797
      ],
      "confidence_score": 0.8014264265993095
    },
    "N Log N": {
      "r2": 0.9805109670184586,
      "aic": -873.1173120205395,
      "bic": -867.6982516179148,
      "params": [
        1.1972615066773468e-05,
        0.15227572449669485
      ],
      "confidence_score": 0.9505109670184586
    }
  }
}