{
  "Constant": {
    "r2": -2.220446049250313e-16,
    "aic": 739.1283659122336,
    "bic": 743.2144684479026,
    "params": [
      54.15730532884203,
      854.1573080671033
    ]
  },
  "Linear": {
    "r2": 0.9712370208132229,
    "aic": 536.8543945849356,
    "bic": 540.9404971206046,
    "params": [
      0.7058362112941984,
      -815.4117141780239
    ]
  },
  "Quadratic": {
    "r2": 0.9996514696534443,
    "aic": 287.30660643878815,
    "bic": 293.4357602422918,
    "params": [
      0.00014117981667294277,
      1.0,
      -43.50980430053273
    ]
  },
  "Cubic": {
    "r2": 0.9836038168836063,
    "aic": 508.8180835536879,
    "bic": 516.9902886250261,
    "params": [
      3.359487280530826e-08,
      1.0,
      1.0,
      224.32123462662761
    ]
  },
  "Logarithmic": {
    "r2": 0.8819178905715886,
    "aic": 617.3549878405584,
    "bic": 621.4410903762274,
    "params": [
      1516.6813649470996,
      -10813.511886999786
    ]
  },
  "N Log N": {
    "r2": 0.9774340991737477,
    "aic": 523.0233923811826,
    "bic": 527.1094949168516,
    "params": [
      0.08059824196594549,
      -640.2513261509364
    ]
  }
}