{
  "best_model": "O(2^n)",
  "details": {
    "O(1)": {
      "r2": 0,
      "aic": Infinity,
      "params_norm": [
        1.0
      ],
      "rss": 0.0
    },
    "O(n)": {
      "r2": 0,
      "aic": -170.7846023805697,
      "params_norm": [
        9.36426321460069e-09,
        0.9999999945375131
      ],
      "rss": 6.875277099042686e-13
    },
    "O(n^2)": {
      "r2": 0,
      "aic": -170.64027673115737,
      "params_norm": [
        1.3968810166677247e-08,
        -1.4862539108855611e-08,
        1.000000003305388
      ],
      "rss": 1.3301870298455795e-13
    },
    "O(n^3)": {
      "r2": 0,
      "aic": -134.02759428273478,
      "params_norm": [
        1.0922999163697997e-07,
        -1.936360687196331e-07,
        1.0137572068589287e-07,
        0.9999999843147139
      ],
      "rss": 4.0045583416381026e-13
    },
    "O(log n)": {
      "r2": 0,
      "aic": -171.28439408600343,
      "params_norm": [
        -4.218004269987846e-09,
        0.9999999972302877
      ],
      "rss": 6.325779894454526e-13
    },
    "O(n log n)": {
      "r2": 0,
      "aic": -181.5686698714444,
      "params_norm": [
        -8.531161804738576e-09,
        0.9999999979301961
      ],
      "rss": 1.139497489159697e-13
    },
    "O(2^n)": {
      "r2": 0,
      "aic": -214.15478568516943,
      "params_norm": [
        0.9999999998528463,
        2.5226359021217946e-10
      ],
      "rss": 4.989438323154206e-16
    },
    "O(n^k)": {
      "r2": 0,
      "aic": -169.31387898938686,
      "params_norm": [
        0.9999999973302715,
        -4.845089375126886e-09
      ],
      "rss": 8.785059664529658e-13
    }
  }
}