{
  "valid_points": 17,
  "models": {
    "Constant": {
      "r2": 0.7,
      "aic": 108.01547602829436,
      "bic": 109.6819027164068,
      "params": [
        104.76554441539686,
        -95.23445558460321
      ],
      "confidence_score": 0.09999999999999998
    },
    "Linear": {
      "r2": 0.9999511411364308,
      "aic": -60.73629474421671,
      "bic": -59.069868056104276,
      "params": [
        0.0006372057814187926,
        -0.025386134681794736
      ],
      "confidence_score": 0.8999706846818585
    },
    "Quadratic": {
      "r2": 0.9232196018725684,
      "aic": 66.3797756582262,
      "bic": 68.87941569039484,
      "params": [
        5.009001350551817e-09,
        1.0,
        2.801371045969718
      ],
      "confidence_score": 0.533931761123541
    },
    "Cubic": {
      "r2": 0.8465244853731423,
      "aic": 80.1538339736224,
      "bic": 83.48668734984726,
      "params": [
        3.705118908830864e-14,
        1.0,
        1.0,
        3.9235694443742344
      ],
      "confidence_score": 0.4879146912238853
    },
    "Logarithmic": {
      "r2": 0.44042427829604636,
      "aic": 98.1456768505305,
      "bic": 99.81210353864294,
      "params": [
        4.1127331279951,
        -15.321714171151731
      ],
      "confidence_score": 0.3682121391480232
    },
    "N Log N": {
      "r2": 0.9987969688476538,
      "aic": -6.274010066884362,
      "bic": -4.607583378771929,
      "params": [
        5.4653764915810935e-05,
        0.3993082475760892
      ],
      "confidence_score": 0.6480000000004476
    }
  }
}