{
  "valid_points": 9,
  "models": {
    "Constant": {
      "r2": 0.7,
      "aic": -56.082040022455345,
      "bic": -55.68759086778291,
      "params": [
        -0.7849919729762611,
        1.0
      ],
      "confidence_score": 0.12000012167033625
    },
    "Linear": {
      "r2": 0.9620187147852265,
      "aic": -85.51799563672627,
      "bic": -85.12354648205383,
      "params": [
        0.00016125683521814188,
        0.15435753955245363
      ],
      "confidence_score": 0.8772112288711359
    },
    "Quadratic": {
      "r2": 0.9041985047499637,
      "aic": -75.19133289725787,
      "bic": -74.59965916524921,
      "params": [
        1.7035112568581202e-07,
        1.0,
        0.1829626142943813
      ],
      "confidence_score": 0.5245931895012234
    },
    "Cubic": {
      "r2": 0.8063281770644559,
      "aic": -66.85635170276186,
      "bic": -66.06745339341698,
      "params": [
        1.9875681072607484e-10,
        1.0,
        1.0,
        0.1926260418735412
      ],
      "confidence_score": 0.4638260189030595
    },
    "Logarithmic": {
      "r2": 0.9099754654068513,
      "aic": -77.75109737536114,
      "bic": -77.3566482206887,
      "params": [
        0.056877874228213346,
        -0.11253263464766627
      ],
      "confidence_score": 0.654173916144645
    },
    "N Log N": {
      "r2": 0.9590699567930772,
      "aic": -84.84505841809366,
      "bic": -84.45060926342121,
      "params": [
        2.2914113387727885e-05,
        0.16252492765934162
      ],
      "confidence_score": 0.8122864915667469
    }
  }
}