{
  "valid_points": 59,
  "models": {
    "Constant": {
      "r2": 1.1102230246251565e-16,
      "aic": 979.0837321526135,
      "bic": 983.238807040425,
      "params": [
        1441.4431879334647,
        3563.6965161687963
      ],
      "confidence_score": 1.1102230246251565e-16
    },
    "Linear": {
      "r2": 0.9409366803383986,
      "aic": 812.1641655912041,
      "bic": 816.3192404790155,
      "params": [
        4.411865420187245,
        -5807.66943798257
      ],
      "confidence_score": 0.9209366803383986
    },
    "Quadratic": {
      "r2": 0.9915919899081806,
      "aic": 699.1480758891024,
      "bic": 705.3806882208196,
      "params": [
        0.000911967915807721,
        1.0,
        -1136.1913483214646
      ],
      "confidence_score": 0.9515919899081806
    },
    "Cubic": {
      "r2": 0.9983460313109419,
      "aic": 605.2136529858318,
      "bic": 613.5238027614547,
      "params": [
        2.2510998495586223e-07,
        1.0,
        1.0,
        486.2723353419574
      ],
      "confidence_score": 0.9483460313109419
    },
    "Logarithmic": {
      "r2": 0.8374091092138222,
      "aic": 871.9091639184988,
      "bic": 876.0642388063103,
      "params": [
        9251.325717919823,
        -66559.95835536
      ],
      "confidence_score": 0.8274091092138222
    },
    "N Log N": {
      "r2": 0.9494010628198736,
      "aic": 803.0380744245896,
      "bic": 807.193149312401,
      "params": [
        0.5054862279442154,
        -4741.267811091004
      ],
      "confidence_score": 0.9194010628198735
    }
  }
}