{
  "Constant": {
    "name": "Constant",
    "r2": 2.220446049250313e-16,
    "bic": 379.79443292317455,
    "confidence_score": -0.14978661367769933,
    "params": [
      673.4999467370453,
      7835.369345272538
    ],
    "order": 0
  },
  "Linear": {
    "name": "Linear",
    "r2": 0.611879943781281,
    "bic": 360.86562164364966,
    "confidence_score": 0.42209333010358147,
    "params": [
      98.94085871192958,
      8.802007496618806e-12
    ],
    "order": 2
  },
  "Quadratic": {
    "name": "Quadratic",
    "r2": 0.8729472167782304,
    "bic": 341.527111937759,
    "confidence_score": 0.5682672962616812,
    "params": [
      0.6502424544368283,
      6.322761807202205e-22,
      4.5398903191177944e-21
    ],
    "order": 4
  },
  "Cubic": {
    "name": "Cubic",
    "r2": 0.9753256063352257,
    "bic": 311.74611213386925,
    "confidence_score": 0.5757523789798266,
    "params": [
      0.0036664519675152817,
      9.810178844373228e-18,
      4.7093948260736654e-18,
      2.330239543480018e-18
    ],
    "order": 5
  },
  "Logarithmic": {
    "name": "Logarithmic",
    "r2": 0.19110934101084598,
    "bic": 375.55260238678954,
    "confidence_score": 0.02132272733314643,
    "params": [
      2209.50864049868,
      1.1700578290658943e-16
    ],
    "order": 1
  },
  "N Log N": {
    "name": "N Log N",
    "r2": 0.6845839651433943,
    "bic": 356.7171776032301,
    "confidence_score": 0.47479735146569474,
    "params": [
      20.15721744964008,
      3.7010807103750076e-21
    ],
    "order": 3
  },
  "confidence_analysis": {
    "best_model": "Cubic",
    "best_score": 0.5757523789798266,
    "second_best_model": "Quadratic",
    "second_best_score": 0.5682672962616812,
    "confidence_gap": 0.007485082718145408,
    "is_confident": false,
    "threshold": 0.03
  }
}