pred_col,accuracy,macro_f1,HC,HC2,HC3
y_llm,0.6381742738589211,0.5618183456055711,0.9148249234456132,0.7519804287045666,0.8172569120844984
y_fit,0.5715767634854771,0.45194362939830546,0.8945879376913861,0.6810344827586207,0.7693383038210625
y_final,0.6620331950207469,0.5816764291160693,0.9296032485687659,0.7820363466915191,0.8442839391115254
