pred_col,accuracy,macro_f1,HC,HC2,HC3
y_llm,0.6536172161172161,0.5730667677515157,0.9148249234456132,0.7519804287045666,0.8172569120844984
y_fit,0.5334249084249084,0.4534249961727979,0.8945879376913861,0.6810344827586207,0.7693383038210625
y_final,0.6801739926739927,0.593603739535168,0.9296032485687659,0.7820363466915191,0.8442839391115254
