{
  "input": "/home/wuyankai/myResearch/codeComplex/results/fusion_llm_summary_v14.json",
  "n_records": 4820,
  "ytrue": "expected_complexity",
  "pred_cols": [
    "y_llm",
    "y_fit",
    "y_final"
  ],
  "hierarchy": [
    "constant",
    "logn",
    "linear",
    "nlogn",
    "quadratic",
    "cubic",
    "exponential"
  ],
  "windows": [
    2,
    3
  ],
  "results": {
    "y_llm": {
      "accuracy": 0.6381742738589211,
      "macro_f1": 0.5618183456055711,
      "HC": 0.9148249234456132,
      "HC2": 0.7519804287045666,
      "HC3": 0.8172569120844984
    },
    "y_fit": {
      "accuracy": 0.5715767634854771,
      "macro_f1": 0.45194362939830546,
      "HC": 0.8945879376913861,
      "HC2": 0.6810344827586207,
      "HC3": 0.7693383038210625
    },
    "y_final": {
      "accuracy": 0.6620331950207469,
      "macro_f1": 0.5816764291160693,
      "HC": 0.9296032485687659,
      "HC2": 0.7820363466915191,
      "HC3": 0.8442839391115254
    }
  }
}