{
  "valid_points": 38,
  "models": {
    "Constant": {
      "r2": 0.7,
      "aic": 473.23937689183754,
      "bic": 476.51454921129033,
      "params": [
        384.8534849048605,
        60.77938437483784
      ],
      "confidence_score": 0.1000000000000004
    },
    "Linear": {
      "r2": 0.761182891057158,
      "aic": 418.82120121928637,
      "bic": 422.09637353873916,
      "params": [
        3.2325374017073183,
        -254.63681205858177
      ],
      "confidence_score": 0.3570782239362821
    },
    "Quadratic": {
      "r2": 0.8497820208446896,
      "aic": 403.20399876731176,
      "bic": 408.1167572464909,
      "params": [
        0.007599075619585172,
        1.0,
        -38.63182292422328
      ],
      "confidence_score": 0.8898692125068137
    },
    "Cubic": {
      "r2": 0.8588768505809288,
      "aic": 402.830726844732,
      "bic": 409.3810714836375,
      "params": [
        1.8397218013666006e-05,
        1.0,
        1.0,
        57.108658603447374
      ],
      "confidence_score": 0.7079037805757724
    },
    "Logarithmic": {
      "r2": 0.42747996892931706,
      "aic": 452.0464897867863,
      "bic": 455.3216621062391,
      "params": [
        298.1000267440157,
        -1056.643661693395
      ],
      "confidence_score": 0.3617399844815126
    },
    "N Log N": {
      "r2": 0.785652139997977,
      "aic": 414.71348424513303,
      "bic": 417.9886565645858,
      "params": [
        0.5257981231404016,
        -190.67882674769942
      ],
      "confidence_score": 0.7001550907102834
    }
  }
}