{
  "best_model": "O(2^n)",
  "details": {
    "O(1)": {
      "r2": 0,
      "aic": Infinity,
      "params_norm": [
        1.0
      ],
      "rss": 0.0
    },
    "O(n)": {
      "r2": 0,
      "aic": -3686.712200830012,
      "params_norm": [
        3.539513381405014e-10,
        0.9999999997936918
      ],
      "rss": 1.3612378830848443e-14
    },
    "O(n^2)": {
      "r2": 0,
      "aic": -3151.7144925404064,
      "params_norm": [
        2.262728146446774e-08,
        -2.697387986981183e-08,
        1.000000006707853
      ],
      "rss": 2.662304169897029e-12
    },
    "O(n^3)": {
      "r2": 0,
      "aic": -3096.6420356555554,
      "params_norm": [
        9.207473059506364e-09,
        1.2993395631032284e-08,
        -2.4496106730549883e-08,
        1.0000000064036458
      ],
      "rss": 4.495092131854815e-12
    },
    "O(log n)": {
      "r2": 0,
      "aic": -3226.7026238181074,
      "params_norm": [
        -1.7262467729194512e-09,
        0.9999999988883356
      ],
      "rss": 1.2940470756551356e-12
    },
    "O(n log n)": {
      "r2": 0,
      "aic": -3655.6893785660086,
      "params_norm": [
        9.149493385152141e-10,
        1.000000000238507
      ],
      "rss": 1.850676318757191e-14
    },
    "O(2^n)": {
      "r2": 0,
      "aic": -3865.1179995345574,
      "params_norm": [
        1.0000000000853677,
        -1.463447165138362e-10
      ],
      "rss": 2.327013161559852e-15
    },
    "O(n^k)": {
      "r2": 0,
      "aic": -3565.4027063939616,
      "params_norm": [
        0.999999999792065,
        -3.2278032427202367e-10
      ],
      "rss": 4.52437115958678e-14
    }
  }
}