{
  "Constant": {
    "r2": -2.220446049250313e-16,
    "aic": -562.9864493812945,
    "bic": -557.8786955980934,
    "params": [
      -99.89084609244982,
      100.10915390755004
    ]
  },
  "Linear": {
    "r2": 0.8302507847999638,
    "aic": -731.4625972845099,
    "bic": -726.3548435013088,
    "params": [
      3.268192840044648e-05,
      0.14945077618376534
    ]
  },
  "Quadratic": {
    "r2": 0.782930993575171,
    "aic": -706.1027469147,
    "bic": -698.4411162398984,
    "params": [
      7.170539301485103e-09,
      1.0,
      0.17221689275343036
    ]
  },
  "Cubic": {
    "r2": 0.6936116572985956,
    "aic": -671.362128727345,
    "bic": -661.1466211609428,
    "params": [
      1.5907956052771683e-12,
      1.0,
      1.0,
      0.18328233536885621
    ]
  },
  "Logarithmic": {
    "r2": 0.4848267150265885,
    "aic": -625.9953855088208,
    "bic": -620.8876317256197,
    "params": [
      0.019619806571280107,
      0.0813754670252088
    ]
  },
  "N Log N": {
    "r2": 0.8319909390076834,
    "aic": -732.4414992040399,
    "bic": -727.3337454208388,
    "params": [
      3.8606329937940846e-06,
      0.15381948853438757
    ]
  }
}