{
  "valid_points": 10,
  "models": {
    "Constant": {
      "r2": 0.0,
      "aic": 46.17150488203487,
      "bic": 46.77667506802296,
      "params": [
        6.688567414879799,
        1.0
      ],
      "confidence_score": 0.0
    },
    "Linear": {
      "r2": 0.951193130151534,
      "aic": 15.972662877558198,
      "bic": 16.57783306354629,
      "params": [
        0.03634490599779824,
        -4.977632315449664
      ],
      "confidence_score": 0.9311931301515339
    },
    "Quadratic": {
      "r2": 0.9999416308293009,
      "aic": -49.31572218302501,
      "bic": -48.40796690404287,
      "params": [
        4.2129789510125804e-05,
        1.0,
        0.5137589368166624
      ],
      "confidence_score": 0.9599416308293008
    },
    "Cubic": {
      "r2": 0.9703945308023318,
      "aic": 14.973543236749473,
      "bic": 16.183883608725658,
      "params": [
        5.206273787987721e-08,
        1.0,
        1.0,
        2.4068592770564314
      ],
      "confidence_score": 0.9203945308023318
    },
    "Logarithmic": {
      "r2": 0.773459710123663,
      "aic": 31.323180185743517,
      "bic": 31.92835037173161,
      "params": [
        10.932755762868661,
        -54.00842943010689
      ],
      "confidence_score": 0.763459710123663
    },
    "N Log N": {
      "r2": 0.9658451145810237,
      "aic": 12.403008426630779,
      "bic": 13.00817861261887,
      "params": [
        0.005253007904348635,
        -3.3818096048303032
      ],
      "confidence_score": 0.9358451145810237
    }
  }
}