{
  "valid_points": 56,
  "models": {
    "Constant": {
      "r2": 1.1102230246251565e-16,
      "aic": 579.690420284375,
      "bic": 583.7411236658453,
      "params": [
        -64.44606685212652,
        335.55393314787307
      ],
      "confidence_score": 1.1102230246251565e-16
    },
    "Linear": {
      "r2": 0.9753158853336878,
      "aic": 372.40107938718296,
      "bic": 376.4517827686533,
      "params": [
        0.20010132269786474,
        -212.52988418918275
      ],
      "confidence_score": 0.9553158853336878
    },
    "Quadratic": {
      "r2": 0.9999914414176535,
      "aic": -71.7498354497869,
      "bic": -65.67378037758145,
      "params": [
        4.1160107101201326e-05,
        1.0,
        1.4375020962448732
      ],
      "confidence_score": 0.9599914414176535
    },
    "Cubic": {
      "r2": 0.9806646863414873,
      "aic": 362.7243809071166,
      "bic": 370.8257876700572,
      "params": [
        1.0083124143558959e-08,
        1.0,
        1.0,
        76.64057010000623
      ],
      "confidence_score": 0.9306646863414872
    },
    "Logarithmic": {
      "r2": 0.8946804115429081,
      "aic": 453.64809257745907,
      "bic": 457.6987959589294,
      "params": [
        421.5996421851133,
        -2984.4112366123477
      ],
      "confidence_score": 0.8846804115429081
    },
    "N Log N": {
      "r2": 0.9809012739718841,
      "aic": 358.0349360942213,
      "bic": 362.08563947569155,
      "params": [
        0.02291528027154151,
        -163.85171389094546
      ],
      "confidence_score": 0.9509012739718841
    }
  }
}