{
  "valid_points": 59,
  "models": {
    "Constant": {
      "r2": 0.7,
      "aic": 924.0267965975278,
      "bic": 928.1818714853392,
      "params": [
        3490.401072042474,
        290.4010720424758
      ],
      "confidence_score": 0.09999999999999998
    },
    "Linear": {
      "r2": 0.9710340189178216,
      "aic": 715.0704375787517,
      "bic": 719.2255124665631,
      "params": [
        2.749869438320429,
        -3042.6026994762556
      ],
      "confidence_score": 0.4826204113506929
    },
    "Quadratic": {
      "r2": 0.9995333229844005,
      "aic": 473.50428045310326,
      "bic": 479.73689278482044,
      "params": [
        0.0005574953637752511,
        1.0,
        -75.50667603553546
      ],
      "confidence_score": 0.9797199937906402
    },
    "Cubic": {
      "r2": 0.9868644046220226,
      "aic": 672.4134543702672,
      "bic": 680.7236041458901,
      "params": [
        1.3512964655391588e-07,
        1.0,
        1.0,
        953.5544039281543
      ],
      "confidence_score": 0.5721186427732136
    },
    "Logarithmic": {
      "r2": 0.8881024618249844,
      "aic": 794.806668413885,
      "bic": 798.9617433016964,
      "params": [
        5884.085135587209,
        -41798.20902949828
      ],
      "confidence_score": 0.498
    },
    "N Log N": {
      "r2": 0.97693284479521,
      "aic": 701.6354105722306,
      "bic": 705.7904854600421,
      "params": [
        0.31435183258054206,
        -2366.5215790031407
      ],
      "confidence_score": 0.698
    }
  }
}