{
  "Constant": {
    "r2": 0.0,
    "aic": 31.41588384961785,
    "bic": 36.077350530190515,
    "params": [
      -98.43093456308308,
      101.56906543691699
    ]
  },
  "Linear": {
    "r2": 0.9986489583731865,
    "aic": -470.70695120593376,
    "bic": -466.0454845253611,
    "params": [
      0.0010360560537039376,
      0.05041118746694706
    ]
  },
  "Quadratic": {
    "r2": 0.9763456296930727,
    "aic": -251.14387779990994,
    "bic": -244.15167777905094,
    "params": [
      1.681253474150788e-07,
      1.0,
      1.420487110670175
    ]
  },
  "Cubic": {
    "r2": 0.919998127828868,
    "aic": -156.53771457604498,
    "bic": -147.21478121489966,
    "params": [
      3.226142452173358e-11,
      1.0,
      1.0,
      1.8971590971519317
    ]
  },
  "Logarithmic": {
    "r2": 0.9558283615754081,
    "aic": -205.67921554498602,
    "bic": -201.01774886441336,
    "params": [
      2.69441353521273,
      -18.18274467159949
    ]
  },
  "N Log N": {
    "r2": 0.9988539535170741,
    "aic": -483.2133357879878,
    "bic": -478.5518691074151,
    "params": [
      0.00011562718891587555,
      0.354370585325648
    ]
  }
}