{
  "valid_points": 206,
  "models": {
    "Constant": {
      "r2": 0.85,
      "aic": -2535.6741943658863,
      "bic": -2529.018442028307,
      "params": [
        100.01918569894407,
        -99.98081430105606
      ],
      "confidence_score": 0.445
    },
    "Linear": {
      "r2": 0.6582754360742816,
      "aic": -2756.866742784401,
      "bic": -2750.210990446822,
      "params": [
        5.967028497110108e-10,
        0.03534239717780015
      ],
      "confidence_score": 0.38496526164456896
    },
    "Quadratic": {
      "r2": 0.5076944291232296,
      "aic": -2679.657263675808,
      "bic": -2669.673635169439,
      "params": [
        5.01531768673741e-17,
        1.0,
        0.036668856800509804
      ],
      "confidence_score": 0.2846166574739377
    },
    "Cubic": {
      "r2": 0.4025647187688153,
      "aic": -2637.7867136625587,
      "bic": -2624.4752089874005,
      "params": [
        4.6770282539810226e-24,
        1.0,
        1.0,
        0.037177861369125015
      ],
      "confidence_score": 0.22153883126128918
    },
    "Logarithmic": {
      "r2": 0.7686719958883044,
      "aic": -2837.2414351102143,
      "bic": -2830.585682772635,
      "params": [
        0.0021174931521066712,
        0.006238383354198549
      ],
      "confidence_score": 0.898
    },
    "N Log N": {
      "r2": 0.6477873993261352,
      "aic": -2750.639377508789,
      "bic": -2743.98362517121,
      "params": [
        3.628864270143228e-11,
        0.03549368444752733
      ],
      "confidence_score": 0.5218936996630676
    }
  }
}