{
  "valid_points": 29,
  "models": {
    "Constant": {
      "r2": 0.7,
      "aic": -250.69962296883978,
      "bic": -247.96503130886683,
      "params": [
        -99.98823913006939,
        100.01176086993055
      ],
      "confidence_score": 0.37
    },
    "Linear": {
      "r2": 0.27117004607783557,
      "aic": -259.87275314175224,
      "bic": -257.1381614817793,
      "params": [
        5.916215147667288e-11,
        0.021331226943671167
      ],
      "confidence_score": 0.15270202764670132
    },
    "Quadratic": {
      "r2": 0.15606935252781207,
      "aic": -253.62048677995307,
      "bic": -249.51859928999366,
      "params": [
        9.116065225192279e-20,
        1.0,
        0.02231368152066466
      ],
      "confidence_score": 0.07364161151668723
    },
    "Cubic": {
      "r2": 0.12125037556325602,
      "aic": -250.4480256028247,
      "bic": -244.97884228287882,
      "params": [
        1.5230332651987156e-28,
        1.0,
        1.0,
        0.02259295964043953
      ],
      "confidence_score": 0.05275022533795361
    },
    "Logarithmic": {
      "r2": 0.9981436732913834,
      "aic": -433.0851362898756,
      "bic": -430.3505446299027,
      "params": [
        0.0021085111565887845,
        0.001689418368467041
      ],
      "confidence_score": 0.898
    },
    "N Log N": {
      "r2": 0.2597484326640169,
      "aic": -259.421813615035,
      "bic": -256.68722195506206,
      "params": [
        2.905479907296342e-12,
        0.02143387091455224
      ],
      "confidence_score": 0.4278742163320085
    }
  }
}