{
  "Constant": {
    "r2": -2.220446049250313e-16,
    "aic": -456.6826875899506,
    "bic": -451.5749338067495,
    "params": [
      -99.89874288439742,
      100.1012571156026
    ]
  },
  "Linear": {
    "r2": 0.9602068709907686,
    "aic": -762.9684844476188,
    "bic": -757.8607306644177,
    "params": [
      6.268696402778051e-05,
      0.07208971343640502
    ]
  },
  "Quadratic": {
    "r2": 0.8872641621947468,
    "aic": -662.0399395659967,
    "bic": -654.3783088911952,
    "params": [
      1.3632851532260358e-08,
      1.0,
      0.11740466622155603
    ]
  },
  "Cubic": {
    "r2": 0.7829796392214101,
    "aic": -597.8202772201508,
    "bic": -587.6047696537487,
    "params": [
      3.0140887656263536e-12,
      1.0,
      1.0,
      0.13886751516176427
    ]
  },
  "Logarithmic": {
    "r2": 0.5928997118211147,
    "aic": -542.05878057111,
    "bic": -536.9510267879089,
    "params": [
      0.03811704224926775,
      -0.06336680786386165
    ]
  },
  "N Log N": {
    "r2": 0.9584179258365094,
    "aic": -758.7908684308364,
    "bic": -753.6831146476353,
    "params": [
      7.394714193567835e-06,
      0.08079800772801453
    ]
  }
}