{
  "valid_points": 19,
  "models": {
    "Constant": {
      "r2": 0.7,
      "aic": 148.11844254395237,
      "bic": 150.00732050228524,
      "params": [
        -90.59487859669485,
        109.40512140330517
      ],
      "confidence_score": 0.11999999999999998
    },
    "Linear": {
      "r2": 0.9999926121809322,
      "aic": -76.37943918875573,
      "bic": -74.49056123042284,
      "params": [
        0.0001736412552227895,
        -0.05599838053102024
      ],
      "confidence_score": 0.8999955673085592
    },
    "Quadratic": {
      "r2": 0.9207547676494988,
      "aic": 101.94949001861116,
      "bic": 104.78280695611048,
      "params": [
        1.71096852016589e-10,
        1.0,
        5.61833663925059
      ],
      "confidence_score": 0.5324528605896992
    },
    "Cubic": {
      "r2": 0.8432606605242428,
      "aic": 116.90819142534006,
      "bic": 120.68594734200582,
      "params": [
        1.5829048887687804e-16,
        1.0,
        1.0,
        7.833339080532241
      ],
      "confidence_score": 0.48595639631454557
    },
    "Logarithmic": {
      "r2": 0.40103785035077666,
      "aic": 138.3798619741177,
      "bic": 140.26873993245056,
      "params": [
        6.802002520909066,
        -29.133732643727384
      ],
      "confidence_score": 0.4485189251753884
    },
    "N Log N": {
      "r2": 0.9990735944829348,
      "aic": 15.418671124095471,
      "bic": 17.307549082428352,
      "params": [
        1.2652314928044665e-05,
        0.6453694634087188
      ],
      "confidence_score": 0.698
    }
  }
}