{
  "valid_points": 203,
  "models": {
    "Constant": {
      "r2": 0.7,
      "aic": -3369.179261670681,
      "bic": -3362.5528497125974,
      "params": [
        100.0013292349621,
        -99.998670765038
      ],
      "confidence_score": 0.37000000019810664
    },
    "Linear": {
      "r2": 0.15573261868631028,
      "aic": -3403.5443261774653,
      "bic": -3396.9179142193816,
      "params": [
        3.429692825089837e-11,
        0.0024822441562605837
      ],
      "confidence_score": 0.09109759558337609
    },
    "Quadratic": {
      "r2": 0.1198312751588454,
      "aic": -3393.090518064869,
      "bic": -3383.1509001277436,
      "params": [
        2.8606145573648217e-18,
        1.0,
        0.0025599410685650473
      ],
      "confidence_score": 0.05190661108291783
    },
    "Cubic": {
      "r2": 0.09586892938340752,
      "aic": -3385.6377923850832,
      "bic": -3372.384968468916,
      "params": [
        2.671053430242087e-25,
        1.0,
        1.0,
        0.002589286836792379
      ],
      "confidence_score": 0.03752139367589376
    },
    "Logarithmic": {
      "r2": 0.1880029317920925,
      "aic": -3411.45574720058,
      "bic": -3404.829335242496,
      "params": [
        0.00012555758526083726,
        0.0007501487548029434
      ],
      "confidence_score": 0.6920014658960462
    },
    "N Log N": {
      "r2": 0.15310080172785412,
      "aic": -3402.912502819192,
      "bic": -3396.2860908611083,
      "params": [
        2.083552383894026e-12,
        0.002491171854331817
      ],
      "confidence_score": 0.3787381369903555
    }
  }
}