{
  "valid_points": 78,
  "models": {
    "Constant": {
      "r2": 0.7,
      "aic": -541.3654663359873,
      "bic": -536.6520486826081,
      "params": [
        100.14613606990908,
        -99.85386393009095
      ],
      "confidence_score": 0.5798205218871182
    },
    "Linear": {
      "r2": 0.010808199663076112,
      "aic": -542.2130948753179,
      "bic": -537.4996772219387,
      "params": [
        2.754752068678812e-06,
        0.2840343716125463
      ],
      "confidence_score": 0.34241562044884577
    },
    "Quadratic": {
      "r2": 0.0066139864535030846,
      "aic": -539.8830708872482,
      "bic": -532.8129444071794,
      "params": [
        3.537669404301798e-10,
        1.0,
        0.28864540505121167
      ],
      "confidence_score": 0.01717909012279618
    },
    "Cubic": {
      "r2": 0.003252392712698504,
      "aic": -537.6195664085453,
      "bic": -528.192731101787,
      "params": [
        4.904436206613026e-14,
        1.0,
        1.0,
        0.29038294745460097
      ],
      "confidence_score": 0.0
    },
    "Logarithmic": {
      "r2": 0.014484848597461464,
      "aic": -542.5035470338104,
      "bic": -537.7901293804312,
      "params": [
        0.008473706654072478,
        0.22517571237328543
      ],
      "confidence_score": 0.5052424242987308
    },
    "N Log N": {
      "r2": 0.010336877274590872,
      "aic": -542.1759388952927,
      "bic": -537.4625212419135,
      "params": [
        3.0064263988052634e-07,
        0.28500807431830183
      ],
      "confidence_score": 0.5578409384850308
    }
  }
}