{
  "valid_points": 12,
  "models": {
    "Constant": {
      "r2": 0.95,
      "aic": -154.85769883852467,
      "bic": -153.88788553894867,
      "params": [
        -99.97050904979312,
        100.0294909502069
      ],
      "confidence_score": 0.9329988137780443
    },
    "Linear": {
      "r2": 0.00058186314102604,
      "aic": -154.8646832283936,
      "bic": -153.8948699288176,
      "params": [
        -9.326251236618788e-06,
        0.059098478554287404
      ],
      "confidence_score": 0.3820317486073108
    },
    "Quadratic": {
      "r2": 3.9974884822768786e-05,
      "aic": -152.85817854673076,
      "bic": -151.40345859736675,
      "params": [
        9.705804304704913e-08,
        1.0,
        0.05896557848621864
      ],
      "confidence_score": 0.0928263337972657
    },
    "Cubic": {
      "r2": 0.0008420843186550675,
      "aic": -150.86780810737454,
      "bic": -148.92818150822254,
      "params": [
        2.2292138690538366e-08,
        1.0,
        1.0,
        0.058928399280197996
      ],
      "confidence_score": 0.013225646696150058
    },
    "Logarithmic": {
      "r2": 0.003927917834771533,
      "aic": -154.90492666689752,
      "bic": -153.93511336732152,
      "params": [
        -0.000285939961778215,
        0.059692370528131124
      ],
      "confidence_score": 0.34996395891738574
    },
    "N Log N": {
      "r2": 0.00020257882379881575,
      "aic": -154.86013003067262,
      "bic": -153.89031673109662,
      "params": [
        -1.5700559208549163e-06,
        0.059032236162872
      ],
      "confidence_score": 0.29135519855183345
    }
  }
}