{
  "valid_points": 99,
  "models": {
    "Constant": {
      "r2": 0.7,
      "aic": 797.8865384935735,
      "bic": 803.0767781938428,
      "params": [
        -56.17818410950474,
        143.82181589049532
      ],
      "confidence_score": 0.11999999999999998
    },
    "Linear": {
      "r2": 0.9801256846816575,
      "aic": 409.9721587193294,
      "bic": 415.16239841959856,
      "params": [
        3.996828076469061e-05,
        -9.921859250037256
      ],
      "confidence_score": 0.48824641742489633
    },
    "Quadratic": {
      "r2": 0.9603685638194396,
      "aic": 480.3014078557874,
      "bic": 488.08676740619114,
      "params": [
        7.861553455768707e-12,
        1.0,
        26.142739901801026
      ],
      "confidence_score": 0.5562211382916638
    },
    "Cubic": {
      "r2": 0.8825953475357095,
      "aic": 589.8157929162157,
      "bic": 600.1962723167541,
      "params": [
        1.6430193815737168e-18,
        1.0,
        1.0,
        41.314444771989955
      ],
      "confidence_score": 0.5095572085214256
    },
    "Logarithmic": {
      "r2": 0.7708094369539272,
      "aic": 652.0395931184435,
      "bic": 657.2298328187127,
      "params": [
        57.13701638163262,
        -738.1201567425877
      ],
      "confidence_score": 0.548
    },
    "N Log N": {
      "r2": 0.9830085430792598,
      "aic": 394.457123557627,
      "bic": 399.6473632578962,
      "params": [
        2.568352264264925e-06,
        -5.687108703644508
      ],
      "confidence_score": 0.998
    }
  }
}