{
  "valid_points": 76,
  "models": {
    "Constant": {
      "r2": 0.7,
      "aic": -492.06293107910113,
      "bic": -487.40146439852845,
      "params": [
        -99.88361671076791,
        100.1163832892321
      ],
      "confidence_score": 0.43
    },
    "Linear": {
      "r2": 0.7260250350986506,
      "aic": -590.4615405554661,
      "bic": -585.8000738748934,
      "params": [
        2.8350678755506564e-05,
        0.1479010598203203
      ],
      "confidence_score": 0.8256150210591904
    },
    "Quadratic": {
      "r2": 0.6933161513251844,
      "aic": -579.8902092666838,
      "bic": -572.8980092458248,
      "params": [
        4.547640597429847e-09,
        1.0,
        0.18600666070266236
      ],
      "confidence_score": 0.39662124736095067
    },
    "Cubic": {
      "r2": 0.6327376087816359,
      "aic": -564.1905140988149,
      "bic": -554.8675807376695,
      "params": [
        8.580875109419637e-13,
        1.0,
        1.0,
        0.19954476078572578
      ],
      "confidence_score": 0.3596426420324254
    },
    "Logarithmic": {
      "r2": 0.6994986008991377,
      "aic": -583.4379491313108,
      "bic": -578.7764824507382,
      "params": [
        0.07385205307490937,
        -0.35201820902110154
      ],
      "confidence_score": 0.5567022833576507
    },
    "N Log N": {
      "r2": 0.7248285858169221,
      "aic": -590.130370970253,
      "bic": -585.4689042896804,
      "params": [
        3.1614017488428256e-06,
        0.15628807826863667
      ],
      "confidence_score": 0.8522194021218247
    }
  }
}