{
  "Constant": {
    "r2": 0.0,
    "aic": 476.4904946847791,
    "bic": 479.08216841678774,
    "params": [
      3659.804878942258,
      1841.106637765112
    ]
  },
  "Linear": {
    "r2": 0.8403852760713666,
    "aic": 426.9457014229762,
    "bic": 429.53737515498483,
    "params": [
      67.51056394264481,
      -4355.630881818346
    ]
  },
  "Quadratic": {
    "r2": 0.9727374949228194,
    "aic": 381.2299347318045,
    "bic": 385.1174453298175,
    "params": [
      0.24062556259729695,
      1.0,
      -1394.6150850220804
    ]
  },
  "Cubic": {
    "r2": 0.996093251139998,
    "aic": 330.7741515840069,
    "bic": 335.95749904802426,
    "params": [
      0.0008719777713800392,
      1.0,
      1.0,
      -16.395353978308908
    ]
  },
  "Logarithmic": {
    "r2": 0.43658333902601965,
    "aic": 460.9996266866293,
    "bic": 463.59130041863796,
    "params": [
      4031.0039620648386,
      -13266.23477328109
    ]
  },
  "N Log N": {
    "r2": 0.8773212850991956,
    "aic": 419.83946147965815,
    "bic": 422.4311352116668,
    "params": [
      11.79822824143481,
      -3429.9743427032136
    ]
  }
}