{
  "valid_points": 21,
  "models": {
    "Constant": {
      "r2": 0.7,
      "aic": 146.43458101686764,
      "bic": 148.5236258923145,
      "params": [
        104.939976636143,
        -95.06002336385701
      ],
      "confidence_score": 0.11999999999999998
    },
    "Linear": {
      "r2": 0.9997709470709732,
      "aic": -29.57812543303683,
      "bic": -27.489080557589986,
      "params": [
        3.28439498800126e-05,
        0.04016707580955614
      ],
      "confidence_score": 0.8998625682425839
    },
    "Quadratic": {
      "r2": 0.9495269315223286,
      "aic": 85.72195798591427,
      "bic": 88.85552529908455,
      "params": [
        7.742798811417492e-12,
        1.0,
        2.853109348715289
      ],
      "confidence_score": 0.5497161589133971
    },
    "Cubic": {
      "r2": 0.9274649692156696,
      "aic": 95.33718235458697,
      "bic": 99.51527210548066,
      "params": [
        1.8219282304689726e-18,
        1.0,
        1.0,
        3.363996693461465
      ],
      "confidence_score": 0.5364789815294017
    },
    "Logarithmic": {
      "r2": 0.28499613278743363,
      "aic": 139.38976713697673,
      "bic": 141.4788120124236,
      "params": [
        3.650143133073827,
        -17.855586983351753
      ],
      "confidence_score": 0.2904980663937168
    },
    "N Log N": {
      "r2": 0.9982574805141269,
      "aic": 13.033693130553978,
      "bic": 15.122738006000823,
      "params": [
        2.1600973525871217e-06,
        0.4599923771086717
      ],
      "confidence_score": 0.6980000001675262
    }
  }
}