{
  "Constant": {
    "r2": 0.0,
    "aic": 459.4372064545367,
    "bic": 462.8643505879453,
    "params": [
      339.6137702210647,
      -60.38622977893526
    ]
  },
  "Linear": {
    "r2": 0.9374122331055952,
    "aic": 345.8186035377513,
    "bic": 349.2457476711599,
    "params": [
      1.8899190897626328,
      -144.4370047775866
    ]
  },
  "Quadratic": {
    "r2": 0.9986463898448382,
    "aic": 190.63302371554644,
    "bic": 195.77373991565938,
    "params": [
      0.004117461523901467,
      1.0,
      0.21820456759651308
    ]
  },
  "Cubic": {
    "r2": 0.9553512166039547,
    "aic": 335.9711494509439,
    "bic": 342.82543771776113,
    "params": [
      9.07041511900893e-06,
      1.0,
      1.0,
      68.89302776867711
    ]
  },
  "Logarithmic": {
    "r2": 0.5431263196901397,
    "aic": 427.3199246376624,
    "bic": 430.747068771071,
    "params": [
      184.14236344666995,
      -657.4347823644503
    ]
  },
  "N Log N": {
    "r2": 0.9609219931403793,
    "aic": 326.50719281375564,
    "bic": 329.93433694716424,
    "params": [
      0.3040929272855796,
      -103.45137338256336
    ]
  }
}