{
  "valid_points": 30,
  "models": {
    "Constant": {
      "r2": -2.220446049250313e-16,
      "aic": 478.6491287406832,
      "bic": 481.45152350400747,
      "params": [
        447.2510128722115,
        4886.332307403178
      ],
      "confidence_score": -2.220446049250313e-16
    },
    "Linear": {
      "r2": 0.9829070034639065,
      "aic": 356.57653498092475,
      "bic": 359.37892974424904,
      "params": [
        6.246287145524456,
        -5441.261986477605
      ],
      "confidence_score": 0.9629070034639065
    },
    "Quadratic": {
      "r2": 0.9993624003211122,
      "aic": 259.91513071723637,
      "bic": 264.11872286222285,
      "params": [
        0.0018142648003093287,
        1.0,
        -404.785035092849
      ],
      "confidence_score": 0.9593624003211122
    },
    "Cubic": {
      "r2": 0.9928758333275379,
      "aic": 334.3212532031277,
      "bic": 339.9260427297763,
      "params": [
        6.62361548662674e-07,
        1.0,
        1.0,
        1291.728976670122
      ],
      "confidence_score": 0.9428758333275379
    },
    "Logarithmic": {
      "r2": 0.9400284394343013,
      "aic": 394.2325841496602,
      "bic": 397.0349789129845,
      "params": [
        10050.530394194766,
        -69236.84617144488
      ],
      "confidence_score": 0.9300284394343012
    },
    "N Log N": {
      "r2": 0.9862202899453947,
      "aic": 350.11238710124064,
      "bic": 352.91478186456493,
      "params": [
        0.7418462745013236,
        -4244.961688685941
      ],
      "confidence_score": 0.9562202899453947
    }
  }
}