{
  "valid_points": 31,
  "models": {
    "Constant": {
      "r2": 0.7,
      "aic": -638.482788603603,
      "bic": -635.6148141946327,
      "params": [
        100.0001031665071,
        -99.9998968334929
      ],
      "confidence_score": 0.5208555384260466
    },
    "Linear": {
      "r2": 0.020428570628458265,
      "aic": -639.1226323216279,
      "bic": -636.2546579126575,
      "params": [
        3.276447786583434e-14,
        0.0002046296194243903
      ],
      "confidence_score": 0.3159525031634833
    },
    "Quadratic": {
      "r2": 0.019406994472065953,
      "aic": -637.0903198654363,
      "bic": -632.7883582519809,
      "params": [
        6.182140362374724e-23,
        1.0,
        0.00020499181160333528
      ],
      "confidence_score": 0.04708259677292284
    },
    "Cubic": {
      "r2": 0.018028528806274924,
      "aic": -635.0467723100072,
      "bic": -629.3108234920667,
      "params": [
        1.1167627528645478e-31,
        1.0,
        1.0,
        0.00020513847050288706
      ],
      "confidence_score": 0.000559688968040286
    },
    "Logarithmic": {
      "r2": 0.03566859584649951,
      "aic": -639.6087167630591,
      "bic": -636.7407423540888,
      "params": [
        1.0015463535922295e-06,
        0.00019553436822689182
      ],
      "confidence_score": 0.5158342979232498
    },
    "N Log N": {
      "r2": 0.020340104037967155,
      "aic": -639.1198327907388,
      "bic": -636.2518583817684,
      "params": [
        1.633028238722812e-15,
        0.00020466597513946273
      ],
      "confidence_score": 0.4431124780455153
    }
  }
}