{
  "valid_points": 66,
  "models": {
    "Constant": {
      "r2": 0.7,
      "aic": -692.2874992142313,
      "bic": -687.9081897301784,
      "params": [
        100.0208484460458,
        -99.97915155395424
      ],
      "confidence_score": 0.5491426176530356
    },
    "Linear": {
      "r2": 0.018881672617855783,
      "aic": -693.5456049121856,
      "bic": -689.1662954281327,
      "params": [
        -8.71038254857126e-07,
        0.043784744392759034
      ],
      "confidence_score": 0.29931788185757746
    },
    "Quadratic": {
      "r2": 0.01248835188904085,
      "aic": -691.1169203378189,
      "bic": -684.5479561117396,
      "params": [
        -1.4590694013091235e-10,
        1.0,
        0.04263032510907608
      ],
      "confidence_score": 0.017096330814446423
    },
    "Cubic": {
      "r2": 0.008354473618149338,
      "aic": -688.8412106911442,
      "bic": -680.0825917230385,
      "params": [
        -3.024506161242326e-14,
        1.0,
        1.0,
        0.042255394571323435
      ],
      "confidence_score": 0.0
    },
    "Logarithmic": {
      "r2": 0.027595757546143074,
      "aic": -694.1344216771537,
      "bic": -689.7551121931008,
      "params": [
        -0.002313068709461458,
        0.059550456021866024
      ],
      "confidence_score": 0.5117978787730716
    },
    "N Log N": {
      "r2": 0.01801441077021204,
      "aic": -693.4872898274017,
      "bic": -689.1079803433488,
      "params": [
        -9.724459550695423e-08,
        0.04352450752514963
      ],
      "confidence_score": 0.5240764820249647
    }
  }
}