{
  "valid_points": 18,
  "models": {
    "Constant": {
      "r2": 0.7,
      "aic": -137.89733798414318,
      "bic": -136.11659446835085,
      "params": [
        -99.89485978666275,
        100.10514021333721
      ],
      "confidence_score": 0.370000000010205
    },
    "Linear": {
      "r2": 0.9313161413581084,
      "aic": -186.10567709341854,
      "bic": -184.3249335776262,
      "params": [
        6.659864856506381e-05,
        0.11038245382706902
      ],
      "confidence_score": 0.948789684814865
    },
    "Quadratic": {
      "r2": 0.9264727260895761,
      "aic": -182.87911760783578,
      "bic": -180.2080023341473,
      "params": [
        2.207399552034417e-08,
        1.0,
        0.1588664120174561
      ],
      "confidence_score": 0.5869435086960313
    },
    "Cubic": {
      "r2": 0.9117408362569831,
      "aic": -177.59193748615533,
      "bic": -174.03045045457068,
      "params": [
        9.460002138248166e-12,
        1.0,
        1.0,
        0.1749827936960805
      ],
      "confidence_score": 0.5293706713990072
    },
    "Logarithmic": {
      "r2": 0.9248567660878887,
      "aic": -184.48780360705368,
      "bic": -182.70706009126135,
      "params": [
        0.09720305278041333,
        -0.4988231903754841
      ],
      "confidence_score": 0.7315993948429665
    },
    "N Log N": {
      "r2": 0.9313086215630674,
      "aic": -186.103706486288,
      "bic": -184.32296297049567,
      "params": [
        8.02059634918882e-06,
        0.12208201783690295
      ],
      "confidence_score": 0.8477045545060696
    }
  }
}