{
  "valid_points": 30,
  "models": {
    "Constant": {
      "r2": 0.85,
      "aic": -596.5857520996167,
      "bic": -593.7833573362924,
      "params": [
        100.00029336661106,
        -99.99970663338895
      ],
      "confidence_score": 0.4330243917453336
    },
    "Linear": {
      "r2": 0.09360551789282556,
      "aic": -599.5341718092739,
      "bic": -596.7317770459496,
      "params": [
        9.842236938080846e-14,
        0.000581445771287082
      ],
      "confidence_score": 0.09289291080980107
    },
    "Quadratic": {
      "r2": 0.10137180857178008,
      "aic": -597.792329406433,
      "bic": -593.5887372614466,
      "params": [
        1.9811525762816498e-22,
        1.0,
        0.0005822918831347747
      ],
      "confidence_score": 0.050530188343279075
    },
    "Cubic": {
      "r2": 0.10833481319476623,
      "aic": -596.0256891389926,
      "bic": -590.420899612344,
      "params": [
        3.837654742214874e-31,
        1.0,
        1.0,
        0.0005824914483917609
      ],
      "confidence_score": 0.0469924894023174
    },
    "Logarithmic": {
      "r2": 0.21448817992647762,
      "aic": -603.8283453065901,
      "bic": -601.0259505432658,
      "params": [
        3.643041687714283e-06,
        0.0005461447378576708
      ],
      "confidence_score": 0.7052440899632387
    },
    "N Log N": {
      "r2": 0.09381763048863401,
      "aic": -599.541193169938,
      "bic": -596.7387984066137,
      "params": [
        4.921288078508082e-15,
        0.0005815419793786483
      ],
      "confidence_score": 0.08007927104499249
    }
  }
}