{
  "Constant": {
    "params": [
      0.00024389632003905308
    ],
    "r_squared": 4.440892098500626e-16,
    "success": true
  },
  "Linear": {
    "params": [
      3.912724696393346e-08,
      0.00012651457888519053
    ],
    "r_squared": 0.07934271709578855,
    "success": true
  },
  "Quadratic": {
    "params": [
      -7.616775393007086e-12,
      8.482790184291713e-08,
      6.837318421647925e-05
    ],
    "r_squared": 0.08262852661046927,
    "success": true
  },
  "Cubic": {
    "params": [
      9.171868211637566e-15,
      -9.016356696969657e-11,
      3.099099946310669e-07,
      -0.00011159244009951663
    ],
    "r_squared": 0.0876455483750036,
    "success": true
  },
  "Logarithmic": {
    "params": [
      0.00010565664143330676,
      -0.0005925825550926482
    ],
    "r_squared": 0.0833181025760088,
    "success": true
  },
  "n_log_n": {
    "params": [
      4.346551599835504e-09,
      0.00013845357649509444
    ],
    "r_squared": 0.07856025709504844,
    "success": true
  },
  "Exponential": {
    "params": [
      0.00015102417094791648,
      0.00015457353701626276
    ],
    "r_squared": 0.07640405797674099,
    "success": true
  },
  "Sqrt_Exponential": {
    "params": [
      0.0001510241738953328,
      0.00030914706263620494
    ],
    "r_squared": 0.07640405797673677,
    "success": true
  },
  "Power": {
    "params": [
      6.744013801996611e-06,
      0.4508405124099275
    ],
    "r_squared": 0.08231930797311915,
    "success": true
  }
}