{
  "valid_points": 28,
  "models": {
    "Constant": {
      "r2": 0.85,
      "aic": -566.5170433575834,
      "bic": -563.852634337233,
      "params": [
        -99.9996672517486,
        100.00033274825128
      ],
      "confidence_score": 0.5338862477071876
    },
    "Linear": {
      "r2": 0.01312301401596716,
      "aic": -566.8869200417538,
      "bic": -564.2225110214034,
      "params": [
        3.8936616985275507e-14,
        0.0006640033642862282
      ],
      "confidence_score": 0.04421290569256286
    },
    "Quadratic": {
      "r2": 0.019553317417576155,
      "aic": -565.0699597106251,
      "bic": -561.0733461800995,
      "params": [
        9.643941113732323e-23,
        1.0,
        0.0006641728470041504
      ],
      "confidence_score": 0.0013285400569071314
    },
    "Cubic": {
      "r2": 0.02386787474716623,
      "aic": -563.1934485274951,
      "bic": -557.8646304867942,
      "params": [
        2.019094620910847e-31,
        1.0,
        1.0,
        0.000664221238289053
      ],
      "confidence_score": 0.0
    },
    "Logarithmic": {
      "r2": 0.15394645734747447,
      "aic": -571.1978770589371,
      "bic": -568.5334680385868,
      "params": [
        2.6223253797830715e-06,
        0.0006373742205689419
      ],
      "confidence_score": 0.5749732286737372
    },
    "N Log N": {
      "r2": 0.013071004362910088,
      "aic": -566.885444445571,
      "bic": -564.2210354252206,
      "params": [
        1.9496988010085787e-15,
        0.0006640454176173673
      ],
      "confidence_score": 0.03926419292740563
    }
  }
}