{
  "Constant": {
    "r2": 1.1102230246251565e-16,
    "aic": -593.2180670400028,
    "bic": -588.7498540308083,
    "params": [
      100.06163217451261,
      -99.93836782548742
    ]
  },
  "Linear": {
    "r2": 0.005231879591194755,
    "aic": -593.5800143920633,
    "bic": -589.1118013828687,
    "params": [
      -1.1002654121414587e-06,
      0.12603574219378216
    ]
  },
  "Quadratic": {
    "r2": 0.0032911428842554713,
    "aic": -591.4455304119003,
    "bic": -584.7432108981086,
    "params": [
      -1.7168810300913934e-10,
      1.0,
      0.12448288667458579
    ]
  },
  "Cubic": {
    "r2": 0.0019747599823439765,
    "aic": -589.3544601950247,
    "bic": -580.4180341766356,
    "params": [
      -3.1990971333953605e-14,
      1.0,
      1.0,
      0.12395721887728162
    ]
  },
  "Logarithmic": {
    "r2": 0.007919750401751191,
    "aic": -593.7667052355823,
    "bic": -589.2984922263878,
    "params": [
      -0.0030847278834781216,
      0.147214721438152
    ]
  },
  "N Log N": {
    "r2": 0.00497134125712928,
    "aic": -593.5619450642389,
    "bic": -589.0937320550444,
    "params": [
      -1.2200295231849354e-07,
      0.12569003664671688
    ]
  }
}