{
  "valid_points": 196,
  "models": {
    "Constant": {
      "r2": 0.7,
      "aic": -3966.9749440153714,
      "bic": -3960.4187146969102,
      "params": [
        100.00013146663488,
        -99.99986853336509
      ],
      "confidence_score": 0.4753284450860121
    },
    "Linear": {
      "r2": 0.010440724192893991,
      "aic": -3969.0320837568975,
      "bic": -3962.4758544384363,
      "params": [
        -1.428393906973393e-12,
        0.0002701435805574845
      ],
      "confidence_score": 0.38907813686200016
    },
    "Quadratic": {
      "r2": 0.013264911724641282,
      "aic": -3967.5922646116164,
      "bic": -3957.757920633925,
      "params": [
        -1.5393404602317124e-19,
        1.0,
        0.00026810740839786296
      ],
      "confidence_score": 0.025086841422519972
    },
    "Cubic": {
      "r2": 0.01549366172494826,
      "aic": -3966.0354728156617,
      "bic": -3952.92301417874,
      "params": [
        -1.744218660337371e-26,
        1.0,
        1.0,
        0.00026733181258949763
      ],
      "confidence_score": 0.0
    },
    "Logarithmic": {
      "r2": 0.007176448986440875,
      "aic": -3968.386599433622,
      "bic": -3961.830370115161,
      "params": [
        -3.8889203531435295e-06,
        0.00032193041358957156
      ],
      "confidence_score": 0.41493336356554367
    },
    "N Log N": {
      "r2": 0.010623766513443988,
      "aic": -3969.0683419318225,
      "bic": -3962.5121126133613,
      "params": [
        -8.832007397692358e-14,
        0.0002698954644015825
      ],
      "confidence_score": 0.603311883256722
    }
  }
}