{
  "valid_points": 94,
  "models": {
    "Constant": {
      "r2": 1.1102230246251565e-16,
      "aic": -317.22523819583773,
      "bic": -312.1386486312977,
      "params": [
        100.19952208992655,
        -99.8004779100735
      ],
      "confidence_score": 1.1102230246251565e-16
    },
    "Linear": {
      "r2": 0.9730584974237533,
      "aic": -656.9494476518962,
      "bic": -651.8628580873562,
      "params": [
        0.00012757252114092843,
        0.13359562075770126
      ],
      "confidence_score": 0.9530584974237533
    },
    "Quadratic": {
      "r2": 0.9181880688595814,
      "aic": -550.5384639192812,
      "bic": -542.9085795724711,
      "params": [
        2.80842891164923e-08,
        1.0,
        0.22237282493594235
      ],
      "confidence_score": 0.8781880688595813
    },
    "Cubic": {
      "r2": 0.8234651741327974,
      "aic": -476.2435263833109,
      "bic": -466.07034725423085,
      "params": [
        6.271920573394007e-12,
        1.0,
        1.0,
        0.26474794317096695
      ],
      "confidence_score": 0.7734651741327974
    },
    "Logarithmic": {
      "r2": 0.5935415319526093,
      "aic": -401.8509495307092,
      "bic": -396.7643599661692,
      "params": [
        0.07758701800591401,
        -0.14121319071053307
      ],
      "confidence_score": 0.5835415319526093
    },
    "N Log N": {
      "r2": 0.9737121801712831,
      "aic": -659.2582979127983,
      "bic": -654.1717083482583,
      "params": [
        1.5068358131914909e-05,
        0.150790634409054
      ],
      "confidence_score": 0.9437121801712831
    }
  }
}