{
  "valid_points": 28,
  "models": {
    "Constant": {
      "r2": 0.85,
      "aic": -537.3062142650948,
      "bic": -534.6418052447444,
      "params": [
        -99.99952821859281,
        100.00047178140706
      ],
      "confidence_score": 0.4567249695081563
    },
    "Linear": {
      "r2": 0.011875365955987816,
      "aic": -537.6407146235222,
      "bic": -534.9763056031718,
      "params": [
        6.240257711966779e-14,
        0.0009411698050609169
      ],
      "confidence_score": 0.015604552442798935
    },
    "Quadratic": {
      "r2": 0.008771347318372369,
      "aic": -535.5528954416889,
      "bic": -531.5562819111633,
      "params": [
        1.0882146682600978e-22,
        1.0,
        0.0009420692116845919
      ],
      "confidence_score": 0.0
    },
    "Cubic": {
      "r2": 0.007386798112690718,
      "aic": -533.5138123021088,
      "bic": -528.184994261408,
      "params": [
        1.8924100142791213e-31,
        1.0,
        1.0,
        0.0009423675641110892
      ],
      "confidence_score": 0.0
    },
    "Logarithmic": {
      "r2": 0.2067174693770425,
      "aic": -543.7903377869167,
      "bic": -541.1259287665663,
      "params": [
        5.1195038157630876e-06,
        0.0008886603480985596
      ],
      "confidence_score": 0.7013587346885212
    },
    "N Log N": {
      "r2": 0.011510042906355489,
      "aic": -537.6303645577563,
      "bic": -534.9659555374059,
      "params": [
        3.082404290258111e-15,
        0.0009412687005400286
      ],
      "confidence_score": 0.3175429830043093
    }
  }
}