{
  "valid_points": 18,
  "models": {
    "Constant": {
      "r2": 0.9,
      "aic": -218.4432876414518,
      "bic": -216.66254412565948,
      "params": [
        100.02625046504866,
        -99.97374953495134
      ],
      "confidence_score": 0.6570897937293327
    },
    "Linear": {
      "r2": 0.17844454392306763,
      "aic": -221.9812927237864,
      "bic": -220.20054920799407,
      "params": [
        -3.1115977383588955e-06,
        0.05716832670516481
      ],
      "confidence_score": 0.2800422040938129
    },
    "Quadratic": {
      "r2": 0.150684814142372,
      "aic": -219.38313616394163,
      "bic": -216.71202089025314,
      "params": [
        -9.501985728010688e-10,
        1.0,
        0.05471410093985051
      ],
      "confidence_score": 0.12110259334020045
    },
    "Cubic": {
      "r2": 0.12503234219374126,
      "aic": -216.8475180461179,
      "bic": -213.28603101453325,
      "params": [
        -3.739225110918585e-13,
        1.0,
        1.0,
        0.053896128468214746
      ],
      "confidence_score": 0.0641603829971287
    },
    "Logarithmic": {
      "r2": 0.20726888082983097,
      "aic": -222.6241689305027,
      "bic": -220.84342541471037,
      "params": [
        -0.004911618941892751,
        0.08833156151935576
      ],
      "confidence_score": 0.45163444041491546
    },
    "N Log N": {
      "r2": 0.1750132676884243,
      "aic": -221.90627118827206,
      "bic": -220.12552767247973,
      "params": [
        -3.711165150643128e-07,
        0.05658190920399412
      ],
      "confidence_score": 0.2075230178098292
    }
  }
}