{
  "valid_points": 41,
  "models": {
    "Constant": {
      "r2": 0.7,
      "params": [
        0.00011904318476232087
      ]
    },
    "Linear": {
      "r2": 0.13596193182267813,
      "params": [
        7.441656702546991e-09,
        0.00011159408640307133
      ]
    },
    "Quadratic": {
      "r2": 0.07755188852716,
      "params": [
        2.714281581821024e-12,
        0.00011537347335386463
      ]
    },
    "Cubic": {
      "r2": 0.0464836094756611,
      "params": [
        1.0942344147642418e-15,
        0.0001167955692788769
      ]
    },
    "Logarithmic": {
      "r2": 0.19021018842812842,
      "params": [
        3.90295561411886e-06,
        9.363715127290533e-05
      ]
    },
    "N Log N": {
      "r2": 0.12605129879389676,
      "params": [
        9.228688797673818e-10,
        0.00011247119562391419
      ]
    },
    "np": {
      "r2": -Infinity,
      "success": false
    }
  }
}