{
  "valid_points": 78,
  "models": {
    "Constant": {
      "r2": 0.0,
      "aic": 6.734091022260665,
      "bic": 11.447508675639849,
      "params": [
        -98.68106335783611,
        101.3189366421639
      ],
      "confidence_score": 0.0
    },
    "Linear": {
      "r2": 0.947294318537106,
      "aic": -222.8224066625861,
      "bic": -218.1089890092069,
      "params": [
        0.0008704257576988006,
        0.08518236030780746
      ],
      "confidence_score": 0.927294318537106
    },
    "Quadratic": {
      "r2": 0.9654651617200606,
      "aic": -253.79726839842016,
      "bic": -246.72714191835138,
      "params": [
        1.4667901616754057e-07,
        1.0,
        1.1863950956889044
      ],
      "confidence_score": 0.9254651617200605
    },
    "Cubic": {
      "r2": 0.9442476059057398,
      "aic": -214.4390332189329,
      "bic": -205.01219791217454,
      "params": [
        2.9008769885742692e-11,
        1.0,
        1.0,
        1.5743720325980735
      ],
      "confidence_score": 0.8942476059057397
    },
    "Logarithmic": {
      "r2": 0.8673326261071714,
      "aic": -150.81890703704437,
      "bic": -146.10548938366517,
      "params": [
        2.16123737840209,
        -14.42701131299702
      ],
      "confidence_score": 0.8573326261071714
    },
    "N Log N": {
      "r2": 0.9520609333113202,
      "aic": -230.216221419698,
      "bic": -225.5028037663188,
      "params": [
        9.759536567324677e-05,
        0.330219815206694
      ],
      "confidence_score": 0.9220609333113202
    }
  }
}