{
  "valid_points": 73,
  "models": {
    "Constant": {
      "r2": 0.0,
      "aic": -760.5830192745402,
      "bic": -756.0021003922434,
      "params": [
        100.0291433542558,
        -99.97085664574409
      ],
      "confidence_score": 0.0
    },
    "Linear": {
      "r2": 0.03373471072571865,
      "aic": -763.0881497548506,
      "bic": -758.5072308725538,
      "params": [
        -8.431838978140149e-07,
        0.060798934508335845
      ],
      "confidence_score": 0.013734710725718653
    },
    "Quadratic": {
      "r2": 0.022766979341202753,
      "aic": -760.2642201569186,
      "bic": -753.3928418334734,
      "params": [
        -1.1407567223191318e-10,
        1.0,
        0.05945238998707989
      ],
      "confidence_score": -0.017233020658797248
    },
    "Cubic": {
      "r2": 0.01641586207774548,
      "aic": -757.7913222331448,
      "bic": -748.6294844685513,
      "params": [
        -1.917480725964147e-14,
        1.0,
        1.0,
        0.059024459221033145
      ],
      "confidence_score": -0.03358413792225452
    },
    "Logarithmic": {
      "r2": 0.05054067789276462,
      "aic": -764.3689884197374,
      "bic": -759.7880695374406,
      "params": [
        -0.0027296091297650807,
        0.0798824295474207
      ],
      "confidence_score": 0.040540677892764616
    },
    "N Log N": {
      "r2": 0.0321922304322777,
      "aic": -762.9717104251367,
      "bic": -758.3907915428399,
      "params": [
        -9.196169284040961e-08,
        0.06050022432799999
      ],
      "confidence_score": 0.002192230432277703
    }
  }
}