{
  "Constant": {
    "name": "Constant",
    "r2": 0.0,
    "bic": 97.40654362212982,
    "confidence_score": -0.15497047258770738,
    "params": [
      12.337483785129203,
      0.8984759664934748
    ],
    "order": 0
  },
  "Linear": {
    "name": "Linear",
    "r2": 0.7947775380901703,
    "bic": 67.31699016674746,
    "confidence_score": 0.5998070655024629,
    "params": [
      0.12911737574818585,
      3.739545527620472e-11
    ],
    "order": 2
  },
  "Quadratic": {
    "name": "Quadratic",
    "r2": 0.9761151227768872,
    "bic": 29.395296924027626,
    "confidence_score": 0.6636594138953261,
    "params": [
      0.0007847212884727042,
      8.226029433443709e-20,
      0.3673153539257821
    ],
    "order": 4
  },
  "Cubic": {
    "name": "Cubic",
    "r2": 0.999738706358852,
    "bic": -53.452027121949165,
    "confidence_score": 0.5897977611834372,
    "params": [
      3.721970783046022e-06,
      7.884424810906525e-21,
      0.004469320675074811,
      2.7803604662956145
    ],
    "order": 5
  },
  "Logarithmic": {
    "name": "Logarithmic",
    "r2": 0.26999297908591224,
    "bic": 91.42722220541687,
    "confidence_score": 0.09502250649820486,
    "params": [
      3.155673687271272,
      5.70366364761572e-19
    ],
    "order": 1
  },
  "N Log N": {
    "name": "N Log N",
    "r2": 0.8595248879238326,
    "bic": 60.114769683335155,
    "confidence_score": 0.6445544153361253,
    "params": [
      0.02589105712524264,
      2.6175088236668744e-18
    ],
    "order": 3
  },
  "confidence_analysis": {
    "best_model": "Quadratic",
    "best_score": 0.6636594138953261,
    "second_best_model": "N Log N",
    "second_best_score": 0.6445544153361253,
    "confidence_gap": 0.01910499855920078,
    "is_confident": false,
    "threshold": 0.03
  }
}