{
  "valid_points": 40,
  "models": {
    "Constant": {
      "r2": 0.7,
      "aic": 725.1123817555189,
      "bic": 728.4901406637467,
      "params": [
        503.8525797876259,
        6568.086723358054
      ],
      "confidence_score": 0.09999999999999998
    },
    "Linear": {
      "r2": 0.8263481079670449,
      "aic": 655.0842775882302,
      "bic": 658.462036496458,
      "params": [
        58.822614988545624,
        -5721.979566458179
      ],
      "confidence_score": 0.3958088647802269
    },
    "Quadratic": {
      "r2": 0.965985207849652,
      "aic": 591.8739903261982,
      "bic": 596.94062868854,
      "params": [
        0.1414703848014679,
        1.0,
        -1901.4565792142164
      ],
      "confidence_score": 0.5595911247097912
    },
    "Cubic": {
      "r2": 0.9996274046689481,
      "aic": 413.31167653151414,
      "bic": 420.06719434796986,
      "params": [
        0.0003465462215032078,
        1.0,
        1.0,
        -139.52479921130873
      ],
      "confidence_score": 0.9797764428013688
    },
    "Logarithmic": {
      "r2": 0.42108619736170894,
      "aic": 703.2483143431209,
      "bic": 706.6260732513488,
      "params": [
        5169.4530988508905,
        -19079.677480314043
      ],
      "confidence_score": 0.35854309868085443
    },
    "N Log N": {
      "r2": 0.8616096517711676,
      "aic": 646.005302697064,
      "bic": 649.3830616052919,
      "params": [
        9.61603875438396,
        -4600.267073468752
      ],
      "confidence_score": 0.698
    }
  }
}