{
  "Constant": {
    "name": "Constant",
    "r2": 0.0,
    "bic": 739.1944471965821,
    "confidence_score": -0.09222198635284841,
    "params": [
      7557.159145986281,
      519.7390213663389
    ],
    "order": 0
  },
  "Linear": {
    "name": "Linear",
    "r2": 0.7022546405058505,
    "bic": 690.7337809521689,
    "confidence_score": 0.5700326541530021,
    "params": [
      44.780317557744354,
      5.288983950934823e-22
    ],
    "order": 2
  },
  "Quadratic": {
    "name": "Quadratic",
    "r2": 0.9414755783437775,
    "bic": 629.3508807447226,
    "confidence_score": 0.7231425988145049,
    "params": [
      0.14270861305802476,
      1.2949944282401824e-16,
      3.4989168135925186e-17
    ],
    "order": 4
  },
  "Cubic": {
    "name": "Cubic",
    "r2": 0.9994109599579558,
    "bic": 449.09155036375796,
    "confidence_score": 0.714966987252259,
    "params": [
      0.0003926633124347322,
      5.433337921506094e-19,
      3.573484611220494e-19,
      3.136572593807901e-19
    ],
    "order": 5
  },
  "Logarithmic": {
    "name": "Logarithmic",
    "r2": 0.20555141433909996,
    "bic": 729.990166879627,
    "confidence_score": 0.09332942798625155,
    "params": [
      1768.5233812512552,
      8.351063263102658e-18
    ],
    "order": 1
  },
  "N Log N": {
    "name": "N Log N",
    "r2": 0.7670006481317722,
    "bic": 680.9256629125128,
    "confidence_score": 0.6147786617789237,
    "params": [
      7.95079070218274,
      1.8569965644919655e-20
    ],
    "order": 3
  },
  "confidence_analysis": {
    "best_model": "Quadratic",
    "best_score": 0.7231425988145049,
    "second_best_model": "Cubic",
    "second_best_score": 0.714966987252259,
    "confidence_gap": 0.008175611562245888,
    "is_confident": false,
    "threshold": 0.03
  }
}