{
  "Constant": {
    "r2": 0.0,
    "aic": 659.2500839623056,
    "bic": 663.405158850117,
    "params": [
      22.27846585608978,
      373.83521112581747
    ]
  },
  "Linear": {
    "r2": 0.9746666562564429,
    "aic": 442.3876887926929,
    "bic": 446.5427636805044,
    "params": [
      0.28963353709773887,
      -319.37934050954277
    ]
  },
  "Quadratic": {
    "r2": 0.9999826377679492,
    "aic": 14.538500286647741,
    "bic": 20.771112618364903,
    "params": [
      5.79759719574281e-05,
      1.0,
      -2.527632250699826
    ]
  },
  "Cubic": {
    "r2": 0.9826009415314395,
    "aic": 424.2210720338549,
    "bic": 432.5312218094778,
    "params": [
      1.3836295850283394e-08,
      1.0,
      1.0,
      107.61972647831274
    ]
  },
  "Logarithmic": {
    "r2": 0.8909411849915934,
    "aic": 528.5138746146653,
    "bic": 532.6689495024767,
    "params": [
      624.3317138517584,
      -4436.859648366096
    ]
  },
  "N Log N": {
    "r2": 0.9803689006186481,
    "aic": 427.3423082034713,
    "bic": 431.49738309128276,
    "params": [
      0.033069371614691825,
      -247.4336968700217
    ]
  }
}