{
  "valid_points": 55,
  "models": {
    "Constant": {
      "r2": 0.7,
      "aic": -164.79588905836687,
      "bic": -160.78122268790193,
      "params": [
        100.41746056892664,
        -99.58253943107349
      ],
      "confidence_score": 0.11999999999999998
    },
    "Linear": {
      "r2": 0.978713497110938,
      "aic": -376.52840314480363,
      "bic": -372.51373677433867,
      "params": [
        0.00024622541343943816,
        0.22383442995403646
      ],
      "confidence_score": 0.7575629748718545
    },
    "Quadratic": {
      "r2": 0.9618414325701892,
      "aic": -342.42616264235085,
      "bic": -336.40416308665345,
      "params": [
        4.832455438644057e-08,
        1.0,
        0.5010204327493372
      ],
      "confidence_score": 0.5571048634398078
    },
    "Cubic": {
      "r2": 0.9142171370852298,
      "aic": -295.87237045347405,
      "bic": -287.8430377125442,
      "params": [
        1.1425265068173865e-11,
        1.0,
        1.0,
        0.5961980142402202
      ],
      "confidence_score": 0.5285302822511379
    },
    "Logarithmic": {
      "r2": 0.9457149881927354,
      "aic": -325.03878042699506,
      "bic": -321.0241140565301,
      "params": [
        0.5497436409267454,
        -3.4248224804621934
      ],
      "confidence_score": 0.548000000001337
    },
    "N Log N": {
      "r2": 0.9790146238734814,
      "aic": -377.3120092906092,
      "bic": -373.2973429201442,
      "params": [
        2.802930758500483e-05,
        0.2867742133830508
      ],
      "confidence_score": 0.9480000000000001
    }
  }
}