{
  "valid_points": 29,
  "models": {
    "Constant": {
      "r2": 0.7,
      "aic": -293.81413848809296,
      "bic": -291.07954682812004,
      "params": [
        -99.99570981438816,
        100.00429018561191
      ],
      "confidence_score": 0.37
    },
    "Linear": {
      "r2": 0.3646854418348676,
      "aic": -306.96955451916136,
      "bic": -304.23496285918844,
      "params": [
        3.262480287777143e-11,
        0.00737241900541811
      ],
      "confidence_score": 0.20881126510092055
    },
    "Quadratic": {
      "r2": 0.22105838836285652,
      "aic": -299.0588949658888,
      "bic": -294.95700747592934,
      "params": [
        5.159025735092971e-20,
        1.0,
        0.00789669861546389
      ],
      "confidence_score": 0.1126350330177139
    },
    "Cubic": {
      "r2": 0.17443586915692055,
      "aic": -295.3731000977476,
      "bic": -289.9039167778017,
      "params": [
        8.686629926353167e-29,
        1.0,
        1.0,
        0.008050640833391742
      ],
      "confidence_score": 0.08466152149415232
    },
    "Logarithmic": {
      "r2": 0.9763347104659567,
      "aic": -402.3827690372193,
      "bic": -399.6481773772464,
      "params": [
        0.0009916178178163244,
        -0.0016872144719713483
      ],
      "confidence_score": 0.898
    },
    "N Log N": {
      "r2": 0.35105364983917764,
      "aic": -306.35389018960626,
      "bic": -303.61929852963334,
      "params": [
        1.6061782479607493e-12,
        0.007426176464766045
      ],
      "confidence_score": 0.47352682491958886
    }
  }
}