{
  "valid_points": 57,
  "models": {
    "Constant": {
      "r2": 0.0,
      "aic": 921.8974111130775,
      "bic": 925.9835136487466,
      "params": [
        3525.872070847656,
        1299.1302480611753
      ],
      "confidence_score": 0.0
    },
    "Linear": {
      "r2": 0.975584364967361,
      "aic": 710.2831115165643,
      "bic": 714.3692140522334,
      "params": [
        3.554495808020022,
        -3855.450610853815
      ],
      "confidence_score": 0.955584364967361
    },
    "Quadratic": {
      "r2": 0.9999476789210826,
      "aic": 361.9850710305999,
      "bic": 368.11422483410354,
      "params": [
        0.0007186218456104454,
        1.0,
        -7.603527938615592
      ],
      "confidence_score": 0.9599476789210826
    },
    "Cubic": {
      "r2": 0.9833409856469273,
      "aic": 692.4935941440458,
      "bic": 700.665799215384,
      "params": [
        1.7371798264040229e-07,
        1.0,
        1.0,
        1318.0613933659079
      ],
      "confidence_score": 0.9333409856469272
    },
    "Logarithmic": {
      "r2": 0.8946080220722233,
      "aic": 793.6434919918023,
      "bic": 797.7295945274714,
      "params": [
        7614.300384443226,
        -54028.73917324153
      ],
      "confidence_score": 0.8846080220722233
    },
    "N Log N": {
      "r2": 0.9810779492198617,
      "aic": 695.7540533573692,
      "bic": 699.8401558930383,
      "params": [
        0.4062238523259516,
        -2978.8989974706087
      ],
      "confidence_score": 0.9510779492198617
    }
  }
}