{
  "valid_points": 8,
  "models": {
    "Constant": {
      "r2": 0.7,
      "aic": 47.4879060704519,
      "bic": 47.64678915381157,
      "params": [
        103.82281909696756,
        -96.1771809030324
      ],
      "confidence_score": 0.10000000000000005
    },
    "Linear": {
      "r2": 0.923932138173633,
      "aic": 26.87887072371085,
      "bic": 27.037753807070523,
      "params": [
        0.17583984673707598,
        -3.388312188816381
      ],
      "confidence_score": 0.45435928290674954
    },
    "Quadratic": {
      "r2": 0.9999066151482082,
      "aic": -24.74234522768305,
      "bic": -24.504020602643543,
      "params": [
        0.0007168636167666101,
        1.0,
        -0.09362141272924891
      ],
      "confidence_score": 0.9799439690889249
    },
    "Cubic": {
      "r2": 0.9865708095343263,
      "aic": 17.005309683873193,
      "bic": 17.323075850592538,
      "params": [
        2.779454766455025e-06,
        1.0,
        1.0,
        1.0745408714413422
      ],
      "confidence_score": 0.571942486051286
    },
    "Logarithmic": {
      "r2": 0.45080428842590203,
      "aic": 42.693502761534916,
      "bic": 42.852385844894584,
      "params": [
        5.736293217464406,
        -9.358990077146098
      ],
      "confidence_score": 0.4734021442129518
    },
    "N Log N": {
      "r2": 0.9565798010415282,
      "aic": 22.393261811591817,
      "bic": 22.55214489495149,
      "params": [
        0.03210440269396482,
        -2.199349631102018
      ],
      "confidence_score": 0.6980000000181554
    }
  }
}