{
  "Constant": {
    "r2": 2.220446049250313e-16,
    "aic": 584.7818252190749,
    "bic": 588.9705143435191,
    "params": [
      344.9771788645062,
      -147.67760703265935
    ]
  },
  "Linear": {
    "r2": 0.976280561436662,
    "aic": 360.2942027509204,
    "bic": 364.4828918753646,
    "params": [
      0.14077106510389603,
      -154.39347155455633
    ]
  },
  "Quadratic": {
    "r2": 0.9999300445339395,
    "aic": 12.722722168365463,
    "bic": 19.005755855031765,
    "params": [
      2.814437811848869e-05,
      1.0,
      -0.5389878558783281
    ]
  },
  "Cubic": {
    "r2": 0.9828753918885544,
    "aic": 344.7474984731426,
    "bic": 353.12487672203105,
    "params": [
      6.7275777122732875e-09,
      1.0,
      1.0,
      52.64414987180071
    ]
  },
  "Logarithmic": {
    "r2": 0.8963625159600447,
    "aic": 448.77045324676175,
    "bic": 452.9591423712059,
    "params": [
      304.8768974103781,
      -2166.021668321558
    ]
  },
  "N Log N": {
    "r2": 0.9816643451485468,
    "aic": 344.84735948867257,
    "bic": 349.03604861311675,
    "params": [
      0.016067578423189812,
      -119.38534135734635
    ]
  }
}