{
  "valid_points": 20,
  "models": {
    "Constant": {
      "r2": 0.7,
      "aic": 127.9586500551967,
      "bic": 129.9501146023047,
      "params": [
        104.13222433999182,
        -95.86777566000812
      ],
      "confidence_score": 0.11999999999999998
    },
    "Linear": {
      "r2": 0.999997051625157,
      "aic": -126.72647874637212,
      "bic": -124.73501419926414,
      "params": [
        4.472847737233352e-05,
        0.05678649938432605
      ],
      "confidence_score": 0.8999982309750941
    },
    "Quadratic": {
      "r2": 0.9412509252852163,
      "aic": 73.26905254284691,
      "bic": 76.25624936350889,
      "params": [
        2.20756959343677e-11,
        1.0,
        2.095200334091147
      ],
      "confidence_score": 0.5447505551711297
    },
    "Cubic": {
      "r2": 0.8745451922207289,
      "aic": 90.44245640245165,
      "bic": 94.42538549666762,
      "params": [
        1.0304823043181414e-17,
        1.0,
        1.0,
        2.907556150132711
      ],
      "confidence_score": 0.5047271153324373
    },
    "Logarithmic": {
      "r2": 0.34524188470555917,
      "aic": 119.48886203163873,
      "bic": 121.48032657874671,
      "params": [
        3.100371172222988,
        -14.322552458479699
      ],
      "confidence_score": 0.4206209423527796
    },
    "N Log N": {
      "r2": 0.9993536271290753,
      "aic": -18.924030367271403,
      "bic": -16.932565820163422,
      "params": [
        3.095571442722117e-06,
        0.33352224220329146
      ],
      "confidence_score": 0.698
    }
  }
}