{
  "Constant": {
    "r2": 0.0,
    "aic": -370.0247396067618,
    "bic": -364.9169858235607,
    "params": [
      -99.85419237299959,
      100.14580762700041
    ]
  },
  "Linear": {
    "r2": 0.9775735341505534,
    "aic": -730.7885227166728,
    "bic": -725.6807689334717,
    "params": [
      9.946870944954611e-05,
      0.08414027871334595
    ]
  },
  "Quadratic": {
    "r2": 0.9031376434348339,
    "aic": -589.7988493134402,
    "bic": -582.1372186386386,
    "params": [
      2.1606944186551573e-08,
      1.0,
      0.15597033376527764
    ]
  },
  "Cubic": {
    "r2": 0.7963885646647846,
    "aic": -517.2212134747558,
    "bic": -507.00570590835366,
    "params": [
      4.777183076830708e-12,
      1.0,
      1.0,
      0.18990934580894123
    ]
  },
  "Logarithmic": {
    "r2": 0.6023330635036186,
    "aic": -457.6280839736778,
    "bic": -452.5203301904767,
    "params": [
      0.06058746358436486,
      -0.13110208606921814
    ]
  },
  "N Log N": {
    "r2": 0.975738892231206,
    "aic": -723.3184074511244,
    "bic": -718.2106536679232,
    "params": [
      1.1730700844335741e-05,
      0.09796703528942478
    ]
  }
}