{
  "valid_points": 205,
  "models": {
    "Constant": {
      "r2": 0.7,
      "aic": -2917.8328343344688,
      "bic": -2911.186814376192,
      "params": [
        100.00490157342553,
        -99.99509842657456
      ],
      "confidence_score": 0.37
    },
    "Linear": {
      "r2": 0.5865046532994407,
      "aic": -3098.870183029911,
      "bic": -3092.2241630716344,
      "params": [
        2.164314534336595e-10,
        0.00869812765890215
      ],
      "confidence_score": 0.3419027919796644
    },
    "Quadratic": {
      "r2": 0.41736879395467097,
      "aic": -3026.574013192192,
      "bic": -3016.604983254777,
      "params": [
        1.740657651946033e-17,
        1.0,
        0.009208662916416994
      ],
      "confidence_score": 0.2304212763728026
    },
    "Cubic": {
      "r2": 0.31381099928433376,
      "aic": -2991.0362808152804,
      "bic": -2977.7442408987267,
      "params": [
        1.5777387520452531e-24,
        1.0,
        1.0,
        0.009398276479914765
      ],
      "confidence_score": 0.16828659957060027
    },
    "Logarithmic": {
      "r2": 0.7506934896675937,
      "aic": -3202.5926300748893,
      "bic": -3195.9466101166126,
      "params": [
        0.0008075268686250258,
        -0.0024606200968009745
      ],
      "confidence_score": 0.898
    },
    "N Log N": {
      "r2": 0.5738454484625861,
      "aic": -3092.688240636129,
      "bic": -3086.0422206778526,
      "params": [
        1.312039745157812e-11,
        0.008756553843949612
      ],
      "confidence_score": 0.5849227242312931
    }
  }
}