{
  "valid_points": 29,
  "models": {
    "Constant": {
      "r2": 0.85,
      "aic": -648.8499318675637,
      "bic": -646.1153402075907,
      "params": [
        -99.99991759400942,
        100.00008240599063
      ],
      "confidence_score": 0.3129754050077431
    },
    "Linear": {
      "r2": 0.057518023559434805,
      "aic": -650.5678478740649,
      "bic": -647.833256214092,
      "params": [
        -2.8447286140108655e-14,
        0.0001658652583775765
      ],
      "confidence_score": 0.36133931722741486
    },
    "Quadratic": {
      "r2": 0.12737032773095658,
      "aic": -650.801008286232,
      "bic": -646.6991207962726,
      "params": [
        -8.598021869079296e-23,
        1.0,
        0.0001659513885184189
      ],
      "confidence_score": 0.2670407171316084
    },
    "Cubic": {
      "r2": 0.16324812656242138,
      "aic": -650.0185351660496,
      "bic": -644.5493518461037,
      "params": [
        -1.8450483575890844e-31,
        1.0,
        1.0,
        0.00016593713346129253
      ],
      "confidence_score": 0.1498408090363255
    },
    "Logarithmic": {
      "r2": 0.009140829754367696,
      "aic": -649.1162349085856,
      "bic": -646.3816432486127,
      "params": [
        -2.1066299622578277e-07,
        0.00016699326542704527
      ],
      "confidence_score": 0.5373482411083962
    },
    "N Log N": {
      "r2": 0.06233820247674693,
      "aic": -650.7165444756703,
      "bic": -647.9819528156974,
      "params": [
        -1.4860530459827456e-15,
        0.0001658798542922756
      ],
      "confidence_score": 0.5291691012383735
    }
  }
}