{
  "valid_points": 77,
  "models": {
    "Constant": {
      "r2": 0.7,
      "aic": -61.02913759990638,
      "bic": -56.34152675619901,
      "params": [
        -99.2806132786073,
        100.71938672139285
      ],
      "confidence_score": 0.35
    },
    "Linear": {
      "r2": 0.9943241595687775,
      "aic": -459.2374583387466,
      "bic": -454.5498474950392,
      "params": [
        0.0005754346168338476,
        -0.30621334981995973
      ],
      "confidence_score": 0.9865944957412665
    },
    "Quadratic": {
      "r2": 0.9652831912679894,
      "aic": -317.7900483016608,
      "bic": -310.75863203609975,
      "params": [
        9.29548533730296e-08,
        1.0,
        0.46401504915238867
      ],
      "confidence_score": 0.5591699147607936
    },
    "Cubic": {
      "r2": 0.8999642369610668,
      "aic": -234.30065714342618,
      "bic": -224.92543545601143,
      "params": [
        1.7713688955584785e-11,
        1.0,
        1.0,
        0.7380647670446874
      ],
      "confidence_score": 0.51997854217664
    },
    "Logarithmic": {
      "r2": 0.9522067381232637,
      "aic": -295.1761749043212,
      "bic": -290.48856406061384,
      "params": [
        1.4961779063067435,
        -10.432218468443036
      ],
      "confidence_score": 0.598
    },
    "N Log N": {
      "r2": 0.9940439478780039,
      "aic": -455.52688840275744,
      "bic": -450.83927755905006,
      "params": [
        6.420134700019096e-05,
        -0.13650161949801903
      ],
      "confidence_score": 0.6449225094836648
    }
  }
}