{
  "valid_points": 201,
  "models": {
    "Constant": {
      "r2": 0.85,
      "aic": -2911.3401637746397,
      "bic": -2904.7335539585215,
      "params": [
        -99.99310839828546,
        100.00689160171461
      ],
      "confidence_score": 0.445
    },
    "Linear": {
      "r2": 0.37946579453631446,
      "aic": -3007.252248366907,
      "bic": -3000.645638550789,
      "params": [
        -1.1316429540912214e-11,
        0.013875150886898502
      ],
      "confidence_score": 0.6176794767217887
    },
    "Quadratic": {
      "r2": 0.28871408158538636,
      "aic": -2977.8170034509512,
      "bic": -2967.907088726774,
      "params": [
        -1.874865154632545e-20,
        1.0,
        0.013812343376311244
      ],
      "confidence_score": 0.15322848006654843
    },
    "Cubic": {
      "r2": 0.2641016247540726,
      "aic": -2968.979476401197,
      "bic": -2955.766256768961,
      "params": [
        -3.3449980679907e-29,
        1.0,
        1.0,
        0.013809365095605675
      ],
      "confidence_score": 0.13846097492432655
    },
    "Logarithmic": {
      "r2": 0.10946179917187904,
      "aic": -2934.6419488524007,
      "bic": -2928.0353390362825,
      "params": [
        -0.00023570977759764748,
        0.017356005839000203
      ],
      "confidence_score": 0.3527308995859396
    },
    "N Log N": {
      "r2": 0.3722477919687951,
      "aic": -3004.927726253646,
      "bic": -2998.321116437528,
      "params": [
        -5.588648341381121e-13,
        0.013861861427006732
      ],
      "confidence_score": 0.5779573474646712
    }
  }
}