{
  "valid_points": 39,
  "models": {
    "Constant": {
      "r2": 0.7,
      "aic": 711.0915293916692,
      "bic": 714.4186526839285,
      "params": [
        183.40185101315137,
        6410.719524979526
      ],
      "confidence_score": 0.09999999999999998
    },
    "Linear": {
      "r2": 0.7589331188068602,
      "aic": 655.6069755136364,
      "bic": 658.9340988058957,
      "params": [
        60.86634844970208,
        -6309.544490803847
      ],
      "confidence_score": 0.3553598712841161
    },
    "Quadratic": {
      "r2": 0.9255396930348581,
      "aic": 611.7894549598587,
      "bic": 616.7801398982476,
      "params": [
        0.15339371034562732,
        1.0,
        -2651.019803459603
      ],
      "confidence_score": 0.5353238158209165
    },
    "Cubic": {
      "r2": 0.9875982640567104,
      "aic": 543.8846953826919,
      "bic": 550.5389419672105,
      "params": [
        0.00039142050149243435,
        1.0,
        1.0,
        -950.8563661306953
      ],
      "confidence_score": 0.9725589584340262
    },
    "Logarithmic": {
      "r2": 0.363467275785186,
      "aic": 693.4744708589404,
      "bic": 696.8015941511998,
      "params": [
        5054.815706336078,
        -18846.710494618932
      ],
      "confidence_score": 0.329733637892593
    },
    "N Log N": {
      "r2": 0.7977537515179629,
      "aic": 648.7590277785955,
      "bic": 652.0861510708548,
      "params": [
        10.031759501679014,
        -5220.59433427375
      ],
      "confidence_score": 0.698
    }
  }
}