{
  "valid_points": 29,
  "models": {
    "Constant": {
      "r2": 0.7,
      "aic": -583.9651380586876,
      "bic": -581.2305463987146,
      "params": [
        -99.99987353281729,
        100.00012646718282
      ],
      "confidence_score": 0.12000010135914901
    },
    "Linear": {
      "r2": 0.02978995506833282,
      "aic": -584.8421760617188,
      "bic": -582.1075844017458,
      "params": [
        6.266433254538364e-14,
        0.0002506141822373526
      ],
      "confidence_score": 0.0
    },
    "Quadratic": {
      "r2": 0.002087674497530778,
      "aic": -582.0257439037896,
      "bic": -577.9238564138302,
      "params": [
        3.3693207840879903e-23,
        1.0,
        0.000252487864015786
      ],
      "confidence_score": 0.0
    },
    "Cubic": {
      "r2": 2.4550073225437785e-06,
      "aic": -579.9652092539874,
      "bic": -574.4960259340415,
      "params": [
        2.1912357179051618e-33,
        1.0,
        1.0,
        0.0002529210027994819
      ],
      "confidence_score": 0.0
    },
    "Logarithmic": {
      "r2": 0.6421456306900795,
      "aic": -613.7663838431041,
      "bic": -611.0317921831312,
      "params": [
        5.4045389728624625e-06,
        0.00019697372609809972
      ],
      "confidence_score": 0.9480000000000001
    },
    "N Log N": {
      "r2": 0.025906069098181606,
      "aic": -584.7263167677534,
      "bic": -581.9917251077804,
      "params": [
        2.932275098264448e-15,
        0.00025082724155093053
      ],
      "confidence_score": 0.31095318285238993
    }
  }
}