{
  "valid_points": 111,
  "models": {
    "Constant": {
      "r2": 2.220446049250313e-16,
      "aic": -436.0955441176954,
      "bic": -430.67648371507073,
      "params": [
        100.21498873494241,
        -99.78501126505753
      ],
      "confidence_score": 2.220446049250313e-16
    },
    "Linear": {
      "r2": 0.979608582936551,
      "aic": -868.1787171898736,
      "bic": -862.7596567872489,
      "params": [
        0.00010484852970815695,
        0.18005541373278378
      ],
      "confidence_score": 0.9596085829365509
    },
    "Quadratic": {
      "r2": 0.9265130513546079,
      "aic": -723.8774119535992,
      "bic": -715.7488213496622,
      "params": [
        1.8976393843577195e-08,
        1.0,
        0.2900773356896724
      ],
      "confidence_score": 0.8865130513546079
    },
    "Cubic": {
      "r2": 0.8429900935253027,
      "aic": -637.6060919713009,
      "bic": -626.7679711660516,
      "params": [
        3.790010764872079e-12,
        1.0,
        1.0,
        0.3299044895581262
      ],
      "confidence_score": 0.7929900935253027
    },
    "Logarithmic": {
      "r2": 0.7999873555496353,
      "aic": -614.7361349497552,
      "bic": -609.3170745471305,
      "params": [
        0.1675298482612511,
        -0.8385230598910882
      ],
      "confidence_score": 0.7899873555496353
    },
    "N Log N": {
      "r2": 0.9783222087275605,
      "aic": -861.3883795834732,
      "bic": -855.9693191808485,
      "params": [
        1.1954639140589032e-05,
        0.2039011043647598
      ],
      "confidence_score": 0.9483222087275605
    }
  }
}