{
  "valid_points": 18,
  "models": {
    "Constant": {
      "r2": 0.7,
      "aic": 130.1031083811915,
      "bic": 131.88385189698383,
      "params": [
        -93.29639484898908,
        106.70360515101089
      ],
      "confidence_score": 0.11999999999999998
    },
    "Linear": {
      "r2": 0.9978959693544729,
      "aic": 19.15290084192464,
      "bic": 20.93364435771697,
      "params": [
        0.0002534021826724284,
        -0.43164600705358824
      ],
      "confidence_score": 0.4987376198475578
    },
    "Quadratic": {
      "r2": 0.9475036605117365,
      "aic": 79.05689533591905,
      "bic": 81.72801060960754,
      "params": [
        5.066249763308842e-10,
        1.0,
        3.2125945738821438
      ],
      "confidence_score": 0.5485021963070419
    },
    "Cubic": {
      "r2": 0.8791704488455501,
      "aic": 96.06236927774069,
      "bic": 99.62385630932535,
      "params": [
        9.437491407965947e-16,
        1.0,
        1.0,
        4.786559480328145
      ],
      "confidence_score": 0.50750226930733
    },
    "Logarithmic": {
      "r2": 0.38927336143967894,
      "aic": 121.22720362139393,
      "bic": 123.00794713718625,
      "params": [
        5.354492806953303,
        -22.100681766190945
      ],
      "confidence_score": 0.4426366807198395
    },
    "N Log N": {
      "r2": 0.999650782121821,
      "aic": -13.173553298760893,
      "bic": -11.392809782968564,
      "params": [
        1.9456521786951155e-05,
        0.05164868065408227
      ],
      "confidence_score": 0.998
    }
  }
}