{
  "Constant": {
    "r2": -2.220446049250313e-16,
    "aic": -252.38536748594532,
    "bic": -247.2987779214053,
    "params": [
      100.23702157542425,
      -99.76297842457565
    ]
  },
  "Linear": {
    "r2": 0.9826752103830614,
    "aic": -633.6133539523659,
    "bic": -628.5267643878259,
    "params": [
      0.00018172440099595288,
      0.09978368023618756
    ]
  },
  "Quadratic": {
    "r2": 0.913980598794778,
    "aic": -480.9845142855629,
    "bic": -473.3546299387529,
    "params": [
      3.970331896585577e-08,
      1.0,
      0.2283966572341296
    ]
  },
  "Cubic": {
    "r2": 0.8137900904923335,
    "aic": -406.3881528965815,
    "bic": -396.2149737675015,
    "params": [
      8.824880890014203e-12,
      1.0,
      1.0,
      0.2887473132172303
    ]
  },
  "Logarithmic": {
    "r2": 0.6159882095356373,
    "aic": -342.3510776039064,
    "bic": -337.26448803936637,
    "params": [
      0.11181168532982544,
      -0.3034197988701164
    ]
  },
  "N Log N": {
    "r2": 0.9809004203655587,
    "aic": -624.445729052881,
    "bic": -619.359139488341,
    "params": [
      2.143807508444947e-05,
      0.12483430086727043
    ]
  }
}