{
  "Constant": {
    "r2": 0.0,
    "aic": 492.72784494788505,
    "bic": 495.3922539682355,
    "params": [
      1728.8819857839649,
      3633.511957613842
    ]
  },
  "Linear": {
    "r2": 0.8331763754172241,
    "aic": 442.5849363307589,
    "bic": 445.24934535110935,
    "params": [
      63.37184556605332,
      -4238.440640771627
    ]
  },
  "Quadratic": {
    "r2": 0.9699086705811297,
    "aic": 396.62933512673914,
    "bic": 400.62594865726476,
    "params": [
      0.21830143258861168,
      1.0,
      -1371.659479291751
    ]
  },
  "Cubic": {
    "r2": 0.9999191247695863,
    "aic": 232.8949621760396,
    "bic": 238.2237802167404,
    "params": [
      0.0007650776326725284,
      1.0,
      1.0,
      -43.38216834952819
    ]
  },
  "Logarithmic": {
    "r2": 0.4310362994682363,
    "aic": 476.9375629693702,
    "bic": 479.60197198972065,
    "params": [
      3916.720392762568,
      -13019.290991602365
    ]
  },
  "N Log N": {
    "r2": 0.8702531082361811,
    "aic": 435.54709298946875,
    "bic": 438.2115020098192,
    "params": [
      11.00798725162107,
      -3345.427625231499
    ]
  }
}