{
  "Constant": {
    "r2": 1.1102230246251565e-16,
    "aic": 163.66030709503647,
    "bic": 165.65177164214447,
    "params": [
      124.25827318802482,
      -75.74172681197523
    ]
  },
  "Linear": {
    "r2": 0.8451007063271155,
    "aic": 126.36070526582232,
    "bic": 128.3521698129303,
    "params": [
      0.7846129667306713,
      -35.82934754749763
    ]
  },
  "Quadratic": {
    "r2": 0.9758295326034218,
    "aic": 91.20783216357749,
    "bic": 94.19502898423947,
    "params": [
      0.0037926214185646234,
      1.0,
      -10.570599014482879
    ]
  },
  "Cubic": {
    "r2": 0.9998539891566619,
    "aic": -8.976286296465297,
    "bic": -4.993357202249333,
    "params": [
      1.8639318181468134e-05,
      1.0,
      1.0,
      1.1764992558433185
    ]
  },
  "Logarithmic": {
    "r2": 0.4497427399738191,
    "aic": 151.71291980279048,
    "bic": 153.70438434989848,
    "params": [
      35.086248884777994,
      -103.9572076464335
    ]
  },
  "N Log N": {
    "r2": 0.883491602857266,
    "aic": 120.66446849312634,
    "bic": 122.65593304023432,
    "params": [
      0.14482887645612383,
      -27.47919809113759
    ]
  }
}