{
  "valid_points": 14,
  "models": {
    "Constant": {
      "r2": 0.7,
      "aic": 114.57212150376668,
      "bic": 115.85023616299719,
      "params": [
        105.80100225976537,
        1.0
      ],
      "confidence_score": 0.11999999999999998
    },
    "Linear": {
      "r2": 0.9973042554517391,
      "aic": 31.746989708065612,
      "bic": 33.02510436729613,
      "params": [
        0.00026902898361003125,
        -3.648981475791615
      ],
      "confidence_score": 0.5028678210606553
    },
    "Quadratic": {
      "r2": 0.974741851682207,
      "aic": 65.07163092847256,
      "bic": 66.98880291731832,
      "params": [
        3.171182565194834e-10,
        1.0,
        41.58733219681245
      ],
      "confidence_score": 0.5648451111984125
    },
    "Cubic": {
      "r2": 0.9070162845605898,
      "aic": 85.31748884828178,
      "bic": 87.87371816674282,
      "params": [
        4.204983155640504e-16,
        1.0,
        1.0,
        58.492242197733134
      ],
      "confidence_score": 0.5242097707363594
    },
    "Logarithmic": {
      "r2": 0.9087729255382412,
      "aic": 81.05047170771925,
      "bic": 82.32858636694976,
      "params": [
        85.49589890658334,
        -986.0364839287873
      ],
      "confidence_score": 0.5480000000000662
    },
    "N Log N": {
      "r2": 0.9985807186204426,
      "aic": 22.76565701696376,
      "bic": 24.04377167619428,
      "params": [
        1.9437894113614602e-05,
        2.703596021166593
      ],
      "confidence_score": 0.998
    }
  }
}