{
  "valid_points": 196,
  "models": {
    "Constant": {
      "r2": 0.7,
      "aic": -3248.7414141854283,
      "bic": -3242.185184866967,
      "params": [
        100.00105766313403,
        -99.99894233686597
      ],
      "confidence_score": 0.4300001227470742
    },
    "Linear": {
      "r2": 0.12515441117649595,
      "aic": -3274.948158295609,
      "bic": -3268.391928977148,
      "params": [
        -2.0276952162975583e-12,
        0.0021358716679960913
      ],
      "confidence_score": 0.14538460746116183
    },
    "Quadratic": {
      "r2": 0.07118192734830275,
      "aic": -3261.2145227668943,
      "bic": -3251.380178789203,
      "params": [
        -3.138897210312812e-21,
        1.0,
        0.002121575483355416
      ],
      "confidence_score": 0.022725397584005855
    },
    "Cubic": {
      "r2": 0.054958137922602956,
      "aic": -3255.8205207645174,
      "bic": -3242.7080621275954,
      "params": [
        -5.258375227282505e-30,
        1.0,
        1.0,
        0.0021200719891519507
      ],
      "confidence_score": 0.012975095318308833
    },
    "Logarithmic": {
      "r2": 0.13937253202660027,
      "aic": -3278.1597483881983,
      "bic": -3271.603519069737,
      "params": [
        -8.623198611911392e-05,
        0.0034279021170130165
      ],
      "confidence_score": 0.3676862660133001
    },
    "N Log N": {
      "r2": 0.12001252272299945,
      "aic": -3273.799544173152,
      "bic": -3267.2433148546907,
      "params": [
        -9.962659244421777e-14,
        0.0021331498470561483
      ],
      "confidence_score": 0.2919152580131988
    }
  }
}