{
  "Constant": {
    "r2": -2.220446049250313e-16,
    "aic": -243.51911806102095,
    "bic": -240.2972822357325,
    "params": [
      100.09967708909842,
      -99.90032291090161
    ]
  },
  "Linear": {
    "r2": 0.837914349645421,
    "aic": -310.8454420312222,
    "bic": -307.62360620593375,
    "params": [
      0.0002566583648130803,
      0.14135632445828117
    ]
  },
  "Quadratic": {
    "r2": 0.7625899439055008,
    "aic": -294.72387628247543,
    "bic": -289.8911225445428,
    "params": [
      5.338593255244106e-07,
      1.0,
      0.1636480360715934
    ]
  },
  "Cubic": {
    "r2": 0.6629064298573653,
    "aic": -279.75272310652355,
    "bic": -273.30905145594664,
    "params": [
      1.1909028881598705e-09,
      1.0,
      1.0,
      0.17296606480742532
    ]
  },
  "Logarithmic": {
    "r2": 0.7272488978739113,
    "aic": -291.5893557599609,
    "bic": -288.36751993467243,
    "params": [
      0.035727372942733156,
      0.014806050641939133
    ]
  },
  "N Log N": {
    "r2": 0.8318001387904757,
    "aic": -309.47540525503933,
    "bic": -306.2535694297509,
    "params": [
      4.067214272177988e-05,
      0.1478986577530146
    ]
  }
}