{
  "valid_points": 19,
  "models": {
    "Constant": {
      "r2": 0.9,
      "aic": -231.09601875000058,
      "bic": -229.2071407916677,
      "params": [
        100.02273181943515,
        -99.97726818056483
      ],
      "confidence_score": 0.623716643211529
    },
    "Linear": {
      "r2": 0.0952125172311562,
      "aic": -232.99706733202999,
      "bic": -231.10818937369712,
      "params": [
        -2.317130565643311e-06,
        0.048939334718804614
      ],
      "confidence_score": 0.4393840767320788
    },
    "Quadratic": {
      "r2": 0.09155187646592888,
      "aic": -230.9203511360874,
      "bic": -228.08703419858807,
      "params": [
        -7.548923708355915e-10,
        1.0,
        0.04721876353759269
      ],
      "confidence_score": 0.12153447984796863
    },
    "Cubic": {
      "r2": 0.08633172135475131,
      "aic": -228.81148518400508,
      "bic": -225.0337292673393,
      "params": [
        -3.1648282341389223e-13,
        1.0,
        1.0,
        0.04663858135056219
      ],
      "confidence_score": 0.050614628403125236
    },
    "Logarithmic": {
      "r2": 0.09707240947018947,
      "aic": -233.0361641626453,
      "bic": -231.14728620431242,
      "params": [
        -0.0034259032760362157,
        0.07045913391532985
      ],
      "confidence_score": 0.6465362047350948
    },
    "N Log N": {
      "r2": 0.09486778964966569,
      "aic": -232.98982963617811,
      "bic": -231.10095167784525,
      "params": [
        -2.785507695701744e-07,
        0.04852632882157857
      ],
      "confidence_score": 0.5385636060327864
    }
  }
}