{
  "valid_points": 20,
  "models": {
    "Constant": {
      "r2": 0.7,
      "aic": 153.95341198768872,
      "bic": 155.94487653479672,
      "params": [
        108.90606641769415,
        -91.09393358230588
      ],
      "confidence_score": 0.09999999999999998
    },
    "Linear": {
      "r2": 0.9999975343153845,
      "aic": -104.30740910305911,
      "bic": -102.31594455595113,
      "params": [
        0.0001361206864999298,
        -0.02932805276814987
      ],
      "confidence_score": 0.8999985205892307
    },
    "Quadratic": {
      "r2": 0.9763001839047823,
      "aic": 81.1076521763564,
      "bic": 84.09484899701837,
      "params": [
        1.2768071772331104e-10,
        1.0,
        3.188579502833818
      ],
      "confidence_score": 0.5657801103428693
    },
    "Cubic": {
      "r2": 0.9651295248106381,
      "aic": 90.83111616904358,
      "bic": 94.81404526325954,
      "params": [
        1.2074655652250327e-16,
        1.0,
        1.0,
        3.7667483118842604
      ],
      "confidence_score": 0.5590777148863828
    },
    "Logarithmic": {
      "r2": 0.39355880660121756,
      "aic": 143.95046166979688,
      "bic": 145.94192621690487,
      "params": [
        6.428197430337181,
        -28.79615390287746
      ],
      "confidence_score": 0.34477940330060874
    },
    "N Log N": {
      "r2": 0.999520148002746,
      "aic": 1.1127551744319337,
      "bic": 3.1042197215399154,
      "params": [
        9.815999018837834e-06,
        0.511196812053437
      ],
      "confidence_score": 0.648
    }
  }
}