{
  "valid_points": 18,
  "models": {
    "Constant": {
      "r2": 0.85,
      "aic": -160.73265732506016,
      "bic": -158.95191380926784,
      "params": [
        100.0796018996172,
        -99.92039810038276
      ],
      "confidence_score": 0.6559816141758292
    },
    "Linear": {
      "r2": 0.06819934104966585,
      "aic": -162.0041120286144,
      "bic": -160.22336851282208,
      "params": [
        -9.557134226456654e-06,
        0.17353950057407508
      ],
      "confidence_score": 0.4110702058492865
    },
    "Quadratic": {
      "r2": 0.06333520401087223,
      "aic": -159.91039376986362,
      "bic": -157.23927849617513,
      "params": [
        -3.060610038045596e-09,
        1.0,
        0.1663324701147774
      ],
      "confidence_score": 0.10350164472242578
    },
    "Cubic": {
      "r2": 0.05880440661416708,
      "aic": -157.82353479796726,
      "bic": -154.2620477663826,
      "params": [
        -1.2740350999558623e-12,
        1.0,
        1.0,
        0.16395754270120633
      ],
      "confidence_score": 0.03457882341134701
    },
    "Logarithmic": {
      "r2": 0.07345401423114761,
      "aic": -162.10590613641946,
      "bic": -160.32516262062714,
      "params": [
        -0.014526843066989353,
        0.26517821740826475
      ],
      "confidence_score": 0.5347270071155739
    },
    "N Log N": {
      "r2": 0.0675860601309507,
      "aic": -161.9922689104003,
      "bic": -160.21152539460797,
      "params": [
        -1.1458010522606171e-06,
        0.17180358922771494
      ],
      "confidence_score": 0.5152226566600844
    }
  }
}