{
  "valid_points": 76,
  "models": {
    "Constant": {
      "r2": 0.7,
      "aic": -112.46337904136922,
      "bic": -107.80191236079656,
      "params": [
        -99.32764556356945,
        100.6723544364305
      ],
      "confidence_score": 0.35
    },
    "Linear": {
      "r2": 0.9973063076909137,
      "aic": -562.1434030314439,
      "bic": -557.4819363508713,
      "params": [
        0.00040173795549447444,
        0.14213801924258473
      ],
      "confidence_score": 0.9883837846145482
    },
    "Quadratic": {
      "r2": 0.968349636353434,
      "aic": -372.8918077448306,
      "bic": -365.8996077239716,
      "params": [
        6.508079178585226e-08,
        1.0,
        0.6746764313892762
      ],
      "confidence_score": 0.5610097818120603
    },
    "Cubic": {
      "r2": 0.9066459219443257,
      "aic": -288.6864140878615,
      "bic": -279.3634807267162,
      "params": [
        1.2461605299403793e-11,
        1.0,
        1.0,
        0.8608911462444062
      ],
      "confidence_score": 0.5239875531665954
    },
    "Logarithmic": {
      "r2": 0.9622195019133765,
      "aic": -361.43650875889074,
      "bic": -356.77504207831805,
      "params": [
        1.0472157142394767,
        -6.946538085933706
      ],
      "confidence_score": 0.598
    },
    "N Log N": {
      "r2": 0.9967010600992054,
      "aic": -546.7390909683587,
      "bic": -542.0776242877861,
      "params": [
        4.4826500798735584e-05,
        0.26018761652143435
      ],
      "confidence_score": 0.5981355555774756
    }
  }
}