{
  "best_model": "O(n log n)",
  "details": {
    "O(1)": {
      "r2": 0,
      "aic": Infinity,
      "params_norm": [
        1.0
      ],
      "rss": 0.0
    },
    "O(n)": {
      "r2": 0,
      "aic": -2998.518887637574,
      "params_norm": [
        -9.778793904550355e-10,
        1.0000000005923924
      ],
      "rss": 6.444272804504695e-15
    },
    "O(n^2)": {
      "r2": 0,
      "aic": -2790.480577218258,
      "params_norm": [
        -1.6370592904487226e-08,
        1.8986107378921625e-08,
        0.9999999954126015
      ],
      "rss": 8.18530834558006e-14
    },
    "O(n^3)": {
      "r2": 0,
      "aic": -2679.4428425354804,
      "params_norm": [
        -1.58316306908492e-07,
        2.880903192393119e-07,
        -1.5917913911634305e-07,
        1.0000000258094672
      ],
      "rss": 3.1369498417210285e-13
    },
    "O(log n)": {
      "r2": 0,
      "aic": -2975.7243372182606,
      "params_norm": [
        -5.934146138113041e-10,
        0.999999999643905
      ],
      "rss": 8.538676351168859e-15
    },
    "O(n log n)": {
      "r2": 0,
      "aic": -3058.741579528234,
      "params_norm": [
        -1.4129476602064176e-09,
        0.9999999996352317
      ],
      "rss": 3.0639403256634523e-15
    },
    "O(2^n)": {
      "r2": 0,
      "aic": -3014.2554799663526,
      "params_norm": [
        0.9999999994674227,
        8.876288830373813e-10
      ],
      "rss": 5.306395978829167e-15
    },
    "O(n^k)": {
      "r2": 0,
      "aic": -2961.6522321119573,
      "params_norm": [
        1.000000000381851,
        6.470976220459377e-10
      ],
      "rss": 1.015875295989923e-14
    }
  }
}