{
  "valid_points": 17,
  "models": {
    "Constant": {
      "r2": 0.7,
      "aic": 122.82729152477285,
      "bic": 124.49371821288528,
      "params": [
        107.42578374988891,
        -92.57421625011102
      ],
      "confidence_score": 0.09999999999999998
    },
    "Linear": {
      "r2": 0.9990915799390125,
      "aic": 3.7626292349580366,
      "bic": 5.429055923070469,
      "params": [
        0.001980359896166517,
        -0.5343145005785328
      ],
      "confidence_score": 0.49945537103271165
    },
    "Quadratic": {
      "r2": 0.9362087377309047,
      "aic": 78.04092762308531,
      "bic": 80.54056765525397,
      "params": [
        3.120251282839979e-08,
        1.0,
        4.33924369454757
      ],
      "confidence_score": 0.5417252426385428
    },
    "Cubic": {
      "r2": 0.8643536564382085,
      "aic": 92.86632020662968,
      "bic": 96.19917358285454,
      "params": [
        4.63054942234491e-13,
        1.0,
        1.0,
        6.089762334343656
      ],
      "confidence_score": 0.4986121938629251
    },
    "Logarithmic": {
      "r2": 0.4055195377929114,
      "aic": 113.98614525497624,
      "bic": 115.65257194308867,
      "params": [
        6.512323047273214,
        -23.439537703450434
      ],
      "confidence_score": 0.35075976889645566
    },
    "N Log N": {
      "r2": 0.9998200013496705,
      "aic": -23.75624896484907,
      "bic": -22.08982227673664,
      "params": [
        0.00018052257203898862,
        0.30607385276030585
      ],
      "confidence_score": 0.9480000000000001
    }
  }
}