{
  "valid_points": 78,
  "models": {
    "Constant": {
      "r2": 0.7,
      "aic": -499.4893492271182,
      "bic": -494.77593157373906,
      "params": [
        -99.90503852948164,
        100.09496147051847
      ],
      "confidence_score": 0.4545104697266409
    },
    "Linear": {
      "r2": 0.05897901066361322,
      "aic": -504.23095630199987,
      "bic": -499.5175386486207,
      "params": [
        8.522884344845253e-06,
        0.1641630694431587
      ],
      "confidence_score": 0.3752659136001813
    },
    "Quadratic": {
      "r2": 0.08754214744161648,
      "aic": -504.6351931455274,
      "bic": -497.56506666545863,
      "params": [
        1.6975160953669913e-09,
        1.0,
        0.172248370807212
      ],
      "confidence_score": 0.16433377116097284
    },
    "Cubic": {
      "r2": 0.11243731929370115,
      "aic": -504.7928876774438,
      "bic": -495.3660523706854,
      "params": [
        3.794510154611499e-13,
        1.0,
        1.0,
        0.17505942213536987
      ],
      "confidence_score": 0.09135925340443078
    },
    "Logarithmic": {
      "r2": 0.03236305638228176,
      "aic": -502.0554182108032,
      "bic": -497.34200055742406,
      "params": [
        0.0168833270265436,
        0.05599973564890068
      ],
      "confidence_score": 0.10260477021359177
    },
    "N Log N": {
      "r2": 0.062203794279828584,
      "aic": -504.4987134523306,
      "bic": -499.78529579895144,
      "params": [
        9.761986658298166e-07,
        0.16606155477106838
      ],
      "confidence_score": 0.6291018971399143
    }
  }
}