{
  "valid_points": 19,
  "models": {
    "Constant": {
      "r2": 1.1102230246251565e-16,
      "aic": -250.06968974744245,
      "bic": -248.18081178910958,
      "params": [
        100.01230561419537,
        -99.98769438580464
      ],
      "confidence_score": 1.1102230246251565e-16
    },
    "Linear": {
      "r2": 0.026069518595627228,
      "aic": -250.571581439528,
      "bic": -248.68270348119512,
      "params": [
        -7.359082236924053e-07,
        0.025715090726141754
      ],
      "confidence_score": 0.0060695185956272275
    },
    "Quadratic": {
      "r2": 0.025093208693470315,
      "aic": -248.55254456051037,
      "bic": -245.71922762301105,
      "params": [
        -2.3987380559469335e-10,
        1.0,
        0.02516893498875153
      ],
      "confidence_score": -0.014906791306529686
    },
    "Cubic": {
      "r2": 0.02430334758713315,
      "aic": -246.53715715628022,
      "bic": -242.75940123961445,
      "params": [
        -1.0191823550367805e-13,
        1.0,
        1.0,
        0.024989599840051294
      ],
      "confidence_score": -0.025696652412866852
    },
    "Logarithmic": {
      "r2": 0.027234760208010078,
      "aic": -250.59432725751932,
      "bic": -248.70544929918645,
      "params": [
        -0.0011013927668308734,
        0.032647023691352965
      ],
      "confidence_score": 0.017234760208010076
    },
    "N Log N": {
      "r2": 0.02593807683550431,
      "aic": -250.56901737055088,
      "bic": -248.680139412218,
      "params": [
        -8.840308520364336e-08,
        0.02558322800584074
      ],
      "confidence_score": -0.00406192316449569
    }
  }
}