{
  "valid_points": 59,
  "models": {
    "Constant": {
      "r2": 0.0,
      "aic": 868.4580238138584,
      "bic": 872.6130987016699,
      "params": [
        1797.2555199906287,
        401.10351799561937
      ],
      "confidence_score": 0.0
    },
    "Linear": {
      "r2": 0.9631967138560932,
      "aic": 673.6301035299484,
      "bic": 677.7851784177599,
      "params": [
        1.7176623135930436,
        -2031.7483205542337
      ],
      "confidence_score": 0.9431967138560932
    },
    "Quadratic": {
      "r2": 0.9969397194697309,
      "aic": 528.8923510648375,
      "bic": 535.1249633965547,
      "params": [
        0.00034849096546758665,
        1.0,
        -177.788217006025
      ],
      "confidence_score": 0.9569397194697309
    },
    "Cubic": {
      "r2": 0.9878891096029554,
      "aic": 612.0526621110603,
      "bic": 620.3628118866832,
      "params": [
        8.445295362887008e-08,
        1.0,
        1.0,
        465.0416069641515
      ],
      "confidence_score": 0.9378891096029554
    },
    "Logarithmic": {
      "r2": 0.8731055130267484,
      "aic": 746.6584622185683,
      "bic": 750.8135371063797,
      "params": [
        3663.3583002145724,
        -26152.41354680329
      ],
      "confidence_score": 0.8631055130267484
    },
    "N Log N": {
      "r2": 0.9698066110091272,
      "aic": 661.9502189308861,
      "bic": 666.1052938186975,
      "params": [
        0.1963919698727816,
        -1609.6980494398827
      ],
      "confidence_score": 0.9398066110091272
    }
  }
}