{
  "valid_points": 78,
  "models": {
    "Constant": {
      "r2": 0.0,
      "aic": -556.4481474573362,
      "bic": -551.734729803957,
      "params": [
        100.16398890278275,
        -99.8360110972173
      ],
      "confidence_score": 0.0
    },
    "Linear": {
      "r2": 0.00021416199171853112,
      "aic": -556.4648538816947,
      "bic": -551.7514362283155,
      "params": [
        -3.511670141342904e-07,
        0.3290324321432102
      ],
      "confidence_score": -0.01978583800828147
    },
    "Quadratic": {
      "r2": 0.001442946792850397,
      "aic": -554.5607785870988,
      "bic": -547.49065210703,
      "params": [
        -1.4987714628052982e-10,
        1.0,
        0.32952680028363845
      ],
      "confidence_score": -0.038557053207149604
    },
    "Cubic": {
      "r2": 0.003280891064130098,
      "aic": -552.7044776864288,
      "bic": -543.2776423796705,
      "params": [
        -4.4748179844065737e-14,
        1.0,
        1.0,
        0.3297198318341732
      ],
      "confidence_score": -0.046719108935869905
    },
    "Logarithmic": {
      "r2": 7.014585363129822e-05,
      "aic": -556.4536190258257,
      "bic": -551.7402013724464,
      "params": [
        0.0005335495416721736,
        0.3237509452368209
      ],
      "confidence_score": -0.009929854146368702
    },
    "N Log N": {
      "r2": 0.00030045172589254765,
      "aic": -556.4715862132396,
      "bic": -551.7581685598603,
      "params": [
        -4.6424080979483613e-08,
        0.32910490032674555
      ],
      "confidence_score": -0.02969954827410745
    }
  }
}