{
  "valid_points": 19,
  "models": {
    "Constant": {
      "r2": -2.220446049250313e-16,
      "aic": 199.51376864768477,
      "bic": 201.40264660601764,
      "params": [
        381.48282593904105,
        47.72973425192518
      ],
      "confidence_score": -2.220446049250313e-16
    },
    "Linear": {
      "r2": 0.9910177303462074,
      "aic": 109.9762176670449,
      "bic": 111.86509562537779,
      "params": [
        0.591806423600475,
        -435.1362952731011
      ],
      "confidence_score": 0.9710177303462074
    },
    "Quadratic": {
      "r2": 0.9999564618329243,
      "aic": 10.71818923772209,
      "bic": 13.551506175221412,
      "params": [
        0.00020062514599007217,
        1.0,
        -15.462516677818744
      ],
      "confidence_score": 0.9599564618329243
    },
    "Cubic": {
      "r2": 0.9938975141533519,
      "aic": 106.63164622323646,
      "bic": 110.40940213990223,
      "params": [
        8.73276669529952e-08,
        1.0,
        1.0,
        125.04512560059096
      ],
      "confidence_score": 0.9438975141533519
    },
    "Logarithmic": {
      "r2": 0.9655620281847637,
      "aic": 135.51045430844502,
      "bic": 137.3993322667779,
      "params": [
        837.8048970717492,
        -5658.761328622827
      ],
      "confidence_score": 0.9555620281847637
    },
    "N Log N": {
      "r2": 0.9929657343199666,
      "aic": 105.33149112626641,
      "bic": 107.2203690845993,
      "params": [
        0.07149778511996445,
        -333.73093254757634
      ],
      "confidence_score": 0.9629657343199666
    }
  }
}