{
  "valid_points": 18,
  "models": {
    "Constant": {
      "r2": 0.0,
      "aic": -224.21370045383551,
      "bic": -222.4329569380432,
      "params": [
        100.02854431254991,
        -99.97145568745003
      ],
      "confidence_score": 0.0
    },
    "Linear": {
      "r2": 0.171070805124248,
      "aic": -227.59087013382285,
      "bic": -225.81012661803052,
      "params": [
        -2.5954162863328634e-06,
        0.060981749529435914
      ],
      "confidence_score": 0.151070805124248
    },
    "Quadratic": {
      "r2": 0.14804509874320426,
      "aic": -225.09769080815352,
      "bic": -222.42657553446503,
      "params": [
        -8.023500502152165e-10,
        1.0,
        0.058957432091883484
      ],
      "confidence_score": 0.10804509874320425
    },
    "Cubic": {
      "r2": 0.12803530166315114,
      "aic": -222.67981456395887,
      "bic": -219.11832753237422,
      "params": [
        -3.223462506136597e-13,
        1.0,
        1.0,
        0.05829137954752607
      ],
      "confidence_score": 0.07803530166315113
    },
    "Logarithmic": {
      "r2": 0.19680177288369238,
      "aic": -228.1584677256427,
      "bic": -226.37772420985038,
      "params": [
        -0.004077174737836314,
        0.08683192298250607
      ],
      "confidence_score": 0.18680177288369237
    },
    "N Log N": {
      "r2": 0.16812196627943,
      "aic": -227.52695042770492,
      "bic": -225.7462069119126,
      "params": [
        -3.098662650778872e-07,
        0.06049606643377735
      ],
      "confidence_score": 0.13812196627943
    }
  }
}