{
  "valid_points": 29,
  "models": {
    "Constant": {
      "r2": 0.85,
      "aic": -607.1956967521363,
      "bic": -604.4611050921634,
      "params": [
        -99.99976350829512,
        100.00023649170481
      ],
      "confidence_score": 0.5175484964318631
    },
    "Linear": {
      "r2": 0.0013418248845328273,
      "aic": -607.2346358043288,
      "bic": -604.5000441443559,
      "params": [
        -8.910368657984602e-15,
        0.00047331332117844885
      ],
      "confidence_score": 0.007865366334599553
    },
    "Quadratic": {
      "r2": 0.00205001313774944,
      "aic": -605.2552081535715,
      "bic": -601.1533206636121,
      "params": [
        -2.2368777221286268e-23,
        1.0,
        0.00047327984001092546
      ],
      "confidence_score": 0.0
    },
    "Cubic": {
      "r2": 0.0014100595535808669,
      "aic": -603.2366173362053,
      "bic": -597.7674340162595,
      "params": [
        -3.516434686095085e-32,
        1.0,
        1.0,
        0.0004731978497866802
      ],
      "confidence_score": 0.0
    },
    "Logarithmic": {
      "r2": 0.19660523843659583,
      "aic": -613.5440599970999,
      "bic": -610.809468337127,
      "params": [
        2.0035160139103397e-06,
        0.00045223824752641765
      ],
      "confidence_score": 0.596302619218298
    },
    "N Log N": {
      "r2": 0.0015315930505538367,
      "aic": -607.240146999143,
      "bic": -604.5055553391701,
      "params": [
        -4.776719704470785e-16,
        0.00047332666323008705
      ],
      "confidence_score": 0.011596307131591307
    }
  }
}