{
  "Constant": {
    "params": [
      0.0007665127883722752
    ],
    "r_squared": 0.0,
    "success": true
  },
  "Linear": {
    "params": [
      2.300873868751004e-07,
      7.625062643073626e-05
    ],
    "r_squared": 0.7349633897748657,
    "success": true
  },
  "Quadratic": {
    "params": [
      2.699479603890071e-11,
      6.811861290111408e-08,
      0.00028231089777289983
    ],
    "r_squared": 0.7460192864274849,
    "success": true
  },
  "Cubic": {
    "params": [
      -3.389843975213386e-14,
      3.3208074932158186e-10,
      -7.637660203454015e-07,
      0.0009474490969502649
    ],
    "r_squared": 0.7643771379947408,
    "success": true
  },
  "Logarithmic": {
    "params": [
      0.0005748237360723772,
      -0.00378434086202756
    ],
    "r_squared": 0.6606122937256905,
    "success": true
  },
  "n_log_n": {
    "params": [
      2.5757643958277702e-08,
      0.00014165959379454073
    ],
    "r_squared": 0.7390214520662794,
    "success": true
  },
  "Exponential": {
    "params": [
      0.0002921413431679581,
      0.0003015155747675552
    ],
    "r_squared": 0.7411765356307742,
    "success": true
  },
  "Sqrt_Exponential": {
    "params": [
      0.0002921413433858878,
      0.0006030311490346363
    ],
    "r_squared": 0.7411765356307745,
    "success": true
  },
  "Power": {
    "params": [
      4.799766726187922e-07,
      0.9214715785195542
    ],
    "r_squared": 0.7308251253564704,
    "success": true
  }
}