{
  "Constant": {
    "r2": 0.0,
    "aic": -140.79360310010662,
    "bic": -136.67271707901378,
    "params": [
      -0.17878101355042908,
      1.0
    ]
  },
  "Linear": {
    "r2": 0.9886651561933253,
    "aic": -400.6262820417054,
    "bic": -396.5053960206126,
    "params": [
      0.00032585962472597707,
      -0.0018574794528178895
    ]
  },
  "Quadratic": {
    "r2": 0.9690502464464683,
    "aic": -340.3662371716271,
    "bic": -334.18490813998784,
    "params": [
      6.315177860614007e-08,
      1.0,
      0.36987431357525646
    ]
  },
  "Cubic": {
    "r2": 0.9184923203689358,
    "aic": -282.202969105314,
    "bic": -273.96119706312834,
    "params": [
      1.4737214932886162e-11,
      1.0,
      1.0,
      0.49809602078347015
    ]
  },
  "Logarithmic": {
    "r2": 0.9564954832446715,
    "aic": -322.6172528437821,
    "bic": -318.4963668226893,
    "params": [
      0.7353338557110571,
      -4.889683171584762
    ]
  },
  "N Log N": {
    "r2": 0.9887200172608405,
    "aic": -400.9076857616318,
    "bic": -396.786799740539,
    "params": [
      3.704409533791476e-05,
      0.08232374199588635
    ]
  }
}