{
  "Constant": {
    "name": "Constant",
    "r2": 0.0,
    "bic": 154.05037113300463,
    "confidence_score": -0.14978661367769955,
    "params": [
      34.220666568273565,
      1.9479803735041372
    ],
    "order": 0
  },
  "Linear": {
    "name": "Linear",
    "r2": 0.7276926094749967,
    "bic": 128.033896361845,
    "confidence_score": 0.5379059957972971,
    "params": [
      0.40075800291403635,
      3.037487774325276e-11
    ],
    "order": 2
  },
  "Quadratic": {
    "name": "Quadratic",
    "r2": 0.9560770730419,
    "bic": 94.53972658541032,
    "confidence_score": 0.6513971525253507,
    "params": [
      0.0025525520479494287,
      1.737473633402562e-13,
      6.183290994630969e-14
    ],
    "order": 4
  },
  "Cubic": {
    "name": "Cubic",
    "r2": 0.999981437772317,
    "bic": -57.84580055554818,
    "confidence_score": 0.6004082104169178,
    "params": [
      1.37927273408177e-05,
      4.333627104354259e-26,
      0.007739207641694605,
      0.3059826131782508
    ],
    "order": 5
  },
  "Logarithmic": {
    "name": "Logarithmic",
    "r2": 0.2496193852514632,
    "bic": 148.3068768360439,
    "confidence_score": 0.07983277157376366,
    "params": [
      9.27783500799537,
      1.9975442440875283e-22
    ],
    "order": 1
  },
  "N Log N": {
    "name": "N Log N",
    "r2": 0.7995116580900216,
    "bic": 121.91038755273674,
    "confidence_score": 0.5897250444123221,
    "params": [
      0.08105566637405366,
      2.835639726094007e-16
    ],
    "order": 3
  },
  "confidence_analysis": {
    "best_model": "Quadratic",
    "best_score": 0.6513971525253507,
    "second_best_model": "Cubic",
    "second_best_score": 0.6004082104169178,
    "confidence_gap": 0.050988942108432855,
    "is_confident": true,
    "threshold": 0.03
  }
}