{
  "valid_points": 41,
  "models": {
    "Constant": {
      "r2": 0.7,
      "params": [
        0.00030277637628506326
      ]
    },
    "Linear": {
      "r2": 0.36975238499751506,
      "params": [
        4.291669120371742e-08,
        0.00025981676839028294
      ]
    },
    "Quadratic": {
      "r2": 0.2677445729708363,
      "params": [
        1.7637166263538766e-11,
        0.0002789309098597334
      ]
    },
    "Cubic": {
      "r2": 0.1987976623439729,
      "params": [
        7.913631773299507e-15,
        0.00028652135720777034
      ]
    },
    "Logarithmic": {
      "r2": 0.5410152774031749,
      "params": [
        2.3019255449738156e-05,
        0.00015293404325698658
      ]
    },
    "N Log N": {
      "r2": 0.3525219083144383,
      "params": [
        5.397208187589345e-09,
        0.0002643414544411299
      ]
    },
    "np": {
      "r2": -Infinity,
      "success": false
    }
  }
}