{
  "valid_points": 10,
  "models": {
    "Constant": {
      "r2": 0.7,
      "aic": 82.66087253508469,
      "bic": 83.26604272107278,
      "params": [
        104.54653249680995,
        1.0
      ],
      "confidence_score": 0.12000000000002911
    },
    "Linear": {
      "r2": 0.9957434337892936,
      "aic": 28.06794755946752,
      "bic": 28.673117745455613,
      "params": [
        0.0003713017698582233,
        -11.412225452256312
      ],
      "confidence_score": 0.525245028904135
    },
    "Quadratic": {
      "r2": 0.9843803524906423,
      "aic": 43.06861552060817,
      "bic": 43.976370799590306,
      "params": [
        5.755059230397942e-10,
        1.0,
        37.605417137861906
      ],
      "confidence_score": 0.5706414235229864
    },
    "Cubic": {
      "r2": 0.9284021419433226,
      "aic": 60.293971326359234,
      "bic": 61.504311698335414,
      "params": [
        1.0228009500456863e-15,
        1.0,
        1.0,
        55.377449395694676
      ],
      "confidence_score": 0.5370412872305439
    },
    "Logarithmic": {
      "r2": 0.9167008051455191,
      "aic": 57.807708580399435,
      "bic": 58.41287876638753,
      "params": [
        94.88469824300977,
        -1084.600816408714
      ],
      "confidence_score": 0.5480000072641181
    },
    "N Log N": {
      "r2": 0.9975028011190674,
      "aic": 22.73501630602795,
      "bic": 23.340186492016045,
      "params": [
        2.7331162454978346e-05,
        -4.321390726684881
      ],
      "confidence_score": 0.998
    }
  }
}