{
  "best_model": "O(n^3)",
  "details": {
    "O(1)": {
      "r2": 2.220446049250313e-16,
      "aic": 2505.154637234857,
      "params_norm": [
        0.5501902252937153
      ],
      "rss": 5855659564324.753
    },
    "O(n)": {
      "r2": 0.9993830059150022,
      "aic": 1760.7809189714017,
      "params_norm": [
        1.0508256671423755,
        -0.06279141388992089
      ],
      "rss": 3612907314.9493275
    },
    "O(n^2)": {
      "r2": 0.9999878602627637,
      "aic": 1366.1399877556116,
      "params_norm": [
        0.11898185863478096,
        0.9120134987838691,
        -0.02932776618266363
      ],
      "rss": 71086168.45621438
    },
    "O(n^3)": {
      "r2": 0.9999992322164989,
      "aic": 1089.4753375045202,
      "params_norm": [
        -0.0764833971481441,
        0.25282780703553975,
        0.8420619920247798,
        -0.018885922392763967
      ],
      "rss": 4495878.801612735
    },
    "O(log n)": {
      "r2": 0.9403300035842899,
      "aic": 2222.5251604648593,
      "params_norm": [
        0.5098652255725347,
        0.8786452129048067
      ],
      "rss": 349407185214.8771
    },
    "O(n log n)": {
      "r2": 0.8126508347521951,
      "aic": 2338.0837800318623,
      "params_norm": [
        2.100734376276279,
        1.0978052930671225
      ],
      "rss": 1097052931351.5673
    },
    "O(2^n)": {
      "r2": 0.9693806931275784,
      "aic": 2155.1381051044227,
      "params_norm": [
        0.17154983628724269,
        1.8412474793523474
      ],
      "rss": 179296237140.49048
    },
    "O(n^k)": {
      "r2": 0.9999908453190034,
      "aic": 1335.5109144328944,
      "params_norm": [
        1.0012448616635352,
        1.1365429076941327
      ],
      "rss": 53606695.336282276
    }
  }
}