{
  "Constant": {
    "r2": 0.0,
    "aic": -646.9090565449292,
    "bic": -642.3557243068971,
    "params": [
      -99.95294456473664,
      100.04705543526337
    ]
  },
  "Linear": {
    "r2": 0.0367254140989306,
    "aic": -649.6030641215159,
    "bic": -645.0497318834838,
    "params": [
      -2.382765841803793e-06,
      0.10006778513140607
    ]
  },
  "Quadratic": {
    "r2": 0.033944060514458196,
    "aic": -647.3954712864096,
    "bic": -640.5654729293615,
    "params": [
      -4.487883499458957e-10,
      1.0,
      0.09725986878235028
    ]
  },
  "Cubic": {
    "r2": 0.03190064680658622,
    "aic": -645.2433368199966,
    "bic": -636.1366723439323,
    "params": [
      -1.0436782340137988e-13,
      1.0,
      1.0,
      0.09634538562592014
    ]
  },
  "Logarithmic": {
    "r2": 0.039992931631597894,
    "aic": -649.8477100247089,
    "bic": -645.2943777866768,
    "params": [
      -0.005696862664765664,
      0.13829325007204943
    ]
  },
  "N Log N": {
    "r2": 0.03636115171470444,
    "aic": -649.5758424606863,
    "bic": -645.0225102226542,
    "params": [
      -2.6955045401857605e-07,
      0.09942603495550571
    ]
  }
}