{
  "valid_points": 29,
  "models": {
    "Constant": {
      "r2": 0.7,
      "aic": -397.13339714931175,
      "bic": -394.3988054893388,
      "params": [
        -99.99714308771584,
        100.00285691228405
      ],
      "confidence_score": 0.37000000000000016
    },
    "Linear": {
      "r2": 0.23882137734540698,
      "aic": -405.0471267525482,
      "bic": -402.3125350925753,
      "params": [
        4.44618603228524e-12,
        0.005549201955629947
      ],
      "confidence_score": 0.1332928264072541
    },
    "Quadratic": {
      "r2": 0.14157342030734876,
      "aic": -399.56036674292807,
      "bic": -395.45847925296863,
      "params": [
        6.95292278962839e-21,
        1.0,
        0.005621684635258828
      ],
      "confidence_score": 0.06494405218440957
    },
    "Cubic": {
      "r2": 0.11155447204458202,
      "aic": -396.5635734423482,
      "bic": -391.0943901224023,
      "params": [
        1.1698744666072376e-29,
        1.0,
        1.0,
        0.0056424829704039905
      ],
      "confidence_score": 0.04693268322674925
    },
    "Logarithmic": {
      "r2": 0.912272585041214,
      "aic": -467.70550119469004,
      "bic": -464.9709095347171,
      "params": [
        0.0001614245612700031,
        0.0040423736448281355
      ],
      "confidence_score": 0.898
    },
    "N Log N": {
      "r2": 0.2291349612693412,
      "aic": -404.68041421502676,
      "bic": -401.94582255505384,
      "params": [
        2.1853198738432685e-13,
        0.0055567881526187865
      ],
      "confidence_score": 0.41256748063467674
    }
  }
}