{
  "valid_points": 75,
  "models": {
    "Constant": {
      "r2": 0.0,
      "aic": -157.84371304888623,
      "bic": -153.2087368218136,
      "params": [
        -99.37062665820122,
        100.62937334179882
      ],
      "confidence_score": 0.0
    },
    "Linear": {
      "r2": 0.9969681638401601,
      "aic": -592.7377267729491,
      "bic": -588.1027505458766,
      "params": [
        0.0002940759581319337,
        0.38240032837437204
      ],
      "confidence_score": 0.97696816384016
    },
    "Quadratic": {
      "r2": 0.966158320748612,
      "aic": -409.79837221443665,
      "bic": -402.84590787382774,
      "params": [
        4.798091279845096e-08,
        1.0,
        0.7687336147748656
      ],
      "confidence_score": 0.9261583207486119
    },
    "Cubic": {
      "r2": 0.8992767437679177,
      "aic": -325.997105065428,
      "bic": -316.72715261128275,
      "params": [
        9.181535305504396e-12,
        1.0,
        1.0,
        0.9066439861667765
      ],
      "confidence_score": 0.8492767437679176
    },
    "Logarithmic": {
      "r2": 0.9561466617995105,
      "aic": -392.3615456995551,
      "bic": -387.7265694724825,
      "params": [
        0.7503612242507223,
        -4.677232001485699
      ],
      "confidence_score": 0.9461466617995105
    },
    "N Log N": {
      "r2": 0.9964798518346699,
      "aic": -581.5376278864856,
      "bic": -576.902651659413,
      "params": [
        3.2860401378948904e-05,
        0.4676315786545708
      ],
      "confidence_score": 0.9664798518346699
    }
  }
}