{
  "valid_points": 41,
  "models": {
    "Constant": {
      "r2": 0.7,
      "params": [
        0.00012028826082599586
      ]
    },
    "Linear": {
      "r2": 0.003819163948569959,
      "params": [
        -1.2878698107954278e-09,
        0.00012157741857210524
      ]
    },
    "Quadratic": {
      "r2": 0.0006544267839291296,
      "params": [
        -2.5746345144473876e-13,
        0.00012063635167003751
      ]
    },
    "Cubic": {
      "r2": 6.318446863051719e-06,
      "params": [
        -1.3187002225352246e-17,
        0.00012031534762774564
      ]
    },
    "Logarithmic": {
      "r2": 0.0009471336280745257,
      "params": [
        2.843857523454431e-07,
        0.00011843707043054901
      ]
    },
    "N Log N": {
      "r2": 0.003331146098940696,
      "params": [
        -1.5491371492048286e-10,
        0.00012139144151589744
      ]
    },
    "np": {
      "r2": -Infinity,
      "success": false
    }
  }
}