{
  "Constant": {
    "r2": -2.220446049250313e-16,
    "aic": 486.5787760689908,
    "bic": 489.95653497721867,
    "params": [
      379.5354596824616,
      -20.464540387447883
    ]
  },
  "Linear": {
    "r2": 0.825914272480654,
    "aic": 416.6504795007847,
    "bic": 420.02823840901254,
    "params": [
      2.9819986032413865,
      -289.5137769371684
    ]
  },
  "Quadratic": {
    "r2": 0.965635426869582,
    "aic": 353.7496122240512,
    "bic": 358.816250586393,
    "params": [
      0.00717239226210542,
      1.0,
      -95.87033572137213
    ]
  },
  "Cubic": {
    "r2": 0.9995777334083449,
    "aic": 179.78382768466685,
    "bic": 186.5393455011226,
    "params": [
      1.757225589271716e-05,
      1.0,
      1.0,
      -6.599466902637391
    ]
  },
  "Logarithmic": {
    "r2": 0.42101328578002617,
    "aic": 464.71974615891475,
    "bic": 468.0975050671426,
    "params": [
      262.11032953431635,
      -966.9124533062428
    ]
  },
  "N Log N": {
    "r2": 0.861157470119247,
    "aic": 407.6021814050246,
    "bic": 410.9799403132525,
    "params": [
      0.4874828649344962,
      -232.64888297956495
    ]
  }
}