{
  "valid_points": 39,
  "models": {
    "Constant": {
      "r2": -2.220446049250313e-16,
      "aic": 468.1091301522573,
      "bic": 471.4362534445166,
      "params": [
        365.6759173396824,
        -34.32823047965678
      ],
      "confidence_score": -2.220446049250313e-16
    },
    "Linear": {
      "r2": 0.8271404099885702,
      "aic": 399.65338048647493,
      "bic": 402.9805037787342,
      "params": [
        2.819478363593931,
        -266.3817294940137
      ],
      "confidence_score": 0.8071404099885702
    },
    "Quadratic": {
      "r2": 0.9663802705818643,
      "aic": 337.7960843805281,
      "bic": 342.78676931891704,
      "params": [
        0.006954849026669985,
        1.0,
        -87.82570381550578
      ],
      "confidence_score": 0.9263802705818642
    },
    "Cubic": {
      "r2": 0.9996838613716428,
      "aic": 157.79527016575094,
      "bic": 164.4495167502695,
      "params": [
        1.7473841901649578e-05,
        1.0,
        1.0,
        -5.476135838985553
      ],
      "confidence_score": 0.9496838613716427
    },
    "Logarithmic": {
      "r2": 0.4222233233572289,
      "aic": 446.7149837073689,
      "bic": 450.0421069996282,
      "params": [
        241.73939444652552,
        -885.3240309220449
      ],
      "confidence_score": 0.4122233233572289
    },
    "N Log N": {
      "r2": 0.8624774983022077,
      "aic": 390.7343888166793,
      "bic": 394.0615121089386,
      "params": [
        0.4628286378880734,
        -213.74002409123688
      ],
      "confidence_score": 0.8324774983022076
    }
  }
}