{
  "valid_points": 201,
  "models": {
    "Constant": {
      "r2": 0.85,
      "aic": -3242.003556690212,
      "bic": -3235.396946874094,
      "params": [
        -99.99748514362813,
        100.00251485637206
      ],
      "confidence_score": 0.445
    },
    "Linear": {
      "r2": 0.3587882554625531,
      "aic": -3331.327060615761,
      "bic": -3324.720450799643,
      "params": [
        6.504098803301317e-11,
        0.004702923486013818
      ],
      "confidence_score": 0.20527295560976536
    },
    "Quadratic": {
      "r2": 0.2744624974412374,
      "aic": -3304.4929024014464,
      "bic": -3294.582987677269,
      "params": [
        5.4649924360235736e-18,
        1.0,
        0.004846825799975217
      ],
      "confidence_score": 0.14467749846474312
    },
    "Cubic": {
      "r2": 0.2281299072654721,
      "aic": -3290.0502990623686,
      "bic": -3276.8370794301322,
      "params": [
        5.21358081295555e-25,
        1.0,
        1.0,
        0.004898844480415614
      ],
      "confidence_score": 0.11687794435928327
    },
    "Logarithmic": {
      "r2": 0.46903211405808287,
      "aic": -3369.2473580324786,
      "bic": -3362.6407482163604,
      "params": [
        0.00023450242932328524,
        0.0014770227615952497
      ],
      "confidence_score": 0.8325160570290414
    },
    "N Log N": {
      "r2": 0.3518279757589755,
      "aic": -3329.1569855091457,
      "bic": -3322.5503756930275,
      "params": [
        3.951033497272542e-12,
        0.004719693999978498
      ],
      "confidence_score": 0.373913988470515
    }
  }
}