{
  "valid_points": 29,
  "models": {
    "Constant": {
      "r2": 0.7,
      "aic": -342.0697339124765,
      "bic": -339.3351422525036,
      "params": [
        -99.99794781464955,
        100.00205218535052
      ],
      "confidence_score": 0.37
    },
    "Linear": {
      "r2": 0.27955910410399254,
      "aic": -351.5785989827221,
      "bic": -348.8440073227492,
      "params": [
        1.243069817032406e-11,
        0.003644116903032197
      ],
      "confidence_score": 0.1577354624623955
    },
    "Quadratic": {
      "r2": 0.16670219069706294,
      "aic": -345.3582953221094,
      "bic": -341.25640783215,
      "params": [
        1.949641981082697e-20,
        1.0,
        0.003846004705328871
      ],
      "confidence_score": 0.08002131441823776
    },
    "Cubic": {
      "r2": 0.1319827098657742,
      "aic": -342.17449961778686,
      "bic": -336.70531629784097,
      "params": [
        3.2882283148547126e-29,
        1.0,
        1.0,
        0.0039038470815430716
      ],
      "confidence_score": 0.059189625919464514
    },
    "Logarithmic": {
      "r2": 0.968419406153766,
      "aic": -442.27089542147445,
      "bic": -439.53630376150153,
      "params": [
        0.0004297805122082089,
        -0.0003457391705614938
      ],
      "confidence_score": 0.898
    },
    "N Log N": {
      "r2": 0.2683701324854201,
      "aic": -351.1316695253368,
      "bic": -348.3970778653639,
      "params": [
        6.111447713801875e-13,
        0.0036652039427745547
      ],
      "confidence_score": 0.43218506624271
    }
  }
}