{
  "valid_points": 26,
  "models": {
    "Constant": {
      "r2": 0.7,
      "aic": 161.24443678091126,
      "bic": 163.7606298569542,
      "params": [
        102.12438827237266,
        -97.87561172762744
      ],
      "confidence_score": 0.35
    },
    "Linear": {
      "r2": 0.9855744695406415,
      "aic": 51.03678874596613,
      "bic": 53.552981822009095,
      "params": [
        3.958654193174459e-07,
        -0.8760494864743171
      ],
      "confidence_score": 0.5813446817243849
    },
    "Quadratic": {
      "r2": 0.9999714705553704,
      "aic": -108.83448355614658,
      "bic": -105.06019394208214,
      "params": [
        1.4855986895715274e-15,
        1.0,
        0.045681149722745104
      ],
      "confidence_score": 0.9799828823332222
    },
    "Cubic": {
      "r2": 0.9997369538543026,
      "aic": -49.07827135765046,
      "bic": -44.04588520556453,
      "params": [
        5.5302057333492836e-24,
        1.0,
        1.0,
        0.1253722077253153
      ],
      "confidence_score": 0.579842172312604
    },
    "Logarithmic": {
      "r2": 0.14621450118014556,
      "aic": 157.1344792647087,
      "bic": 159.65067234075164,
      "params": [
        1.5445052130837156,
        -11.03599370844444
      ],
      "confidence_score": 0.2711072505900728
    },
    "N Log N": {
      "r2": 0.9891297371260968,
      "aic": 43.67960251845972,
      "bic": 46.195795594502684,
      "params": [
        2.0446007951184815e-08,
        -0.7374980876342798
      ],
      "confidence_score": 0.598
    }
  }
}