{
  "valid_points": 78,
  "models": {
    "Constant": {
      "r2": 0.0,
      "aic": -226.40858835314353,
      "bic": -221.69517069976433,
      "params": [
        -99.60942817135492,
        100.39057182864507
      ],
      "confidence_score": 0.0
    },
    "Linear": {
      "r2": 0.9821360604342203,
      "aic": -540.3563378555901,
      "bic": -535.6429202022109,
      "params": [
        0.00019744243126447597,
        0.1900820200648357
      ],
      "confidence_score": 0.9621360604342203
    },
    "Quadratic": {
      "r2": 0.9518088393080949,
      "aic": -460.9498020576269,
      "bic": -453.87967557755815,
      "params": [
        3.191397459859577e-08,
        1.0,
        0.4532275682555291
      ],
      "confidence_score": 0.9118088393080949
    },
    "Cubic": {
      "r2": 0.887941498243458,
      "aic": -393.12985649490065,
      "bic": -383.70302118814226,
      "params": [
        6.096687452533145e-12,
        1.0,
        1.0,
        0.5455281820339193
      ],
      "confidence_score": 0.837941498243458
    },
    "Logarithmic": {
      "r2": 0.9465104032842585,
      "aic": -454.81349998935616,
      "bic": -450.100082335977,
      "params": [
        0.5151434639978851,
        -3.298316321431868
      ],
      "confidence_score": 0.9365104032842585
    },
    "N Log N": {
      "r2": 0.9814675689111105,
      "aic": -537.4907662401096,
      "bic": -532.7773485867303,
      "params": [
        2.202631072577432e-05,
        0.24829930743547354
      ],
      "confidence_score": 0.9514675689111105
    }
  }
}