{
  "best_model": "O(n log n)",
  "details": {
    "O(1)": {
      "r2": 0,
      "aic": Infinity,
      "params_norm": [
        1.0
      ],
      "rss": 0.0
    },
    "O(n)": {
      "r2": 0,
      "aic": -2892.582795028764,
      "params_norm": [
        -9.778793904550355e-10,
        1.0000000005923924
      ],
      "rss": 2.383237127759906e-14
    },
    "O(n^2)": {
      "r2": 0,
      "aic": -2684.5444925239553,
      "params_norm": [
        -1.6370592904487226e-08,
        1.8986107378921625e-08,
        0.9999999954126015
      ],
      "rss": 3.0271109614777734e-13
    },
    "O(n^3)": {
      "r2": 0,
      "aic": -2573.506755788753,
      "params_norm": [
        -1.58316306908492e-07,
        2.880903192393119e-07,
        -1.5917913911634305e-07,
        1.0000000258094672
      ],
      "rss": 1.1601145724974214e-12
    },
    "O(log n)": {
      "r2": 0,
      "aic": -2869.7882478029655,
      "params_norm": [
        -5.934146138113041e-10,
        0.999999999643905
      ],
      "rss": 3.157794574664333e-14
    },
    "O(n log n)": {
      "r2": 0,
      "aic": -2952.805492884364,
      "params_norm": [
        -1.4129476602064176e-09,
        0.9999999996352317
      ],
      "rss": 1.1331140107107454e-14
    },
    "O(2^n)": {
      "r2": 0,
      "aic": -2908.3193906544957,
      "params_norm": [
        0.9999999994674227,
        8.876288830373813e-10
      ],
      "rss": 1.962424586953147e-14
    },
    "O(n^k)": {
      "r2": 0,
      "aic": -2855.716140693082,
      "params_norm": [
        1.000000000381851,
        6.470976220459377e-10
      ],
      "rss": 3.7569354378014384e-14
    }
  }
}