{
  "valid_points": 93,
  "models": {
    "Constant": {
      "r2": 0.7,
      "aic": -288.47963966552726,
      "bic": -283.4144406792208,
      "params": [
        -99.72807021150659,
        100.27192978849334
      ],
      "confidence_score": 0.41
    },
    "Linear": {
      "r2": 0.975638424982863,
      "aic": -633.9512206245087,
      "bic": -628.8860216382021,
      "params": [
        0.00014647960907332447,
        0.24140280999358643
      ],
      "confidence_score": 0.9753830549897178
    },
    "Quadratic": {
      "r2": 0.9008352843502534,
      "aic": -501.4001302445094,
      "bic": -493.80233176504964,
      "params": [
        3.188997543812633e-08,
        1.0,
        0.34544116730249874
      ],
      "confidence_score": 0.520501170610152
    },
    "Cubic": {
      "r2": 0.7977345193927968,
      "aic": -433.1098387806447,
      "bic": -422.97944080803165,
      "params": [
        7.067339212439848e-12,
        1.0,
        1.0,
        0.3943388467702214
      ],
      "confidence_score": 0.45864071163567804
    },
    "Logarithmic": {
      "r2": 0.6143510126800036,
      "aic": -377.09261413894825,
      "bic": -372.02741515264177,
      "params": [
        0.09018969612623003,
        -0.08297519913735797
      ],
      "confidence_score": 0.5051755063400019
    },
    "N Log N": {
      "r2": 0.973071656995328,
      "aic": -624.6351987161825,
      "bic": -619.5699997298759,
      "params": [
        1.727487324448414e-05,
        0.2616040636931348
      ],
      "confidence_score": 0.6008455931103582
    }
  }
}