{
  "best_model": "O(2^n)",
  "details": {
    "O(1)": {
      "r2": 0.0,
      "aic": 59.23628574576265,
      "params_norm": [
        0.6268343815505486
      ],
      "rss": 70578.0
    },
    "O(n)": {
      "r2": 0.9304267213984123,
      "aic": 48.24403746476776,
      "params_norm": [
        0.7705300962587933,
        0.1773584920649799
      ],
      "rss": 4910.342857142853
    },
    "O(n^2)": {
      "r2": 0.9812656108945321,
      "aic": 50.371919019389495,
      "params_norm": [
        0.7398921896390969,
        -0.09267745629568254,
        0.36918239195494434
      ],
      "rss": 1322.2357142857118
    },
    "O(n^3)": {
      "r2": 0.9838443968555316,
      "aic": 79.48335567243463,
      "params_norm": [
        -0.7589092226447083,
        2.0679832935917593,
        -0.7609391449084715,
        0.45772179076667113
      ],
      "rss": 1140.2301587302877
    },
    "O(log n)": {
      "r2": 0.765708815205425,
      "aic": 55.52914239920946,
      "params_norm": [
        0.32891462008832306,
        0.8555016145181735
      ],
      "rss": 16535.803240431516
    },
    "O(n log n)": {
      "r2": 0.8849398189603999,
      "aic": 51.2624859010921,
      "params_norm": [
        1.6823244594662665,
        1.028811501271102
      ],
      "rss": 8120.7174574128985
    },
    "O(2^n)": {
      "r2": 0.9738867641693303,
      "aic": 42.36440790628469,
      "params_norm": [
        0.2756965377383282,
        1.2916931003129417
      ],
      "rss": 1843.0199584570032
    },
    "O(n^k)": {
      "r2": 0.8902913191542892,
      "aic": 50.97672505234417,
      "params_norm": [
        0.9377387714806252,
        0.7107617236133319
      ],
      "rss": 7743.01927672858
    }
  }
}