{
  "Constant": {
    "r2": 1.1102230246251565e-16,
    "aic": 434.2140615868863,
    "bic": 436.87847060723675,
    "params": [
      700.9999999999995,
      1170.6863912663298
    ]
  },
  "Linear": {
    "r2": 0.8279487932146342,
    "aic": 384.93509387385507,
    "bic": 387.5995028942055,
    "params": [
      22.219797611628064,
      -1494.6129468953225
    ]
  },
  "Quadratic": {
    "r2": 0.9669343294045055,
    "aic": 340.7547906327552,
    "bic": 344.7514041632808,
    "params": [
      0.07666552828147788,
      1.0,
      -493.2534923965651
    ]
  },
  "Cubic": {
    "r2": 0.9995803638816914,
    "aic": 220.48262858543202,
    "bic": 225.81144662613283,
    "params": [
      0.0002690558282044675,
      1.0,
      1.0,
      -29.369804675301356
    ]
  },
  "Logarithmic": {
    "r2": 0.42661342448657236,
    "aic": 418.640597726057,
    "bic": 421.30500674640746,
    "params": [
      1370.545262408989,
      -4560.463118906196
    ]
  },
  "N Log N": {
    "r2": 0.8653025523696515,
    "aic": 378.0817855466236,
    "bic": 380.74619456697405,
    "params": [
      3.860820387340781,
      -1182.3991860039903
    ]
  }
}