{
  "valid_points": 207,
  "models": {
    "Constant": {
      "r2": 0.7,
      "aic": -3632.0212509282137,
      "bic": -3625.355813341683,
      "params": [
        100.00036480490107,
        -99.99963519509893
      ],
      "confidence_score": 0.3410179300642803
    },
    "Linear": {
      "r2": 0.0029477111451250426,
      "aic": -3632.6323282180474,
      "bic": -3625.966890631517,
      "params": [
        2.897357498665707e-12,
        0.0007149731398554075
      ],
      "confidence_score": 0.39
    },
    "Quadratic": {
      "r2": 0.0016316619268996746,
      "aic": -3630.3592807973723,
      "bic": -3620.3611244175763,
      "params": [
        2.0716850923335058e-19,
        1.0,
        0.0007226117403698841
      ],
      "confidence_score": 0.0052329944373416815
    },
    "Cubic": {
      "r2": 0.0006580802775904004,
      "aic": -3628.157518388058,
      "bic": -3614.8266432149967,
      "params": [
        1.3795176708606286e-26,
        1.0,
        1.0,
        0.0007261066474763241
      ],
      "confidence_score": 0.0
    },
    "Logarithmic": {
      "r2": 0.002262553894320951,
      "aic": -3632.490130216917,
      "bic": -3625.8246926303864,
      "params": [
        8.060095275327091e-06,
        0.0006074412747198284
      ],
      "confidence_score": 0.428542181378647
    },
    "N Log N": {
      "r2": 0.0028825220829955533,
      "aic": -3632.618794630195,
      "bic": -3625.9533570436647,
      "params": [
        1.7574140725950328e-13,
        0.0007157410462895598
      ],
      "confidence_score": 0.6974180758224441
    }
  }
}