{
  "Constant": {
    "r2": -2.220446049250313e-16,
    "aic": -631.3242013133379,
    "bic": -626.7160711269296,
    "params": [
      -99.96463526543742,
      100.03536473456269
    ]
  },
  "Linear": {
    "r2": 1.3007459978786606e-05,
    "aic": -631.3251638716366,
    "bic": -626.7170336852283,
    "params": [
      5.745235498455514e-08,
      0.07058571401636426
    ]
  },
  "Quadratic": {
    "r2": 1.0456821986082332e-07,
    "aic": -629.3242090513866,
    "bic": -622.412013771774,
    "params": [
      1.0149658891123181e-12,
      1.0,
      0.07072236741618987
    ]
  },
  "Cubic": {
    "r2": 4.681622203239755e-06,
    "aic": -627.3245477541919,
    "bic": -618.1082873813752,
    "params": [
      -1.6381466654836141e-15,
      1.0,
      1.0,
      0.07076419759930119
    ]
  },
  "Logarithmic": {
    "r2": 2.9255232038893908e-05,
    "aic": -631.3263662321765,
    "bic": -626.7182360457682,
    "params": [
      0.00019642096527151113,
      0.06920548530206419
    ]
  },
  "N Log N": {
    "r2": 1.064619795698718e-05,
    "aic": -631.3249891361803,
    "bic": -626.716858949772,
    "params": [
      5.912895853633577e-09,
      0.07061279654868644
    ]
  }
}