{
  "Constant": {
    "name": "Constant",
    "r2": 0.0,
    "bic": -46.34616553905429,
    "confidence_score": -0.09759237601741147,
    "params": [
      0.7098689693221694,
      0.7098689693226701
    ],
    "order": 0
  },
  "Linear": {
    "name": "Linear",
    "r2": 0.8433678702236997,
    "bic": -114.93881332199219,
    "confidence_score": 0.7057754942062883,
    "params": [
      0.003587312147859651,
      0.6410972902159299
    ],
    "order": 2
  },
  "Quadratic": {
    "name": "Quadratic",
    "r2": 0.8445743474000988,
    "bic": -111.6139954873895,
    "confidence_score": 0.6181857833739817,
    "params": [
      1.2073264705299607e-06,
      0.003048809495639019,
      0.6825002388228738
    ],
    "order": 4
  },
  "Cubic": {
    "name": "Cubic",
    "r2": 0.8445743474000988,
    "bic": -108.00307757474528,
    "confidence_score": 0.549389595365276,
    "params": [
      1.4482090402130582e-35,
      1.2073264648675489e-06,
      0.003048809498164619,
      0.6825002386286922
    ],
    "order": 5
  },
  "Logarithmic": {
    "name": "Logarithmic",
    "r2": 0.5623565817253358,
    "bic": -76.92114564611128,
    "confidence_score": 0.4447642057079243,
    "params": [
      0.282236220124271,
      2.126112668202704e-24
    ],
    "order": 1
  },
  "N Log N": {
    "name": "N Log N",
    "r2": 0.8455409766778539,
    "bic": -115.455743783445,
    "confidence_score": 0.6879486006604425,
    "params": [
      0.0005710684388036407,
      0.7301607471533315
    ],
    "order": 3
  },
  "confidence_analysis": {
    "best_model": "Linear",
    "best_score": 0.7057754942062883,
    "second_best_model": "N Log N",
    "second_best_score": 0.6879486006604425,
    "confidence_gap": 0.017826893545845768,
    "is_confident": false,
    "threshold": 0.03
  }
}