{
  "best_model": "O(2^n)",
  "details": {
    "O(1)": {
      "r2": 0,
      "aic": Infinity,
      "params_norm": [
        1.0
      ],
      "rss": 0.0
    },
    "O(n)": {
      "r2": 0,
      "aic": -3358.0461772865256,
      "params_norm": [
        3.539513381405014e-10,
        0.9999999997936918
      ],
      "rss": 3.525169238033173e-13
    },
    "O(n^2)": {
      "r2": 0,
      "aic": -2823.04847097471,
      "params_norm": [
        2.262728146446774e-08,
        -2.697387986981183e-08,
        1.000000006707853
      ],
      "rss": 6.894513218336733e-11
    },
    "O(n^3)": {
      "r2": 0,
      "aic": -2767.9760155596673,
      "params_norm": [
        9.207473059506364e-09,
        1.2993395631032284e-08,
        -2.4496106730549883e-08,
        1.0000000064036458
      ],
      "rss": 1.1640845557819175e-10
    },
    "O(log n)": {
      "r2": 0,
      "aic": -2898.036601081543,
      "params_norm": [
        -1.7262467729194512e-09,
        0.9999999988883356
      ],
      "rss": 3.3511665844056927e-11
    },
    "O(n log n)": {
      "r2": 0,
      "aic": -3327.02337063424,
      "params_norm": [
        9.149493385152141e-10,
        1.000000000238507
      ],
      "rss": 4.792656963997164e-13
    },
    "O(2^n)": {
      "r2": 0,
      "aic": -3536.4519810709103,
      "params_norm": [
        1.0000000000853677,
        -1.463447165138362e-10
      ],
      "rss": 6.026216947812152e-14
    },
    "O(n^k)": {
      "r2": 0,
      "aic": -3236.7366779313807,
      "params_norm": [
        0.999999999792065,
        -3.2278032427202367e-10
      ],
      "rss": 1.1716669810762857e-12
    }
  }
}