{
  "valid_points": 29,
  "models": {
    "Constant": {
      "r2": 0.7,
      "aic": -552.2041433926722,
      "bic": -549.4695517326993,
      "params": [
        -99.99986942215209,
        100.00013057784794
      ],
      "confidence_score": 0.37000000381629533
    },
    "Linear": {
      "r2": 0.14923715429166318,
      "aic": -556.891177519431,
      "bic": -554.1565858594581,
      "params": [
        2.425186926097565e-13,
        0.00025217630072187227
      ],
      "confidence_score": 0.07954234558492962
    },
    "Quadratic": {
      "r2": 0.08900063314008178,
      "aic": -552.9073226174658,
      "bic": -548.8054351275064,
      "params": [
        3.8038972857353405e-22,
        1.0,
        0.00025611478200253656
      ],
      "confidence_score": 0.03340038353469427
    },
    "Cubic": {
      "r2": 0.07767923065472482,
      "aic": -550.5491474802482,
      "bic": -545.0799641603023,
      "params": [
        6.736028442547534e-31,
        1.0,
        1.0,
        0.00025704791286380256
      ],
      "confidence_score": 0.02660753895958796
    },
    "Logarithmic": {
      "r2": 0.7145801405794789,
      "aic": -588.5641691561917,
      "bic": -585.8295774962188,
      "params": [
        9.857992313625047e-06,
        0.0001590823172014803
      ],
      "confidence_score": 0.8480000000000001
    },
    "N Log N": {
      "r2": 0.14173299746820534,
      "aic": -556.6365044407986,
      "bic": -553.9019127808257,
      "params": [
        1.1859340122712427e-14,
        0.00025263361034444544
      ],
      "confidence_score": 0.36886653373804434
    }
  }
}