{
  "Constant": {
    "r2": 0.0,
    "aic": -145.98487483581286,
    "bic": -141.86398881472002,
    "params": [
      0.18247882045548536,
      1.0
    ]
  },
  "Linear": {
    "r2": 0.9713220006417123,
    "aic": -351.9791261736266,
    "bic": -347.85824015253377,
    "params": [
      0.00030120185827748556,
      0.4294741747617715
    ]
  },
  "Quadratic": {
    "r2": 0.9437352021065224,
    "aic": -310.8906743681612,
    "bic": -304.70934533652195,
    "params": [
      5.867847929774683e-08,
      1.0,
      0.7684161543459673
    ]
  },
  "Cubic": {
    "r2": 0.8890015617036426,
    "aic": -269.48274537172875,
    "bic": -261.24097332954307,
    "params": [
      1.373075954698089e-11,
      1.0,
      1.0,
      0.8848853217503933
    ]
  },
  "Logarithmic": {
    "r2": 0.9491024757549938,
    "aic": -318.7054526151756,
    "bic": -314.5845665940828,
    "params": [
      0.672393546411041,
      -4.028980714404189
    ]
  },
  "N Log N": {
    "r2": 0.9702881270690367,
    "aic": -349.92497079797255,
    "bic": -345.80408477687973,
    "params": [
      3.426925184952656e-05,
      0.5064072680139802
    ]
  }
}