{
  "Constant": {
    "params": [
      0.00038513136498722055
    ],
    "r_squared": -2.220446049250313e-16,
    "success": true
  },
  "Linear": {
    "params": [
      -2.1741632494406556e-08,
      0.0004503562630745033
    ],
    "r_squared": 0.002396712700945325,
    "success": true
  },
  "Quadratic": {
    "params": [
      -4.337944327778393e-12,
      4.28609341407265e-09,
      0.00041724310761009263
    ],
    "r_squared": 0.0025009629407864997,
    "success": true
  },
  "Cubic": {
    "params": [
      -1.72628759092857e-14,
      1.5102831345309203e-10,
      -4.1935582853084505e-07,
      0.0007559696906446588
    ],
    "r_squared": 0.004239722741195884,
    "success": true
  },
  "Logarithmic": {
    "params": [
      -5.6443451126554456e-05,
      0.0008319916278982392
    ],
    "r_squared": 0.002326245141516692,
    "success": true
  },
  "n_log_n": {
    "params": [
      -2.4318214918702692e-09,
      0.0004441247813878029
    ],
    "r_squared": 0.0024058009342559084,
    "success": true
  },
  "Exponential": {
    "params": [
      0.00045435378580998377,
      -5.5797524129312835e-05
    ],
    "r_squared": 0.0023677977816548568,
    "success": true
  },
  "Sqrt_Exponential": {
    "params": [
      0.00045435374273466593,
      -0.00011159498277288586
    ],
    "r_squared": 0.002367797781711034,
    "success": true
  },
  "Power": {
    "params": [
      0.0011990207347187603,
      -0.14370780402060326
    ],
    "r_squared": 0.002321172185730469,
    "success": true
  }
}