{
  "Constant": {
    "params": [
      0.00039256943596733943
    ],
    "r_squared": 0.0,
    "success": true
  },
  "Linear": {
    "params": [
      -1.0856655678966548e-08,
      0.0004251394029983866
    ],
    "r_squared": 0.0006005217418464381,
    "success": true
  },
  "Quadratic": {
    "params": [
      8.776898108342396e-12,
      -6.351804920734218e-08,
      0.0004921364064566178
    ],
    "r_squared": 0.0010294352057736988,
    "success": true
  },
  "Cubic": {
    "params": [
      -2.6913494878382205e-15,
      3.299901991970637e-11,
      -1.2956497003866817e-07,
      0.0005449445411216831
    ],
    "r_squared": 0.0010719005340928955,
    "success": true
  },
  "Logarithmic": {
    "params": [
      -3.3759198753727885e-05,
      0.0006598394932567046
    ],
    "r_squared": 0.0008362149274996344,
    "success": true
  },
  "n_log_n": {
    "params": [
      -1.1886676039660242e-09,
      0.00042140525488249274
    ],
    "r_squared": 0.0005775935028866641,
    "success": true
  },
  "Exponential": {
    "params": [
      0.000427173102310555,
      -2.834605936345073e-05
    ],
    "r_squared": 0.000615473181506343,
    "success": true
  },
  "Sqrt_Exponential": {
    "params": [
      0.00042717297212604256,
      -5.66919108505056e-05
    ],
    "r_squared": 0.0006154731816067072,
    "success": true
  },
  "Power": {
    "params": [
      0.0007839572662858535,
      -0.0874604112209859
    ],
    "r_squared": 0.0008597503407518081,
    "success": true
  }
}