{
  "best_model": "O(2^n)",
  "details": {
    "O(1)": {
      "r2": 0,
      "aic": Infinity,
      "params_norm": [
        1.0
      ],
      "rss": 0.0
    },
    "O(n)": {
      "r2": 0,
      "aic": -166.14154404381694,
      "params_norm": [
        9.36426321460069e-09,
        0.9999999945375131
      ],
      "rss": 1.4906166765111863e-12
    },
    "O(n^2)": {
      "r2": 0,
      "aic": -165.99721859432245,
      "params_norm": [
        1.3968810166677247e-08,
        -1.4862539108855611e-08,
        1.000000003305388
      ],
      "rss": 2.883954893653146e-13
    },
    "O(n^3)": {
      "r2": 0,
      "aic": -129.3845357349501,
      "params_norm": [
        1.0922999163697997e-07,
        -1.936360687196331e-07,
        1.0137572068589287e-07,
        0.9999999843147139
      ],
      "rss": 8.68221246950131e-13
    },
    "O(log n)": {
      "r2": 0,
      "aic": -166.6413357972293,
      "params_norm": [
        -4.218004269987846e-09,
        0.9999999972302877
      ],
      "rss": 1.3714811477962361e-12
    },
    "O(n log n)": {
      "r2": 0,
      "aic": -176.92561126973828,
      "params_norm": [
        -8.531161804738576e-09,
        0.9999999979301961
      ],
      "rss": 2.470524475917974e-13
    },
    "O(2^n)": {
      "r2": 0,
      "aic": -209.51172534417447,
      "params_norm": [
        0.9999999998528463,
        2.5226359021217946e-10
      ],
      "rss": 1.0817516658820092e-15
    },
    "O(n^k)": {
      "r2": 0,
      "aic": -164.67082064537257,
      "params_norm": [
        0.9999999973302715,
        -4.845089375126886e-09
      ],
      "rss": 1.904673261498868e-12
    }
  }
}