{
  "best_model": "O(2^n)",
  "details": {
    "O(1)": {
      "r2": 0,
      "aic": Infinity,
      "params_norm": [
        1.0
      ],
      "rss": 0.0
    },
    "O(n)": {
      "r2": 0,
      "aic": -3604.3100941887933,
      "params_norm": [
        3.539513381405014e-10,
        0.9999999997936918
      ],
      "rss": 3.0779289005168204e-14
    },
    "O(n^2)": {
      "r2": 0,
      "aic": -3069.31239119631,
      "params_norm": [
        2.262728146446774e-08,
        -2.697387986981183e-08,
        1.000000006707853
      ],
      "rss": 6.019801989460917e-12
    },
    "O(n^3)": {
      "r2": 0,
      "aic": -3014.239934641254,
      "params_norm": [
        9.207473059506364e-09,
        1.2993395631032284e-08,
        -2.4496106730549883e-08,
        1.0000000064036458
      ],
      "rss": 1.0163964274164372e-11
    },
    "O(log n)": {
      "r2": 0,
      "aic": -3144.3005207541028,
      "params_norm": [
        -1.7262467729194512e-09,
        0.9999999988883356
      ],
      "rss": 2.9260019877589215e-12
    },
    "O(n log n)": {
      "r2": 0,
      "aic": -3573.287271893539,
      "params_norm": [
        9.149493385152141e-10,
        1.000000000238507
      ],
      "rss": 4.184610345884931e-14
    },
    "O(2^n)": {
      "r2": 0,
      "aic": -3782.715934488625,
      "params_norm": [
        1.0000000000853677,
        -1.463447165138362e-10
      ],
      "rss": 5.261665283588444e-15
    },
    "O(n^k)": {
      "r2": 0,
      "aic": -3483.000590659916,
      "params_norm": [
        0.999999999792065,
        -3.2278032427202367e-10
      ],
      "rss": 1.0230169300681462e-13
    }
  }
}