{
  "valid_points": 76,
  "models": {
    "Constant": {
      "r2": 0.0,
      "aic": -118.49336782748088,
      "bic": -113.83190114690822,
      "params": [
        -99.39066487805623,
        100.60933512194381
      ],
      "confidence_score": 0.0
    },
    "Linear": {
      "r2": 0.9941076229340102,
      "aic": -508.68464757602374,
      "bic": -504.02318089545105,
      "params": [
        0.00038598760654784403,
        0.0657862085408496
      ],
      "confidence_score": 0.9741076229340102
    },
    "Quadratic": {
      "r2": 0.9724864408205003,
      "aic": -389.5671692685998,
      "bic": -382.5749692477408,
      "params": [
        6.270203700110947e-08,
        1.0,
        0.5758093592656236
      ],
      "confidence_score": 0.9324864408205003
    },
    "Cubic": {
      "r2": 0.9149668102102207,
      "aic": -301.811603752291,
      "bic": -292.48867039114566,
      "params": [
        1.2024222252697448e-11,
        1.0,
        1.0,
        0.7543454087337732
      ],
      "confidence_score": 0.8649668102102207
    },
    "Logarithmic": {
      "r2": 0.948570472556009,
      "aic": -344.02662120290404,
      "bic": -339.36515452233135,
      "params": [
        1.0011120918686307,
        -6.705524404989691
      ],
      "confidence_score": 0.938570472556009
    },
    "N Log N": {
      "r2": 0.9945177896947063,
      "aic": -514.1681336684412,
      "bic": -509.5066669878685,
      "params": [
        4.308693507320368e-05,
        0.17881102431097493
      ],
      "confidence_score": 0.9645177896947063
    }
  }
}