{
  "valid_points": 13,
  "models": {
    "Constant": {
      "r2": 0.7,
      "aic": 106.09605287407491,
      "bic": 107.22595158899799,
      "params": [
        18.570029698885406,
        1.0
      ],
      "confidence_score": 0.09999999999999998
    },
    "Linear": {
      "r2": 0.9243567302482588,
      "aic": 72.53360436599777,
      "bic": 73.66350308092085,
      "params": [
        0.021201326657870112,
        -7.125702305936246
      ],
      "confidence_score": 0.45461403814895524
    },
    "Quadratic": {
      "r2": 0.9999765884116238,
      "aic": -30.51357969556961,
      "bic": -28.818731623185002,
      "params": [
        2.827790388182372e-06,
        1.0,
        0.11358477155755575
      ],
      "confidence_score": 0.9799859530469743
    },
    "Cubic": {
      "r2": 0.9823824429290525,
      "aic": 57.59088180089003,
      "bic": 59.850679230736176,
      "params": [
        3.448818040676561e-10,
        1.0,
        1.0,
        2.9089495773696563
      ],
      "confidence_score": 0.5694294657574315
    },
    "Logarithmic": {
      "r2": 0.3224289935470124,
      "aic": 101.03592084715832,
      "bic": 102.1658195620814,
      "params": [
        10.560813868884118,
        -30.662443619267595
      ],
      "confidence_score": 0.3092144967735062
    },
    "N Log N": {
      "r2": 0.9474335440442089,
      "aic": 67.80225080625908,
      "bic": 68.93214952118217,
      "params": [
        0.002404099262643665,
        -5.618303247632184
      ],
      "confidence_score": 0.698
    }
  }
}