{
  "valid_points": 18,
  "models": {
    "Constant": {
      "r2": 0.7,
      "aic": 112.16174581985132,
      "bic": 113.94248933564364,
      "params": [
        -96.02181112600692,
        103.97818887399302
      ],
      "confidence_score": 0.11999999999999998
    },
    "Linear": {
      "r2": 0.9942284866852958,
      "aic": 19.374968540979424,
      "bic": 21.15571205677175,
      "params": [
        8.422367497340488e-05,
        1.823490482003817
      ],
      "confidence_score": 0.8965370920111775
    },
    "Quadratic": {
      "r2": 0.9617331629958612,
      "aic": 55.42465643580499,
      "bic": 58.095771709493484,
      "params": [
        7.8648321076613e-11,
        1.0,
        3.0521502806705203
      ],
      "confidence_score": 0.5570399016049119
    },
    "Cubic": {
      "r2": 0.9565065132528139,
      "aic": 59.729152342989295,
      "bic": 63.290639374573956,
      "params": [
        7.472818254431163e-17,
        1.0,
        1.0,
        3.159278382672013
      ],
      "confidence_score": 0.5539039082352037
    },
    "Logarithmic": {
      "r2": 0.32806641596163,
      "aic": 105.00502184069936,
      "bic": 106.78576535649168,
      "params": [
        3.0130510183593633,
        -11.90840095772572
      ],
      "confidence_score": 0.412033207980815
    },
    "N Log N": {
      "r2": 0.9904013708730491,
      "aic": 28.531316000191865,
      "bic": 30.312059515984195,
      "params": [
        6.062251720069761e-06,
        2.0815560422528323
      ],
      "confidence_score": 0.6510820924865123
    }
  }
}