{
  "valid_points": 9,
  "models": {
    "Constant": {
      "r2": 0.7,
      "aic": -54.993384624065904,
      "bic": -54.59893546939347,
      "params": [
        -0.82452392578125,
        1.0
      ],
      "confidence_score": 0.12000001009153048
    },
    "Linear": {
      "r2": 0.9726110011142247,
      "aic": -87.3719092446375,
      "bic": -86.97746008996505,
      "params": [
        0.00017225128186497854,
        0.11069045320619975
      ],
      "confidence_score": 0.6280450463924221
    },
    "Quadratic": {
      "r2": 0.9659297058041801,
      "aic": -83.40734933482294,
      "bic": -82.81567560281428,
      "params": [
        1.870477026599815e-07,
        1.0,
        0.1402898034436526
      ],
      "confidence_score": 0.5775914487981786
    },
    "Cubic": {
      "r2": 0.9003303013651639,
      "aic": -71.74642678679854,
      "bic": -70.95752847745366,
      "params": [
        2.2311744965837577e-10,
        1.0,
        1.0,
        0.15035083988825687
      ],
      "confidence_score": 0.5202461673230938
    },
    "Logarithmic": {
      "r2": 0.8589171100915622,
      "aic": -72.61905383084203,
      "bic": -72.22460467616959,
      "params": [
        0.05870439949866252,
        -0.16258293582166145
      ],
      "confidence_score": 0.648067814486107
    },
    "N Log N": {
      "r2": 0.97815777681283,
      "aic": -89.4085776750819,
      "bic": -89.01412852040946,
      "params": [
        2.4583792017892712e-05,
        0.11916869820595266
      ],
      "confidence_score": 0.898
    }
  }
}