{
  "valid_points": 56,
  "models": {
    "Constant": {
      "r2": 0.7,
      "aic": -227.25846795572178,
      "bic": -223.20776457425148,
      "params": [
        -99.77935687638815,
        100.22064312361184
      ],
      "confidence_score": 0.11999999999999998
    },
    "Linear": {
      "r2": 0.9634238711402707,
      "aic": -412.5265981809757,
      "bic": -408.47589479950545,
      "params": [
        0.00014458945780877042,
        0.08110358001337589
      ],
      "confidence_score": 0.8780543226841624
    },
    "Quadratic": {
      "r2": 0.9374009853014624,
      "aic": -380.4347894315578,
      "bic": -374.35873435935235,
      "params": [
        2.8268429105232584e-08,
        1.0,
        0.24490900378320304
      ],
      "confidence_score": 0.5424406067984212
    },
    "Cubic": {
      "r2": 0.8817007110752028,
      "aic": -342.79256900825624,
      "bic": -334.69116224531564,
      "params": [
        6.6552581907640905e-12,
        1.0,
        1.0,
        0.30150354198702045
      ],
      "confidence_score": 0.5090204266451216
    },
    "Logarithmic": {
      "r2": 0.9395277607708549,
      "aic": -384.370436953955,
      "bic": -380.31973357248467,
      "params": [
        0.324023587943174,
        -2.070934428832957
      ],
      "confidence_score": 0.4980002307217455
    },
    "N Log N": {
      "r2": 0.9626612639947633,
      "aic": -411.37101153008206,
      "bic": -407.32030814861173,
      "params": [
        1.6452475517024073e-05,
        0.11822706707917553
      ],
      "confidence_score": 0.8163405732703736
    }
  }
}