{
  "valid_points": 79,
  "models": {
    "Constant": {
      "r2": 0.0,
      "aic": 15.01329637067969,
      "bic": 19.752192075613735,
      "params": [
        -98.71297520172749,
        101.28702479827257
      ],
      "confidence_score": 0.0
    },
    "Linear": {
      "r2": 0.9973960109981477,
      "aic": -455.092855107417,
      "bic": -450.35395940248293,
      "params": [
        0.0009319400721033988,
        -0.18048213555783876
      ],
      "confidence_score": 0.9773960109981477
    },
    "Quadratic": {
      "r2": 0.9762614962523108,
      "aic": -278.4986001846352,
      "bic": -271.3902566272342,
      "params": [
        1.5301547289265445e-07,
        1.0,
        1.0352756416138051
      ],
      "confidence_score": 0.9362614962523108
    },
    "Cubic": {
      "r2": 0.9161779031400653,
      "aic": -176.83233465463837,
      "bic": -167.3545432447703,
      "params": [
        2.948177882938085e-11,
        1.0,
        1.0,
        1.466738240975614
      ],
      "confidence_score": 0.8661779031400653
    },
    "Logarithmic": {
      "r2": 0.9461503474255102,
      "aic": -215.78989047241333,
      "bic": -211.0509947674793,
      "params": [
        2.36816708191955,
        -16.141794550048832
      ],
      "confidence_score": 0.9361503474255102
    },
    "N Log N": {
      "r2": 0.9980929860583059,
      "aic": -479.7018183150366,
      "bic": -474.9629226101025,
      "params": [
        0.00010420016353471871,
        0.08836775469438199
      ],
      "confidence_score": 0.9680929860583058
    }
  }
}