{
  "Constant": {
    "r2": -2.220446049250313e-16,
    "aic": 487.3040049090414,
    "bic": 489.96841392939183,
    "params": [
      501.36654928945427,
      4353.086116761278
    ]
  },
  "Linear": {
    "r2": 0.8308351308636299,
    "aic": 437.55132339664425,
    "bic": 440.2157324169947,
    "params": [
      57.44100447960823,
      -3847.8595886016906
    ]
  },
  "Quadratic": {
    "r2": 0.9685057509253986,
    "aic": 392.48139598044116,
    "bic": 396.4780095109668,
    "params": [
      0.19800628913359442,
      1.0,
      -1253.5464139896012
    ]
  },
  "Cubic": {
    "r2": 0.999801431412742,
    "aic": 252.62147719548653,
    "bic": 257.95029523618734,
    "params": [
      0.0006944111137104914,
      1.0,
      1.0,
      -52.018156407940666
    ]
  },
  "Logarithmic": {
    "r2": 0.42924145615921616,
    "aic": 471.601912231816,
    "bic": 474.26632125216645,
    "params": [
      3547.7515248460554,
      -11795.612778409202
    ]
  },
  "N Log N": {
    "r2": 0.8680059291254736,
    "aic": 430.6040532084306,
    "bic": 433.26846222878106,
    "params": [
      9.978911908413833,
      -3039.3233158759763
    ]
  }
}