{
  "valid_points": 18,
  "models": {
    "Constant": {
      "r2": 0.9,
      "aic": -223.46166974419808,
      "bic": -221.68092622840575,
      "params": [
        100.02579732487597,
        -99.97420267512403
      ],
      "confidence_score": 0.675287176350023
    },
    "Linear": {
      "r2": 0.1595087163574257,
      "aic": -226.5895062835442,
      "bic": -224.8087627677519,
      "params": [
        -2.5590783665485617e-06,
        0.05543326730160669
      ],
      "confidence_score": 0.3421796206405922
    },
    "Quadratic": {
      "r2": 0.14886356550653912,
      "aic": -224.36296087688882,
      "bic": -221.69184560320033,
      "params": [
        -8.215487788286624e-10,
        1.0,
        0.053508173782669526
      ],
      "confidence_score": 0.14343794271306617
    },
    "Cubic": {
      "r2": 0.13966893637393962,
      "aic": -222.1695538541253,
      "bic": -218.60806682254065,
      "params": [
        -3.437795378580282e-13,
        1.0,
        1.0,
        0.0528773771526139
      ],
      "confidence_score": 0.07966125306549988
    },
    "Logarithmic": {
      "r2": 0.1713154546762352,
      "aic": -226.8441527150456,
      "bic": -225.06340919925327,
      "params": [
        -0.0038843238855553893,
        0.07993108609069328
      ],
      "confidence_score": 0.4336577273381176
    },
    "N Log N": {
      "r2": 0.1581370354341789,
      "aic": -226.56015424652125,
      "bic": -224.77941073072893,
      "params": [
        -3.0686770326723866e-07,
        0.05496911743171248
      ],
      "confidence_score": 0.2582865762569753
    }
  }
}