{
  "valid_points": 18,
  "models": {
    "Constant": {
      "r2": 0.95,
      "aic": -247.35597695175423,
      "bic": -245.5752334359619,
      "params": [
        100.01978211932705,
        -99.98021788067285
      ],
      "confidence_score": 0.6889316840171688
    },
    "Linear": {
      "r2": 0.18150853245441945,
      "aic": -250.96123847283505,
      "bic": -249.18049495704273,
      "params": [
        -1.4056762056569028e-06,
        0.04167275296307127
      ],
      "confidence_score": 0.22398339711739468
    },
    "Quadratic": {
      "r2": 0.14005194210191751,
      "aic": -248.07187616008179,
      "bic": -245.4007608863933,
      "params": [
        -4.10325991093439e-10,
        1.0,
        0.04051995627516442
      ],
      "confidence_score": 0.09938416068841198
    },
    "Cubic": {
      "r2": 0.1053435078966668,
      "aic": -245.35965490930374,
      "bic": -241.7981678777191,
      "params": [
        -1.537374604032862e-13,
        1.0,
        1.0,
        0.04013787155337224
      ],
      "confidence_score": 0.049042343960708265
    },
    "Logarithmic": {
      "r2": 0.22884946884755641,
      "aic": -252.03366724634964,
      "bic": -250.2529237305573,
      "params": [
        -0.0023117330128296252,
        0.05642850571544495
      ],
      "confidence_score": 0.46242473442377824
    },
    "N Log N": {
      "r2": 0.1761581175754926,
      "aic": -250.84395679120883,
      "bic": -249.0632132754165,
      "params": [
        -1.6677505880350224e-07,
        0.041398178947682
      ],
      "confidence_score": 0.3015717855980337
    }
  }
}