{
  "Constant": {
    "r2": 1.1102230246251565e-16,
    "aic": -639.249009045683,
    "bic": -634.6408788592747,
    "params": [
      -99.94332846757534,
      100.05667153242473
    ]
  },
  "Linear": {
    "r2": 0.0075964742215832715,
    "aic": -639.8132941506364,
    "bic": -635.2051639642281,
    "params": [
      -9.864870718079288e-07,
      0.11629586061196395
    ]
  },
  "Quadratic": {
    "r2": 0.003697520204504867,
    "aic": -637.5231326424743,
    "bic": -630.6109373628617,
    "params": [
      -1.1310710857339605e-10,
      1.0,
      0.11450462900025668
    ]
  },
  "Cubic": {
    "r2": 0.0014879418481175133,
    "aic": -635.3591987407178,
    "bic": -626.1429383679011,
    "params": [
      -1.4183975435832558e-14,
      1.0,
      1.0,
      0.11389052317431145
    ]
  },
  "Logarithmic": {
    "r2": 0.01356569480122749,
    "aic": -640.2597417127309,
    "bic": -635.6516115263227,
    "params": [
      -0.003494741978963886,
      0.14101759080492357
    ]
  },
  "N Log N": {
    "r2": 0.0070546734089188545,
    "aic": -639.7729050159161,
    "bic": -635.1647748295078,
    "params": [
      -1.0610948010428366e-07,
      0.1159096267532547
    ]
  }
}