{
  "valid_points": 76,
  "models": {
    "Constant": {
      "r2": 0.0,
      "aic": -704.8708631583061,
      "bic": -700.2093964777334,
      "params": [
        100.05159713327883,
        -99.9484028667212
      ],
      "confidence_score": 0.0
    },
    "Linear": {
      "r2": 0.0009690707398172238,
      "aic": -704.9445482433313,
      "bic": -700.2830815627586,
      "params": [
        -2.557870502073456e-07,
        0.10396835894624556
      ],
      "confidence_score": -0.019030929260182777
    },
    "Quadratic": {
      "r2": 0.0019447749656497093,
      "aic": -703.0188099639925,
      "bic": -696.0266099431335,
      "params": [
        -5.946468485889776e-11,
        1.0,
        0.10381723737459682
      ],
      "confidence_score": -0.03805522503435029
    },
    "Cubic": {
      "r2": 0.003211871751501172,
      "aic": -701.115358265409,
      "bic": -691.7924249042636,
      "params": [
        -1.5105423263374367e-14,
        1.0,
        1.0,
        0.1037927792033911
      ],
      "confidence_score": -0.04678812824849883
    },
    "Logarithmic": {
      "r2": 0.0005388454671098053,
      "aic": -704.9118264512401,
      "bic": -700.2503597706675,
      "params": [
        -0.000507097558640044,
        0.1072157154873036
      ],
      "confidence_score": -0.009461154532890195
    },
    "N Log N": {
      "r2": 0.001051169322693779,
      "aic": -704.9507940446424,
      "bic": -700.2893273640698,
      "params": [
        -2.9727771575818093e-08,
        0.10392217902871496
      ],
      "confidence_score": -0.02894883067730622
    }
  }
}