{
  "valid_points": 59,
  "models": {
    "Constant": {
      "r2": 0.7,
      "aic": 450.212770637915,
      "bic": 454.36784552572647,
      "params": [
        -276.2959477096758,
        346.0049040545525
      ],
      "confidence_score": 0.09999999999999998
    },
    "Linear": {
      "r2": 0.9757056586780537,
      "aic": 230.87957307129335,
      "bic": 235.0346479591048,
      "params": [
        0.0509048809239141,
        -55.00800188963934
      ],
      "confidence_score": 0.4854233952068322
    },
    "Quadratic": {
      "r2": 0.9997652720765416,
      "aic": -40.855155099449256,
      "bic": -34.6225427677321,
      "params": [
        1.0391403013620959e-05,
        1.0,
        -0.19920740053585662
      ],
      "confidence_score": 0.9798591632459249
    },
    "Cubic": {
      "r2": 0.9829589232141541,
      "aic": 213.9571851306437,
      "bic": 222.26733490626657,
      "params": [
        2.540177243795989e-09,
        1.0,
        1.0,
        18.8168228114433
      ],
      "confidence_score": 0.5697753539284924
    },
    "Logarithmic": {
      "r2": 0.8962403459832892,
      "aic": 316.53776430514347,
      "bic": 320.6928391929549,
      "params": [
        108.34326680948112,
        -768.374182630432
      ],
      "confidence_score": 0.498
    },
    "N Log N": {
      "r2": 0.9811277111550398,
      "aic": 215.97919337841302,
      "bic": 220.13426826622447,
      "params": [
        0.00582324969940074,
        -42.52481840455902
      ],
      "confidence_score": 0.698
    }
  }
}