{
  "Constant": {
    "r2": -2.220446049250313e-16,
    "aic": 68.06151766751073,
    "bic": 73.10509482160882,
    "params": [
      -98.75744122444924,
      101.24255877555073
    ]
  },
  "Linear": {
    "r2": 0.9993604255380056,
    "aic": -608.5715728744183,
    "bic": -603.5279957203202,
    "params": [
      0.0010105591445637096,
      0.39844472983071183
    ]
  },
  "Quadratic": {
    "r2": 0.9271091108576017,
    "aic": -170.8673118553412,
    "bic": -163.30194612419407,
    "params": [
      2.1989924525733784e-07,
      1.0,
      1.115787770603785
    ]
  },
  "Cubic": {
    "r2": 0.8232660421100367,
    "aic": -87.38457840410835,
    "bic": -77.29742409591219,
    "params": [
      4.876136543964331e-11,
      1.0,
      1.0,
      1.4506527757807346
    ]
  },
  "Logarithmic": {
    "r2": 0.6119735332480447,
    "aic": -19.03320134593773,
    "bic": -13.98962419183965,
    "params": [
      0.6122702194753222,
      -1.7685283909299705
    ]
  },
  "N Log N": {
    "r2": 0.9977445642886178,
    "aic": -492.6243959526483,
    "bic": -487.5808187985502,
    "params": [
      0.00011919384240293499,
      0.537505757739432
    ]
  }
}