{
  "valid_points": 56,
  "models": {
    "Constant": {
      "r2": 0.0,
      "aic": -423.71828603910683,
      "bic": -419.66758265763656,
      "params": [
        100.12198569519178,
        -99.87801430480826
      ],
      "confidence_score": 0.0
    },
    "Linear": {
      "r2": 0.003065046018449147,
      "aic": -423.8901922010764,
      "bic": -419.8394888196061,
      "params": [
        -1.415891516032275e-06,
        0.24748583539712155
      ],
      "confidence_score": -0.016934953981550854
    },
    "Quadratic": {
      "r2": 0.003922239495268376,
      "aic": -421.93836333145896,
      "bic": -415.8623082592535,
      "params": [
        -3.1703217828749075e-10,
        1.0,
        0.24615820431715107
      ],
      "confidence_score": -0.036077760504731625
    },
    "Cubic": {
      "r2": 0.004400546786201609,
      "aic": -419.9652604698333,
      "bic": -411.8638537068927,
      "params": [
        -8.139039323883956e-14,
        1.0,
        1.0,
        0.2456643287304509
      ],
      "confidence_score": -0.045599453213798394
    },
    "Logarithmic": {
      "r2": 0.001982391064788369,
      "aic": -423.8294101208564,
      "bic": -419.77870673938605,
      "params": [
        -0.0025854226623041494,
        0.26400827983095754
      ],
      "confidence_score": -0.008017608935211631
    },
    "N Log N": {
      "r2": 0.00318101192442366,
      "aic": -423.8967066365891,
      "bic": -419.84600325511883,
      "params": [
        -1.6417576492265893e-07,
        0.24718205698953324
      ],
      "confidence_score": -0.02681898807557634
    }
  }
}