{
  "valid_points": 19,
  "models": {
    "Constant": {
      "r2": 0.7,
      "aic": 99.89588562676073,
      "bic": 101.78476358509361,
      "params": [
        -97.31870142644955,
        102.68129857355042
      ],
      "confidence_score": 0.09999999999999998
    },
    "Linear": {
      "r2": 0.9998623639958842,
      "aic": -69.03117654182819,
      "bic": -67.1422985834953,
      "params": [
        0.00019578775512796298,
        -0.05032630969056817
      ],
      "confidence_score": 0.8999174183975305
    },
    "Quadratic": {
      "r2": 0.9262224054519012,
      "aic": 52.36858200954431,
      "bic": 55.20189894704363,
      "params": [
        7.718892390519662e-10,
        1.0,
        1.6402235963211895
      ],
      "confidence_score": 0.5357334432711407
    },
    "Cubic": {
      "r2": 0.8507976166004987,
      "aic": 67.74930490732172,
      "bic": 71.52706082398747,
      "params": [
        2.860523597518588e-15,
        1.0,
        1.0,
        2.2630527189570584
      ],
      "confidence_score": 0.49047856996029915
    },
    "Logarithmic": {
      "r2": 0.39235472215751055,
      "aic": 90.43076978112629,
      "bic": 92.31964773945917,
      "params": [
        2.1686572191599955,
        -8.815467910296544
      ],
      "confidence_score": 0.3441773610787553
    },
    "N Log N": {
      "r2": 0.9993245080003123,
      "aic": -38.80543001257673,
      "bic": -36.91655205424385,
      "params": [
        1.5858506643175495e-05,
        0.20031598293174666
      ],
      "confidence_score": 0.6480000819754465
    }
  }
}