{
  "valid_points": 28,
  "models": {
    "Constant": {
      "r2": 0.7,
      "aic": -545.8353067795961,
      "bic": -543.1708977592457,
      "params": [
        -99.99974707939796,
        100.00025292060212
      ],
      "confidence_score": 0.12010420474561384
    },
    "Linear": {
      "r2": 0.42931572427892584,
      "aic": -561.5410431038255,
      "bic": -558.8766340834751,
      "params": [
        3.2219752173633705e-13,
        0.0004934855989423239
      ],
      "confidence_score": 0.5150956068766053
    },
    "Quadratic": {
      "r2": 0.4965258947594893,
      "aic": -563.0495507140329,
      "bic": -559.0529371835073,
      "params": [
        7.030835827576298e-22,
        1.0,
        0.0004961912019844266
      ],
      "confidence_score": 0.668367199041249
    },
    "Cubic": {
      "r2": 0.5193121823987386,
      "aic": -562.3463497079758,
      "bic": -557.017531667275,
      "params": [
        1.3625617162964222e-30,
        1.0,
        1.0,
        0.0004972352362884806
      ],
      "confidence_score": 0.4327060149270311
    },
    "Logarithmic": {
      "r2": 0.42201283095882813,
      "aic": -561.1850078441083,
      "bic": -558.520598823758,
      "params": [
        6.281405163636295e-06,
        0.0004384783020916824
      ],
      "confidence_score": 0.8334115209127906
    },
    "N Log N": {
      "r2": 0.4338755985780537,
      "aic": -561.76566694367,
      "bic": -559.1012579233196,
      "params": [
        1.6251309518245063e-14,
        0.0004937459864987104
      ],
      "confidence_score": 0.8149377992890269
    }
  }
}