{
  "valid_points": 105,
  "models": {
    "Constant": {
      "r2": 0.7,
      "aic": -405.5055937347409,
      "bic": -400.19767303442586,
      "params": [
        -99.81893489048582,
        100.18106510951411
      ],
      "confidence_score": 0.35
    },
    "Linear": {
      "r2": 0.9774500107309689,
      "aic": -803.6677660700828,
      "bic": -798.3598453697678,
      "params": [
        0.00010470286319919087,
        0.10547358622297942
      ],
      "confidence_score": 0.9764700064385814
    },
    "Quadratic": {
      "r2": 0.9211376067207564,
      "aic": -670.2109280011383,
      "bic": -662.2490469506657,
      "params": [
        1.9065729317523588e-08,
        1.0,
        0.21316004760318683
      ],
      "confidence_score": 0.5326825640324538
    },
    "Cubic": {
      "r2": 0.8328124204491515,
      "aic": -589.3126746724863,
      "bic": -578.6968332718562,
      "params": [
        3.814304772535772e-12,
        1.0,
        1.0,
        0.25335638235200264
      ],
      "confidence_score": 0.47968745226949083
    },
    "Logarithmic": {
      "r2": 0.8107657606788692,
      "aic": -580.3064090647392,
      "bic": -574.9984883644241,
      "params": [
        0.16814208309626716,
        -0.9137037967976369
      ],
      "confidence_score": 0.548
    },
    "N Log N": {
      "r2": 0.9756679093378876,
      "aic": -795.6813093657937,
      "bic": -790.3733886654786,
      "params": [
        1.1946211849226843e-05,
        0.12883017275350814
      ],
      "confidence_score": 0.5535320260486403
    }
  }
}