{
  "valid_points": 112,
  "models": {
    "Constant": {
      "r2": 0.0,
      "aic": -440.0857678183584,
      "bic": -434.64877007576825,
      "params": [
        100.1787151309796,
        -99.82128486902045
      ],
      "confidence_score": 0.0
    },
    "Linear": {
      "r2": 0.9798327818611277,
      "aic": -877.2998158312693,
      "bic": -871.8628180886791,
      "params": [
        0.00010449857403349583,
        0.10496823825421897
      ],
      "confidence_score": 0.9598327818611276
    },
    "Quadratic": {
      "r2": 0.9250374703089326,
      "aic": -728.2516599921272,
      "bic": -720.096163378242,
      "params": [
        1.892440282258434e-08,
        1.0,
        0.21476594330591592
      ],
      "confidence_score": 0.8850374703089325
    },
    "Cubic": {
      "r2": 0.838975284065606,
      "aic": -640.6198778122173,
      "bic": -629.745882327037,
      "params": [
        3.780729389460966e-12,
        1.0,
        1.0,
        0.2549998724031937
      ],
      "confidence_score": 0.7889752840656059
    },
    "Logarithmic": {
      "r2": 0.8028274217370673,
      "aic": -621.9374688361437,
      "bic": -616.5004710935535,
      "params": [
        0.16747827308915034,
        -0.9130267790331318
      ],
      "confidence_score": 0.7928274217370673
    },
    "N Log N": {
      "r2": 0.9783888996427186,
      "aic": -869.5551651954056,
      "bic": -864.1181674528154,
      "params": [
        1.1914995684609831e-05,
        0.12871452962836022
      ],
      "confidence_score": 0.9483888996427186
    }
  }
}