{
  "Constant": {
    "name": "Constant",
    "r2": 0.0,
    "bic": 279.1378659020687,
    "confidence_score": -0.14978661367769955,
    "params": [
      49.09684922385685,
      756.976673929363
    ],
    "order": 0
  },
  "Linear": {
    "name": "Linear",
    "r2": 0.717092473442937,
    "bic": 253.8851619816795,
    "confidence_score": 0.5273058597652375,
    "params": [
      8.999955988228058,
      1.0659733782597141e-16
    ],
    "order": 2
  },
  "Quadratic": {
    "name": "Quadratic",
    "r2": 0.9501946813432725,
    "bic": 222.14092816925503,
    "confidence_score": 0.6455147608267232,
    "params": [
      0.057520819315799915,
      4.386980502815809e-18,
      1.659443215994428e-18
    ],
    "order": 4
  },
  "Cubic": {
    "name": "Cubic",
    "r2": 0.9999019804557615,
    "bic": 100.52245708572761,
    "confidence_score": 0.6003287531003624,
    "params": [
      0.0003178021726996834,
      5.2483592046595254e-20,
      5.9816212134754e-20,
      1.0440538305442495e-19
    ],
    "order": 5
  },
  "Logarithmic": {
    "name": "Logarithmic",
    "r2": 0.24339615702094852,
    "bic": 273.55955615163566,
    "confidence_score": 0.07360954334324897,
    "params": [
      207.2973020787703,
      8.77823577445213e-14
    ],
    "order": 1
  },
  "N Log N": {
    "name": "N Log N",
    "r2": 0.7895007743604125,
    "bic": 247.97239981130355,
    "confidence_score": 0.579714160682713,
    "params": [
      1.8219346694034466,
      6.994372235506912e-19
    ],
    "order": 3
  },
  "confidence_analysis": {
    "best_model": "Quadratic",
    "best_score": 0.6455147608267232,
    "second_best_model": "Cubic",
    "second_best_score": 0.6003287531003624,
    "confidence_gap": 0.04518600772636083,
    "is_confident": true,
    "threshold": 0.03
  }
}