{
  "Constant": {
    "r2": 2.220446049250313e-16,
    "aic": 1139.068792710528,
    "bic": 1143.2574818349722,
    "params": [
      13162.532895533483,
      2421.0547859093667
    ]
  },
  "Linear": {
    "r2": 0.9287109177774674,
    "aic": 980.6080674428102,
    "bic": 984.7967565672544,
    "params": [
      14.269899506924071,
      -19734.413711942598
    ]
  },
  "Quadratic": {
    "r2": 0.9863762425632254,
    "aic": 883.3123843169778,
    "bic": 889.5954180036441,
    "params": [
      0.0029352778640817216,
      1.0,
      -4597.670768892689
    ]
  },
  "Cubic": {
    "r2": 0.9997174549162827,
    "aic": 652.7684468066835,
    "bic": 661.1458250555719,
    "params": [
      7.202853639666996e-07,
      1.0,
      1.0,
      653.4225084270262
    ]
  },
  "Logarithmic": {
    "r2": 0.8187512822196131,
    "aic": 1036.5956891352791,
    "bic": 1040.7843782597233,
    "params": [
      30010.891897824906,
      -216837.0621006199
    ]
  },
  "N Log N": {
    "r2": 0.9379658114651337,
    "aic": 972.2646156343759,
    "bic": 976.4533047588201,
    "params": [
      1.6341871355162474,
      -16278.75670422848
    ]
  }
}