{
  "valid_points": 19,
  "models": {
    "Constant": {
      "r2": 0.7,
      "aic": 110.71105031808017,
      "bic": 112.59992827641305,
      "params": [
        -96.46752161022862,
        103.53247838977136
      ],
      "confidence_score": 0.09999999999999998
    },
    "Linear": {
      "r2": 0.9997184194723505,
      "aic": -44.61569929773914,
      "bic": -42.72682133940626,
      "params": [
        0.00026023076632046766,
        -0.12961581948642015
      ],
      "confidence_score": 0.8998310516834103
    },
    "Quadratic": {
      "r2": 0.928150411389009,
      "aic": 62.68062286745436,
      "bic": 65.51393980495368,
      "params": [
        1.0270956830971084e-09,
        1.0,
        2.1118707494501066
      ],
      "confidence_score": 0.5368902468334054
    },
    "Cubic": {
      "r2": 0.8527784480263385,
      "aic": 78.31053357781768,
      "bic": 82.08828949448343,
      "params": [
        3.8067546571144554e-15,
        1.0,
        1.0,
        2.9401156868525575
      ],
      "confidence_score": 0.491667068815803
    },
    "Logarithmic": {
      "r2": 0.38785379709569157,
      "aic": 101.38615182212881,
      "bic": 103.2750297804617,
      "params": [
        2.866090314000366,
        -11.67272780368843
      ],
      "confidence_score": 0.34192689854784575
    },
    "N Log N": {
      "r2": 0.9995696699004231,
      "aic": -36.55715111861792,
      "bic": -34.66827316028504,
      "params": [
        2.1082394265800664e-05,
        0.20218917793556468
      ],
      "confidence_score": 0.6533361711628546
    }
  }
}