{
  "valid_points": 19,
  "models": {
    "Constant": {
      "r2": -2.220446049250313e-16,
      "aic": 27.734486704989852,
      "bic": 29.623364663322732,
      "params": [
        -98.83661879912802,
        101.16338120087198
      ],
      "confidence_score": -2.220446049250313e-16
    },
    "Linear": {
      "r2": 0.7836778272929513,
      "aic": -1.354255697360645,
      "bic": 0.5346222609722355,
      "params": [
        0.027439248951618422,
        -0.773872729788937
      ],
      "confidence_score": 0.7636778272929513
    },
    "Quadratic": {
      "r2": 0.8378922180165875,
      "aic": -4.835896332764063,
      "bic": -2.0025793952647426,
      "params": [
        0.00012214577499637831,
        1.0,
        0.3236938401255149
      ],
      "confidence_score": 0.7978922180165875
    },
    "Cubic": {
      "r2": 0.8282708637993329,
      "aic": -1.7404131217074514,
      "bic": 2.0373427949583096,
      "params": [
        5.822344814054858e-07,
        1.0,
        1.0,
        0.7701777302335203
      ],
      "confidence_score": 0.7782708637993329
    },
    "Logarithmic": {
      "r2": 0.5874711204369502,
      "aic": 10.910954477663521,
      "bic": 12.799832435996402,
      "params": [
        1.9425731875242693,
        -6.447029896559666
      ],
      "confidence_score": 0.5774711204369501
    },
    "N Log N": {
      "r2": 0.8017089287396796,
      "aic": -3.0078794419790507,
      "bic": -1.1190014836461701,
      "params": [
        0.004933397310819817,
        -0.3973196606822481
      ],
      "confidence_score": 0.7717089287396796
    }
  }
}