{
  "Constant": {
    "name": "Constant",
    "r2": -2.220446049250313e-16,
    "bic": 102.35126728404077,
    "confidence_score": -0.1549704725877076,
    "params": [
      11.64552430207124,
      3.959991341064028e-06
    ],
    "order": 0
  },
  "Linear": {
    "name": "Linear",
    "r2": 0.7028598801842085,
    "bic": 79.29378940072543,
    "confidence_score": 0.5078894075965011,
    "params": [
      0.12304395993005647,
      2.619001829033056e-12
    ],
    "order": 2
  },
  "Quadratic": {
    "name": "Quadratic",
    "r2": 0.9458945826810685,
    "bic": 49.87610796891158,
    "confidence_score": 0.6334388737995075,
    "params": [
      0.0007861229271917566,
      3.743678335402502e-17,
      1.4144582816876977e-17
    ],
    "order": 4
  },
  "Cubic": {
    "name": "Cubic",
    "r2": 0.9988121229247855,
    "bic": -19.73601793092822,
    "confidence_score": 0.5888711777493708,
    "params": [
      4.334574206373509e-06,
      2.596209168765801e-18,
      8.753891336656098e-17,
      0.057187142985101275
    ],
    "order": 5
  },
  "Logarithmic": {
    "name": "Logarithmic",
    "r2": 0.21437650469243907,
    "bic": 97.7669926005568,
    "confidence_score": 0.03940603210473169,
    "params": [
      2.8489535570062725,
      2.864069509495404e-14
    ],
    "order": 1
  },
  "N Log N": {
    "name": "N Log N",
    "r2": 0.7779411732063432,
    "bic": 73.75982129758977,
    "confidence_score": 0.5629707006186357,
    "params": [
      0.024902376979035228,
      4.112530040581687e-20
    ],
    "order": 3
  },
  "confidence_analysis": {
    "best_model": "Quadratic",
    "best_score": 0.6334388737995075,
    "second_best_model": "Cubic",
    "second_best_score": 0.5888711777493708,
    "confidence_gap": 0.04456769605013666,
    "is_confident": true,
    "threshold": 0.03
  }
}