{
  "valid_points": 11,
  "models": {
    "Constant": {
      "r2": 0.7,
      "aic": 91.69999473246001,
      "bic": 92.49578527805676,
      "params": [
        111.33530451492834,
        -88.66469548507172
      ],
      "confidence_score": 0.09999999999999998
    },
    "Linear": {
      "r2": 0.9227587651120924,
      "aic": 63.530954559823556,
      "bic": 64.3267451054203,
      "params": [
        0.0850684795525559,
        -8.905263880423927
      ],
      "confidence_score": 0.4536552590672554
    },
    "Quadratic": {
      "r2": 0.9999962873555396,
      "aic": -43.84143283713882,
      "bic": -42.64774701874371,
      "params": [
        4.4810214974599916e-05,
        1.0,
        -0.07761027356403338
      ],
      "confidence_score": 0.9799977724133238
    },
    "Cubic": {
      "r2": 0.9840233761986048,
      "aic": 50.19707972024086,
      "bic": 51.78866081143434,
      "params": [
        2.181071636295683e-08,
        1.0,
        1.0,
        3.238642514988629
      ],
      "confidence_score": 0.5704140257191629
    },
    "Logarithmic": {
      "r2": 0.36237576377143155,
      "aic": 86.74992718610501,
      "bic": 87.54571773170176,
      "params": [
        13.831998178218784,
        -33.29383197327736
      ],
      "confidence_score": 0.3291878818857158
    },
    "N Log N": {
      "r2": 0.9493267137293909,
      "aic": 58.8940742745985,
      "bic": 59.68986482019524,
      "params": [
        0.011391069509386549,
        -6.673323756615243
      ],
      "confidence_score": 0.698
    }
  }
}