{
  "Constant": {
    "r2": 0.0,
    "aic": -398.5899953926769,
    "bic": -394.03666315464477,
    "params": [
      100.12088797262159,
      -99.87911202737851
    ]
  },
  "Linear": {
    "r2": 0.9359654254943148,
    "aic": -596.4699076612302,
    "bic": -591.9165754231981,
    "params": [
      6.895928754624414e-05,
      0.07094846570434676
    ]
  },
  "Quadratic": {
    "r2": 0.9452283617786382,
    "aic": -605.7199548117133,
    "bic": -598.8899564546651,
    "params": [
      1.3649173658078764e-08,
      1.0,
      0.1479973260650122
    ]
  },
  "Cubic": {
    "r2": 0.9196068594874882,
    "aic": -576.0894978807513,
    "bic": -566.9828334046871,
    "params": [
      3.24084866124133e-12,
      1.0,
      1.0,
      0.17468513757452753
    ]
  },
  "Logarithmic": {
    "r2": 0.8758165566586242,
    "aic": -548.7816659782047,
    "bic": -544.2283337401726,
    "params": [
      0.15184750731984842,
      -0.9347980479457925
    ]
  },
  "N Log N": {
    "r2": 0.9393834383787399,
    "aic": -600.4194686925349,
    "bic": -595.8661364545028,
    "params": [
      7.859691905528579e-06,
      0.08841704171466878
    ]
  }
}