{
  "Constant": {
    "r2": 0.0,
    "aic": -434.2836083874424,
    "bic": -429.62214170686974,
    "params": [
      -99.82787975061098,
      100.1721202493891
    ]
  },
  "Linear": {
    "r2": 0.9067857396354333,
    "aic": -614.6205550076077,
    "bic": -609.959088327035,
    "params": [
      4.639697123487441e-05,
      0.20566007153654242
    ]
  },
  "Quadratic": {
    "r2": 0.8951124441314406,
    "aic": -603.6534547216169,
    "bic": -596.6612547007579,
    "params": [
      7.599226864455889e-09,
      1.0,
      0.26642841527912536
    ]
  },
  "Cubic": {
    "r2": 0.8464663076963249,
    "aic": -572.6950867950312,
    "bic": -563.3721534338858,
    "params": [
      1.4655191739271279e-12,
      1.0,
      1.0,
      0.2878652542851424
    ]
  },
  "Logarithmic": {
    "r2": 0.8533383854849035,
    "aic": -580.1752822617025,
    "bic": -575.5138155811298,
    "params": [
      0.11912685918794556,
      -0.5987522948910591
    ]
  },
  "N Log N": {
    "r2": 0.9083080152250707,
    "aic": -615.8719519911053,
    "bic": -611.2104853105327,
    "params": [
      5.184587636613482e-06,
      0.21912492987958332
    ]
  }
}