{
  "valid_points": 10,
  "models": {
    "Constant": {
      "r2": 0.7,
      "aic": 58.28979087376586,
      "bic": 58.89496105975395,
      "params": [
        5.607743725180625,
        1.0
      ],
      "confidence_score": 0.09999999999999998
    },
    "Linear": {
      "r2": 0.9152228921682042,
      "aic": 33.61249359934219,
      "bic": 34.217663785330274,
      "params": [
        0.04614786555518291,
        -2.787961701854553
      ],
      "confidence_score": 0.4491337353023241
    },
    "Quadratic": {
      "r2": 0.9996554970476778,
      "aic": -19.44428810294823,
      "bic": -18.536532823966095,
      "params": [
        4.837560144455022e-05,
        1.0,
        -0.1359021922807886
      ],
      "confidence_score": 0.9797932982286066
    },
    "Cubic": {
      "r2": 0.9881402964348698,
      "aic": 17.943702071432426,
      "bic": 19.154042443408613,
      "params": [
        4.7111496405304276e-08,
        1.0,
        1.0,
        0.8462652505961114
      ],
      "confidence_score": 0.5728841804770292
    },
    "Logarithmic": {
      "r2": 0.37911506352067537,
      "aic": 53.52369585687176,
      "bic": 54.128866042859855,
      "params": [
        4.3175469967987405,
        -9.31623722778203
      ],
      "confidence_score": 0.3375575317603377
    },
    "N Log N": {
      "r2": 0.9449349414123068,
      "aic": 29.29739177984152,
      "bic": 29.902561965829612,
      "params": [
        0.006792870663622954,
        -2.039529053226875
      ],
      "confidence_score": 0.6980000000090929
    }
  }
}