{
  "valid_points": 59,
  "models": {
    "Constant": {
      "r2": 0.0,
      "aic": -2.681332588869168,
      "bic": 1.4737422989422715,
      "params": [
        -98.74136303314711,
        101.2586369668528
      ],
      "confidence_score": 0.0
    },
    "Linear": {
      "r2": 0.872642504339433,
      "aic": -124.26600860123415,
      "bic": -120.11093371342271,
      "params": [
        0.0010178325174481362,
        0.011508286938222478
      ],
      "confidence_score": 0.852642504339433
    },
    "Quadratic": {
      "r2": 0.8721480090835787,
      "aic": -122.03737088875891,
      "bic": -115.80475855704175,
      "params": [
        2.02958330253189e-07,
        1.0,
        1.134534310030638
      ],
      "confidence_score": 0.8321480090835787
    },
    "Cubic": {
      "r2": 0.844473283608488,
      "aic": -108.47665998806296,
      "bic": -100.16651021244009,
      "params": [
        4.86214079351426e-11,
        1.0,
        1.0,
        1.5206509588726778
      ],
      "confidence_score": 0.7944732836084879
    },
    "Logarithmic": {
      "r2": 0.8291781595598826,
      "aic": -106.94224651689169,
      "bic": -102.78717162908025,
      "params": [
        2.2219451031174535,
        -14.677801229183025
      ],
      "confidence_score": 0.8191781595598826
    },
    "N Log N": {
      "r2": 0.8745242078142841,
      "aic": -125.14423595689985,
      "bic": -120.98916106908841,
      "params": [
        0.0001161064355402863,
        0.26685352284408737
      ],
      "confidence_score": 0.8445242078142841
    }
  }
}