{
  "valid_points": 10,
  "models": {
    "Constant": {
      "r2": 0.7,
      "aic": -55.369345477151015,
      "bic": -54.76417529116292,
      "params": [
        -0.9647784978151324,
        1.0
      ],
      "confidence_score": 0.11999999999999998
    },
    "Linear": {
      "r2": 0.9995559453189845,
      "aic": -132.5649739538981,
      "bic": -131.95980376791,
      "params": [
        0.00016414019614596764,
        0.001802558249567321
      ],
      "confidence_score": 0.8997335671913906
    },
    "Quadratic": {
      "r2": 0.913459602105886,
      "aic": -77.84078494105268,
      "bic": -76.93302966207054,
      "params": [
        1.573870824778112e-07,
        1.0,
        0.013281459626818481
      ],
      "confidence_score": 0.5280757612639815
    },
    "Cubic": {
      "r2": 0.8345394000922177,
      "aic": -69.35956727245038,
      "bic": -68.14922690047419,
      "params": [
        1.4735478052672748e-10,
        1.0,
        1.0,
        0.01720081799203517
      ],
      "confidence_score": 0.4807236400553362
    },
    "Logarithmic": {
      "r2": 0.6156138645755613,
      "aic": -64.93042218346163,
      "bic": -64.32525199747354,
      "params": [
        0.01872530764604144,
        -0.03384119537192754
      ],
      "confidence_score": 0.5480000000000006
    },
    "N Log N": {
      "r2": 0.9932381533443292,
      "aic": -105.33393800031773,
      "bic": -104.72876781432964,
      "params": [
        2.3702944527333135e-05,
        0.005047834003168391
      ],
      "confidence_score": 0.6480003664181091
    }
  }
}