{
  "valid_points": 31,
  "models": {
    "Constant": {
      "r2": 0.7,
      "aic": -661.4729795347304,
      "bic": -658.60500512576,
      "params": [
        -99.99989058461877,
        100.0001094153812
      ],
      "confidence_score": 0.3539434019007859
    },
    "Linear": {
      "r2": 0.0005661325069054035,
      "aic": -661.4905346121635,
      "bic": -658.6225602031932,
      "params": [
        3.764400033011263e-15,
        0.0002186350546998694
      ],
      "confidence_score": 0.0
    },
    "Quadratic": {
      "r2": 0.0011766637276184877,
      "aic": -659.5094775874676,
      "bic": -655.2075159740122,
      "params": [
        -1.0506134967081824e-23,
        1.0,
        0.00021905869081364595
      ],
      "confidence_score": 0.0
    },
    "Cubic": {
      "r2": 0.0023864774336525008,
      "aic": -657.5470487526279,
      "bic": -651.8110999346874,
      "params": [
        -2.804264367888413e-32,
        1.0,
        1.0,
        0.00021913072013010206
      ],
      "confidence_score": 0.0
    },
    "Logarithmic": {
      "r2": 0.2438133280610787,
      "aic": -670.1364569293089,
      "bic": -667.2684825203386,
      "params": [
        1.8072416956963763e-06,
        0.0001993451306431466
      ],
      "confidence_score": 0.7199066640305393
    },
    "N Log N": {
      "r2": 0.00032120433076698873,
      "aic": -661.4829384684962,
      "bic": -658.6149640595258,
      "params": [
        1.4163453497995546e-16,
        0.00021868617804817608
      ],
      "confidence_score": 0.20212368907509104
    }
  }
}