{
  "valid_points": 204,
  "models": {
    "Constant": {
      "r2": 0.85,
      "aic": -3205.220628476479,
      "bic": -3198.5843884887904,
      "params": [
        100.00295060887643,
        -99.9970493911235
      ],
      "confidence_score": 0.1950000000029547
    },
    "Linear": {
      "r2": 0.002685469124377171,
      "aic": -3205.769201095391,
      "bic": -3199.1329611077026,
      "params": [
        4.667198186309261e-13,
        0.005896561002531095
      ],
      "confidence_score": 0.0
    },
    "Quadratic": {
      "r2": 0.0013564676647032092,
      "aic": -3203.4975357304343,
      "bic": -3193.543175748902,
      "params": [
        6.8086555213215685e-22,
        1.0,
        0.005899914372187334
      ],
      "confidence_score": 0.0
    },
    "Cubic": {
      "r2": 0.001709768730792871,
      "aic": -3201.569719815403,
      "bic": -3188.297239840026,
      "params": [
        1.4574087597469272e-30,
        1.0,
        1.0,
        0.005899953997091923
      ],
      "confidence_score": 0.0
    },
    "Logarithmic": {
      "r2": 0.2200045258937552,
      "aic": -3255.9079294720964,
      "bic": -3249.271689484408,
      "params": [
        0.00018062782049450105,
        0.0031443400516906507
      ],
      "confidence_score": 0.8080022629468776
    },
    "N Log N": {
      "r2": 0.0022146309420533195,
      "aic": -3205.672914196694,
      "bic": -3199.0366742090055,
      "params": [
        2.1265131256644987e-14,
        0.005897482391700641
      ],
      "confidence_score": 0.19910731547473115
    }
  }
}