{
  "valid_points": 39,
  "models": {
    "Constant": {
      "r2": -2.220446049250313e-16,
      "aic": 683.9904664962241,
      "bic": 687.3175897884835,
      "params": [
        1592.673124390879,
        3601.15447435442
      ],
      "confidence_score": -2.220446049250313e-16
    },
    "Linear": {
      "r2": 0.8227695388363688,
      "aic": 616.5085967348618,
      "bic": 619.8357200271212,
      "params": [
        44.59772612766237,
        -4273.469233368401
      ],
      "confidence_score": 0.8027695388363688
    },
    "Quadratic": {
      "r2": 0.9628482969868808,
      "aic": 557.5733854702944,
      "bic": 562.5640704086834,
      "params": [
        0.10945121898763988,
        1.0,
        -1429.203225049295
      ],
      "confidence_score": 0.9228482969868808
    },
    "Cubic": {
      "r2": 0.993889278083116,
      "aic": 489.1797624779857,
      "bic": 495.8340090625043,
      "params": [
        0.0002723936589377196,
        1.0,
        1.0,
        -98.73052752699053
      ],
      "confidence_score": 0.943889278083116
    },
    "Logarithmic": {
      "r2": 0.4168474497370619,
      "aic": 662.9575144547903,
      "bic": 666.2846377470496,
      "params": [
        3821.9951986543592,
        -14044.75993599794
      ],
      "confidence_score": 0.4068474497370619
    },
    "N Log N": {
      "r2": 0.8584129980944392,
      "aic": 607.7516715370866,
      "bic": 611.078794829346,
      "params": [
        7.317436880424765,
        -3438.7078141907296
      ],
      "confidence_score": 0.8284129980944391
    }
  }
}