{
  "Constant": {
    "r2": 0.0,
    "aic": 322.26013280337963,
    "bic": 325.4819686286681,
    "params": [
      142.48974396771672,
      -57.51025603228315
    ]
  },
  "Linear": {
    "r2": 0.885656652033969,
    "aic": 242.02380009049776,
    "bic": 245.2456359157862,
    "params": [
      0.5732105348982441,
      -31.599141121574235
    ]
  },
  "Quadratic": {
    "r2": 0.9374133886482153,
    "aic": 221.72558850632387,
    "bic": 226.55834224425655,
    "params": [
      0.0013672081667319702,
      1.0,
      8.378176946490672
    ]
  },
  "Cubic": {
    "r2": 0.9117245489608654,
    "aic": 236.45028337836325,
    "bic": 242.89395502894016,
    "params": [
      3.3580768422793376e-06,
      1.0,
      1.0,
      26.210343454256652
    ]
  },
  "Logarithmic": {
    "r2": 0.536463683791994,
    "aic": 293.8119226411635,
    "bic": 297.03375846645196,
    "params": [
      52.05243174028746,
      -174.51872135322793
    ]
  },
  "N Log N": {
    "r2": 0.9051888299575999,
    "aic": 235.09301498258043,
    "bic": 238.31485080786888,
    "params": [
      0.09346736421524442,
      -19.938231769915287
    ]
  }
}