{
  "valid_points": 31,
  "models": {
    "Constant": {
      "r2": 0.7,
      "aic": -175.22430892712916,
      "bic": -172.35633451815886,
      "params": [
        -99.96548578623795,
        100.03451421376197
      ],
      "confidence_score": 0.35
    },
    "Linear": {
      "r2": 0.42081758555498683,
      "aic": -192.15458073247032,
      "bic": -189.28660632350002,
      "params": [
        2.614212893090279e-10,
        0.05543737691235866
      ],
      "confidence_score": 0.24249055133299208
    },
    "Quadratic": {
      "r2": 0.30326777630005564,
      "aic": -184.42628683666027,
      "bic": -180.12432522320483,
      "params": [
        4.296181112084565e-19,
        1.0,
        0.05970795074529294
      ],
      "confidence_score": 0.16196066578003337
    },
    "Cubic": {
      "r2": 0.2655357797435105,
      "aic": -180.7913428532253,
      "bic": -175.0553940352847,
      "params": [
        7.534458426029616e-28,
        1.0,
        1.0,
        0.06096920430417686
      ],
      "confidence_score": 0.1393214678461063
    },
    "Logarithmic": {
      "r2": 0.9568439056499374,
      "aic": -272.65518961335255,
      "bic": -269.7872152043823,
      "params": [
        0.009119232575272085,
        -0.029294894624440692
      ],
      "confidence_score": 0.8480000000000001
    },
    "N Log N": {
      "r2": 0.4094564554328708,
      "aic": -191.55237795750122,
      "bic": -188.68440354853092,
      "params": [
        1.2880440729866775e-11,
        0.05587972729293547
      ],
      "confidence_score": 0.4027282277164354
    }
  }
}