{
  "valid_points": 91,
  "models": {
    "Constant": {
      "r2": -2.220446049250313e-16,
      "aic": 1130.5009968473084,
      "bic": 1135.522715860342,
      "params": [
        372.3185234469185,
        212.948249210715
      ],
      "confidence_score": -2.220446049250313e-16
    },
    "Linear": {
      "r2": 0.9393120525521859,
      "aic": 875.5180722894665,
      "bic": 880.5397913025002,
      "params": [
        0.3378967224588928,
        -305.6480636409872
      ],
      "confidence_score": 0.9193120525521858
    },
    "Quadratic": {
      "r2": 0.9999757820132954,
      "aic": 165.31523652293447,
      "bic": 172.84781504248502,
      "params": [
        6.618219519693991e-05,
        1.0,
        -4.296967687239044
      ],
      "confidence_score": 0.9599757820132954
    },
    "Cubic": {
      "r2": 0.9726357061481893,
      "aic": 807.036017231602,
      "bic": 817.0794552576695,
      "params": [
        1.3622809426075899e-08,
        1.0,
        1.0,
        129.21544094090953
      ],
      "confidence_score": 0.9226357061481892
    },
    "Logarithmic": {
      "r2": 0.6150246176174743,
      "aic": 1043.6345909845,
      "bic": 1048.6563099975335,
      "params": [
        441.7754725128639,
        -2784.36289877729
      ],
      "confidence_score": 0.6050246176174743
    },
    "N Log N": {
      "r2": 0.9554597986304088,
      "aic": 847.3669551051486,
      "bic": 852.3886741181823,
      "params": [
        0.03907704435350038,
        -243.31024126374797
      ],
      "confidence_score": 0.9254597986304087
    }
  }
}