{
  "Constant": {
    "r2": 2.220446049250313e-16,
    "aic": 948.6351065752597,
    "bic": 953.322717418967,
    "params": [
      744.0160675806309,
      -56.34770516300131
    ]
  },
  "Linear": {
    "r2": 0.9706523148068352,
    "aic": 676.9374029998249,
    "bic": 681.6250138435323,
    "params": [
      0.39491685753595507,
      -506.05759365766346
    ]
  },
  "Quadratic": {
    "r2": 0.9999763200687175,
    "aic": 130.51714253485363,
    "bic": 137.54855880041467,
    "params": [
      6.626270180920546e-05,
      1.0,
      -5.514797373166905
    ]
  },
  "Cubic": {
    "r2": 0.979009423543591,
    "aic": 655.1316170501934,
    "bic": 664.5068387376082,
    "params": [
      1.2980405842535046e-08,
      1.0,
      1.0,
      174.82506506725528
    ]
  },
  "Logarithmic": {
    "r2": 0.8664922181217938,
    "aic": 793.5882521806597,
    "bic": 798.275863024367,
    "params": [
      973.9536354606151,
      -7032.5568296334695
    ]
  },
  "N Log N": {
    "r2": 0.9774244860839861,
    "aic": 656.7366216118484,
    "bic": 661.4242324555557,
    "params": [
      0.0442805653540298,
      -395.29810009408305
    ]
  }
}