{
  "valid_points": 40,
  "models": {
    "Constant": {
      "r2": 0.0,
      "aic": 571.5410745327287,
      "bic": 574.9188334409565,
      "params": [
        731.3565248413224,
        301.00000000308296
      ],
      "confidence_score": 0.0
    },
    "Linear": {
      "r2": 0.8245653160875055,
      "aic": 501.92153546120977,
      "bic": 505.29929436943763,
      "params": [
        8.617587445509347,
        -841.9687445582858
      ],
      "confidence_score": 0.8045653160875055
    },
    "Quadratic": {
      "r2": 0.9650563816951983,
      "aic": 439.3802976537953,
      "bic": 444.4469360161371,
      "params": [
        0.020738006149697563,
        1.0,
        -283.04483623226685
      ],
      "confidence_score": 0.9250563816951982
    },
    "Cubic": {
      "r2": 0.9994999834687983,
      "aic": 271.50629862531554,
      "bic": 278.26181644177126,
      "params": [
        5.082107477993869e-05,
        1.0,
        1.0,
        -25.20615543093755
      ],
      "confidence_score": 0.9494999834687983
    },
    "Logarithmic": {
      "r2": 0.419231404693442,
      "aic": 549.8049589977151,
      "bic": 553.1827179059429,
      "params": [
        756.4780887418902,
        -2794.5715078751405
      ],
      "confidence_score": 0.409231404693442
    },
    "N Log N": {
      "r2": 0.8599577406214131,
      "aic": 492.90863256404856,
      "bic": 496.2863914722764,
      "params": [
        1.4089313757941282,
        -677.842243126761
      ],
      "confidence_score": 0.829957740621413
    }
  }
}