{
  "valid_points": 199,
  "models": {
    "Constant": {
      "r2": 0.7,
      "aic": -3442.031759785231,
      "bic": -3435.4451501357817,
      "params": [
        -99.99947568691874,
        100.00052431308129
      ],
      "confidence_score": 0.3719996685027105
    },
    "Linear": {
      "r2": 0.04911277542314674,
      "aic": -3452.0533618981885,
      "bic": -3445.4667522487393,
      "params": [
        -8.924086566058197e-13,
        0.0010576129144743564
      ],
      "confidence_score": 0.41946766525388807
    },
    "Quadratic": {
      "r2": 0.023099697770641914,
      "aic": -3444.682524497753,
      "bic": -3434.8026100235797,
      "params": [
        -1.2562496489090571e-21,
        1.0,
        0.0010510901198955169
      ],
      "confidence_score": 0.0
    },
    "Cubic": {
      "r2": 0.015891717260287597,
      "aic": -3441.2196093505913,
      "bic": -3428.0463900516934,
      "params": [
        -1.986588968332395e-30,
        1.0,
        1.0,
        0.0010503920506462418
      ],
      "confidence_score": 0.0
    },
    "Logarithmic": {
      "r2": 0.04196710881436361,
      "aic": -3450.5635203011066,
      "bic": -3443.9769106516574,
      "params": [
        -3.433679629567788e-05,
        0.0015719871510447246
      ],
      "confidence_score": 0.3614151247306188
    },
    "N Log N": {
      "r2": 0.046665642341904845,
      "aic": -3451.541888069939,
      "bic": -3444.95527842049,
      "params": [
        -4.364561362906646e-14,
        0.0010563777089988714
      ],
      "confidence_score": 0.5536365195917926
    }
  }
}