{
  "valid_points": 29,
  "models": {
    "Constant": {
      "r2": 1.1102230246251565e-16,
      "aic": 364.0391093986495,
      "bic": 366.7737010586224,
      "params": [
        863.1762581703824,
        63.17625697373802
      ],
      "confidence_score": 1.1102230246251565e-16
    },
    "Linear": {
      "r2": 0.9774701877706324,
      "aic": 254.04454949281669,
      "bic": 256.77914115278963,
      "params": [
        1.1734011320057762,
        -1068.4294097492552
      ],
      "confidence_score": 0.9574701877706324
    },
    "Quadratic": {
      "r2": 0.9982738157628168,
      "aic": 181.54569285639644,
      "bic": 185.64758034635585,
      "params": [
        0.000346685702782435,
        1.0,
        -136.23916446247821
      ],
      "confidence_score": 0.9582738157628168
    },
    "Cubic": {
      "r2": 0.9964885020167692,
      "aic": 204.13944525440647,
      "bic": 209.60862857435237,
      "params": [
        1.2898561218035622e-07,
        1.0,
        1.0,
        177.52654288110068
      ],
      "confidence_score": 0.9464885020167692
    },
    "Logarithmic": {
      "r2": 0.9313192472773347,
      "aic": 286.3688071869954,
      "bic": 289.10339884696833,
      "params": [
        1860.7883958465432,
        -12855.205006171373
      ],
      "confidence_score": 0.9213192472773347
    },
    "N Log N": {
      "r2": 0.9812632380661397,
      "aic": 248.69834302127026,
      "bic": 251.4329346812432,
      "params": [
        0.1396247578989384,
        -846.5619516316546
      ],
      "confidence_score": 0.9512632380661397
    }
  }
}