{
  "Constant": {
    "name": "Constant",
    "r2": 0.0,
    "bic": 429.4493910404869,
    "confidence_score": -0.09222198635284841,
    "params": [
      23.661111172838552,
      145.023293244535
    ],
    "order": 0
  },
  "Linear": {
    "name": "Linear",
    "r2": 0.7030131600116258,
    "bic": 380.88669300190287,
    "confidence_score": 0.5707911736587774,
    "params": [
      0.9340731878202465,
      1.0753493652856288e-14
    ],
    "order": 2
  },
  "Quadratic": {
    "name": "Quadratic",
    "r2": 0.9417461779652896,
    "bic": 319.4204475202383,
    "confidence_score": 0.723413198436017,
    "params": [
      0.0029755502292089786,
      9.691649258705893e-28,
      1.8526441499946217e-26
    ],
    "order": 4
  },
  "Cubic": {
    "name": "Cubic",
    "r2": 0.9993798810165896,
    "bic": 141.40318236428112,
    "confidence_score": 0.7149359083108928,
    "params": [
      8.186138436040052e-06,
      2.7808409364990277e-15,
      1.876911036070275e-15,
      2.1288813422153634e-15
    ],
    "order": 5
  },
  "Logarithmic": {
    "name": "Logarithmic",
    "r2": 0.2060966232927719,
    "bic": 420.21765036270494,
    "confidence_score": 0.09387463693992348,
    "params": [
      36.92117894075595,
      1.6107757154369868e-15
    ],
    "order": 1
  },
  "N Log N": {
    "name": "N Log N",
    "r2": 0.7676611245335675,
    "bic": 371.0670589227743,
    "confidence_score": 0.6154391381807192,
    "params": [
      0.16582714187149294,
      1.3965260503230714e-17
    ],
    "order": 3
  },
  "confidence_analysis": {
    "best_model": "Quadratic",
    "best_score": 0.723413198436017,
    "second_best_model": "Cubic",
    "second_best_score": 0.7149359083108928,
    "confidence_gap": 0.008477290125124215,
    "is_confident": false,
    "threshold": 0.03
  }
}