{
  "Constant": {
    "r2": 0.0,
    "aic": -449.2943609684083,
    "bic": -444.1866071852072,
    "params": [
      -99.87330540622527,
      100.12669459377476
    ]
  },
  "Linear": {
    "r2": 0.958095205923187,
    "aic": -750.6680899100983,
    "bic": -745.5603361268971,
    "params": [
      6.488207568000615e-05,
      0.11805610518878829
    ]
  },
  "Quadratic": {
    "r2": 0.8933200839402311,
    "aic": -659.8969857868531,
    "bic": -652.2353551120515,
    "params": [
      1.4158868996631313e-08,
      1.0,
      0.16450208531427726
    ]
  },
  "Cubic": {
    "r2": 0.7914305156722172,
    "aic": -594.2052493023976,
    "bic": -583.9897417359955,
    "params": [
      3.1377938613494337e-12,
      1.0,
      1.0,
      0.18658576615364802
    ]
  },
  "Logarithmic": {
    "r2": 0.5797518652820606,
    "aic": -531.6508057632687,
    "bic": -526.5430519800676,
    "params": [
      0.03916463969857417,
      -0.019861603019149757
    ]
  },
  "N Log N": {
    "r2": 0.9578194699472401,
    "aic": -750.0450320368802,
    "bic": -744.9372782536791,
    "params": [
      7.657863453227576e-06,
      0.12697460784300457
    ]
  }
}