{
  "valid_points": 18,
  "models": {
    "Constant": {
      "r2": 0.7,
      "aic": 115.71727160708434,
      "bic": 117.49801512287667,
      "params": [
        -96.425157205926,
        103.57484279407394
      ],
      "confidence_score": 0.11999999999999998
    },
    "Linear": {
      "r2": 0.9992048883164518,
      "aic": -12.749231865985767,
      "bic": -10.968488350193438,
      "params": [
        9.1801894253285e-05,
        -0.203503338598507
      ],
      "confidence_score": 0.49952293301689976
    },
    "Quadratic": {
      "r2": 0.9738478653804348,
      "aic": 52.12843129123826,
      "bic": 54.79954656492675,
      "params": [
        8.744006186635833e-11,
        1.0,
        1.446869824263567
      ],
      "confidence_score": 0.5643087192282609
    },
    "Cubic": {
      "r2": 0.9574108615216457,
      "aic": 62.9064631838533,
      "bic": 66.46795021543795,
      "params": [
        8.258097665851789e-17,
        1.0,
        1.0,
        1.7761685548308073
      ],
      "confidence_score": 0.5544465169129874
    },
    "Logarithmic": {
      "r2": 0.3071719512355622,
      "aic": 109.11174975077563,
      "bic": 110.89249326656795,
      "params": [
        3.172670089097158,
        -13.889621938192345
      ],
      "confidence_score": 0.4015859756177811
    },
    "N Log N": {
      "r2": 0.9999410610956706,
      "aic": -59.584893460478284,
      "bic": -57.80414994468595,
      "params": [
        6.643430472994229e-06,
        0.07455218351470286
      ],
      "confidence_score": 0.998
    }
  }
}