{
  "Constant": {
    "name": "Constant",
    "r2": 0.0,
    "bic": 289.02650480709235,
    "confidence_score": -0.09222198635284841,
    "params": [
      33.91095931492817,
      1.7059030864381786
    ],
    "order": 0
  },
  "Linear": {
    "name": "Linear",
    "r2": 0.8233166467136084,
    "bic": 219.69066028709392,
    "confidence_score": 0.69109466036076,
    "params": [
      0.1866356047802606,
      1.949441365022097e-18
    ],
    "order": 2
  },
  "Quadratic": {
    "name": "Quadratic",
    "r2": 0.9948178547097957,
    "bic": 82.21393787086409,
    "confidence_score": 0.7764848751805231,
    "params": [
      0.0005747459349846887,
      6.339537221546403e-26,
      5.44311674967966e-26
    ],
    "order": 4
  },
  "Cubic": {
    "name": "Cubic",
    "r2": 0.9994291443565971,
    "bic": -2.330704041728678,
    "confidence_score": 0.7149851716509004,
    "params": [
      5.758900997640911e-07,
      0.00032858460781982413,
      0.012402810434652762,
      0.09329144237787522
    ],
    "order": 5
  },
  "Logarithmic": {
    "name": "Logarithmic",
    "r2": 0.2716871231399607,
    "bic": 276.3455229188517,
    "confidence_score": 0.1594651367871123,
    "params": [
      7.696598964670888,
      9.156587977026317e-19
    ],
    "order": 1
  },
  "N Log N": {
    "name": "N Log N",
    "r2": 0.8811271799218753,
    "bic": 203.83846095835315,
    "confidence_score": 0.7289051935690269,
    "params": [
      0.03289848748669125,
      1.3369639554453613e-12
    ],
    "order": 3
  },
  "confidence_analysis": {
    "best_model": "Quadratic",
    "best_score": 0.7764848751805231,
    "second_best_model": "N Log N",
    "second_best_score": 0.7289051935690269,
    "confidence_gap": 0.04757968161149617,
    "is_confident": true,
    "threshold": 0.03
  }
}