{
  "Constant": {
    "name": "Constant",
    "r2": 1.1102230246251565e-16,
    "bic": 414.42100038384206,
    "confidence_score": -0.09572595157174688,
    "params": [
      25.588341995299842,
      145.95452704826477
    ],
    "order": 0
  },
  "Linear": {
    "name": "Linear",
    "r2": 0.6853901254545804,
    "bic": 370.4769681371017,
    "confidence_score": 0.5496641738828334,
    "params": [
      0.9997405808270013,
      1.562884123198138e-13
    ],
    "order": 2
  },
  "Quadratic": {
    "name": "Quadratic",
    "r2": 0.9348410410743556,
    "bic": 314.283418585681,
    "confidence_score": 0.7112521137167351,
    "params": [
      0.003230483664668187,
      2.3311965914487418e-18,
      5.714668251689973e-19
    ],
    "order": 4
  },
  "Cubic": {
    "name": "Cubic",
    "r2": 0.9967964947739734,
    "bic": 203.44280465286948,
    "confidence_score": 0.7053445916304794,
    "params": [
      8.877798478299879e-06,
      2.764596057475962e-17,
      1.639510828950671e-17,
      1.5410299344556707e-17
    ],
    "order": 5
  },
  "Logarithmic": {
    "name": "Logarithmic",
    "r2": 0.1934033112673602,
    "bic": 406.25360331667844,
    "confidence_score": 0.07767735969561322,
    "params": [
      38.1085433921363,
      9.277975387749979e-16
    ],
    "order": 1
  },
  "N Log N": {
    "name": "N Log N",
    "r2": 0.7521539575316625,
    "bic": 361.4129945444324,
    "confidence_score": 0.5964280059599154,
    "params": [
      0.17828967540315974,
      5.194791730068203e-17
    ],
    "order": 3
  },
  "confidence_analysis": {
    "best_model": "Quadratic",
    "best_score": 0.7112521137167351,
    "second_best_model": "Cubic",
    "second_best_score": 0.7053445916304794,
    "confidence_gap": 0.005907522086255779,
    "is_confident": false,
    "threshold": 0.03
  }
}