{
  "Constant": {
    "r2": 0.0,
    "aic": -165.28472769737783,
    "bic": -162.76853462133488,
    "params": [
      100.29843379385201,
      -99.70156620614802
    ]
  },
  "Linear": {
    "r2": 0.0987904438094932,
    "aic": -167.98918182973924,
    "bic": -165.47298875369628,
    "params": [
      0.00014043420621945302,
      0.5751759041586422
    ]
  },
  "Quadratic": {
    "r2": 0.08194101566813383,
    "aic": -165.50756226824296,
    "bic": -161.7332726541785,
    "params": [
      3.943351690738339e-07,
      1.0,
      0.584521984897775
    ]
  },
  "Cubic": {
    "r2": 0.07378694170191513,
    "aic": -163.27765333977857,
    "bic": -158.24526718769263,
    "params": [
      1.2754182154850469e-09,
      1.0,
      1.0,
      0.5877067094475344
    ]
  },
  "Logarithmic": {
    "r2": 0.12148729301838879,
    "aic": -168.65237528074346,
    "bic": -166.1361822047005,
    "params": [
      0.01703298303055951,
      0.5150425093632781
    ]
  },
  "N Log N": {
    "r2": 0.09477938304271694,
    "aic": -167.87371902040655,
    "bic": -165.3575259443636,
    "params": [
      2.3121439094589157e-05,
      0.57824577095221
    ]
  }
}