{
  "valid_points": 13,
  "models": {
    "Constant": {
      "r2": 0.7,
      "aic": 88.26102047331477,
      "bic": 89.39091918823785,
      "params": [
        12.194909176001184,
        1.0
      ],
      "confidence_score": 0.09999999999999998
    },
    "Linear": {
      "r2": 0.9982955107077021,
      "aic": 5.3926537437838675,
      "bic": 6.522552458706942,
      "params": [
        0.005547955195368156,
        -0.7820970486143675
      ],
      "confidence_score": 0.4989773064248113
    },
    "Quadratic": {
      "r2": 0.9417743864894301,
      "aic": 53.296431430444,
      "bic": 54.99127950282861,
      "params": [
        3.454637008864946e-07,
        1.0,
        3.6853984238573685
      ],
      "confidence_score": 0.5450646318936581
    },
    "Cubic": {
      "r2": 0.8715468088894444,
      "aic": 65.58254121051534,
      "bic": 67.84233864036149,
      "params": [
        2.0445418630756743e-11,
        1.0,
        1.0,
        5.291551314176988
      ],
      "confidence_score": 0.5029280853336666
    },
    "Logarithmic": {
      "r2": 0.492573077087768,
      "aic": 79.4417870282671,
      "bic": 80.57168574319017,
      "params": [
        6.764740941323014,
        -24.031175582538143
      ],
      "confidence_score": 0.39428653854388396
    },
    "N Log N": {
      "r2": 0.9999783375933439,
      "aic": -51.35809828186619,
      "bic": -50.22819956694312,
      "params": [
        0.0005771369199748484,
        0.0901370450634692
      ],
      "confidence_score": 0.998
    }
  }
}