{
  "Constant": {
    "r2": 1.1102230246251565e-16,
    "aic": -619.6075475209212,
    "bic": -615.0821877668386,
    "params": [
      100.05027510120833,
      -99.94972489879169
    ]
  },
  "Linear": {
    "r2": 0.02303130566627165,
    "aic": -621.2618950980132,
    "bic": -616.7365353439305,
    "params": [
      -2.1525963287416516e-06,
      0.10602567983863243
    ]
  },
  "Quadratic": {
    "r2": 0.015480108535873338,
    "aic": -618.7152310503682,
    "bic": -611.9271914192442,
    "params": [
      -3.455408235630241e-10,
      1.0,
      0.10304919258688715
    ]
  },
  "Cubic": {
    "r2": 0.010095635073283149,
    "aic": -616.3279803747918,
    "bic": -607.2772608666265,
    "params": [
      -6.687090654987788e-14,
      1.0,
      1.0,
      0.10203753946912192
    ]
  },
  "Logarithmic": {
    "r2": 0.03239399393147713,
    "aic": -621.9455983299091,
    "bic": -617.4202385758265,
    "params": [
      -0.005847128365083314,
      0.1460062213682756
    ]
  },
  "N Log N": {
    "r2": 0.02205579929745527,
    "aic": -621.1910367409881,
    "bic": -616.6656769869055,
    "params": [
      -2.3948457305068374e-07,
      0.10536440618640903
    ]
  }
}