{
  "Constant": {
    "name": "Constant",
    "r2": 0.0,
    "bic": 275.94803498998004,
    "confidence_score": -0.14978661367769955,
    "params": [
      146.28356256999885,
      601.0137277700671
    ],
    "order": 0
  },
  "Linear": {
    "name": "Linear",
    "r2": 0.7196218455271866,
    "bic": 250.51571428400206,
    "confidence_score": 0.529835231849487,
    "params": [
      8.33452285858509,
      1.4091170710069147e-16
    ],
    "order": 2
  },
  "Quadratic": {
    "name": "Quadratic",
    "r2": 0.9517167280263688,
    "bic": 218.33036497830562,
    "confidence_score": 0.6470368075098195,
    "params": [
      0.05323106814703885,
      1.2292753582463206e-16,
      4.4786410482373e-17
    ],
    "order": 4
  },
  "Cubic": {
    "name": "Cubic",
    "r2": 0.9999784350751779,
    "bic": 67.05065125750076,
    "confidence_score": 0.6004052077197789,
    "params": [
      0.00029344895910911675,
      1.6918451407460945e-19,
      0.015256408965909614,
      0.3570272756914646
    ],
    "order": 5
  },
  "Logarithmic": {
    "name": "Logarithmic",
    "r2": 0.24480151674882966,
    "bic": 270.3325415387864,
    "confidence_score": 0.07501490307113011,
    "params": [
      192.1281237940849,
      7.072399916684298e-13
    ],
    "order": 1
  },
  "N Log N": {
    "name": "N Log N",
    "r2": 0.7919444708567054,
    "bic": 244.54902963247795,
    "confidence_score": 0.5821578571790058,
    "params": [
      1.6869488828644355,
      6.343659263927923e-17
    ],
    "order": 3
  },
  "confidence_analysis": {
    "best_model": "Quadratic",
    "best_score": 0.6470368075098195,
    "second_best_model": "Cubic",
    "second_best_score": 0.6004052077197789,
    "confidence_gap": 0.04663159979004061,
    "is_confident": true,
    "threshold": 0.03
  }
}