{
  "valid_points": 114,
  "models": {
    "Constant": {
      "r2": 0.0,
      "aic": 889.082744159871,
      "bic": 894.55514105666,
      "params": [
        126.07807959838406,
        -73.92192040161598
      ],
      "confidence_score": 0.0
    },
    "Linear": {
      "r2": 0.94487058737146,
      "aic": 558.7025474760233,
      "bic": 564.1749443728122,
      "params": [
        0.03678904968973151,
        -35.58411075843104
      ],
      "confidence_score": 0.92487058737146
    },
    "Quadratic": {
      "r2": 0.9999824827381735,
      "aic": -357.4821659748132,
      "bic": -349.2735706296297,
      "params": [
        7.058949409888271e-06,
        1.0,
        0.4039654156900423
      ],
      "confidence_score": 0.9599824827381734
    },
    "Cubic": {
      "r2": 0.9745832752804545,
      "aic": 474.4350871944598,
      "bic": 485.37988098803777,
      "params": [
        1.462195106550377e-09,
        1.0,
        1.0,
        14.07082197641726
      ],
      "confidence_score": 0.9245832752804545
    },
    "Logarithmic": {
      "r2": 0.6239230597325334,
      "aic": 777.5951299502182,
      "bic": 783.0675268470071,
      "params": [
        52.73872183304185,
        -347.4806270342862
      ],
      "confidence_score": 0.6139230597325334
    },
    "N Log N": {
      "r2": 0.9597629631295893,
      "aic": 522.8044614350316,
      "bic": 528.2768583318206,
      "params": [
        0.004231452093170294,
        -27.87179349918724
      ],
      "confidence_score": 0.9297629631295893
    }
  }
}