{
  "best_model": "O(2^n)",
  "details": {
    "O(1)": {
      "r2": 0,
      "aic": Infinity,
      "params_norm": [
        1.0
      ],
      "rss": 0.0
    },
    "O(n)": {
      "r2": 0,
      "aic": -184.35198273153512,
      "params_norm": [
        9.36426321460069e-09,
        0.9999999945375131
      ],
      "rss": 7.165565493252498e-14
    },
    "O(n^2)": {
      "r2": 0,
      "aic": -184.20765700361937,
      "params_norm": [
        1.3968810166677247e-08,
        -1.4862539108855611e-08,
        1.000000003305388
      ],
      "rss": 1.3863502907643457e-14
    },
    "O(n^3)": {
      "r2": 0,
      "aic": -147.59497442228775,
      "params_norm": [
        1.0922999163697997e-07,
        -1.936360687196331e-07,
        1.0137572068589287e-07,
        0.9999999843147139
      ],
      "rss": 4.173639209920909e-14
    },
    "O(log n)": {
      "r2": 0,
      "aic": -184.85177420941153,
      "params_norm": [
        -4.218004269987846e-09,
        0.9999999972302877
      ],
      "rss": 6.592867632205969e-14
    },
    "O(n log n)": {
      "r2": 0,
      "aic": -195.13604973020512,
      "params_norm": [
        -8.531161804738576e-09,
        0.9999999979301961
      ],
      "rss": 1.1876095232478468e-14
    },
    "O(2^n)": {
      "r2": 0,
      "aic": -227.72216753575768,
      "params_norm": [
        0.9999999998528463,
        2.5226359021217946e-10
      ],
      "rss": 5.2001014109373545e-17
    },
    "O(n^k)": {
      "r2": 0,
      "aic": -182.88125913236186,
      "params_norm": [
        0.9999999973302715,
        -4.845089375126886e-09
      ],
      "rss": 9.155983339092792e-14
    }
  }
}