{
  "valid_points": 98,
  "models": {
    "Constant": {
      "r2": 0.7,
      "aic": 91.01207699688676,
      "bic": 96.1820119542279,
      "params": [
        101.1376974610042,
        -98.86230253899583
      ],
      "confidence_score": 0.35
    },
    "Linear": {
      "r2": 0.9678368415690409,
      "aic": -245.80741870153844,
      "bic": -240.63748374419728,
      "params": [
        0.0011020809614826765,
        0.007244828931806446
      ],
      "confidence_score": 0.5707031333153414
    },
    "Quadratic": {
      "r2": 0.9564571812525918,
      "aic": -214.12095063215145,
      "bic": -206.36604819613973,
      "params": [
        2.501128525400631e-07,
        1.0,
        0.7317158729920148
      ],
      "confidence_score": 0.5538743087515923
    },
    "Cubic": {
      "r2": 0.8876178647782318,
      "aic": -119.20125176247244,
      "bic": -108.86138184779014,
      "params": [
        5.709911906320057e-11,
        1.0,
        1.0,
        1.0846290730959451
      ],
      "confidence_score": 0.5125707188669391
    },
    "Logarithmic": {
      "r2": 0.5415572860612055,
      "aic": 14.579923128953794,
      "bic": 19.74985808629494,
      "params": [
        0.6413604330705662,
        -2.1831203795151795
      ],
      "confidence_score": 0.5687786430306028
    },
    "N Log N": {
      "r2": 0.9752668793651508,
      "aic": -271.54990068705297,
      "bic": -266.37996572971184,
      "params": [
        0.00013077466844758294,
        0.14665630874577218
      ],
      "confidence_score": 0.898
    }
  }
}