{
  "valid_points": 18,
  "models": {
    "Constant": {
      "r2": 2.220446049250313e-16,
      "aic": -205.55256372192005,
      "bic": -203.77182020612773,
      "params": [
        100.0340645718905,
        -99.96593542810942
      ],
      "confidence_score": 2.220446049250313e-16
    },
    "Linear": {
      "r2": 0.021752543253552803,
      "aic": -205.94843084041528,
      "bic": -204.16768732462296,
      "params": [
        -1.5541649698302962e-06,
        0.07046039123554382
      ],
      "confidence_score": 0.0017525432535528025
    },
    "Quadratic": {
      "r2": 0.014959648248294988,
      "aic": -203.82387182518767,
      "bic": -201.15275655149918,
      "params": [
        -4.283024956322524e-10,
        1.0,
        0.06912673167720891
      ],
      "confidence_score": -0.025040351751705013
    },
    "Cubic": {
      "r2": 0.010373806704398247,
      "aic": -201.74026753625776,
      "bic": -198.1787805046731,
      "params": [
        -1.5408105587541652e-13,
        1.0,
        1.0,
        0.06870405904883836
      ],
      "confidence_score": -0.039626193295601755
    },
    "Logarithmic": {
      "r2": 0.03127114382467888,
      "aic": -206.1244331617736,
      "bic": -204.34368964598127,
      "params": [
        -0.0027292243797383924,
        0.08803904191761523
      ],
      "confidence_score": 0.02127114382467888
    },
    "N Log N": {
      "r2": 0.020788214512253766,
      "aic": -205.93069568826184,
      "bic": -204.1499521724695,
      "params": [
        -1.8297554645212727e-07,
        0.0701412325736597
      ],
      "confidence_score": -0.009211785487746232
    }
  }
}