{
  "Constant": {
    "r2": 0.0,
    "aic": -161.26287715272636,
    "bic": -157.17677461705725,
    "params": [
      -99.54393362266971,
      100.4560663773303
    ]
  },
  "Linear": {
    "r2": 0.9760534998790283,
    "aic": -373.98306376948864,
    "bic": -369.8969612338195,
    "params": [
      0.0002645834226606565,
      0.24603238372853412
    ]
  },
  "Quadratic": {
    "r2": 0.957131152464394,
    "aic": -338.79064039849004,
    "bic": -332.6614865949864,
    "params": [
      5.138941645900199e-08,
      1.0,
      0.5469748879442112
    ]
  },
  "Cubic": {
    "r2": 0.9077873547817139,
    "aic": -293.1313836059232,
    "bic": -284.95917853458496,
    "params": [
      1.2009980908003151e-11,
      1.0,
      1.0,
      0.6508234880576402
    ]
  },
  "Logarithmic": {
    "r2": 0.9447473896542222,
    "aic": -326.32573968923225,
    "bic": -322.23963715356314,
    "params": [
      0.5958910693900494,
      -3.7135858466419176
    ]
  },
  "N Log N": {
    "r2": 0.9761215318491376,
    "aic": -374.14523114991897,
    "bic": -370.05912861424986,
    "params": [
      3.0085904085223658e-05,
      0.31422204239063184
    ]
  }
}