{
  "valid_points": 96,
  "models": {
    "Constant": {
      "r2": 0.7,
      "aic": -397.4510348783933,
      "bic": -392.3223384954576,
      "params": [
        -99.87701815553004,
        100.12298184447008
      ],
      "confidence_score": 0.41
    },
    "Linear": {
      "r2": 0.9868805529206609,
      "aic": -813.4823602893346,
      "bic": -808.3536639063989,
      "params": [
        8.866881454086985e-05,
        0.06011385366643147
      ],
      "confidence_score": 0.9821283317523966
    },
    "Quadratic": {
      "r2": 0.9038764511880687,
      "aic": -620.2946459012991,
      "bic": -612.6016013268955,
      "params": [
        1.9201658242868237e-08,
        1.0,
        0.12479911252761033
      ],
      "confidence_score": 0.5223258707128412
    },
    "Cubic": {
      "r2": 0.7933014357366703,
      "aic": -544.7944356762625,
      "bic": -534.5370429103912,
      "params": [
        4.239240798243087e-12,
        1.0,
        1.0,
        0.1553829265427079
      ],
      "confidence_score": 0.45598086144200217
    },
    "Logarithmic": {
      "r2": 0.6192226013089679,
      "aic": -490.14290655870514,
      "bic": -485.01421017576945,
      "params": [
        0.054544712354838015,
        -0.13519001021001953
      ],
      "confidence_score": 0.30761130065448394
    },
    "N Log N": {
      "r2": 0.9835996465941966,
      "aic": -792.0544648223754,
      "bic": -786.9257684394397,
      "params": [
        1.0450718227513415e-05,
        0.07256663584597031
      ],
      "confidence_score": 0.5480066698009718
    }
  }
}