{
  "best_model": "O(2^n)",
  "details": {
    "O(1)": {
      "r2": 0,
      "aic": Infinity,
      "params_norm": [
        1.0
      ],
      "rss": 0.0
    },
    "O(n)": {
      "r2": 0,
      "aic": -3391.203884758995,
      "params_norm": [
        3.539513381405014e-10,
        0.9999999997936918
      ],
      "rss": 2.538654744327886e-13
    },
    "O(n^2)": {
      "r2": 0,
      "aic": -2856.206185875497,
      "params_norm": [
        2.262728146446774e-08,
        -2.697387986981183e-08,
        1.000000006707853
      ],
      "rss": 4.965091382119766e-11
    },
    "O(n^3)": {
      "r2": 0,
      "aic": -2801.1337299526804,
      "params_norm": [
        9.207473059506364e-09,
        1.2993395631032284e-08,
        -2.4496106730549883e-08,
        1.0000000064036458
      ],
      "rss": 8.383167951084915e-11
    },
    "O(log n)": {
      "r2": 0,
      "aic": -2931.1943161398585,
      "params_norm": [
        -1.7262467729194512e-09,
        0.9999999988883356
      ],
      "rss": 2.4133463488148878e-11
    },
    "O(n log n)": {
      "r2": 0,
      "aic": -3360.181084936005,
      "params_norm": [
        9.149493385152141e-10,
        1.000000000238507
      ],
      "rss": 3.4514372772891853e-13
    },
    "O(2^n)": {
      "r2": 0,
      "aic": -3569.609720701783,
      "params_norm": [
        1.0000000000853677,
        -1.463447165138362e-10
      ],
      "rss": 4.3397857920747894e-14
    },
    "O(n^k)": {
      "r2": 0,
      "aic": -3269.8944006928036,
      "params_norm": [
        0.999999999792065,
        -3.2278032427202367e-10
      ],
      "rss": 8.437772172550682e-13
    }
  }
}