{
  "valid_points": 30,
  "models": {
    "Constant": {
      "r2": 0.85,
      "aic": -633.4194073442347,
      "bic": -630.6170125809105,
      "params": [
        100.00017695128922,
        -99.9998230487108
      ],
      "confidence_score": 0.43069724479930604
    },
    "Linear": {
      "r2": 8.43965621344367e-06,
      "aic": -633.4196605349895,
      "bic": -630.6172657716652,
      "params": [
        6.584372831200752e-16,
        0.000353878989513469
      ],
      "confidence_score": 0.0
    },
    "Quadratic": {
      "r2": 2.3555522151719188e-05,
      "aic": -631.4201140182223,
      "bic": -627.2165218732358,
      "params": [
        -2.235435546691497e-24,
        1.0,
        0.0003539312149000695
      ],
      "confidence_score": 0.0
    },
    "Cubic": {
      "r2": 1.0549989982289176e-05,
      "aic": -629.4197238456037,
      "bic": -623.8149343189551,
      "params": [
        -2.8368331433129997e-33,
        1.0,
        1.0,
        0.00035391930135068465
      ],
      "confidence_score": 0.0
    },
    "Logarithmic": {
      "r2": 0.2322209780050345,
      "aic": -641.3470069146722,
      "bic": -638.5446121513479,
      "params": [
        2.0205637807512984e-06,
        0.000332744587948526
      ],
      "confidence_score": 0.7141104890025173
    },
    "N Log N": {
      "r2": 2.047084059597637e-06,
      "aic": -633.4194687568194,
      "bic": -630.6170739934951,
      "params": [
        1.6258298031390045e-17,
        0.00035389127708677454
      ],
      "confidence_score": 0.0036984432852859425
    }
  }
}