{
  "valid_points": 18,
  "models": {
    "Constant": {
      "r2": -2.220446049250313e-16,
      "aic": -213.0075595182269,
      "bic": -211.2268160024346,
      "params": [
        100.02566414574783,
        -99.97433585425222
      ],
      "confidence_score": -2.220446049250313e-16
    },
    "Linear": {
      "r2": 0.25623496461445994,
      "aic": -218.33610143850663,
      "bic": -216.5553579227143,
      "params": [
        -4.336368619073383e-06,
        0.057832844423758356
      ],
      "confidence_score": 0.23623496461445995
    },
    "Quadratic": {
      "r2": 0.24507782672506206,
      "aic": -216.068090620653,
      "bic": -213.39697534696452,
      "params": [
        -1.4093108349450964e-09,
        1.0,
        0.05461081131536735
      ],
      "confidence_score": 0.20507782672506206
    },
    "Cubic": {
      "r2": 0.2327778360852759,
      "aic": -213.7771791147437,
      "bic": -210.21569208315904,
      "params": [
        -5.933576033119308e-13,
        1.0,
        1.0,
        0.05354225705299882
      ],
      "confidence_score": 0.18277783608527592
    },
    "Logarithmic": {
      "r2": 0.2658626346440631,
      "aic": -218.57062370731137,
      "bic": -216.78988019151905,
      "params": [
        -0.006469361771355843,
        0.09852277459933642
      ],
      "confidence_score": 0.2558626346440631
    },
    "N Log N": {
      "r2": 0.25495398034068173,
      "aic": -218.30512675902696,
      "bic": -216.52438324323464,
      "params": [
        -5.2093178948999e-07,
        0.0570567127932416
      ],
      "confidence_score": 0.22495398034068173
    }
  }
}