{
  "Constant": {
    "r2": 1.1102230246251565e-16,
    "aic": 260.09292179464046,
    "bic": 263.42004508689973,
    "params": [
      121.75340729837235,
      -78.24659270162766
    ]
  },
  "Linear": {
    "r2": 0.9960392694224962,
    "aic": 44.37117731757736,
    "bic": 47.69830060983666,
    "params": [
      0.20020858699948718,
      -0.20026001129716553
    ]
  },
  "Quadratic": {
    "r2": 0.9147473678771945,
    "aic": 166.0696065644221,
    "bic": 171.06029150281103,
    "params": [
      0.00040361147053979973,
      1.0,
      17.141837043831732
    ]
  },
  "Cubic": {
    "r2": 0.7963561919747474,
    "aic": 202.0289906316629,
    "bic": 208.68323721618148,
    "params": [
      8.436269447464895e-07,
      1.0,
      1.0,
      24.651885543103106
    ]
  },
  "Logarithmic": {
    "r2": 0.748814239490212,
    "aic": 206.21198305196486,
    "bic": 209.53910634422417,
    "params": [
      22.058157366558717,
      -67.86369907104604
    ]
  },
  "N Log N": {
    "r2": 0.9906845064755342,
    "aic": 77.72594630369808,
    "bic": 81.05306959595737,
    "params": [
      0.03172909547302683,
      4.74029550323262
    ]
  }
}