{
  "best_model": "O(2^n)",
  "details": {
    "O(1)": {
      "r2": -8.881784197001252e-16,
      "aic": 808.7173523794451,
      "params_norm": [
        0.905681799208383
      ],
      "rss": 297158.5148514853
    },
    "O(n)": {
      "r2": 0.5215719763646811,
      "aic": 736.337197795574,
      "params_norm": [
        0.2718990030935701,
        0.7470740473880347
      ],
      "rss": 142168.96096680258
    },
    "O(n^2)": {
      "r2": 0.5271534517420202,
      "aic": 737.2769501126323,
      "params_norm": [
        0.12945405580922087,
        0.12086927530640446,
        0.7834829986150508
      ],
      "rss": 140510.37803299236
    },
    "O(n^3)": {
      "r2": 0.5276338106054057,
      "aic": 739.3435373160355,
      "params_norm": [
        -0.17804071238604235,
        0.4410254545779829,
        -0.041966451334193744,
        0.8077899281067947
      ],
      "rss": 140367.63530655298
    },
    "O(log n)": {
      "r2": 0.4757247288222909,
      "aic": 745.5798183205279,
      "params_norm": [
        0.1298909545308313,
        0.9893575035449215
      ],
      "rss": 155792.86095652764
    },
    "O(n log n)": {
      "r2": 0.45734725346072447,
      "aic": 749.0595443701592,
      "params_norm": [
        0.5644532606918524,
        1.0528223012957811
      ],
      "rss": 161253.88424169048
    },
    "O(2^n)": {
      "r2": 0.524523453477804,
      "aic": 735.7121873929883,
      "params_norm": [
        0.7573867594865032,
        0.3019083479401397
      ],
      "rss": 141291.9044112488
    },
    "O(n^k)": {
      "r2": 0.48566822020914746,
      "aic": 743.6458370039419,
      "params_norm": [
        0.9947530444279186,
        0.1497370656176788
      ],
      "rss": 152838.0678235708
    }
  }
}