{
  "valid_points": 29,
  "models": {
    "Constant": {
      "r2": 0.7,
      "aic": -578.8140041377226,
      "bic": -576.0794124777497,
      "params": [
        -99.99979022761867,
        100.00020977238133
      ],
      "confidence_score": 0.3505851539551707
    },
    "Linear": {
      "r2": 0.0016626899069485113,
      "aic": -578.8622622753101,
      "bic": -576.1276706153371,
      "params": [
        1.6181175772403493e-14,
        0.00041894506010101596
      ],
      "confidence_score": 0.0
    },
    "Quadratic": {
      "r2": 2.9876628007019512e-05,
      "aic": -576.8148705728779,
      "bic": -572.7129830829185,
      "params": [
        -4.404227566921547e-24,
        1.0,
        0.0004196031274419488
      ],
      "confidence_score": 0.0
    },
    "Cubic": {
      "r2": 0.00016184003540864467,
      "aic": -574.8186978785774,
      "bic": -569.3495145586315,
      "params": [
        -1.9432867233014423e-32,
        1.0,
        1.0,
        0.0004196632686104227
      ],
      "confidence_score": 0.0
    },
    "Logarithmic": {
      "r2": 0.34970005607137467,
      "aic": -591.2933296773185,
      "bic": -588.5587380173456,
      "params": [
        4.5988162520964305e-06,
        0.0003697284972509636
      ],
      "confidence_score": 0.6728500280356873
    },
    "N Log N": {
      "r2": 0.0012873101737663761,
      "aic": -578.8513601823321,
      "bic": -576.1167685223592,
      "params": [
        7.144136092917675e-16,
        0.0004190310290500968
      ],
      "confidence_score": 0.0
    }
  }
}