{
  "valid_points": 20,
  "models": {
    "Constant": {
      "r2": 0.7,
      "aic": 132.21787362228497,
      "bic": 134.20933816939296,
      "params": [
        105.16417911276224,
        -94.83582088723774
      ],
      "confidence_score": 0.11999999999999998
    },
    "Linear": {
      "r2": 0.9999564730595999,
      "aic": -68.62473621824404,
      "bic": -66.63327167113606,
      "params": [
        9.881766856378871e-05,
        -0.0333166382357486
      ],
      "confidence_score": 0.8999738838357599
    },
    "Quadratic": {
      "r2": 0.9223290515799815,
      "aic": 83.11239390763181,
      "bic": 86.09959072829379,
      "params": [
        9.744212899958372e-11,
        1.0,
        3.185795078607155
      ],
      "confidence_score": 0.5333974309479889
    },
    "Cubic": {
      "r2": 0.8458375413826272,
      "aic": 98.8229074917815,
      "bic": 102.80583658599747,
      "params": [
        9.025609092534479e-17,
        1.0,
        1.0,
        4.382195724833645
      ],
      "confidence_score": 0.48750252482957634
    },
    "Logarithmic": {
      "r2": 0.37187141609227714,
      "aic": 122.91766598174027,
      "bic": 124.90913052884825,
      "params": [
        3.675917524713199,
        -16.196850748908435
      ],
      "confidence_score": 0.43393570804613857
    },
    "N Log N": {
      "r2": 0.9991166511101132,
      "aic": -8.417932710005475,
      "bic": -6.426468162897494,
      "params": [
        7.198919724732771e-06,
        0.3870456136995354
      ],
      "confidence_score": 0.6980000000000253
    }
  }
}