{
  "valid_points": 16,
  "models": {
    "Constant": {
      "r2": 0.7,
      "aic": 117.38981341259962,
      "bic": 118.93499085707919,
      "params": [
        12.34644085727632,
        1.0
      ],
      "confidence_score": 0.09999999999999998
    },
    "Linear": {
      "r2": 0.9999997016752028,
      "aic": -123.01151491567155,
      "bic": -121.46633747119199,
      "params": [
        0.0010870599338413944,
        -0.010128667345685072
      ],
      "confidence_score": 0.8999998210051217
    },
    "Quadratic": {
      "r2": 0.9570040625831515,
      "aic": 69.04341906972107,
      "bic": 71.3611852364404,
      "params": [
        8.165155506906603e-09,
        1.0,
        3.8487668157466364
      ],
      "confidence_score": 0.5542024375498908
    },
    "Cubic": {
      "r2": 0.9366200803497141,
      "aic": 77.25208233314787,
      "bic": 80.342437222107,
      "params": [
        6.147431745228698e-14,
        1.0,
        1.0,
        4.54041897835015
      ],
      "confidence_score": 0.5419720482098285
    },
    "Logarithmic": {
      "r2": 0.3566764925193233,
      "aic": 110.33209246517477,
      "bic": 111.87726990965433,
      "params": [
        6.106703779014992,
        -22.423242418304433
      ],
      "confidence_score": 0.42633824625966166
    },
    "N Log N": {
      "r2": 0.9987541780304866,
      "aic": 10.382457405625338,
      "bic": 11.927634850104901,
      "params": [
        9.244726056825196e-05,
        0.7485169304878773
      ],
      "confidence_score": 0.698
    }
  }
}