{
  "valid_points": 77,
  "models": {
    "Constant": {
      "r2": 0.7,
      "aic": 21.68095995210371,
      "bic": 26.368570795811078,
      "params": [
        -98.57891529992028,
        101.42108470007977
      ],
      "confidence_score": 0.35
    },
    "Linear": {
      "r2": 0.845510754062575,
      "aic": -122.12661092794076,
      "bic": -117.43900008423338,
      "params": [
        0.0008860497489073804,
        0.21681550128607296
      ],
      "confidence_score": 0.897306452437545
    },
    "Quadratic": {
      "r2": 0.8088102139119762,
      "aic": -103.71466993507224,
      "bic": -96.68325366951119,
      "params": [
        1.438583996371534e-07,
        1.0,
        1.3842719450492087
      ],
      "confidence_score": 0.4652985736917042
    },
    "Cubic": {
      "r2": 0.7441702884753896,
      "aic": -79.28876992800103,
      "bic": -69.9135482405863,
      "params": [
        2.744991830762e-11,
        1.0,
        1.0,
        1.7971439219404886
      ],
      "confidence_score": 0.426502173104378
    },
    "Logarithmic": {
      "r2": 0.8228822587776445,
      "aic": -111.60146339217995,
      "bic": -106.91385254847259,
      "params": [
        2.2808492645411236,
        -15.184140377037386
      ],
      "confidence_score": 0.5995545851209352
    },
    "N Log N": {
      "r2": 0.8437937753714397,
      "aic": -121.27556083156144,
      "bic": -116.58794998785407,
      "params": [
        9.893621051496842e-05,
        0.474977114917497
      ],
      "confidence_score": 0.79402798437584
    }
  }
}