{
  "valid_points": 17,
  "models": {
    "Constant": {
      "r2": 0.0,
      "aic": -273.93390856265654,
      "bic": -272.2674818745441,
      "params": [
        -99.98890740029955,
        100.01109259970046
      ],
      "confidence_score": 0.0
    },
    "Linear": {
      "r2": 0.06020335421182399,
      "aic": -274.9894685062801,
      "bic": -273.32304181816767,
      "params": [
        -2.590506728573384e-07,
        0.022580632633937184
      ],
      "confidence_score": 0.040203354211823986
    },
    "Quadratic": {
      "r2": 0.05406902564275862,
      "aic": -272.8788650952546,
      "bic": -270.3792250630859,
      "params": [
        -8.031627082681721e-11,
        1.0,
        0.02237806475188893
      ],
      "confidence_score": 0.014069025642758616
    },
    "Cubic": {
      "r2": 0.04644566399981187,
      "aic": -270.74240934795546,
      "bic": -267.4095559717306,
      "params": [
        -3.176151703697795e-14,
        1.0,
        1.0,
        0.022308517928124605
      ],
      "confidence_score": -0.0035543360001881324
    },
    "Logarithmic": {
      "r2": 0.0643196496138484,
      "aic": -275.06409179874447,
      "bic": -273.39766511063203,
      "params": [
        -0.0003998192894966861,
        0.02510987315454694
      ],
      "confidence_score": 0.05431964961384839
    },
    "N Log N": {
      "r2": 0.059575935050152795,
      "aic": -274.9781228955405,
      "bic": -273.31169620742804,
      "params": [
        -3.097035837059632e-08,
        0.022532490889142606
      ],
      "confidence_score": 0.029575935050152796
    }
  }
}