{
  "valid_points": 29,
  "models": {
    "Constant": {
      "r2": 0.7,
      "aic": -665.393971103519,
      "bic": -662.6593794435461,
      "params": [
        100.0000542736258,
        -99.9999457263741
      ],
      "confidence_score": 0.3898266834959301
    },
    "Linear": {
      "r2": 0.02737015480853011,
      "aic": -666.1987702728951,
      "bic": -663.4641786129222,
      "params": [
        -1.1342317817531782e-14,
        0.00010917759564611421
      ],
      "confidence_score": 0.08583165450144718
    },
    "Quadratic": {
      "r2": 0.026767790485060727,
      "aic": -664.180815694978,
      "bic": -660.0789282050187,
      "params": [
        -2.1676959980282134e-23,
        1.0,
        0.00010904996191030043
      ],
      "confidence_score": 0.010674873145985336
    },
    "Cubic": {
      "r2": 0.027714035643710444,
      "aic": -662.2090252610803,
      "bic": -656.7398419411345,
      "params": [
        -4.131984720929372e-32,
        1.0,
        1.0,
        0.00010901971017021778
      ],
      "confidence_score": 0.0
    },
    "Logarithmic": {
      "r2": 0.1299967222585019,
      "aic": -669.4324617983466,
      "bic": -666.6978701383737,
      "params": [
        -6.131259200240753e-07,
        0.00011549671504159456
      ],
      "confidence_score": 0.562998361129251
    },
    "N Log N": {
      "r2": 0.027195153708635122,
      "aic": -666.1935528971252,
      "bic": -663.4589612371523,
      "params": [
        -5.646247010855643e-16,
        0.00010916338647065451
      ],
      "confidence_score": 0.0709995844702515
    }
  }
}