{
  "valid_points": 78,
  "models": {
    "Constant": {
      "r2": -4.440892098500626e-16,
      "aic": 17.746744277757863,
      "bic": 22.460161931137048,
      "params": [
        -98.3933466749313,
        101.60665332506872
      ],
      "confidence_score": -4.440892098500626e-16
    },
    "Linear": {
      "r2": 0.998797258091839,
      "aic": -506.65906532695726,
      "bic": -501.9456476735781,
      "params": [
        0.0009475836725197865,
        0.42340164535465696
      ],
      "confidence_score": 0.9787972580918389
    },
    "Quadratic": {
      "r2": 0.9706196316386262,
      "aic": -255.39268422026265,
      "bic": -248.32255774019387,
      "params": [
        1.5489299897940646e-07,
        1.0,
        1.665116373703736
      ],
      "confidence_score": 0.9306196316386262
    },
    "Cubic": {
      "r2": 0.9065066445447856,
      "aic": -163.10271869154218,
      "bic": -153.67588338478382,
      "params": [
        2.974109247477265e-11,
        1.0,
        1.0,
        2.1036938001966905
      ],
      "confidence_score": 0.8565066445447855
    },
    "Logarithmic": {
      "r2": 0.9563099487373798,
      "aic": -226.44277501232074,
      "bic": -221.72935735894154,
      "params": [
        2.419672489444614,
        -15.898647141605164
      ],
      "confidence_score": 0.9463099487373798
    },
    "N Log N": {
      "r2": 0.9985625977360316,
      "aic": -492.7568423974373,
      "bic": -488.04342474405814,
      "params": [
        0.00010589249357148835,
        0.6980203128578115
      ],
      "confidence_score": 0.9685625977360316
    }
  }
}