{
  "valid_points": 41,
  "models": {
    "Constant": {
      "r2": 0.7,
      "params": [
        0.36874236453824283
      ]
    },
    "Linear": {
      "r2": 0.9990919215982179,
      "params": [
        0.0003895709793673152,
        -0.021218185808704382
      ]
    },
    "Quadratic": {
      "r2": 0.9400123515079905,
      "params": [
        1.8249391353641897e-07,
        0.1220104111021032
      ]
    },
    "Cubic": {
      "r2": 0.8432361172862404,
      "params": [
        9.00031921241539e-11,
        0.18387103772007696
      ]
    },
    "Logarithmic": {
      "r2": 0.5706647273080269,
      "params": [
        0.13055399002685053,
        -0.48109026679509603
      ]
    },
    "N Log N": {
      "r2": 0.9983673468478552,
      "params": [
        5.015733252549945e-05,
        0.011558967065024723
      ]
    },
    "np": {
      "r2": -Infinity,
      "success": false
    }
  }
}