{
  "valid_points": 191,
  "models": {
    "Constant": {
      "r2": 0.7,
      "aic": -3276.5567124621666,
      "bic": -3270.0521656060732,
      "params": [
        100.00064244874163,
        -99.99935755125843
      ],
      "confidence_score": 0.43000005163545546
    },
    "Linear": {
      "r2": 0.1504851777253602,
      "aic": -3307.7068814117774,
      "bic": -3301.202334555684,
      "params": [
        -1.6422123045374698e-12,
        0.0013015692388812206
      ],
      "confidence_score": 0.4802911066352161
    },
    "Quadratic": {
      "r2": 0.08591692052142097,
      "aic": -3291.7149711412917,
      "bic": -3281.958150857152,
      "params": [
        -2.547451675911134e-21,
        1.0,
        0.0012900966995726471
      ],
      "confidence_score": 0.03157665186881785
    },
    "Cubic": {
      "r2": 0.06533049299839822,
      "aic": -3285.4611080616623,
      "bic": -3272.452014349476,
      "params": [
        -4.235054921878988e-30,
        1.0,
        1.0,
        0.0012888196374081467
      ],
      "confidence_score": 0.019198524362751695
    },
    "Logarithmic": {
      "r2": 0.13053293343140981,
      "aic": -3303.2728035008327,
      "bic": -3296.7682566447393,
      "params": [
        -6.36512661248445e-05,
        0.002252814997449622
      ],
      "confidence_score": 0.09594582126567386
    },
    "N Log N": {
      "r2": 0.1448138620057552,
      "aic": -3306.436013002477,
      "bic": -3299.9314661463836,
      "params": [
        -8.083178101366482e-14,
        0.0012994193901266172
      ],
      "confidence_score": 0.4293185623465807
    }
  }
}