{
  "Constant": {
    "params": [
      0.00014129685766902972
    ],
    "r_squared": 0.0,
    "success": true
  },
  "Linear": {
    "params": [
      -5.9922220187081665e-09,
      0.00015927352307381308
    ],
    "r_squared": 0.0003956962422206889,
    "success": true
  },
  "Quadratic": {
    "params": [
      2.1877014747558373e-13,
      -7.3048632937355596e-09,
      0.00016094353123838478
    ],
    "r_squared": 0.00039627246431395147,
    "success": true
  },
  "Cubic": {
    "params": [
      -4.4331655458029275e-14,
      3.9920363882919327e-10,
      -1.0952256603588699e-06,
      0.0010307968448725246
    ],
    "r_squared": 0.025318955691328027,
    "success": true
  },
  "Logarithmic": {
    "params": [
      -2.2881758357341906e-05,
      0.0003224507088507708
    ],
    "r_squared": 0.0008309222440598951,
    "success": true
  },
  "n_log_n": {
    "params": [
      -6.52979538494712e-10,
      0.00015713744928447178
    ],
    "r_squared": 0.00037700592793810106,
    "success": true
  },
  "Exponential": {
    "params": [
      0.00016044875524939462,
      -4.279210462799962e-05
    ],
    "r_squared": 0.00039822808891398775,
    "success": true
  },
  "Sqrt_Exponential": {
    "params": [
      0.00016044872036680743,
      -8.558405399009035e-05
    ],
    "r_squared": 0.0003982280888932266,
    "success": true
  },
  "Power": {
    "params": [
      0.0006305061033809151,
      -0.18944987304910244
    ],
    "r_squared": 0.0009909800843672656,
    "success": true
  }
}