{
  "valid_points": 10,
  "models": {
    "Constant": {
      "r2": 0.7,
      "aic": -39.10134854917226,
      "bic": -38.496178363184164,
      "params": [
        -0.9251790344715116,
        1.0
      ],
      "confidence_score": 0.11999999999999998
    },
    "Linear": {
      "r2": 0.9995833470226707,
      "aic": -116.93391726202606,
      "bic": -116.32874707603797,
      "params": [
        0.0003702337157245328,
        -0.0005586189929325247
      ],
      "confidence_score": 0.8997500082136024
    },
    "Quadratic": {
      "r2": 0.9338542616711073,
      "aic": -64.26029669769099,
      "bic": -63.35254141870885,
      "params": [
        3.5893766148209494e-07,
        1.0,
        0.024784409434945087
      ],
      "confidence_score": 0.5403125570039187
    },
    "Cubic": {
      "r2": 0.8611167768163726,
      "aic": -54.84256674849178,
      "bic": -53.63222637651559,
      "params": [
        3.3761901438467614e-10,
        1.0,
        1.0,
        0.033532005704052716
      ],
      "confidence_score": 0.4966700660898332
    },
    "Logarithmic": {
      "r2": 0.5845316278665927,
      "aic": -47.88483642517002,
      "bic": -47.27966623918193,
      "params": [
        0.041156064499933614,
        -0.07697087089497137
      ],
      "confidence_score": 0.4402658139332966
    },
    "N Log N": {
      "r2": 0.9981300949344784,
      "aic": -101.9200247142227,
      "bic": -101.31485452823462,
      "params": [
        5.3594996147881477e-05,
        0.006594942593866979
      ],
      "confidence_score": 0.648164776742142
    }
  }
}