{
  "valid_points": 27,
  "models": {
    "Constant": {
      "r2": 0.85,
      "aic": -494.2570240953798,
      "bic": -491.66535036337115,
      "params": [
        -99.9992224491305,
        100.00077755086959
      ],
      "confidence_score": 0.42500001423917777
    },
    "Linear": {
      "r2": 0.38441893697469787,
      "aic": -507.35711735669076,
      "bic": -504.7654436246821,
      "params": [
        5.421835094675086e-13,
        0.0015335190144809734
      ],
      "confidence_score": 0.2206646383533439
    },
    "Quadratic": {
      "r2": 0.24212758872379214,
      "aic": -499.74251031516064,
      "bic": -495.8549997171477,
      "params": [
        8.720841365568223e-22,
        1.0,
        0.0015426888078525945
      ],
      "confidence_score": 0.1252767074733625
    },
    "Cubic": {
      "r2": 0.19446931388337718,
      "aic": -496.0958815919148,
      "bic": -490.9125341278975,
      "params": [
        1.4806261584902355e-30,
        1.0,
        1.0,
        0.001545403715729806
      ],
      "confidence_score": 0.09668160136024426
    },
    "Logarithmic": {
      "r2": 0.7132467036063606,
      "aic": -527.9836158333688,
      "bic": -525.3919421013602,
      "params": [
        1.6192879524000065e-05,
        0.0013685265525834782
      ],
      "confidence_score": 0.898
    },
    "N Log N": {
      "r2": 0.3717527149573554,
      "aic": -506.8072025441343,
      "bic": -504.2155288121257,
      "params": [
        2.6747056231827628e-14,
        0.0015344432565860507
      ],
      "confidence_score": 0.18388392095646375
    }
  }
}