{
  "valid_points": 19,
  "models": {
    "Constant": {
      "r2": 0.7,
      "aic": 98.86633229503526,
      "bic": 100.75521025336815,
      "params": [
        -97.43602581714325,
        102.56397418285668
      ],
      "confidence_score": 0.09999999999999998
    },
    "Linear": {
      "r2": 0.9995301060574059,
      "aic": -46.73073501776657,
      "bic": -44.84185705943369,
      "params": [
        0.00019052272948116844,
        -0.13941348122550767
      ],
      "confidence_score": 0.8997180636344435
    },
    "Quadratic": {
      "r2": 0.9274148178998529,
      "aic": 51.02943715058114,
      "bic": 53.86275408808046,
      "params": [
        7.517402421404241e-10,
        1.0,
        1.5027416995369216
      ],
      "confidence_score": 0.5364488907399118
    },
    "Cubic": {
      "r2": 0.8510872101296563,
      "aic": 66.6828377967746,
      "bic": 70.46059371344037,
      "params": [
        2.784536226623211e-15,
        1.0,
        1.0,
        2.110740633635405
      ],
      "confidence_score": 0.49065232607779374
    },
    "Logarithmic": {
      "r2": 0.38396150713431787,
      "aic": 89.66186154436545,
      "bic": 91.55073950269833,
      "params": [
        2.087991627439913,
        -8.522747959412948
      ],
      "confidence_score": 0.33998075356715896
    },
    "N Log N": {
      "r2": 0.9995045683024951,
      "aic": -45.72520783159851,
      "bic": -43.836329873265626,
      "params": [
        1.5436002836196206e-05,
        0.10320117208163367
      ],
      "confidence_score": 0.8294570309450463
    }
  }
}