{
  "valid_points": 58,
  "models": {
    "Constant": {
      "r2": 0.7,
      "aic": 935.0456856876183,
      "bic": 939.1665717087111,
      "params": [
        3449.3087459995695,
        1048.2843360480326
      ],
      "confidence_score": 0.09999999999999998
    },
    "Linear": {
      "r2": 0.9640542862423671,
      "aic": 742.1524507588966,
      "bic": 746.2733367799894,
      "params": [
        3.5247180513884864,
        -4086.310771337025
      ],
      "confidence_score": 0.4784325717454202
    },
    "Quadratic": {
      "r2": 0.9983365603397625,
      "aic": 565.9113570031327,
      "bic": 572.092686034772,
      "params": [
        0.0007216040484998576,
        1.0,
        -306.5791599432322
      ],
      "confidence_score": 0.9790019362038574
    },
    "Cubic": {
      "r2": 0.9888021383870087,
      "aic": 678.5078038009692,
      "bic": 686.7495758431548,
      "params": [
        1.7625135176981127e-07,
        1.0,
        1.0,
        1011.1077552291989
      ],
      "confidence_score": 0.5732812830322052
    },
    "Logarithmic": {
      "r2": 0.8737448453353035,
      "aic": 815.0175634949129,
      "bic": 819.1384495160057,
      "params": [
        7453.962861551722,
        -53114.501559553806
      ],
      "confidence_score": 0.498
    },
    "N Log N": {
      "r2": 0.9707410108575906,
      "aic": 730.2147166658547,
      "bic": 734.3356026869475,
      "params": [
        0.4034233798183034,
        -3225.946112982693
      ],
      "confidence_score": 0.698
    }
  }
}