{
  "valid_points": 16,
  "models": {
    "Constant": {
      "r2": 0.7,
      "aic": 111.90216220395779,
      "bic": 113.44733964843735,
      "params": [
        12.071340275928378,
        1.0
      ],
      "confidence_score": 0.13999999999999999
    },
    "Linear": {
      "r2": 0.9999687554319363,
      "aic": -54.076478097701134,
      "bic": -52.53130065322157,
      "params": [
        0.0008485179988398928,
        0.03905839649527898
      ],
      "confidence_score": 0.8999812532591618
    },
    "Quadratic": {
      "r2": 0.9225070601329186,
      "aic": 72.98106707976855,
      "bic": 75.29883324648789,
      "params": [
        6.657140173611184e-09,
        1.0,
        3.6524999980844
      ],
      "confidence_score": 0.5335042360797512
    },
    "Cubic": {
      "r2": 0.8442528530550695,
      "aic": 86.14981916951066,
      "bic": 89.24017405846979,
      "params": [
        4.919254566826217e-14,
        1.0,
        1.0,
        5.172802178830574
      ],
      "confidence_score": 0.4865517118330417
    },
    "Logarithmic": {
      "r2": 0.4518604663615071,
      "aic": 102.28255578768166,
      "bic": 103.82773323216122,
      "params": [
        5.6025715780675265,
        -20.230857967408255
      ],
      "confidence_score": 0.3739302331807536
    },
    "N Log N": {
      "r2": 0.9983223180923927,
      "aic": 9.65668611929702,
      "bic": 11.201863563776584,
      "params": [
        7.271124572445e-05,
        0.5824190093234665
      ],
      "confidence_score": 0.6480000000000044
    }
  }
}