{
  "valid_points": 7504,
  "models": {
    "Constant": {
      "r2": 0.85,
      "aic": -6587.448122025132,
      "bic": -6573.60173904376,
      "params": [
        -95.88975550433616,
        104.11024449566358
      ],
      "confidence_score": 0.445
    },
    "Linear": {
      "r2": 0.999504930185714,
      "aic": -63698.97961693318,
      "bic": -63685.13323395181,
      "params": [
        8.366857678190217e-07,
        0.09112192044959289
      ],
      "confidence_score": 0.9897029581114284
    },
    "Quadratic": {
      "r2": 0.959140993081747,
      "aic": -30580.448591890254,
      "bic": -30559.679017418195,
      "params": [
        6.688855299164658e-14,
        1.0,
        1.8662902982643617
      ],
      "confidence_score": 0.5554845958490482
    },
    "Cubic": {
      "r2": 0.8978327951860169,
      "aic": -23701.156787259,
      "bic": -23673.464021296255,
      "params": [
        5.885552814624986e-21,
        1.0,
        1.0,
        2.746088485218158
      ],
      "confidence_score": 0.5186996771116101
    },
    "Logarithmic": {
      "r2": 0.8922637803926918,
      "aic": -23306.88127822262,
      "bic": -23293.034895241246,
      "params": [
        3.070664574924739,
        -41.153772747911646
      ],
      "confidence_score": 0.598
    },
    "N Log N": {
      "r2": 0.9988745874618875,
      "aic": -57536.64861946138,
      "bic": -57522.80223648001,
      "params": [
        5.076196452813783e-08,
        0.2826887755015026
      ],
      "confidence_score": 0.598
    }
  }
}