{
  "valid_points": 33,
  "models": {
    "Constant": {
      "r2": 0.7,
      "aic": 268.7985862397788,
      "bic": 271.79160136271173,
      "params": [
        -62.56354693724322,
        165.78481078717778
      ],
      "confidence_score": 0.11999999999999998
    },
    "Linear": {
      "r2": 0.9999539959786959,
      "aic": -60.76521136639593,
      "bic": -57.77219624346297,
      "params": [
        0.00011822037710484956,
        0.000839127951510088
      ],
      "confidence_score": 0.8999723975872176
    },
    "Quadratic": {
      "r2": 0.9470929038183598,
      "aic": 173.80439864857473,
      "bic": 178.29392133297418,
      "params": [
        6.305084925465978e-11,
        1.0,
        41.378400612195605
      ],
      "confidence_score": 0.5482557422910158
    },
    "Cubic": {
      "r2": 0.855319245167466,
      "aic": 209.00213963612111,
      "bic": 214.98816988198703,
      "params": [
        3.655609090691567e-17,
        1.0,
        1.0,
        57.74202354284348
      ],
      "confidence_score": 0.49319154710047963
    },
    "Logarithmic": {
      "r2": 0.8848088198670637,
      "aic": 197.4802371048661,
      "bic": 200.47325222779907,
      "params": [
        71.68633416117085,
        -862.6060593429515
      ],
      "confidence_score": 0.548
    },
    "N Log N": {
      "r2": 0.9996748062030331,
      "aic": 3.7726408251135704,
      "bic": 6.765655948046531,
      "params": [
        8.101287141638269e-06,
        5.337068398667875
      ],
      "confidence_score": 0.6980000000000028
    }
  }
}