{
  "valid_points": 13,
  "models": {
    "Constant": {
      "r2": 0.7,
      "aic": 106.98880253675924,
      "bic": 108.11870125168231,
      "params": [
        98.499937834648,
        1.0
      ],
      "confidence_score": 0.1200000000000001
    },
    "Linear": {
      "r2": 0.9933147321917984,
      "aic": 41.88676543057083,
      "bic": 43.016664145493905,
      "params": [
        0.0002927843100472005,
        -13.708629056754983
      ],
      "confidence_score": 0.518502287405431
    },
    "Quadratic": {
      "r2": 0.9851268731661393,
      "aic": 54.282212122759695,
      "bic": 55.977060195144304,
      "params": [
        3.693668824680347e-10,
        1.0,
        32.47296624483722
      ],
      "confidence_score": 0.5711106484294021
    },
    "Cubic": {
      "r2": 0.9274431328905937,
      "aic": 76.88480207819066,
      "bic": 79.1445995080368,
      "params": [
        5.25354638052593e-16,
        1.0,
        1.0,
        49.655065113997274
      ],
      "confidence_score": 0.536465880055989
    },
    "Logarithmic": {
      "r2": 0.8928974270836119,
      "aic": 77.94721491858228,
      "bic": 79.07711363350535,
      "params": [
        87.84539340643437,
        -1018.5975738415942
      ],
      "confidence_score": 0.5480000002495032
    },
    "N Log N": {
      "r2": 0.995705922383411,
      "aic": 36.13206198349016,
      "bic": 37.26196069841323,
      "params": [
        2.125392010914116e-05,
        -7.176420552642144
      ],
      "confidence_score": 0.998
    }
  }
}