{
  "valid_points": 116,
  "models": {
    "Constant": {
      "r2": 2.220446049250313e-16,
      "aic": -43.82775381242357,
      "bic": -38.32057343021084,
      "params": [
        -99.47173843674105,
        100.52826156325908
      ],
      "confidence_score": 2.220446049250313e-16
    },
    "Linear": {
      "r2": 0.4015716992249091,
      "aic": -103.38778669866822,
      "bic": -97.8806063164555,
      "params": [
        0.00039981291123902807,
        0.09202617809901215
      ],
      "confidence_score": 0.3815716992249091
    },
    "Quadratic": {
      "r2": 0.3150002441707863,
      "aic": -85.71482228457019,
      "bic": -77.4540517112511,
      "params": [
        6.58367603490815e-08,
        1.0,
        0.5638737306573556
      ],
      "confidence_score": 0.27500024417078633
    },
    "Cubic": {
      "r2": 0.23288972428017218,
      "aic": -70.58222046998443,
      "bic": -59.56785970555897,
      "params": [
        1.1850887148458537e-11,
        1.0,
        1.0,
        0.7395376027464121
      ],
      "confidence_score": 0.1828897242801722
    },
    "Logarithmic": {
      "r2": 0.3692884048426529,
      "aic": -97.2929171964964,
      "bic": -91.78573681428368,
      "params": [
        0.6807749289549694,
        -4.110391517949262
      ],
      "confidence_score": 0.3592884048426529
    },
    "N Log N": {
      "r2": 0.39356784924927024,
      "aic": -101.84659534574571,
      "bic": -96.33941496353299,
      "params": [
        4.5149507132200414e-05,
        0.19167411937568146
      ],
      "confidence_score": 0.3635678492492702
    }
  }
}