{
  "valid_points": 12,
  "models": {
    "Constant": {
      "r2": 0.7,
      "aic": 93.83956744469987,
      "bic": 94.80938074427587,
      "params": [
        108.39822025348751,
        -91.6017797465126
      ],
      "confidence_score": 0.09999999999999998
    },
    "Linear": {
      "r2": 0.9270158546131274,
      "aic": 62.42941086985975,
      "bic": 63.399224169435755,
      "params": [
        0.016987228389943022,
        -4.92739333438153
      ],
      "confidence_score": 0.4562095127678764
    },
    "Quadratic": {
      "r2": 0.9999919877329564,
      "aic": -44.974874278389905,
      "bic": -43.5201543290259,
      "params": [
        2.2715210798995855e-06,
        1.0,
        0.06305255926935072
      ],
      "confidence_score": 0.9799951926397739
    },
    "Cubic": {
      "r2": 0.9827905658729446,
      "aic": 49.09199684742976,
      "bic": 51.03162344658176,
      "params": [
        2.770847858005185e-10,
        1.0,
        1.0,
        2.319837215391874
      ],
      "confidence_score": 0.5696743395237667
    },
    "Logarithmic": {
      "r2": 0.36903582684393055,
      "aic": 88.31349309347428,
      "bic": 89.28330639305028,
      "params": [
        9.284623513001929,
        -25.683774940822104
      ],
      "confidence_score": 0.33251791342196524
    },
    "N Log N": {
      "r2": 0.9483971621358969,
      "aic": 58.2694241170129,
      "bic": 59.23923741658891,
      "params": [
        0.00192579768442882,
        -3.924222410524846
      ],
      "confidence_score": 0.698
    }
  }
}