{
  "valid_points": 94,
  "models": {
    "Constant": {
      "r2": 0.0,
      "aic": -433.69208727790027,
      "bic": -428.60549771336025,
      "params": [
        100.13121548405996,
        -99.86878451594015
      ],
      "confidence_score": 0.0
    },
    "Linear": {
      "r2": 0.948922919720431,
      "aic": -713.2875117435773,
      "bic": -708.2009221790373,
      "params": [
        6.780406613038359e-05,
        0.12134657553936445
      ],
      "confidence_score": 0.928922919720431
    },
    "Quadratic": {
      "r2": 0.8764261882950656,
      "aic": -628.2382510447994,
      "bic": -620.6083666979894,
      "params": [
        1.4767531094547245e-08,
        1.0,
        0.1695320627924873
      ],
      "confidence_score": 0.8364261882950655
    },
    "Cubic": {
      "r2": 0.7734073792604628,
      "aic": -569.2446279072897,
      "bic": -559.0714487782096,
      "params": [
        3.2714078676938134e-12,
        1.0,
        1.0,
        0.1923826057043875
      ],
      "confidence_score": 0.7234073792604627
    },
    "Logarithmic": {
      "r2": 0.6084919298258882,
      "aic": -521.8405074053657,
      "bic": -516.7539178408257,
      "params": [
        0.04228083216224182,
        -0.03198080091942941
      ],
      "confidence_score": 0.5984919298258882
    },
    "N Log N": {
      "r2": 0.9464547166583065,
      "aic": -708.8514784337539,
      "bic": -703.7648888692139,
      "params": [
        7.995638656792812e-06,
        0.13070157678876768
      ],
      "confidence_score": 0.9164547166583065
    }
  }
}