{
  "Constant": {
    "r2": 2.220446049250313e-16,
    "aic": -476.4038265495706,
    "bic": -471.29607276636955,
    "params": [
      -99.89771066527605,
      100.1022893347239
    ]
  },
  "Linear": {
    "r2": 0.9396189542488329,
    "aic": -743.0764299085282,
    "bic": -737.9686761253271,
    "params": [
      5.531008283510275e-05,
      0.08833783493854419
    ]
  },
  "Quadratic": {
    "r2": 0.8558708790261297,
    "aic": -658.4231687856256,
    "bic": -650.7615381108241,
    "params": [
      1.1903629175272846e-08,
      1.0,
      0.12872990709721
    ]
  },
  "Cubic": {
    "r2": 0.7470502806704342,
    "aic": -602.9874585937436,
    "bic": -592.7719510273414,
    "params": [
      2.6150267866357717e-12,
      1.0,
      1.0,
      0.14775514368661452
    ]
  },
  "Logarithmic": {
    "r2": 0.5978158623354319,
    "aic": -562.9341244774231,
    "bic": -557.826370694222,
    "params": [
      0.034425110817255654,
      -0.035795413799470016
    ]
  },
  "N Log N": {
    "r2": 0.9358735026145368,
    "aic": -737.3591008983007,
    "bic": -732.2513471150995,
    "params": [
      6.513535221781974e-06,
      0.09613125791328123
    ]
  }
}