{
  "valid_points": 10,
  "models": {
    "Constant": {
      "r2": 0.0,
      "aic": 18.86083332443929,
      "bic": 19.466003510427385,
      "params": [
        1.0088221877813341,
        1.0
      ],
      "confidence_score": 0.0
    },
    "Linear": {
      "r2": 0.9480634920891745,
      "aic": -10.716499757016006,
      "bic": -10.111329571027914,
      "params": [
        0.009261561434419086,
        -1.2188319709365436
      ],
      "confidence_score": 0.9280634920891745
    },
    "Quadratic": {
      "r2": 0.9999800783800485,
      "aic": -87.37621653805506,
      "bic": -86.46846125907292,
      "params": [
        1.075360155067262e-05,
        1.0,
        0.17745695969842157
      ],
      "confidence_score": 0.9599800783800485
    },
    "Cubic": {
      "r2": 0.9732948800310718,
      "aic": -13.368166403795485,
      "bic": -12.157826031819301,
      "params": [
        1.3308568821560999e-08,
        1.0,
        1.0,
        0.6586823523180387
      ],
      "confidence_score": 0.9232948800310717
    },
    "Logarithmic": {
      "r2": 0.7684907182765698,
      "aic": 4.22948020022056,
      "bic": 4.834650386208652,
      "params": [
        2.781547040099455,
        -13.688327052500945
      ],
      "confidence_score": 0.7584907182765698
    },
    "N Log N": {
      "r2": 0.9631294948340443,
      "aic": -14.14260033112469,
      "bic": -13.537430145136598,
      "params": [
        0.0013389148400846395,
        -0.8128549094644325
      ],
      "confidence_score": 0.9331294948340443
    }
  }
}