{
  "valid_points": 76,
  "models": {
    "Constant": {
      "r2": 2.220446049250313e-16,
      "aic": -461.78315549867744,
      "bic": -457.12168881810476,
      "params": [
        -99.87068921817752,
        100.12931078182237
      ],
      "confidence_score": 2.220446049250313e-16
    },
    "Linear": {
      "r2": 0.9139173643731571,
      "aic": -648.1691704155595,
      "bic": -643.5077037349869,
      "params": [
        3.867785277290119e-05,
        0.14207908621034163
      ],
      "confidence_score": 0.893917364373157
    },
    "Quadratic": {
      "r2": 0.9128312246013507,
      "aic": -645.2162465274598,
      "bic": -638.2240465066009,
      "params": [
        6.35548231547309e-09,
        1.0,
        0.1924576477500184
      ],
      "confidence_score": 0.8728312246013507
    },
    "Cubic": {
      "r2": 0.8712875157875394,
      "aic": -613.5963921645841,
      "bic": -604.2734588034388,
      "params": [
        1.2284143659148242e-12,
        1.0,
        1.0,
        0.2102802256703704
      ],
      "confidence_score": 0.8212875157875393
    },
    "Logarithmic": {
      "r2": 0.8488845455132314,
      "aic": -605.4012017643154,
      "bic": -600.7397350837427,
      "params": [
        0.09884346248659556,
        -0.5246646768732867
      ],
      "confidence_score": 0.8388845455132314
    },
    "N Log N": {
      "r2": 0.91675326419436,
      "aic": -650.7150788915216,
      "bic": -646.0536122109489,
      "params": [
        4.3239290388597765e-06,
        0.15324531605640548
      ],
      "confidence_score": 0.88675326419436
    }
  }
}