{
  "best_model": "O(2^n)",
  "details": {
    "O(1)": {
      "r2": 0,
      "aic": Infinity,
      "params_norm": [
        1.0
      ],
      "rss": 0.0
    },
    "O(n)": {
      "r2": 0,
      "aic": -173.29809949655098,
      "params_norm": [
        9.36426321460069e-09,
        0.9999999945375131
      ],
      "rss": 4.522277605974934e-13
    },
    "O(n^2)": {
      "r2": 0,
      "aic": -173.1537744515827,
      "params_norm": [
        1.3968810166677247e-08,
        -1.4862539108855611e-08,
        1.000000003305388
      ],
      "rss": 8.749428312734568e-14
    },
    "O(n^3)": {
      "r2": 0,
      "aic": -136.5410914589211,
      "params_norm": [
        1.0922999163697997e-07,
        -1.936360687196331e-07,
        1.0137572068589287e-07,
        0.9999999843147139
      ],
      "rss": 2.634035554874664e-13
    },
    "O(log n)": {
      "r2": 0,
      "aic": -173.79789119902813,
      "params_norm": [
        -4.218004269987846e-09,
        0.9999999972302877
      ],
      "rss": 4.1608406990749357e-13
    },
    "O(n log n)": {
      "r2": 0,
      "aic": -184.08216705001706,
      "params_norm": [
        -8.531161804738576e-09,
        0.9999999979301961
      ],
      "rss": 7.495150885267155e-14
    },
    "O(2^n)": {
      "r2": 0,
      "aic": -216.6682854241967,
      "params_norm": [
        0.9999999998528463,
        2.5226359021217946e-10
      ],
      "rss": 3.2818481358517763e-16
    },
    "O(n^k)": {
      "r2": 0,
      "aic": -171.82737625225576,
      "params_norm": [
        0.9999999973302715,
        -4.845089375126886e-09
      ],
      "rss": 5.778454750716047e-13
    }
  }
}