{
  "Constant": {
    "params": [
      11.847378358840942
    ],
    "r_squared": 0.0,
    "success": true
  },
  "Linear": {
    "params": [
      0.006800160986187835,
      -11.61317703708244
    ],
    "r_squared": 0.9208830778877672,
    "success": true
  },
  "Quadratic": {
    "params": [
      1.506355480574308e-06,
      -0.003593691822822946,
      3.1792337535786044
    ],
    "r_squared": 0.9960755499208099,
    "success": true
  },
  "Cubic": {
    "params": [
      6.225139562029554e-11,
      8.620535034544302e-07,
      -0.0016040747168954632,
      1.4275911034507698
    ],
    "r_squared": 0.9962811888552127,
    "success": true
  },
  "Logarithmic": {
    "params": [
      18.39266343603568,
      -136.02614507198103
    ],
    "r_squared": 0.7722089938480345,
    "success": true
  },
  "n_log_n": {
    "params": [
      0.0007527806745907311,
      -9.550324141044324
    ],
    "r_squared": 0.9321660060958925,
    "success": true
  },
  "Exponential": {
    "params": [
      1.0928277532285464,
      0.0005972074002157825
    ],
    "r_squared": 0.9838450981235044,
    "success": true
  },
  "Sqrt_Exponential": {
    "params": [
      1.0928251196416008,
      0.0011944157408953992
    ],
    "r_squared": 0.983845098123511,
    "success": true
  },
  "Power": {
    "params": [
      6.9252727840719574e-09,
      2.572597671777766
    ],
    "r_squared": 0.9962138781015922,
    "success": true
  }
}