{
  "Constant": {
    "r2": -2.220446049250313e-16,
    "aic": -600.6711694462408,
    "bic": -596.090250563944,
    "params": [
      100.06161849588561,
      -99.93838150411436
    ]
  },
  "Linear": {
    "r2": 0.002727365038809215,
    "aic": -600.8705390947318,
    "bic": -596.289620212435,
    "params": [
      -9.569623928840088e-07,
      0.12564643954827925
    ]
  },
  "Quadratic": {
    "r2": 0.0005266785149938835,
    "aic": -598.7096271061362,
    "bic": -591.838248782691,
    "params": [
      -8.250444771817911e-11,
      1.0,
      0.12382211871503535
    ]
  },
  "Cubic": {
    "r2": 5.089591332829713e-07,
    "aic": -596.6712066002669,
    "bic": -587.5093688356734,
    "params": [
      -6.154232711430786e-16,
      1.0,
      1.0,
      0.1232503142490533
    ]
  },
  "Logarithmic": {
    "r2": 0.007470638748827696,
    "aic": -601.2185733588051,
    "bic": -596.6376544765083,
    "params": [
      -0.003620063472301762,
      0.15134329632007665
    ]
  },
  "N Log N": {
    "r2": 0.002356107426531029,
    "aic": -600.843368227545,
    "bic": -596.2624493452482,
    "params": [
      -1.0114430471880944e-07,
      0.12524700988496684
    ]
  }
}