{
  "valid_points": 67,
  "models": {
    "Constant": {
      "r2": 0.7,
      "aic": -552.2340821228471,
      "bic": -547.8246968840651,
      "params": [
        100.06140776868185,
        -99.93859223131814
      ],
      "confidence_score": 0.5912273200250777
    },
    "Linear": {
      "r2": 0.011183498045132079,
      "aic": -552.9875978605467,
      "bic": -548.5782126217647,
      "params": [
        -2.0928352617577417e-06,
        0.1278258474520979
      ],
      "confidence_score": 0.31003956235532126
    },
    "Quadratic": {
      "r2": 0.006142281257373483,
      "aic": -550.6468840416733,
      "bic": -544.0328061835004,
      "params": [
        -3.2036438380197194e-10,
        1.0,
        0.12485454669080188
      ],
      "confidence_score": 0.015968731651583492
    },
    "Cubic": {
      "r2": 0.0030864556128739062,
      "aic": -548.4411944350594,
      "bic": -539.6224239574956,
      "params": [
        -5.765655928574579e-14,
        1.0,
        1.0,
        0.12386886404784658
      ],
      "confidence_score": 0.0
    },
    "Logarithmic": {
      "r2": 0.018365592493483684,
      "aic": -553.4760164826068,
      "bic": -549.0666312438249,
      "params": [
        -0.005871826144287412,
        0.16813930331859356
      ],
      "confidence_score": 0.5071827962467419
    },
    "N Log N": {
      "r2": 0.010487886495000653,
      "aic": -552.9404813447006,
      "bic": -548.5310961059187,
      "params": [
        -2.3173183493870204e-07,
        0.1271638667336076
      ],
      "confidence_score": 0.5327696202722706
    }
  }
}