{
  "valid_points": 19,
  "models": {
    "Constant": {
      "r2": 0.7,
      "aic": 110.61027455994308,
      "bic": 112.49915251827596,
      "params": [
        -96.55253900901265,
        103.44746099098731
      ],
      "confidence_score": 0.11999999999999998
    },
    "Linear": {
      "r2": 0.9999970313469608,
      "aic": -131.21036781355826,
      "bic": -129.3214898552254,
      "params": [
        6.461135917057437e-05,
        -0.013715609287226371
      ],
      "confidence_score": 0.8999982188081764
    },
    "Quadratic": {
      "r2": 0.9208232707600839,
      "aic": 64.42489048471863,
      "bic": 67.25820742221795,
      "params": [
        6.375237654228693e-11,
        1.0,
        1.990295725738381
      ],
      "confidence_score": 0.5324939624560503
    },
    "Cubic": {
      "r2": 0.8428848210159912,
      "aic": 79.44552830839591,
      "bic": 83.22328422506166,
      "params": [
        5.897646111755446e-17,
        1.0,
        1.0,
        2.8058706896264454
      ],
      "confidence_score": 0.4857308926095947
    },
    "Logarithmic": {
      "r2": 0.401857150900225,
      "aic": 100.84568672610683,
      "bic": 102.73456468443972,
      "params": [
        2.5578903598951905,
        -11.041073519805538
      ],
      "confidence_score": 0.44892857545011255
    },
    "N Log N": {
      "r2": 0.9990184649829668,
      "aic": -20.991189928738567,
      "bic": -19.102311970405687,
      "params": [
        4.708092270386245e-06,
        0.23121318611259353
      ],
      "confidence_score": 0.698
    }
  }
}