{
  "valid_points": 19,
  "models": {
    "Constant": {
      "r2": 0.7,
      "aic": 93.34676594598555,
      "bic": 95.23564390431844,
      "params": [
        -98.180297056311,
        101.81970294368891
      ],
      "confidence_score": 0.11999999999999998
    },
    "Linear": {
      "r2": 0.9999658285099821,
      "aic": -102.05149290248926,
      "bic": -100.16261494415637,
      "params": [
        4.44275120518034e-05,
        -0.0383573409489506
      ],
      "confidence_score": 0.8099794971059893
    },
    "Quadratic": {
      "r2": 0.9580487642918281,
      "aic": 35.09306553955504,
      "bic": 37.92638247705437,
      "params": [
        4.1964399475827986e-11,
        1.0,
        1.0086036643035194
      ],
      "confidence_score": 0.5548292585750968
    },
    "Cubic": {
      "r2": 0.9377574161558407,
      "aic": 44.58916411639266,
      "bic": 48.36692003305842,
      "params": [
        3.952471873726359e-17,
        1.0,
        1.0,
        1.1982223289778946
      ],
      "confidence_score": 0.5426544496935044
    },
    "Logarithmic": {
      "r2": 0.3036980303646042,
      "aic": 86.4693008278866,
      "bic": 88.35817878621948,
      "params": [
        1.46191682619323,
        -6.451594440421729
      ],
      "confidence_score": 0.49984901518230207
    },
    "N Log N": {
      "r2": 0.9993502454889537,
      "aic": -46.09263694679318,
      "bic": -44.203758988460294,
      "params": [
        3.2149170521374704e-06,
        0.13444421602602882
      ],
      "confidence_score": 0.6980000000002118
    }
  }
}