{
  "valid_points": 30,
  "models": {
    "Constant": {
      "r2": 0.0,
      "aic": 373.2740053567561,
      "bic": 376.0764001200804,
      "params": [
        378.98282146033546,
        38.821729291708344
      ],
      "confidence_score": 0.0
    },
    "Linear": {
      "r2": 0.8425981514248071,
      "aic": 317.8054093979863,
      "bic": 320.6078041613106,
      "params": [
        4.5396536887776975,
        -319.88917367433226
      ],
      "confidence_score": 0.8225981514248071
    },
    "Quadratic": {
      "r2": 0.97435685462019,
      "aic": 265.3696359647357,
      "bic": 269.5732281097222,
      "params": [
        0.01453166755550217,
        1.0,
        -97.65065105376377
      ],
      "confidence_score": 0.9343568546201899
    },
    "Cubic": {
      "r2": 0.9999507407032642,
      "aic": 79.72163209822183,
      "bic": 85.32642162487045,
      "params": [
        4.738960769956613e-05,
        1.0,
        1.0,
        5.033366881562807
      ],
      "confidence_score": 0.9499507407032641
    },
    "Logarithmic": {
      "r2": 0.439492177192196,
      "aic": 355.90664296488217,
      "bic": 358.70903772820645,
      "params": [
        301.988904085746,
        -1020.8910641928479
      ],
      "confidence_score": 0.429492177192196
    },
    "N Log N": {
      "r2": 0.8784674722592208,
      "aic": 310.04680533674093,
      "bic": 312.8492001000652,
      "params": [
        0.7785244697853934,
        -251.56462130315236
      ],
      "confidence_score": 0.8484674722592208
    }
  }
}