{
  "Constant": {
    "r2": -2.220446049250313e-16,
    "aic": -547.6425597386441,
    "bic": -543.1455692545453,
    "params": [
      -99.8160703639899,
      100.18392963601008
    ]
  },
  "Linear": {
    "r2": 0.00019345207214549465,
    "aic": -547.6561026936928,
    "bic": -543.159112209594,
    "params": [
      3.1238529019095296e-07,
      0.3670756312064408
    ]
  },
  "Quadratic": {
    "r2": 0.0005348617769734831,
    "aic": -545.6800100793031,
    "bic": -538.934524353155,
    "params": [
      1.0213668637409376e-10,
      1.0,
      0.36713999629284727
    ]
  },
  "Cubic": {
    "r2": 0.0010017623284389598,
    "aic": -543.712718248581,
    "bic": -534.7187372803836,
    "params": [
      3.362845352608157e-14,
      1.0,
      1.0,
      0.36713853915726447
    ]
  },
  "Logarithmic": {
    "r2": 2.0085703682393152e-05,
    "aic": -547.6439657520223,
    "bic": -543.1469752679235,
    "params": [
      0.00022966362777032678,
      0.36607700348424066
    ]
  },
  "N Log N": {
    "r2": 0.00022433401173527212,
    "aic": -547.6582648811302,
    "bic": -543.1612743970314,
    "params": [
      3.8261980273717124e-08,
      0.3671020324092687
    ]
  }
}