{
  "valid_points": 67,
  "models": {
    "Constant": {
      "r2": 0.7,
      "aic": 554.2732482693046,
      "bic": 558.6826335080866,
      "params": [
        -42.15473319813873,
        136.11214935536304
      ],
      "confidence_score": 0.09999999999999998
    },
    "Linear": {
      "r2": 0.9743733813013761,
      "aic": 308.7769620582516,
      "bic": 313.18634729703354,
      "params": [
        0.07405336122201256,
        -80.0127190121005
      ],
      "confidence_score": 0.4846240287808256
    },
    "Quadratic": {
      "r2": 0.9998833148116898,
      "aic": -50.48082523360529,
      "bic": -43.86674737543239,
      "params": [
        1.559476407941851e-05,
        1.0,
        -2.330895175341965
      ],
      "confidence_score": 0.9799299888870139
    },
    "Cubic": {
      "r2": 0.9850555198062709,
      "aic": 276.64455950533466,
      "bic": 285.46332998289853,
      "params": [
        3.942742824382223e-09,
        1.0,
        1.0,
        24.480572379201174
      ],
      "confidence_score": 0.5710333118837625
    },
    "Logarithmic": {
      "r2": 0.8954785357043965,
      "aic": 402.96293874566595,
      "bic": 407.37232398444786,
      "params": [
        153.60155447003032,
        -1088.1595115080884
      ],
      "confidence_score": 0.548
    },
    "N Log N": {
      "r2": 0.9799032219400311,
      "aic": 292.4911315258919,
      "bic": 296.9005167646738,
      "params": [
        0.008499585549868538,
        -62.251140141074316
      ],
      "confidence_score": 0.698
    }
  }
}