{
  "valid_points": 56,
  "models": {
    "Constant": {
      "r2": 0.7,
      "aic": -304.0216030462117,
      "bic": -299.9708996647414,
      "params": [
        -99.78761501344181,
        100.21238498655813
      ],
      "confidence_score": 0.11999999999999998
    },
    "Linear": {
      "r2": 0.817189766651515,
      "aic": -399.1827749091909,
      "bic": -395.13207152772065,
      "params": [
        6.710121830600541e-05,
        0.2576160453484632
      ],
      "confidence_score": 0.5874202268182989
    },
    "Quadratic": {
      "r2": 0.7710612537558355,
      "aic": -384.58244755825774,
      "bic": -378.5063924860523,
      "params": [
        1.2918867062805783e-08,
        1.0,
        0.33502421845845903
      ],
      "confidence_score": 0.4426851115884863
    },
    "Cubic": {
      "r2": 0.7043804912583367,
      "aic": -368.26780036562434,
      "bic": -360.16639360268374,
      "params": [
        2.997429583614493e-12,
        1.0,
        1.0,
        0.3618139157991524
      ],
      "confidence_score": 0.40262829979000997
    },
    "Logarithmic": {
      "r2": 0.8217525261104198,
      "aic": -400.59821697108595,
      "bic": -396.5475135896156,
      "params": [
        0.15269800233964712,
        -0.7591286470591073
      ],
      "confidence_score": 0.848
    },
    "N Log N": {
      "r2": 0.8136608224939774,
      "aic": -398.1120599772688,
      "bic": -394.06135659579854,
      "params": [
        7.6217943236215505e-06,
        0.27510917450623235
      ],
      "confidence_score": 0.7345484158141556
    }
  }
}