{
  "valid_points": 12,
  "models": {
    "Constant": {
      "r2": 0.7,
      "aic": 85.70090844421831,
      "bic": 86.67072174379432,
      "params": [
        108.64881773789723,
        -91.35118226210272
      ],
      "confidence_score": 0.15999999999999998
    },
    "Linear": {
      "r2": 0.9999953221835415,
      "aic": -61.57124106312651,
      "bic": -60.601427763550504,
      "params": [
        0.025446120438946673,
        -0.043895603347793744
      ],
      "confidence_score": 0.8999971933101248
    },
    "Quadratic": {
      "r2": 0.9237557798020906,
      "aic": 56.81514443960888,
      "bic": 58.26986438897288,
      "params": [
        6.233689887391591e-06,
        1.0,
        5.685698730512419
      ],
      "confidence_score": 0.5342534678812543
    },
    "Cubic": {
      "r2": 0.847753646901981,
      "aic": 67.11384453151989,
      "bic": 69.0534711306719,
      "params": [
        1.4675052355836359e-09,
        1.0,
        1.0,
        7.70144009967007
      ],
      "confidence_score": 0.4886521881411885
    },
    "Logarithmic": {
      "r2": 0.5366831529549806,
      "aic": 76.4687789553089,
      "bic": 77.43859225488491,
      "params": [
        8.693167019018535,
        -20.969440789584866
      ],
      "confidence_score": 0.41634157647749026
    },
    "N Log N": {
      "r2": 0.9974008752350867,
      "aic": 14.269942210141426,
      "bic": 15.239755509717426,
      "params": [
        0.0030803558272551952,
        1.2806138252880028
      ],
      "confidence_score": 0.648
    }
  }
}