{
  "valid_points": 90,
  "models": {
    "Constant": {
      "r2": 1.1102230246251565e-16,
      "aic": -151.9503957905383,
      "bic": -146.95077644987776,
      "params": [
        100.42913001444613,
        -99.57086998555386
      ],
      "confidence_score": 1.1102230246251565e-16
    },
    "Linear": {
      "r2": 0.9934913355723184,
      "aic": -605.0662858668046,
      "bic": -600.0666665261441,
      "params": [
        0.00029688337677010964,
        0.24026759182257337
      ],
      "confidence_score": 0.9734913355723184
    },
    "Quadratic": {
      "r2": 0.9486071151341007,
      "aic": -417.0933946458106,
      "bic": -409.59396563481977,
      "params": [
        6.569011767876276e-08,
        1.0,
        0.4427163879413363
      ],
      "confidence_score": 0.9086071151341006
    },
    "Cubic": {
      "r2": 0.8590680504563949,
      "aic": -324.3034277116101,
      "bic": -314.304189030289,
      "params": [
        1.4707235008034128e-11,
        1.0,
        1.0,
        0.5401332427195057
      ],
      "confidence_score": 0.8090680504563948
    },
    "Logarithmic": {
      "r2": 0.5917065258678391,
      "aic": -232.56961153309902,
      "bic": -227.5699921924385,
      "params": [
        0.17680931101151828,
        -0.3692545861199147
      ],
      "confidence_score": 0.5817065258678391
    },
    "N Log N": {
      "r2": 0.9959308414325259,
      "aic": -647.3391094877096,
      "bic": -642.3394901470491,
      "params": [
        3.510662507447219e-05,
        0.2792419633804086
      ],
      "confidence_score": 0.9659308414325258
    }
  }
}