{
  "Constant": {
    "r2": 0.0,
    "aic": -509.9212649965001,
    "bic": -505.367932758468,
    "params": [
      100.07554454108087,
      -99.92445545891911
    ]
  },
  "Linear": {
    "r2": 0.7956838961144752,
    "aic": -624.2635257974262,
    "bic": -619.710193559394,
    "params": [
      2.9237943084292617e-05,
      0.07734449238254182
    ]
  },
  "Quadratic": {
    "r2": 0.7818129832536922,
    "aic": -617.5342600426577,
    "bic": -610.7042616856096,
    "params": [
      5.699193878172537e-09,
      1.0,
      0.11061847318891807
    ]
  },
  "Cubic": {
    "r2": 0.7385077227428383,
    "aic": -602.4985030406265,
    "bic": -593.3918385645622,
    "params": [
      1.3331196091165622e-12,
      1.0,
      1.0,
      0.12225785249287006
    ]
  },
  "Logarithmic": {
    "r2": 0.7599366542866539,
    "aic": -612.6546413960701,
    "bic": -608.101309158038,
    "params": [
      0.06521900478754689,
      -0.35546197580880445
    ]
  },
  "N Log N": {
    "r2": 0.7963358030292648,
    "aic": -624.4936218962521,
    "bic": -619.94028965822,
    "params": [
      3.326870362486701e-06,
      0.08485406116901503
    ]
  }
}