{
  "valid_points": 196,
  "models": {
    "Constant": {
      "r2": 0.7,
      "aic": -3327.203753522571,
      "bic": -3320.6475242041097,
      "params": [
        -99.99886194662157,
        100.00113805337838
      ],
      "confidence_score": 0.43002991886928205
    },
    "Linear": {
      "r2": 0.04290105926745735,
      "aic": -3335.7980608020175,
      "bic": -3329.2418314835563,
      "params": [
        9.71748458789982e-13,
        0.0022662864412109776
      ],
      "confidence_score": 0.018672298429723864
    },
    "Quadratic": {
      "r2": 0.02901685552595812,
      "aic": -3330.975202798776,
      "bic": -3321.1408588210847,
      "params": [
        1.6405476659749758e-21,
        1.0,
        0.0022728410268896045
      ],
      "confidence_score": 0.0
    },
    "Cubic": {
      "r2": 0.02328199947514964,
      "aic": -3327.820985646751,
      "bic": -3314.708527009829,
      "params": [
        2.801675128046179e-30,
        1.0,
        1.0,
        0.0022735782290637216
      ],
      "confidence_score": 0.0
    },
    "Logarithmic": {
      "r2": 0.08972697580643807,
      "aic": -3345.6298503078124,
      "bic": -3339.073620989351,
      "params": [
        5.817643542113846e-05,
        0.001390312617379542
      ],
      "confidence_score": 0.542863487903219
    },
    "N Log N": {
      "r2": 0.04151447073751513,
      "aic": -3335.5143130439924,
      "bic": -3328.958083725531,
      "params": [
        4.7963035032044673e-14,
        0.0022675472330024615
      ],
      "confidence_score": 0.22066515574904483
    }
  }
}