{
  "valid_points": 97,
  "models": {
    "Constant": {
      "r2": 0.0,
      "aic": -476.5566502589986,
      "bic": -471.40722830199184,
      "params": [
        100.09843851103622,
        -99.90156148896386
      ],
      "confidence_score": 0.0
    },
    "Linear": {
      "r2": 0.9615578917001201,
      "aic": -792.6410296966928,
      "bic": -787.4916077396861,
      "params": [
        5.897698618040348e-05,
        0.07236991613238242
      ],
      "confidence_score": 0.94155789170012
    },
    "Quadratic": {
      "r2": 0.8924523966265834,
      "aic": -690.8493558722287,
      "bic": -683.1252229367185,
      "params": [
        1.2836200811438061e-08,
        1.0,
        0.1146382085053104
      ],
      "confidence_score": 0.8524523966265833
    },
    "Cubic": {
      "r2": 0.7882264292782704,
      "aic": -623.1237011186951,
      "bic": -612.8248572046815,
      "params": [
        2.840951065704944e-12,
        1.0,
        1.0,
        0.13486654109197618
      ],
      "confidence_score": 0.7382264292782703
    },
    "Logarithmic": {
      "r2": 0.5979554413784235,
      "aic": -564.9423086128528,
      "bic": -559.792886655846,
      "params": [
        0.03648772730671749,
        -0.05835375089241113
      ],
      "confidence_score": 0.5879554413784235
    },
    "N Log N": {
      "r2": 0.9603229329957499,
      "aic": -789.5738960645298,
      "bic": -784.424474107523,
      "params": [
        6.955663910565511e-06,
        0.08051438073611847
      ],
      "confidence_score": 0.9303229329957499
    }
  }
}