{
  "valid_points": 19,
  "models": {
    "Constant": {
      "r2": 0.7,
      "aic": 107.8522930602869,
      "bic": 109.74117101861978,
      "params": [
        -97.3318952282793,
        102.66810477172078
      ],
      "confidence_score": 0.11999999999999998
    },
    "Linear": {
      "r2": 0.999968558188234,
      "aic": -89.12777429218401,
      "bic": -87.23889633385113,
      "params": [
        6.507787833709422e-05,
        -0.051016003781846564
      ],
      "confidence_score": 0.8999811349129404
    },
    "Quadratic": {
      "r2": 0.9579857248615453,
      "aic": 49.62712221053602,
      "bic": 52.46043914803534,
      "params": [
        6.14677793000653e-11,
        1.0,
        1.4827153698075821
      ],
      "confidence_score": 0.5547914349169272
    },
    "Cubic": {
      "r2": 0.9376536472335297,
      "aic": 59.12634107109637,
      "bic": 62.90409698776213,
      "params": [
        5.789293366364127e-17,
        1.0,
        1.0,
        1.7605414163353827
      ],
      "confidence_score": 0.5425921883401178
    },
    "Logarithmic": {
      "r2": 0.3039243955138865,
      "aic": 100.96865010945895,
      "bic": 102.85752806779183,
      "params": [
        2.1422258615868834,
        -9.450679480733966
      ],
      "confidence_score": 0.3999621977569433
    },
    "N Log N": {
      "r2": 0.9993496630522782,
      "aic": -31.57008595698207,
      "bic": -29.68120799864919,
      "params": [
        4.709235892403997e-06,
        0.20211397839001244
      ],
      "confidence_score": 0.6980000000000952
    }
  }
}