{
  "valid_points": 77,
  "models": {
    "Constant": {
      "r2": -4.440892098500626e-16,
      "aic": -79.34969464724149,
      "bic": -74.66208380353413,
      "params": [
        -99.32516194492959,
        100.67483805507028
      ],
      "confidence_score": -4.440892098500626e-16
    },
    "Linear": {
      "r2": 0.6708389557069359,
      "aic": -164.9127223242539,
      "bic": -160.22511148054653,
      "params": [
        0.0004152645710154078,
        0.10954509686373293
      ],
      "confidence_score": 0.6508389557069358
    },
    "Quadratic": {
      "r2": 0.6159189507499767,
      "aic": -151.0311242313411,
      "bic": -143.99970796578003,
      "params": [
        6.537831076514067e-08,
        1.0,
        0.6804505636971743
      ],
      "confidence_score": 0.5759189507499767
    },
    "Cubic": {
      "r2": 0.539487400875307,
      "aic": -135.05665457511074,
      "bic": -125.681432887696,
      "params": [
        1.2102728518686847e-11,
        1.0,
        1.0,
        0.8840029445017468
      ],
      "confidence_score": 0.489487400875307
    },
    "Logarithmic": {
      "r2": 0.6727666246842412,
      "aic": -165.36498374980764,
      "bic": -160.67737290610026,
      "params": [
        1.1040646187524101,
        -7.390215605895213
      ],
      "confidence_score": 0.6627666246842412
    },
    "N Log N": {
      "r2": 0.6668197953443193,
      "aic": -163.9782217265807,
      "bic": -159.29061088287332,
      "params": [
        4.6207821259610034e-05,
        0.23480467670897026
      ],
      "confidence_score": 0.6368197953443193
    }
  }
}