{
  "valid_points": 201,
  "models": {
    "Constant": {
      "r2": 0.7,
      "aic": -3368.8155804366784,
      "bic": -3362.20897062056,
      "params": [
        -99.99875667046231,
        100.00124332953771
      ],
      "confidence_score": 0.3700000000000023
    },
    "Linear": {
      "r2": 0.22597782370149078,
      "aic": -3420.3026860418117,
      "bic": -3413.6960762256936,
      "params": [
        3.758241601283348e-11,
        0.002295785829157126
      ],
      "confidence_score": 0.12605467485542507
    },
    "Quadratic": {
      "r2": 0.18171753532284007,
      "aic": -3407.1256662561946,
      "bic": -3397.2157515320173,
      "params": [
        3.2264676564069346e-18,
        1.0,
        0.0023768104340191206
      ],
      "confidence_score": 0.08903064466637552
    },
    "Cubic": {
      "r2": 0.15274937754043716,
      "aic": -3398.133085933084,
      "bic": -3384.919866300848,
      "params": [
        3.0933951858120124e-25,
        1.0,
        1.0,
        0.002407329322425111
      ],
      "confidence_score": 0.07164962678823152
    },
    "Logarithmic": {
      "r2": 0.276262718287681,
      "aic": -3433.804271862285,
      "bic": -3427.197662046167,
      "params": [
        0.0001317684289216189,
        0.0004885266636939613
      ],
      "confidence_score": 0.7361313591438404
    },
    "N Log N": {
      "r2": 0.22254607899457046,
      "aic": -3419.4134917935303,
      "bic": -3412.806881977412,
      "params": [
        2.2871414356909155e-12,
        0.002305160746520809
      ],
      "confidence_score": 0.40949805014387486
    }
  }
}