{
  "valid_points": 21,
  "models": {
    "Constant": {
      "r2": 0.7,
      "aic": 143.5698677405675,
      "bic": 145.65891261601436,
      "params": [
        105.6624116287346,
        -94.33758837126553
      ],
      "confidence_score": 0.11999999999999998
    },
    "Linear": {
      "r2": 0.9999984800684544,
      "aic": -137.76388271659818,
      "bic": -135.67483784115132,
      "params": [
        5.671317450761659e-05,
        -0.0023667562108395934
      ],
      "confidence_score": 0.8999990880410726
    },
    "Quadratic": {
      "r2": 0.9200808658020886,
      "aic": 92.50832820130775,
      "bic": 95.64189551447802,
      "params": [
        2.7983738307667954e-11,
        1.0,
        3.510626013073142
      ],
      "confidence_score": 0.5320485194812531
    },
    "Cubic": {
      "r2": 0.8424679044445644,
      "aic": 108.75922047694108,
      "bic": 112.93731022783477,
      "params": [
        1.295678334441854e-17,
        1.0,
        1.0,
        4.821148003479407
      ],
      "confidence_score": 0.4854807426667386
    },
    "Logarithmic": {
      "r2": 0.3591218180452874,
      "aic": 134.22663417920367,
      "bic": 136.31567905465053,
      "params": [
        3.877230699677602,
        -18.008261719543846
      ],
      "confidence_score": 0.42756090902264376
    },
    "N Log N": {
      "r2": 0.9990569281337541,
      "aic": -2.7238616875541473,
      "bic": -0.6348168121073012,
      "params": [
        3.934031250942665e-06,
        0.43219875091250465
      ],
      "confidence_score": 0.698
    }
  }
}