{
  "valid_points": 8,
  "models": {
    "Constant": {
      "r2": 0.7,
      "aic": 41.39343642497133,
      "bic": 41.552319508330996,
      "params": [
        102.31629097834222,
        -97.68370902165762
      ],
      "confidence_score": 0.10000000000001216
    },
    "Linear": {
      "r2": 0.8668430512975525,
      "aic": 25.26362217650433,
      "bic": 25.422505259864003,
      "params": [
        0.11637048294794637,
        -2.669665838689601
      ],
      "confidence_score": 0.4201058308302022
    },
    "Quadratic": {
      "r2": 0.9881040645599757,
      "aic": 7.940968450001234,
      "bic": 8.179293075040741,
      "params": [
        0.00048689296834369955,
        1.0,
        -0.6239145295547555
      ],
      "confidence_score": 0.5728627255240697
    },
    "Cubic": {
      "r2": 0.9997330759977038,
      "aic": -20.43493618042854,
      "bic": -20.1171700137092,
      "params": [
        1.9116696786669607e-06,
        1.0,
        1.0,
        0.11307415358074258
      ],
      "confidence_score": 0.9798398455986222
    },
    "Logarithmic": {
      "r2": 0.3843132889369335,
      "aic": 37.513300178900195,
      "bic": 37.672183262259864,
      "params": [
        3.618723272619058,
        -6.0947365685320865
      ],
      "confidence_score": 0.4401566444685515
    },
    "N Log N": {
      "r2": 0.9089962621162697,
      "aic": 22.218598843663486,
      "bic": 22.377481927023158,
      "params": [
        0.021382593485921007,
        -1.924505330816173
      ],
      "confidence_score": 0.6980000001776334
    }
  }
}