{
  "valid_points": 19,
  "models": {
    "Constant": {
      "r2": 0.7,
      "aic": 126.03908479904311,
      "bic": 127.927962757376,
      "params": [
        -96.46146262162611,
        103.53853737837393
      ],
      "confidence_score": 0.11999999999999998
    },
    "Linear": {
      "r2": 0.9990457763604151,
      "aic": -6.098552528889046,
      "bic": -4.209674570556166,
      "params": [
        5.321825728066276e-05,
        -0.26541738972195117
      ],
      "confidence_score": 0.49942746644616476
    },
    "Quadratic": {
      "r2": 0.991839421557742,
      "aic": 36.67872052429192,
      "bic": 39.51203746179124,
      "params": [
        2.5193461532262645e-11,
        1.0,
        1.1239032600098637
      ],
      "confidence_score": 0.5751036529346452
    },
    "Cubic": {
      "r2": 0.9892740284579933,
      "aic": 43.872427398576924,
      "bic": 47.650183315242685,
      "params": [
        1.1986713790113448e-17,
        1.0,
        1.0,
        1.2452568404239783
      ],
      "confidence_score": 0.5735644170747959
    },
    "Logarithmic": {
      "r2": 0.2533414340820911,
      "aic": 120.4882866295782,
      "bic": 122.37716458791108,
      "params": [
        3.104116656441669,
        -14.462586788088796
      ],
      "confidence_score": 0.3746707170410456
    },
    "N Log N": {
      "r2": 0.9998870094795349,
      "aic": -46.63684121770724,
      "bic": -44.74796325937436,
      "params": [
        3.657469149670884e-06,
        0.01158861044503678
      ],
      "confidence_score": 0.998
    }
  }
}