{
  "Constant": {
    "r2": 2.220446049250313e-16,
    "aic": -379.8666154553898,
    "bic": -374.8669961147293,
    "params": [
      100.2262176945807,
      -99.77378230541939
    ]
  },
  "Linear": {
    "r2": 0.9386925929368672,
    "aic": -631.1335303856202,
    "bic": -626.1339110449597,
    "params": [
      8.135070700110436e-05,
      0.28309575746840476
    ]
  },
  "Quadratic": {
    "r2": 0.8782373854094359,
    "aic": -567.3779875161774,
    "bic": -559.8785585051867,
    "params": [
      1.781798578769875e-08,
      1.0,
      0.3397220777061424
    ]
  },
  "Cubic": {
    "r2": 0.7818059286024005,
    "aic": -512.8799493358075,
    "bic": -502.88071065448645,
    "params": [
      3.95514605119734e-12,
      1.0,
      1.0,
      0.3668830809513207
    ]
  },
  "Logarithmic": {
    "r2": 0.5963172350667829,
    "aic": -461.50795048680845,
    "bic": -456.50833114614795,
    "params": [
      0.05003644334430425,
      0.10505286061888701
    ]
  },
  "N Log N": {
    "r2": 0.9380834008091828,
    "aic": -630.2436431008,
    "bic": -625.2440237601395,
    "params": [
      9.604859422608425e-06,
      0.29402121202320797
    ]
  }
}