{
  "Constant": {
    "r2": 3.3306690738754696e-16,
    "aic": -697.7854852499229,
    "bic": -693.2045663676261,
    "params": [
      100.03006288858315,
      -99.96993711141698
    ]
  },
  "Linear": {
    "r2": 0.0016144708008739572,
    "aic": -697.9034368587417,
    "bic": -693.3225179764448,
    "params": [
      3.759816012971484e-07,
      0.05917500725495206
    ]
  },
  "Quadratic": {
    "r2": 0.004468835422166917,
    "aic": -696.112441337556,
    "bic": -689.2410630141109,
    "params": [
      1.2273615457303322e-10,
      1.0,
      0.05924725518398
    ]
  },
  "Cubic": {
    "r2": 0.007432738232345137,
    "aic": -694.3301016531321,
    "bic": -685.1682638885386,
    "params": [
      3.802141087395189e-14,
      1.0,
      1.0,
      0.05929139365866611
    ]
  },
  "Logarithmic": {
    "r2": 3.974511089599453e-05,
    "aic": -697.7883867006778,
    "bic": -693.207467818381,
    "params": [
      0.00013496704397880852,
      0.05907739214126427
    ]
  },
  "N Log N": {
    "r2": 0.0019048607481988444,
    "aic": -697.9246726930166,
    "bic": -693.3437538107198,
    "params": [
      4.643887331373558e-08,
      0.05919832584012865
    ]
  }
}