{
  "Constant": {
    "r2": 0.0,
    "aic": -267.22981452648656,
    "bic": -262.14322496194654,
    "params": [
      100.24236728774112,
      -99.75763271225892
    ]
  },
  "Linear": {
    "r2": 0.9831021611553029,
    "aic": -650.8033516852657,
    "bic": -645.7167621207258,
    "params": [
      0.00016787386181771335,
      0.1345354125931657
    ]
  },
  "Quadratic": {
    "r2": 0.8987430100001415,
    "aic": -480.49860713070916,
    "bic": -472.86872278389916,
    "params": [
      3.629584394980736e-08,
      1.0,
      0.2560928156599321
    ]
  },
  "Cubic": {
    "r2": 0.7931153346805613,
    "aic": -411.33563298278096,
    "bic": -401.1624538537009,
    "params": [
      8.033073514806131e-12,
      1.0,
      1.0,
      0.3126408158532094
    ]
  },
  "Logarithmic": {
    "r2": 0.6364120293343494,
    "aic": -362.33281063965865,
    "bic": -357.2462210751186,
    "params": [
      0.10488521965843745,
      -0.24631694908716514
    ]
  },
  "N Log N": {
    "r2": 0.9786254787657274,
    "aic": -628.7120468303225,
    "bic": -623.6254572657825,
    "params": [
      1.9771821022763435e-05,
      0.1581827070788987
    ]
  }
}