{
  "Constant": {
    "r2": 0.0,
    "aic": 543.5848612431244,
    "bic": 547.7735503675685,
    "params": [
      146.03232733869103,
      -5.344725511606015
    ]
  },
  "Linear": {
    "r2": 0.9757081723447483,
    "aic": 320.52794350207495,
    "bic": 324.71663262651913,
    "params": [
      0.10199853384611084,
      -111.92876699423168
    ]
  },
  "Quadratic": {
    "r2": 0.9999765369545188,
    "aic": -94.02017319220282,
    "bic": -87.73713950553652,
    "params": [
      2.0552300668552625e-05,
      1.0,
      -0.8886340219732605
    ]
  },
  "Cubic": {
    "r2": 0.982153877284658,
    "aic": 306.02672069245494,
    "bic": 314.40409894134336,
    "params": [
      4.945353283263333e-09,
      1.0,
      1.0,
      37.79388087998509
    ]
  },
  "Logarithmic": {
    "r2": 0.8945509235687436,
    "aic": 408.61323341596307,
    "bic": 412.80192254040725,
    "params": [
      219.13926223178,
      -1556.5383566416422
    ]
  },
  "N Log N": {
    "r2": 0.9812224669189521,
    "aic": 305.07921088310496,
    "bic": 309.26790000754914,
    "params": [
      0.01165286183851925,
      -86.69276623573677
    ]
  }
}