{
  "best_model": "O(2^n)",
  "details": {
    "O(1)": {
      "r2": 0,
      "aic": Infinity,
      "params_norm": [
        1.0
      ],
      "rss": 0.0
    },
    "O(n)": {
      "r2": 0,
      "aic": -3629.7257851244376,
      "params_norm": [
        3.539513381405014e-10,
        0.9999999997936918
      ],
      "rss": 2.393164219667216e-14
    },
    "O(n^2)": {
      "r2": 0,
      "aic": -3094.7280633027326,
      "params_norm": [
        2.262728146446774e-08,
        -2.697387986981183e-08,
        1.000000006707853
      ],
      "rss": 4.680542625267054e-12
    },
    "O(n^3)": {
      "r2": 0,
      "aic": -3039.6556092098085,
      "params_norm": [
        9.207473059506364e-09,
        1.2993395631032284e-08,
        -2.4496106730549883e-08,
        1.0000000064036458
      ],
      "rss": 7.902729516767486e-12
    },
    "O(log n)": {
      "r2": 0,
      "aic": -3169.716195359539,
      "params_norm": [
        -1.7262467729194512e-09,
        0.9999999988883356
      ],
      "rss": 2.2750377355335537e-12
    },
    "O(n log n)": {
      "r2": 0,
      "aic": -3598.702951234199,
      "params_norm": [
        9.149493385152141e-10,
        1.000000000238507
      ],
      "rss": 3.2536362035581405e-14
    },
    "O(2^n)": {
      "r2": 0,
      "aic": -3808.1316141323523,
      "params_norm": [
        1.0000000000853677,
        -1.463447165138362e-10
      ],
      "rss": 4.091072570987009e-15
    },
    "O(n^k)": {
      "r2": 0,
      "aic": -3508.4162699589374,
      "params_norm": [
        0.999999999792065,
        -3.2278032427202367e-10
      ],
      "rss": 7.954205163135552e-14
    }
  }
}