{
  "valid_points": 12,
  "models": {
    "Constant": {
      "r2": 0.7,
      "aic": 70.89459307091275,
      "bic": 71.86440637048875,
      "params": [
        103.78982055311396,
        -96.21017944688587
      ],
      "confidence_score": 0.09999999999999998
    },
    "Linear": {
      "r2": 0.8886568403895884,
      "aic": 44.552933247779094,
      "bic": 45.5227465473551,
      "params": [
        0.02511182113744017,
        -3.1054387698331767
      ],
      "confidence_score": 0.43319410423375415
    },
    "Quadratic": {
      "r2": 0.9996578566487896,
      "aic": -22.86877596673118,
      "bic": -21.41405601736718,
      "params": [
        1.3990490935533728e-05,
        1.0,
        -0.1509865365603824
      ],
      "confidence_score": 0.9797947139892738
    },
    "Cubic": {
      "r2": 0.9781952530135875,
      "aic": 28.987062096257755,
      "bic": 30.92668869540976,
      "params": [
        6.845723539095034e-09,
        1.0,
        1.0,
        1.3780417499543234
      ],
      "confidence_score": 0.5669171518098759
    },
    "Logarithmic": {
      "r2": 0.3566177948215562,
      "aic": 65.60239720645657,
      "bic": 66.57221050603258,
      "params": [
        4.071327874826545,
        -9.871642684825662
      ],
      "confidence_score": 0.1263088974107781
    },
    "N Log N": {
      "r2": 0.9219569108391087,
      "aic": 40.28866291471064,
      "bic": 41.258476214286645,
      "params": [
        0.0034012287973481234,
        -2.4614710019058568
      ],
      "confidence_score": 0.6480000000000073
    }
  }
}