{
  "valid_points": 16,
  "models": {
    "Constant": {
      "r2": 0.7,
      "aic": 113.19112985437364,
      "bic": 114.7363072988532,
      "params": [
        12.884303625673056,
        1.0
      ],
      "confidence_score": 0.09999999999999998
    },
    "Linear": {
      "r2": 0.9986868185796216,
      "aic": 7.026289521681165,
      "bic": 8.571466966160727,
      "params": [
        0.0017775493783637186,
        -0.6753811388301807
      ],
      "confidence_score": 0.49921209114778287
    },
    "Quadratic": {
      "r2": 0.9382836205783633,
      "aic": 70.62783522148962,
      "bic": 72.94560138820896,
      "params": [
        2.7993828863265222e-08,
        1.0,
        3.8653805932987075
      ],
      "confidence_score": 0.5429701723470179
    },
    "Cubic": {
      "r2": 0.866642321099617,
      "aic": 84.95560272705784,
      "bic": 88.04595761601696,
      "params": [
        4.1518371376842965e-13,
        1.0,
        1.0,
        5.537333261032106
      ],
      "confidence_score": 0.49998539265977016
    },
    "Logarithmic": {
      "r2": 0.4163977147874036,
      "aic": 104.57456110839112,
      "bic": 106.11973855287069,
      "params": [
        5.913613569720926,
        -20.498173731926126
      ],
      "confidence_score": 0.35619885739370183
    },
    "N Log N": {
      "r2": 0.9999738169413427,
      "aic": -55.6152377052487,
      "bic": -54.07006026076914,
      "params": [
        0.00016206792518580154,
        0.08143924595459501
      ],
      "confidence_score": 0.998
    }
  }
}