{
  "valid_points": 17,
  "models": {
    "Constant": {
      "r2": 0.7,
      "aic": 118.677262430808,
      "bic": 120.34368911892044,
      "params": [
        106.47024240563904,
        -93.52975759436104
      ],
      "confidence_score": 0.09999999999999998
    },
    "Linear": {
      "r2": 0.9986666283479193,
      "aic": 6.136506476801056,
      "bic": 7.8029331649134885,
      "params": [
        0.001752434914304546,
        -0.6745943755820245
      ],
      "confidence_score": 0.4991999770087516
    },
    "Quadratic": {
      "r2": 0.9384739333264903,
      "aic": 73.27625855529769,
      "bic": 75.77589858746634,
      "params": [
        2.7650595399482252e-08,
        1.0,
        3.624824429212567
      ],
      "confidence_score": 0.5430843599958941
    },
    "Cubic": {
      "r2": 0.8666616061426953,
      "aic": 88.42455628615191,
      "bic": 91.75740966237677,
      "params": [
        4.1039467816751565e-13,
        1.0,
        1.0,
        5.17510354137112
      ],
      "confidence_score": 0.4999969636856171
    },
    "Logarithmic": {
      "r2": 0.39853322849401995,
      "aic": 110.03473463803947,
      "bic": 111.7011613261519,
      "params": [
        5.714160935063156,
        -20.657593158039646
      ],
      "confidence_score": 0.14726661424700999
    },
    "N Log N": {
      "r2": 0.9999805428505099,
      "aic": -65.72676910002806,
      "bic": -64.06034241191563,
      "params": [
        0.0001597925516915398,
        0.06529963781997704
      ],
      "confidence_score": 0.9480000000000001
    }
  }
}