{
  "valid_points": 83,
  "models": {
    "Constant": {
      "r2": 0.7,
      "aic": 675.288355070618,
      "bic": 680.1260362862112,
      "params": [
        137.91796725608867,
        -36.83916717998602
      ],
      "confidence_score": 0.11999999999999998
    },
    "Linear": {
      "r2": 0.9997420415346395,
      "aic": -10.516738686492271,
      "bic": -5.679057470899075,
      "params": [
        4.915010259642916e-05,
        -0.6517826400241433
      ],
      "confidence_score": 0.8998452249207837
    },
    "Quadratic": {
      "r2": 0.9393706172415804,
      "aic": 444.6413769991636,
      "bic": 451.8978988225534,
      "params": [
        1.1060478228715688e-11,
        1.0,
        38.7979846066616
      ],
      "confidence_score": 0.5436223703449482
    },
    "Cubic": {
      "r2": 0.8415549653684438,
      "aic": 526.3735100418189,
      "bic": 536.0488724730053,
      "params": [
        2.6645000542365484e-18,
        1.0,
        1.0,
        55.03394188067745
      ],
      "confidence_score": 0.48493297922106626
    },
    "Logarithmic": {
      "r2": 0.8445800295341046,
      "aic": 520.7735349146312,
      "bic": 525.6112161302244,
      "params": [
        62.91629316159609,
        -798.0976808881335
      ],
      "confidence_score": 0.548
    },
    "N Log N": {
      "r2": 0.999287302763562,
      "aic": 73.83268460271748,
      "bic": 78.67036581831067,
      "params": [
        3.184649538993624e-06,
        4.0442413819498375
      ],
      "confidence_score": 0.698
    }
  }
}