{
  "best_model": "O(n^k)",
  "details": {
    "O(1)": {
      "r2": 0,
      "aic": Infinity,
      "params_norm": [
        1.0
      ],
      "rss": 0.0
    },
    "O(n)": {
      "r2": 0,
      "aic": -185.34197201540184,
      "params_norm": [
        2.8260351387841162e-09,
        0.9999999984841539
      ],
      "rss": 6.075648719192271e-14
    },
    "O(n^2)": {
      "r2": 0,
      "aic": -168.60733981692292,
      "params_norm": [
        1.691220791766615e-08,
        -1.8127318966378344e-08,
        1.0000000027243656
      ],
      "rss": 1.8666443904796317e-13
    },
    "O(n^3)": {
      "r2": 0,
      "aic": -140.4010909315105,
      "params_norm": [
        5.0474880319685436e-08,
        -8.325298454069733e-08,
        3.6704286508715144e-08,
        0.9999999971310017
      ],
      "rss": 1.3842851320343189e-13
    },
    "O(log n)": {
      "r2": 0,
      "aic": -189.93032267545118,
      "params_norm": [
        -4.880607029633666e-10,
        0.9999999994249709
      ],
      "rss": 2.8279827790458917e-14
    },
    "O(n log n)": {
      "r2": 0,
      "aic": -183.99378075379428,
      "params_norm": [
        7.7646453975935e-09,
        1.0000000017620052
      ],
      "rss": 7.606379569200879e-14
    },
    "O(2^n)": {
      "r2": 0,
      "aic": -172.30908631785735,
      "params_norm": [
        0.9999999955732765,
        8.386664119902667e-09
      ],
      "rss": 5.332665952529685e-13
    },
    "O(n^k)": {
      "r2": 0,
      "aic": -199.50350702879967,
      "params_norm": [
        0.9999999998651462,
        -2.0467565852733526e-10
      ],
      "rss": 5.7351736321857464e-15
    }
  }
}