{
  "valid_points": 76,
  "models": {
    "Constant": {
      "r2": 0.7,
      "aic": -650.4175271963434,
      "bic": -645.7560605157707,
      "params": [
        100.05965385782085,
        -99.9403461421791
      ],
      "confidence_score": 0.4908385788043893
    },
    "Linear": {
      "r2": 0.03900712887358082,
      "aic": -653.4414371012205,
      "bic": -648.7799704206478,
      "params": [
        -2.310014235229474e-06,
        0.12626815327086505
      ],
      "confidence_score": 0.38132266187089947
    },
    "Quadratic": {
      "r2": 0.03878703401632988,
      "aic": -651.4240329201475,
      "bic": -644.4318328992886,
      "params": [
        -3.787305311152292e-10,
        1.0,
        0.12325049980259284
      ],
      "confidence_score": 0.04510969134244451
    },
    "Cubic": {
      "r2": 0.039513991369522494,
      "aic": -649.4815328326811,
      "bic": -640.1585994715357,
      "params": [
        -7.562639818599107e-14,
        1.0,
        1.0,
        0.12228381342745323
      ],
      "confidence_score": 0.008647457924431945
    },
    "Logarithmic": {
      "r2": 0.04111907545633142,
      "aic": -653.6086439305386,
      "bic": -648.947177249966,
      "params": [
        -0.00628896322430767,
        0.16914468246593364
      ],
      "confidence_score": 0.5185595377281658
    },
    "N Log N": {
      "r2": 0.03887819693015793,
      "aic": -653.4312412186893,
      "bic": -648.7697745381166,
      "params": [
        -2.5741812500372447e-07,
        0.12558112018402312
      ],
      "confidence_score": 0.5919747467407722
    }
  }
}