{
  "valid_points": 19,
  "models": {
    "Constant": {
      "r2": 0.0,
      "aic": -187.31310680313644,
      "bic": -185.42422884480357,
      "params": [
        -99.93478516606908,
        100.06521483393095
      ],
      "confidence_score": 0.0
    },
    "Linear": {
      "r2": 0.7201022890397437,
      "aic": -211.50639695371655,
      "bic": -209.61751899538368,
      "params": [
        2.016911381186315e-05,
        0.10017599714395575
      ],
      "confidence_score": 0.7001022890397437
    },
    "Quadratic": {
      "r2": 0.7189887173386367,
      "aic": -209.43095551719492,
      "bic": -206.5976385796956,
      "params": [
        6.6957409980636225e-09,
        1.0,
        0.11486207004112574
      ],
      "confidence_score": 0.6789887173386366
    },
    "Cubic": {
      "r2": 0.7088500277771304,
      "aic": -206.75752554911037,
      "bic": -202.9797696324446,
      "params": [
        2.8703066705459533e-12,
        1.0,
        1.0,
        0.11977365435151961
      ],
      "confidence_score": 0.6588500277771303
    },
    "Logarithmic": {
      "r2": 0.7107692528361039,
      "aic": -210.8831858538772,
      "bic": -208.99430789554432,
      "params": [
        0.029341201311425206,
        -0.08364463397370832
      ],
      "confidence_score": 0.7007692528361039
    },
    "N Log N": {
      "r2": 0.7205073880227606,
      "aic": -211.53391577807665,
      "bic": -209.64503781974378,
      "params": [
        2.42968768505943e-06,
        0.10371504031902934
      ],
      "confidence_score": 0.6905073880227606
    }
  }
}