{
  "valid_points": 21,
  "models": {
    "Constant": {
      "r2": 0.7,
      "aic": 136.7472641224962,
      "bic": 138.83630899794306,
      "params": [
        104.24323993779367,
        -95.75676006220631
      ],
      "confidence_score": 0.11999999999999998
    },
    "Linear": {
      "r2": 0.999999556663184,
      "aic": -170.4603929022702,
      "bic": -168.37134802682334,
      "params": [
        2.42955006667378e-05,
        -0.005386484176924222
      ],
      "confidence_score": 0.8999997339979103
    },
    "Quadratic": {
      "r2": 0.9405587956583324,
      "aic": 79.46914415899184,
      "bic": 82.60271147216211,
      "params": [
        6.0010746241069885e-12,
        1.0,
        2.097700857989922
      ],
      "confidence_score": 0.5443352773949994
    },
    "Cubic": {
      "r2": 0.87354427345932,
      "aic": 97.3221407046948,
      "bic": 101.5002304555885,
      "params": [
        1.4008636053125022e-18,
        1.0,
        1.0,
        2.93806040631195
      ],
      "confidence_score": 0.504126564075592
    },
    "Logarithmic": {
      "r2": 0.33088830045611184,
      "aic": 128.30937449759466,
      "bic": 130.3984193730415,
      "params": [
        3.0875164529130847,
        -15.07586261611501
      ],
      "confidence_score": 0.4134441502280559
    },
    "N Log N": {
      "r2": 0.9993602745676572,
      "aic": -17.69663707566973,
      "bic": -15.607592200222886,
      "params": [
        1.6048063213382192e-06,
        0.266141626371208
      ],
      "confidence_score": 0.698
    }
  }
}