{
  "Constant": {
    "r2": 2.220446049250313e-16,
    "aic": 274.57752383999707,
    "bic": 277.90464713225634,
    "params": [
      115.08723963529633,
      -84.91276036470359
    ]
  },
  "Linear": {
    "r2": 0.8630018037101568,
    "aic": 197.05381059867534,
    "bic": 200.38093389093464,
    "params": [
      0.24089325013083912,
      -23.544715525937146
    ]
  },
  "Quadratic": {
    "r2": 0.9797057562677806,
    "aic": 124.57822210775862,
    "bic": 129.56890704614756,
    "params": [
      0.0005585574433377705,
      1.0,
      -6.162847577350741
    ]
  },
  "Cubic": {
    "r2": 0.9994761842406327,
    "aic": -16.042927209523764,
    "bic": -9.388680625005179,
    "params": [
      1.3502609956805856e-06,
      1.0,
      1.0,
      1.3557143614931193
    ]
  },
  "Logarithmic": {
    "r2": 0.5531056847324193,
    "aic": 243.16563124382677,
    "bic": 246.49275453608607,
    "params": [
      28.982335701335575,
      -119.38654889158488
    ]
  },
  "N Log N": {
    "r2": 0.8926203827589624,
    "aic": 187.5535127976562,
    "bic": 190.8806360899155,
    "params": [
      0.03894070638418883,
      -18.301487255793468
    ]
  }
}