{
  "best_model": "O(2^n)",
  "details": {
    "O(1)": {
      "r2": 0,
      "aic": Infinity,
      "params_norm": [
        1.0
      ],
      "rss": 0.0
    },
    "O(n)": {
      "r2": 0,
      "aic": -3715.61856689363,
      "params_norm": [
        3.539513381405014e-10,
        0.9999999997936918
      ],
      "rss": 1.0224409429044168e-14
    },
    "O(n^2)": {
      "r2": 0,
      "aic": -3180.620863126844,
      "params_norm": [
        2.262728146446774e-08,
        -2.697387986981183e-08,
        1.000000006707853
      ],
      "rss": 1.9996862397810578e-12
    },
    "O(n^3)": {
      "r2": 0,
      "aic": -3125.548406805647,
      "params_norm": [
        9.207473059506364e-09,
        1.2993395631032284e-08,
        -2.4496106730549883e-08,
        1.0000000064036458
      ],
      "rss": 3.3763136211449145e-12
    },
    "O(log n)": {
      "r2": 0,
      "aic": -3255.6089943544657,
      "params_norm": [
        -1.7262467729194512e-09,
        0.9999999988883356
      ],
      "rss": 9.71973135661522e-13
    },
    "O(n log n)": {
      "r2": 0,
      "aic": -3684.5957594972183,
      "params_norm": [
        9.149493385152141e-10,
        1.000000000238507
      ],
      "rss": 1.3900634013598241e-14
    },
    "O(2^n)": {
      "r2": 0,
      "aic": -3894.0245338021914,
      "params_norm": [
        1.0000000000853677,
        -1.463447165138362e-10
      ],
      "rss": 1.7478426058234556e-15
    },
    "O(n^k)": {
      "r2": 0,
      "aic": -3594.3090732364863,
      "params_norm": [
        0.999999999792065,
        -3.2278032427202367e-10
      ],
      "rss": 3.39830556897192e-14
    }
  }
}