{
  "Constant": {
    "r2": -2.220446049250313e-16,
    "aic": 825.708995103348,
    "bic": 829.8640699911595,
    "params": [
      -54.90829686365885,
      1545.0917031363415
    ]
  },
  "Linear": {
    "r2": 0.9650890745854096,
    "aic": 627.7666235748982,
    "bic": 631.9216984627096,
    "params": [
      1.1724993149940837,
      -1416.223794030449
    ]
  },
  "Quadratic": {
    "r2": 0.9986363391064099,
    "aic": 438.4516357331142,
    "bic": 444.68424806483137,
    "params": [
      0.00023541494348622294,
      1.0,
      -141.1324247820256
    ]
  },
  "Cubic": {
    "r2": 0.9885587717845937,
    "aic": 565.9476108022495,
    "bic": 574.2577605778724,
    "params": [
      5.637703621151476e-08,
      1.0,
      1.0,
      300.30843329079346
    ]
  },
  "Logarithmic": {
    "r2": 0.8734954239048576,
    "aic": 703.7278640919303,
    "bic": 707.8829389797418,
    "params": [
      2520.0279523825207,
      -18024.23130167437
    ]
  },
  "N Log N": {
    "r2": 0.9717488856418627,
    "aic": 615.2782749274943,
    "bic": 619.4333498153057,
    "params": [
      0.13391656774434443,
      -1126.1808412121834
    ]
  }
}