{
  "Constant": {
    "r2": 1.1102230246251565e-16,
    "aic": 273.9622675746026,
    "bic": 276.62667659495304,
    "params": [
      -30.11734117956491,
      139.98321190546065
    ]
  },
  "Linear": {
    "r2": 0.8378334334448607,
    "aic": 223.02659164047645,
    "bic": 225.69100066082686,
    "params": [
      1.2779771799140351,
      -83.74767203108065
    ]
  },
  "Quadratic": {
    "r2": 0.9717137102184485,
    "aic": 176.1316821259537,
    "bic": 180.1282956564793,
    "params": [
      0.004394168470454485,
      1.0,
      -25.683241166451552
    ]
  },
  "Cubic": {
    "r2": 0.9999096292393637,
    "aic": 17.237753533729784,
    "bic": 22.566571574430597,
    "params": [
      1.538579057802636e-05,
      1.0,
      1.0,
      1.1551518275411026
    ]
  },
  "Logarithmic": {
    "r2": 0.4368142852860747,
    "aic": 257.8861840837391,
    "bic": 260.55059310408956,
    "params": [
      79.29219475673175,
      -262.2628475987783
    ]
  },
  "N Log N": {
    "r2": 0.8743607393076057,
    "aic": 215.8807338920648,
    "bic": 218.5451429124152,
    "params": [
      0.22189464702647932,
      -65.6629481966672
    ]
  }
}