{
  "Constant": {
    "name": "Constant",
    "r2": -2.220446049250313e-16,
    "bic": 158.0455499104183,
    "confidence_score": -0.14978661367769977,
    "params": [
      12.769846815861037,
      27.643921673666505
    ],
    "order": 0
  },
  "Linear": {
    "name": "Linear",
    "r2": 0.7351060387237993,
    "bic": 131.47703632635262,
    "confidence_score": 0.5453194250460998,
    "params": [
      0.44651236453852194,
      5.455396046336698e-13
    ],
    "order": 2
  },
  "Quadratic": {
    "name": "Quadratic",
    "r2": 0.9603193656316825,
    "bic": 96.50344199220265,
    "confidence_score": 0.6556394451151332,
    "params": [
      0.0028384167308299194,
      1.3667018706959928e-14,
      4.961234986206114e-15
    ],
    "order": 4
  },
  "Cubic": {
    "name": "Cubic",
    "r2": 0.9999892882923825,
    "bic": -64.84645043859503,
    "confidence_score": 0.6004160609369834,
    "params": [
      1.4184113321034988e-05,
      0.0002563323101020332,
      8.330977004309094e-24,
      0.3954992720639282
    ],
    "order": 5
  },
  "Logarithmic": {
    "name": "Logarithmic",
    "r2": 0.25374081109306745,
    "bic": 152.1919038922581,
    "confidence_score": 0.0839541974153679,
    "params": [
      10.35960066633578,
      3.7328237783841207e-13
    ],
    "order": 1
  },
  "N Log N": {
    "name": "N Log N",
    "r2": 0.8066639642641835,
    "bic": 125.17904018514638,
    "confidence_score": 0.596877350586484,
    "params": [
      0.0902693275643625,
      1.1303581889214733e-17
    ],
    "order": 3
  },
  "confidence_analysis": {
    "best_model": "Quadratic",
    "best_score": 0.6556394451151332,
    "second_best_model": "Cubic",
    "second_best_score": 0.6004160609369834,
    "confidence_gap": 0.05522338417814976,
    "is_confident": true,
    "threshold": 0.03
  }
}