{
  "valid_points": 18,
  "models": {
    "Constant": {
      "r2": 2.220446049250313e-16,
      "aic": -255.56340402598954,
      "bic": -253.78266051019722,
      "params": [
        100.01133678274019,
        -99.98866321725978
      ],
      "confidence_score": 2.220446049250313e-16
    },
    "Linear": {
      "r2": 0.06503830001927258,
      "aic": -256.7738988621477,
      "bic": -254.99315534635537,
      "params": [
        -6.698986936282125e-07,
        0.02367841352096356
      ],
      "confidence_score": 0.04503830001927257
    },
    "Quadratic": {
      "r2": 0.05215145789764786,
      "aic": -254.5274940196946,
      "bic": -251.8563787460061,
      "params": [
        -1.993449254457935e-10,
        1.0,
        0.02313787303596166
      ],
      "confidence_score": 0.012151457897647856
    },
    "Cubic": {
      "r2": 0.04258936803622415,
      "aic": -252.34681617283513,
      "bic": -248.7853291412505,
      "params": [
        -7.782411904847337e-14,
        1.0,
        1.0,
        0.022963946724643688
      ],
      "confidence_score": -0.007410631963775852
    },
    "Logarithmic": {
      "r2": 0.08175017904581872,
      "aic": -257.09854823281887,
      "bic": -255.31780471702655,
      "params": [
        -0.0011000059276296444,
        0.030698191865591716
      ],
      "confidence_score": 0.07175017904581872
    },
    "N Log N": {
      "r2": 0.06327001134212018,
      "aic": -256.73988769903593,
      "bic": -254.9591441832436,
      "params": [
        -7.957313307415803e-08,
        0.023548590653899495
      ],
      "confidence_score": 0.03327001134212018
    }
  }
}