{
  "valid_points": 28,
  "models": {
    "Constant": {
      "r2": 0.85,
      "aic": -663.0181435974284,
      "bic": -660.3537345770781,
      "params": [
        100.00005122274159,
        -99.99994877725845
      ],
      "confidence_score": 0.5946631012536496
    },
    "Linear": {
      "r2": 0.04845768495571978,
      "aic": -664.4089349938774,
      "bic": -661.7445259735271,
      "params": [
        1.3354631748400236e-14,
        0.00010193336108471057
      ],
      "confidence_score": 0.4190746109734319
    },
    "Quadratic": {
      "r2": 0.017143470516257198,
      "aic": -661.5023229905253,
      "bic": -657.5057094599997,
      "params": [
        1.6117665434008543e-23,
        1.0,
        0.00010222426412464524
      ],
      "confidence_score": 0.03832715328377832
    },
    "Cubic": {
      "r2": 0.008008279152553976,
      "aic": -659.2432780916846,
      "bic": -653.9144600509837,
      "params": [
        2.0875087860052865e-32,
        1.0,
        1.0,
        0.00010231363572343167
      ],
      "confidence_score": 0.0
    },
    "Logarithmic": {
      "r2": 0.005752199938307778,
      "aic": -663.1796702090495,
      "bic": -660.5152611886991,
      "params": [
        -8.633917057925438e-08,
        0.0001033543130570491
      ],
      "confidence_score": 0.46312800263057596
    },
    "N Log N": {
      "r2": 0.046017658606886336,
      "aic": -664.3372268951362,
      "bic": -661.6728178747858,
      "params": [
        6.5295743071993185e-16,
        0.00010195951242095162
      ],
      "confidence_score": 0.5104431573881669
    }
  }
}