{
  "valid_points": 206,
  "models": {
    "Constant": {
      "r2": 0.9,
      "aic": -3163.2428300455604,
      "bic": -3156.5870777079813,
      "params": [
        100.00557929856129,
        -99.99442070143876
      ],
      "confidence_score": 0.7438390357631233
    },
    "Linear": {
      "r2": 0.0007137635855543056,
      "aic": -3163.3899178433885,
      "bic": -3156.7341655058094,
      "params": [
        4.25248514325535e-12,
        0.011137102253685586
      ],
      "confidence_score": 0.3834112937070756
    },
    "Quadratic": {
      "r2": 0.0003150729249584705,
      "aic": -3161.307745295158,
      "bic": -3151.324116788789,
      "params": [
        2.7166024447693036e-19,
        1.0,
        0.011149401917211697
      ],
      "confidence_score": 0.00646730650167868
    },
    "Cubic": {
      "r2": 4.0204078864736204e-05,
      "aic": -3159.251112252297,
      "bic": -3145.9396075771388,
      "params": [
        1.0177857630913227e-26,
        1.0,
        1.0,
        0.011156004269574034
      ],
      "confidence_score": 0.0
    },
    "Logarithmic": {
      "r2": 0.0008854524312538192,
      "aic": -3163.425314048779,
      "bic": -3156.7695617112,
      "params": [
        1.5038912702293598e-05,
        0.010930660527409474
      ],
      "confidence_score": 0.5984427262156269
    },
    "N Log N": {
      "r2": 0.0006930560798784624,
      "aic": -3163.385649094539,
      "bic": -3156.72989675696,
      "params": [
        2.5703793271014175e-13,
        0.011138299258136922
      ],
      "confidence_score": 0.4924553958698566
    }
  }
}