{
  "Constant": {
    "r2": -2.220446049250313e-16,
    "aic": -785.0602996392181,
    "bic": -780.4521694528098,
    "params": [
      -99.96896714878253,
      100.03103285121759
    ]
  },
  "Linear": {
    "r2": 0.05736433945329411,
    "aic": -789.4318816884933,
    "bic": -784.823751502085,
    "params": [
      -1.0057150703346451e-06,
      0.06506925690193499
    ]
  },
  "Quadratic": {
    "r2": 0.05026047403069722,
    "aic": -786.8762957620082,
    "bic": -779.9641004823957,
    "params": [
      -1.5515688820873564e-10,
      1.0,
      0.06365543152486056
    ]
  },
  "Cubic": {
    "r2": 0.04526989133949344,
    "aic": -784.4884670901854,
    "bic": -775.2722067173687,
    "params": [
      -2.916225691461084e-14,
      1.0,
      1.0,
      0.06318945424195502
    ]
  },
  "Logarithmic": {
    "r2": 0.06662749049273575,
    "aic": -790.1626660835062,
    "bic": -785.5545358970979,
    "params": [
      -0.0028643301344932807,
      0.08473692220697564
    ]
  },
  "N Log N": {
    "r2": 0.056419331835165454,
    "aic": -789.357732643627,
    "bic": -784.7496024572187,
    "params": [
      -1.1136738563409924e-07,
      0.06475307288226213
    ]
  }
}