{
  "valid_points": 20,
  "models": {
    "Constant": {
      "r2": 0.7,
      "aic": 139.42905911349192,
      "bic": 141.4205236605999,
      "params": [
        106.11489890143278,
        -93.8851010985672
      ],
      "confidence_score": 0.11999999999999998
    },
    "Linear": {
      "r2": 0.9996823010317791,
      "aic": -21.659066173436162,
      "bic": -19.66760162632818,
      "params": [
        5.916154578144983e-05,
        -0.17720660905304686
      ],
      "confidence_score": 0.6474635363146252
    },
    "Quadratic": {
      "r2": 0.9289489787480415,
      "aic": 88.54191809680678,
      "bic": 91.52911491746876,
      "params": [
        2.927748613148258e-11,
        1.0,
        3.6455602528168716
      ],
      "confidence_score": 0.5373693872488249
    },
    "Cubic": {
      "r2": 0.854655369872178,
      "aic": 104.85610717179702,
      "bic": 108.83903626601298,
      "params": [
        1.3581020121116794e-17,
        1.0,
        1.0,
        5.0719354855269465
      ],
      "confidence_score": 0.49279322192330677
    },
    "Logarithmic": {
      "r2": 0.37092382299266335,
      "aic": 130.1590006835935,
      "bic": 132.15046523070149,
      "params": [
        4.455322620731362,
        -23.162157312739616
      ],
      "confidence_score": 0.43346191149633173
    },
    "N Log N": {
      "r2": 0.9997124360948715,
      "aic": -23.652249760895337,
      "bic": -21.660785213787356,
      "params": [
        4.10458055285371e-06,
        0.296710738859994
      ],
      "confidence_score": 0.998
    }
  }
}