{
  "valid_points": 193,
  "models": {
    "Constant": {
      "r2": 0.7,
      "aic": -3290.7377367607974,
      "bic": -3284.2123563829878,
      "params": [
        -99.9989430637246,
        100.00105693627538
      ],
      "confidence_score": 0.3700000004694703
    },
    "Linear": {
      "r2": 0.18950347129255363,
      "aic": -3331.2886233594045,
      "bic": -3324.763242981595,
      "params": [
        2.998445684206871e-11,
        0.0019611374100676525
      ],
      "confidence_score": 0.5037020827755322
    },
    "Quadratic": {
      "r2": 0.17653194094193725,
      "aic": -3326.2242265285586,
      "bic": -3316.4361559618437,
      "params": [
        2.781278409732721e-18,
        1.0,
        0.0020191048201633178
      ],
      "confidence_score": 0.0921401046677934
    },
    "Cubic": {
      "r2": 0.15860304298898997,
      "aic": -3320.0672395720367,
      "bic": -3307.016478816417,
      "params": [
        2.7624077035131924e-25,
        1.0,
        1.0,
        0.0020432984023699497
      ],
      "confidence_score": 0.07521785301896487
    },
    "Logarithmic": {
      "r2": 0.16564683974297933,
      "aic": -3325.6897497136247,
      "bic": -3319.164369335815,
      "params": [
        9.068422856600178e-05,
        0.000737674718407031
      ],
      "confidence_score": 0.39907671560325353
    },
    "N Log N": {
      "r2": 0.18919782610364644,
      "aic": -3331.215855124824,
      "bic": -3324.6904747470144,
      "params": [
        1.8376318874261467e-12,
        0.0019676183030198483
      ],
      "confidence_score": 0.681879861938682
    }
  }
}