{
  "valid_points": 196,
  "models": {
    "Constant": {
      "r2": 0.7,
      "aic": -3252.012117579317,
      "bic": -3245.4558882608558,
      "params": [
        -99.99894979504896,
        100.00105020495107
      ],
      "confidence_score": 0.37030550757345704
    },
    "Linear": {
      "r2": 0.06788740839761476,
      "aic": -3265.7912439492516,
      "bic": -3259.2350146307904,
      "params": [
        -1.4809614329144845e-12,
        0.002115384359753476
      ],
      "confidence_score": 0.4307324450385689
    },
    "Quadratic": {
      "r2": 0.04052942179399743,
      "aic": -3258.1213486040606,
      "bic": -3248.2870046263693,
      "params": [
        -2.3488385408788647e-21,
        1.0,
        0.002105085331071907
      ],
      "confidence_score": 0.005995413033607844
    },
    "Cubic": {
      "r2": 0.03069990848623083,
      "aic": -3254.123598101302,
      "bic": -3241.01113946438,
      "params": [
        -3.897449839681302e-30,
        1.0,
        1.0,
        0.0021039273629285707
      ],
      "confidence_score": 0.0
    },
    "Logarithmic": {
      "r2": 0.0007899839781040363,
      "aic": -3252.1670156305736,
      "bic": -3245.6107863121124,
      "params": [
        -6.632033015629773e-06,
        0.002201419100758925
      ],
      "confidence_score": 0.19872510121727183
    },
    "N Log N": {
      "r2": 0.06630236094455311,
      "aic": -3265.4582311160807,
      "bic": -3258.9020017976195,
      "params": [
        -7.343328744279222e-14,
        0.0021135203565682457
      ],
      "confidence_score": 0.5851363958298463
    }
  }
}