{
  "valid_points": 17,
  "models": {
    "Constant": {
      "r2": 0.7,
      "aic": 126.95541599047331,
      "bic": 128.62184267858575,
      "params": [
        107.65802908469651,
        -92.3419709153035
      ],
      "confidence_score": 0.11999999999999998
    },
    "Linear": {
      "r2": 0.9956162599111036,
      "aic": 34.64791469491456,
      "bic": 36.31434138302699,
      "params": [
        0.00027695935990512677,
        -0.6990190667689136
      ],
      "confidence_score": 0.4974010988296299
    },
    "Quadratic": {
      "r2": 0.9561163279108745,
      "aic": 75.80979563181238,
      "bic": 78.30943566398102,
      "params": [
        5.556405013382069e-10,
        1.0,
        3.4774200922862697
      ],
      "confidence_score": 0.5536697967465486
    },
    "Cubic": {
      "r2": 0.8921778646735103,
      "aic": 93.09178681217864,
      "bic": 96.4246401884035,
      "params": [
        1.037278165645e-15,
        1.0,
        1.0,
        5.283716775237061
      ],
      "confidence_score": 0.5153067188041062
    },
    "Logarithmic": {
      "r2": 0.4060647265535585,
      "aic": 118.09867213255477,
      "bic": 119.7650988206672,
      "params": [
        6.545402576624855,
        -30.642510852121628
      ],
      "confidence_score": 0.4510323632767793
    },
    "N Log N": {
      "r2": 0.9985585643409519,
      "aic": 15.739449488204416,
      "bic": 17.40587617631685,
      "params": [
        2.1270246617479454e-05,
        -0.14335821249813616
      ],
      "confidence_score": 0.998
    }
  }
}