{
  "valid_points": 19,
  "models": {
    "Constant": {
      "r2": 0.7,
      "aic": 92.72766435289157,
      "bic": 94.61654231122445,
      "params": [
        -97.79400562769487,
        102.20599437230513
      ],
      "confidence_score": 0.09999999999999998
    },
    "Linear": {
      "r2": 0.9993936149163875,
      "aic": -48.024246768963565,
      "bic": -46.13536881063068,
      "params": [
        0.0001620912303093025,
        -0.06933043751583834
      ],
      "confidence_score": 0.538711212802013
    },
    "Quadratic": {
      "r2": 0.9320273892096063,
      "aic": 43.64330604155253,
      "bic": 46.47662297905185,
      "params": [
        6.411911225000651e-10,
        1.0,
        1.3198962569924058
      ],
      "confidence_score": 0.5392164335257638
    },
    "Cubic": {
      "r2": 0.8594258104760252,
      "aic": 59.44928643803723,
      "bic": 63.22704235470299,
      "params": [
        2.380742450097453e-15,
        1.0,
        1.0,
        1.8323151561676452
      ],
      "confidence_score": 0.49565548628561507
    },
    "Logarithmic": {
      "r2": 0.38870855921258063,
      "aic": 83.3762169225551,
      "bic": 85.26509488088799,
      "params": [
        1.787472379259532,
        -7.273998073569416
      ],
      "confidence_score": 0.44235427960629037
    },
    "N Log N": {
      "r2": 0.9995253037252114,
      "aic": -52.67620786605231,
      "bic": -50.787329907719425,
      "params": [
        1.3133537943289317e-05,
        0.1367428373634301
      ],
      "confidence_score": 0.9480000000000001
    }
  }
}