{
  "valid_points": 10,
  "models": {
    "Constant": {
      "r2": 0.7,
      "aic": 63.389313239601194,
      "bic": 63.99448342558929,
      "params": [
        15.768551617860794,
        1.0
      ],
      "confidence_score": 0.09999999999999998
    },
    "Linear": {
      "r2": 0.9428521764187362,
      "aic": 34.7681735192608,
      "bic": 35.373343705248885,
      "params": [
        0.08558762206490081,
        -13.058734679619237
      ],
      "confidence_score": 0.46571130585342335
    },
    "Quadratic": {
      "r2": 0.9997462842550628,
      "aic": -17.403647080822164,
      "bic": -16.495891801840028,
      "params": [
        9.963841760318726e-05,
        1.0,
        -0.2001199960029203
      ],
      "confidence_score": 0.9798477705530377
    },
    "Cubic": {
      "r2": 0.9769948408630387,
      "aic": 29.66894546056005,
      "bic": 30.879285832536233,
      "params": [
        1.2356029195975318e-07,
        1.0,
        1.0,
        4.233494419945889
      ],
      "confidence_score": 0.5661969045384613
    },
    "Logarithmic": {
      "r2": 0.759330555852215,
      "aic": 49.14600435916375,
      "bic": 49.75117454515184,
      "params": [
        25.62159636944225,
        -127.82221622292917
      ],
      "confidence_score": 0.4980000000000012
    },
    "N Log N": {
      "r2": 0.958645561679509,
      "aic": 31.533557961287837,
      "bic": 32.13872814727593,
      "params": [
        0.012378365491102461,
        -9.318059221809746
      ],
      "confidence_score": 0.698000000008246
    }
  }
}