{
  "valid_points": 9,
  "models": {
    "Constant": {
      "r2": 0.0,
      "aic": -74.32331290340903,
      "bic": -73.92886374873659,
      "params": [
        -0.4110229114691417,
        1.0
      ],
      "confidence_score": 0.0
    },
    "Linear": {
      "r2": 0.28729892626053044,
      "aic": -77.37155168446928,
      "bic": -76.97710252979684,
      "params": [
        3.198730027620389e-05,
        0.5769463094824514
      ],
      "confidence_score": 0.2672989262605304
    },
    "Quadratic": {
      "r2": 0.185122982281003,
      "aic": -74.16577558409611,
      "bic": -73.57410185208745,
      "params": [
        2.7978697803021646e-08,
        1.0,
        0.5837139068263553
      ],
      "confidence_score": 0.14512298228100298
    },
    "Cubic": {
      "r2": 0.12271980238547164,
      "aic": -71.5016724820229,
      "bic": -70.71277417267802,
      "params": [
        2.8145416967593922e-11,
        1.0,
        1.0,
        0.5858076358624975
      ],
      "confidence_score": 0.07271980238547164
    },
    "Logarithmic": {
      "r2": 0.3954967305984616,
      "aic": -78.85344670793285,
      "bic": -78.4589975532604,
      "params": [
        0.013610818012315866,
        0.5105969381097909
      ],
      "confidence_score": 0.38549673059846157
    },
    "N Log N": {
      "r2": 0.2706145108366397,
      "aic": -77.16328895854643,
      "bic": -76.76883980387399,
      "params": [
        4.418121417806712e-06,
        0.5788577048370108
      ],
      "confidence_score": 0.24061451083663968
    }
  }
}