{
  "valid_points": 208,
  "models": {
    "Constant": {
      "r2": 0.7,
      "aic": 1013.9427201429668,
      "bic": 1020.6177963023695,
      "params": [
        -91.90135567198269,
        108.09864432801719
      ],
      "confidence_score": 0.4089049270405908
    },
    "Linear": {
      "r2": 0.00010329455420621247,
      "aic": 1013.92123376596,
      "bic": 1020.5963099253627,
      "params": [
        4.015218979525059e-08,
        15.994724090182658
      ],
      "confidence_score": 0.37936722551451824
    },
    "Quadratic": {
      "r2": 5.340978046075584e-05,
      "aic": 1015.9316106119495,
      "bic": 1025.9442248510534,
      "params": [
        2.773237140898031e-15,
        1.0,
        16.103884068852253
      ],
      "confidence_score": 0.006890092379985141
    },
    "Cubic": {
      "r2": 3.568885860072424e-05,
      "aic": 1017.9352967279106,
      "bic": 1031.2854490467157,
      "params": [
        2.376708638217271e-22,
        1.0,
        1.0,
        16.13716964337099
      ],
      "confidence_score": 0.0
    },
    "Logarithmic": {
      "r2": 0.00036228832739126915,
      "aic": 1013.8673505172771,
      "bic": 1020.5424266766797,
      "params": [
        0.23890694962351378,
        12.576185221097852
      ],
      "confidence_score": 0.6481811441636957
    },
    "N Log N": {
      "r2": 9.792974054934067e-05,
      "aic": 1013.922349759483,
      "bic": 1020.5974259188856,
      "params": [
        2.397925253371303e-09,
        16.008331318116525
      ],
      "confidence_score": 0.6899114802221368
    }
  }
}