{
  "valid_points": 13,
  "models": {
    "Constant": {
      "r2": 0.7,
      "aic": 88.5723348435632,
      "bic": 89.70223355848627,
      "params": [
        8.230131713243631,
        1.0
      ],
      "confidence_score": 0.1
    },
    "Linear": {
      "r2": 0.8784504959051526,
      "aic": 61.175697288610706,
      "bic": 62.30559600353378,
      "params": [
        0.010533970769151968,
        -4.033758096006627
      ],
      "confidence_score": 0.42707029758133297
    },
    "Quadratic": {
      "r2": 0.9934543804505592,
      "aic": 25.195864929745017,
      "bic": 26.89071300212963,
      "params": [
        1.4365359252144216e-06,
        1.0,
        -0.653868964660753
      ],
      "confidence_score": 0.5779466666921228
    },
    "Cubic": {
      "r2": 0.997645428901272,
      "aic": 13.904177850388916,
      "bic": 16.163975280235064,
      "params": [
        1.7713660755225424e-10,
        1.0,
        1.0,
        0.6727443244274602
      ],
      "confidence_score": 0.9785872573407631
    },
    "Logarithmic": {
      "r2": 0.28361972106709044,
      "aic": 84.23626106015172,
      "bic": 85.36615977507479,
      "params": [
        5.048226054540715,
        -14.781737422701628
      ],
      "confidence_score": 0.28980986053354546
    },
    "N Log N": {
      "r2": 0.9065013732576912,
      "aic": 57.76482395299913,
      "bic": 58.8947226679222,
      "params": [
        0.0011985398489784017,
        -3.3272618887829957
      ],
      "confidence_score": 0.6980000001578546
    }
  }
}