{
  "valid_points": 19,
  "models": {
    "Constant": {
      "r2": 0.7,
      "aic": -390.837062174385,
      "bic": -388.9481842160521,
      "params": [
        -99.99984843950529,
        100.00015156049486
      ],
      "confidence_score": 0.12412412973575988
    },
    "Linear": {
      "r2": 0.0988450250461278,
      "aic": -392.81454479922337,
      "bic": -390.92566684089047,
      "params": [
        3.789543897213957e-11,
        0.0002989382724939948
      ],
      "confidence_score": 0.004780051637426759
    },
    "Quadratic": {
      "r2": 0.08368359637397249,
      "aic": -390.49753972215217,
      "bic": -387.66422278465285,
      "params": [
        3.571944441259059e-17,
        1.0,
        0.0003003649311551054
      ],
      "confidence_score": 0.03310391691736857
    },
    "Cubic": {
      "r2": 0.07967426932832733,
      "aic": -388.41458688833825,
      "bic": -384.6368309716725,
      "params": [
        3.369131367141577e-23,
        1.0,
        1.0,
        0.0003007845498254384
      ],
      "confidence_score": 0.02844146356899877
    },
    "Logarithmic": {
      "r2": 0.36317190161795554,
      "aic": -399.41091707493825,
      "bic": -397.52203911660536,
      "params": [
        4.822525963394756e-06,
        0.000266490390306745
      ],
      "confidence_score": 0.8795859508089777
    },
    "N Log N": {
      "r2": 0.09602765518006973,
      "aic": -392.7552358847389,
      "bic": -390.866357926406,
      "params": [
        2.721214207201741e-12,
        0.0002991653607767085
      ],
      "confidence_score": 0.25677497170595204
    }
  }
}