{
  "valid_points": 39,
  "models": {
    "Constant": {
      "r2": 0.7,
      "aic": 321.61785292648347,
      "bic": 324.94497621874274,
      "params": [
        137.60250715106199,
        -37.80302059571187
      ],
      "confidence_score": 0.11999999999999998
    },
    "Linear": {
      "r2": 0.9894895837097206,
      "aic": 143.957701976101,
      "bic": 147.2848252683603,
      "params": [
        0.00010854579740982029,
        -9.588951879822844
      ],
      "confidence_score": 0.4986818597806366
    },
    "Quadratic": {
      "r2": 0.9641879494933907,
      "aic": 193.76849032697567,
      "bic": 198.7591752653646,
      "params": [
        5.1712779432957425e-11,
        1.0,
        32.32874328247591
      ],
      "confidence_score": 0.5585127696960676
    },
    "Cubic": {
      "r2": 0.885699505111075,
      "aic": 241.02980216678262,
      "bic": 247.6840487513012,
      "params": [
        2.6619897676327516e-17,
        1.0,
        1.0,
        49.28536179289498
      ],
      "confidence_score": 0.511419703066645
    },
    "Logarithmic": {
      "r2": 0.834245772516721,
      "aic": 251.52513626901623,
      "bic": 254.85225956127553,
      "params": [
        72.1900657221821,
        -882.7642916772411
      ],
      "confidence_score": 0.548
    },
    "N Log N": {
      "r2": 0.9916059310426493,
      "aic": 135.18888686438558,
      "bic": 138.51601015664488,
      "params": [
        7.383882905152658e-06,
        -4.248843325094201
      ],
      "confidence_score": 0.998
    }
  }
}