{
  "valid_points": 19,
  "models": {
    "Constant": {
      "r2": 0.7,
      "aic": -76.07715649376506,
      "bic": -74.18827853543218,
      "params": [
        -99.60570449107571,
        100.3942955089243
      ],
      "confidence_score": 0.11999999999999998
    },
    "Linear": {
      "r2": 0.9901354956662771,
      "aic": -163.83459182214497,
      "bic": -161.9457138638121,
      "params": [
        0.0004090187883834629,
        0.18582648759925327
      ],
      "confidence_score": 0.7198872675775334
    },
    "Quadratic": {
      "r2": 0.9883006470942651,
      "aic": -158.59336966605653,
      "bic": -155.7600527285572,
      "params": [
        1.3797267428179494e-07,
        1.0,
        0.4768816997903612
      ],
      "confidence_score": 0.5832259593509239
    },
    "Cubic": {
      "r2": 0.9731175429833495,
      "aic": -140.78650234583202,
      "bic": -137.00874642916625,
      "params": [
        5.987865532150967e-11,
        1.0,
        1.0,
        0.5737763417428655
      ],
      "confidence_score": 0.5638713942338598
    },
    "Logarithmic": {
      "r2": 0.9765426605264514,
      "aic": -147.37602162690203,
      "bic": -145.48714366856916,
      "params": [
        0.5831171726952927,
        -3.4534058250343294
      ],
      "confidence_score": 0.6480451714025829
    },
    "N Log N": {
      "r2": 0.9907117084414333,
      "aic": -164.97816873340065,
      "bic": -163.08929077506778,
      "params": [
        4.937945804283716e-05,
        0.25621658345994025
      ],
      "confidence_score": 0.898
    }
  }
}