{
  "valid_points": 19,
  "models": {
    "Constant": {
      "r2": 0.7,
      "aic": 139.65527036890657,
      "bic": 141.54414832723944,
      "params": [
        -95.03043872353278,
        104.96956127646725
      ],
      "confidence_score": 0.11999999999999998
    },
    "Linear": {
      "r2": 0.9986977952806669,
      "aic": 13.42503662105091,
      "bic": 15.313914579383791,
      "params": [
        7.61380397487077e-05,
        -0.5655987113350791
      ],
      "confidence_score": 0.49921871922584216
    },
    "Quadratic": {
      "r2": 0.9927451435667082,
      "aic": 48.05967092042526,
      "bic": 50.89298785792458,
      "params": [
        3.606639515865122e-11,
        1.0,
        1.4166955355120132
      ],
      "confidence_score": 0.5756470861400257
    },
    "Cubic": {
      "r2": 0.9903128404563429,
      "aic": 55.553143821691485,
      "bic": 59.330899738357246,
      "params": [
        1.7161084430326328e-17,
        1.0,
        1.0,
        1.589851736691109
      ],
      "confidence_score": 0.5741877042738057
    },
    "Logarithmic": {
      "r2": 0.25033889102763396,
      "aic": 134.18072381273115,
      "bic": 136.06960177106401,
      "params": [
        4.41535648378426,
        -20.699314873304676
      ],
      "confidence_score": 0.37316944551381703
    },
    "N Log N": {
      "r2": 0.9997600448403982,
      "aic": -18.710840885431267,
      "bic": -16.821962927098387,
      "params": [
        5.23322957711985e-06,
        -0.1704120016023944
      ],
      "confidence_score": 0.998
    }
  }
}