{
  "valid_points": 74,
  "models": {
    "Constant": {
      "r2": 0.7,
      "aic": -172.37246072338343,
      "bic": -167.76433053697508,
      "params": [
        100.42831807120433,
        -99.57168192879574
      ],
      "confidence_score": 0.37
    },
    "Linear": {
      "r2": 0.9951841659642928,
      "aic": -567.2250671353152,
      "bic": -562.6169369489069,
      "params": [
        0.0002621161956589167,
        0.07914283236510523
      ],
      "confidence_score": 0.9871104995785757
    },
    "Quadratic": {
      "r2": 0.9680810292790306,
      "aic": -425.26951240868635,
      "bic": -418.35731712907386,
      "params": [
        4.255600224146075e-08,
        1.0,
        0.4253540629357757
      ],
      "confidence_score": 0.5608486175674183
    },
    "Cubic": {
      "r2": 0.9067924032594916,
      "aic": -343.96898846194244,
      "bic": -334.75272808912575,
      "params": [
        8.155518479825795e-12,
        1.0,
        1.0,
        0.546211209865984
      ],
      "confidence_score": 0.5240754419556949
    },
    "Logarithmic": {
      "r2": 0.9566223144172296,
      "aic": -404.57041013462026,
      "bic": -399.9622799482119,
      "params": [
        0.6806507869002655,
        -4.525578610078165
      ],
      "confidence_score": 0.598
    },
    "N Log N": {
      "r2": 0.9948801387882104,
      "aic": -562.6949288287966,
      "bic": -558.0867986423883,
      "params": [
        2.925699176223266e-05,
        0.15592719149018877
      ],
      "confidence_score": 0.6291468563811276
    }
  }
}