{
  "Constant": {
    "r2": -4.440892098500626e-16,
    "aic": -650.5363975205726,
    "bic": -645.8749308399999,
    "params": [
      100.04954991470038,
      -99.95045008529961
    ]
  },
  "Linear": {
    "r2": 0.009897174315277923,
    "aic": -651.2923297664183,
    "bic": -646.6308630858457,
    "params": [
      -1.1863611675266839e-06,
      0.10267452291940105
    ]
  },
  "Quadratic": {
    "r2": 0.0054634050274722235,
    "aic": -648.9527547051136,
    "bic": -641.9605546842547,
    "params": [
      -1.4482147822603722e-10,
      1.0,
      0.10059987502793973
    ]
  },
  "Cubic": {
    "r2": 0.0027688521297286606,
    "aic": -646.7471221499154,
    "bic": -637.42418878877,
    "params": [
      -2.0370787533963043e-14,
      1.0,
      1.0,
      0.0998918241772272
    ]
  },
  "Logarithmic": {
    "r2": 0.01658202281708865,
    "aic": -651.8071968288392,
    "bic": -647.1457301482666,
    "params": [
      -0.0040685468718794126,
      0.1313549719337569
    ]
  },
  "N Log N": {
    "r2": 0.009288374847955083,
    "aic": -651.2456128606992,
    "bic": -646.5841461801266,
    "params": [
      -1.2828144707836973e-07,
      0.10222492699820551
    ]
  }
}