{
  "valid_points": 41,
  "models": {
    "Constant": {
      "r2": 0.7,
      "params": [
        0.0001840213904293572
      ]
    },
    "Linear": {
      "r2": 0.1768275456628574,
      "params": [
        1.0768214501810569e-08,
        0.00017324240771304482
      ]
    },
    "Quadratic": {
      "r2": 0.13087167233385766,
      "params": [
        4.473931207809488e-12,
        0.00017797263096246553
      ]
    },
    "Cubic": {
      "r2": 0.09808144148273623,
      "params": [
        2.0167942516196306e-15,
        0.00017987878814632827
      ]
    },
    "Logarithmic": {
      "r2": 0.2166457947969156,
      "params": [
        5.2851782266975115e-06,
        0.00014961786953405403
      ]
    },
    "N Log N": {
      "r2": 0.16939852266305,
      "params": [
        1.3574658916862492e-09,
        0.0001743545230903184
      ]
    },
    "np": {
      "r2": -Infinity,
      "success": false
    }
  }
}