{
  "valid_points": 98,
  "models": {
    "Constant": {
      "r2": 0.7,
      "aic": 111.81045787103747,
      "bic": 116.98039282837861,
      "params": [
        109.13699541469015,
        -90.86300458530992
      ],
      "confidence_score": 0.41
    },
    "Linear": {
      "r2": 0.5403314495666875,
      "aic": 35.63999787945794,
      "bic": 40.80993283679908,
      "params": [
        0.0009077147923086387,
        16.37575542595435
      ],
      "confidence_score": 0.7141988697400126
    },
    "Quadratic": {
      "r2": 0.4383222197675559,
      "aic": 57.281417918074105,
      "bic": 65.03632035408582,
      "params": [
        1.856531002011896e-07,
        1.0,
        17.096297258673115
      ],
      "confidence_score": 0.24299552651818615
    },
    "Cubic": {
      "r2": 0.34228102874000643,
      "aic": 74.75065951575567,
      "bic": 85.09052943043795,
      "params": [
        3.870302696474206e-11,
        1.0,
        1.0,
        17.437704388375753
      ],
      "confidence_score": 0.18536861734097682
    },
    "Logarithmic": {
      "r2": 0.2168065096345636,
      "aic": 87.86165893112137,
      "bic": 93.03159388846251,
      "params": [
        0.4498618030996544,
        15.139929004343601
      ],
      "confidence_score": 0.4064032548186537
    },
    "N Log N": {
      "r2": 0.5352691078362478,
      "aic": 36.71337466082168,
      "bic": 41.883309618162826,
      "params": [
        0.00010673389242795284,
        16.505497913103856
      ],
      "confidence_score": 0.4410389396809118
    }
  }
}