{
  "valid_points": 29,
  "models": {
    "Constant": {
      "r2": 0.7,
      "aic": -659.1894158389739,
      "bic": -656.454824179001,
      "params": [
        -99.99994662558208,
        100.00005337441794
      ],
      "confidence_score": 0.5487684045423398
    },
    "Linear": {
      "r2": 0.018492906022622213,
      "aic": -659.7307309294349,
      "bic": -656.996139269462,
      "params": [
        -1.3496499110653556e-14,
        0.00010724855159639467
      ],
      "confidence_score": 0.3135414630952889
    },
    "Quadratic": {
      "r2": 0.0014349273949789687,
      "aic": -657.2310586177607,
      "bic": -653.1291711278013,
      "params": [
        -7.635889746029206e-24,
        1.0,
        0.0001068500263851878
      ],
      "confidence_score": 0.02605415881223917
    },
    "Cubic": {
      "r2": 1.0365697765357673e-05,
      "aic": -655.1897164457671,
      "bic": -649.7205331258212,
      "params": [
        -1.230326339775297e-33,
        1.0,
        1.0,
        0.00010675633860285202
      ],
      "confidence_score": 0.0
    },
    "Logarithmic": {
      "r2": 0.03507302178736338,
      "aic": -660.2247985107894,
      "bic": -657.4902068508164,
      "params": [
        -3.452720432924536e-07,
        0.00011032391303639854
      ],
      "confidence_score": 0.6155365108936817
    },
    "N Log N": {
      "r2": 0.016379937517692733,
      "aic": -659.6683674227725,
      "bic": -656.9337757627995,
      "params": [
        -6.373718557303704e-16,
        0.00010720684925062732
      ],
      "confidence_score": 0.4333300512525328
    }
  }
}