{
  "best_model": "O(2^n)",
  "details": {
    "O(1)": {
      "r2": 0,
      "aic": Infinity,
      "params_norm": [
        1.0
      ],
      "rss": 0.0
    },
    "O(n)": {
      "r2": 0,
      "aic": -179.58436112758054,
      "params_norm": [
        9.36426321460069e-09,
        0.9999999945375131
      ],
      "rss": 1.586143328550528e-13
    },
    "O(n^2)": {
      "r2": 0,
      "aic": -179.4400357834853,
      "params_norm": [
        1.3968810166677247e-08,
        -1.4862539108855611e-08,
        1.000000003305388
      ],
      "rss": 3.06877402227858e-14
    },
    "O(n^3)": {
      "r2": 0,
      "aic": -142.8273527979162,
      "params_norm": [
        1.0922999163697997e-07,
        -1.936360687196331e-07,
        1.0137572068589287e-07,
        0.9999999843147139
      ],
      "rss": 9.238614896972678e-14
    },
    "O(log n)": {
      "r2": 0,
      "aic": -180.08415291050122,
      "params_norm": [
        -4.218004269987846e-09,
        0.9999999972302877
      ],
      "rss": 1.459372953751411e-13
    },
    "O(n log n)": {
      "r2": 0,
      "aic": -190.368428375171,
      "params_norm": [
        -8.531161804738576e-09,
        0.9999999979301961
      ],
      "rss": 2.6288488268610497e-14
    },
    "O(2^n)": {
      "r2": 0,
      "aic": -222.95455101673912,
      "params_norm": [
        0.9999999998528463,
        2.5226359021217946e-10
      ],
      "rss": 1.1510744236909531e-16
    },
    "O(n^k)": {
      "r2": 0,
      "aic": -178.11363770233658,
      "params_norm": [
        0.9999999973302715,
        -4.845089375126886e-09
      ],
      "rss": 2.0267348728177858e-13
    }
  }
}