{
  "Constant": {
    "r2": 0.0,
    "aic": 202.02712518565835,
    "bic": 204.69153420600875,
    "params": [
      -84.59145872454557,
      115.40854127545448
    ]
  },
  "Linear": {
    "r2": 0.8422878948214391,
    "aic": 150.31157242527462,
    "bic": 152.97598144562502,
    "params": [
      0.35464913351797256,
      -22.912261177064025
    ]
  },
  "Quadratic": {
    "r2": 0.9738591616435786,
    "aic": 101.98794319918731,
    "bic": 105.98455672971292,
    "params": [
      0.0012175308780235628,
      1.0,
      -6.740701252018244
    ]
  },
  "Cubic": {
    "r2": 0.9998894962616638,
    "aic": -49.06578859582498,
    "bic": -43.73697055512417,
    "params": [
      4.258334886597659e-06,
      1.0,
      1.0,
      0.7291488519265323
    ]
  },
  "Logarithmic": {
    "r2": 0.4414623741519901,
    "aic": 185.7189929739901,
    "bic": 188.38340199434052,
    "params": [
      22.06242441923477,
      -72.72478241389953
    ]
  },
  "N Log N": {
    "r2": 0.8784480844380018,
    "aic": 143.01953825681716,
    "bic": 145.68394727716756,
    "params": [
      0.06155791725449596,
      -17.878046642060703
    ]
  }
}