{
  "valid_points": 18,
  "models": {
    "Constant": {
      "r2": 0.9,
      "aic": -218.3504734834586,
      "bic": -216.56972996766626,
      "params": [
        100.02438626769514,
        -99.97561373230485
      ],
      "confidence_score": 0.6796891146547342
    },
    "Linear": {
      "r2": 0.15379756036347947,
      "aic": -221.35641332117274,
      "bic": -219.57566980538041,
      "params": [
        -2.896184460920992e-06,
        0.053116812081582476
      ],
      "confidence_score": 0.34773828121578315
    },
    "Quadratic": {
      "r2": 0.1443404894640855,
      "aic": -219.15636298411772,
      "bic": -216.48524771042923,
      "params": [
        -9.323807568028368e-10,
        1.0,
        0.05094420556971067
      ],
      "confidence_score": 0.14289801255666665
    },
    "Cubic": {
      "r2": 0.13603620771960456,
      "aic": -216.9825130099621,
      "bic": -213.42102597837746,
      "params": [
        -3.910366514512804e-13,
        1.0,
        1.0,
        0.05023159089605165
      ],
      "confidence_score": 0.07810720057650451
    },
    "Logarithmic": {
      "r2": 0.16423152246241346,
      "aic": -221.57973909340674,
      "bic": -219.79899557761442,
      "params": [
        -0.004383343332439099,
        0.08074935631204802
      ],
      "confidence_score": 0.4301157612312067
    },
    "N Log N": {
      "r2": 0.1525825469354789,
      "aic": -221.33058669319055,
      "bic": -219.54984317739823,
      "params": [
        -3.4741367497878347e-07,
        0.052592866448437435
      ],
      "confidence_score": 0.26286129518162116
    }
  }
}