{
  "valid_points": 28,
  "models": {
    "Constant": {
      "r2": 0.7,
      "aic": -512.8657175317469,
      "bic": -510.20130851139646,
      "params": [
        -99.99979730429396,
        100.00020269570615
      ],
      "confidence_score": 0.37000021041462783
    },
    "Linear": {
      "r2": 0.6365661842649315,
      "aic": -541.2061435923486,
      "bic": -538.5417345719982,
      "params": [
        7.068760419121187e-13,
        0.0003782841854036377
      ],
      "confidence_score": 0.7719397105589589
    },
    "Quadratic": {
      "r2": 0.3869032073829617,
      "aic": -524.5642262898386,
      "bic": -520.5676127593131,
      "params": [
        1.1182138508232667e-21,
        1.0,
        0.0003900436408342971
      ],
      "confidence_score": 0.2121919312259548
    },
    "Cubic": {
      "r2": 0.2856324503346358,
      "aic": -518.283732394011,
      "bic": -512.9549143533102,
      "params": [
        1.8206790196023926e-30,
        1.0,
        1.0,
        0.0003938919659875021
      ],
      "confidence_score": 0.15138058181111705
    },
    "Logarithmic": {
      "r2": 0.4822117678300003,
      "aic": -531.2950078102014,
      "bic": -528.630598789851,
      "params": [
        1.2097637495218718e-05,
        0.0002756542038749388
      ],
      "confidence_score": 0.5412191075772133
    },
    "N Log N": {
      "r2": 0.619001168937288,
      "aic": -539.8845687459832,
      "bic": -537.2201597256328,
      "params": [
        3.4973507503241945e-14,
        0.00037936199083674966
      ],
      "confidence_score": 0.7529333541879697
    }
  }
}