{
  "valid_points": 104,
  "models": {
    "Constant": {
      "r2": 0.7,
      "aic": -475.4952455500625,
      "bic": -470.2064637517798,
      "params": [
        -99.82927573056737,
        100.17072426943264
      ],
      "confidence_score": 0.35
    },
    "Linear": {
      "r2": 0.9519131125769562,
      "aic": -791.1088035274962,
      "bic": -785.8200217292134,
      "params": [
        7.26736236037473e-05,
        0.16613390369341952
      ],
      "confidence_score": 0.9611478675461738
    },
    "Quadratic": {
      "r2": 0.8973000505194293,
      "aic": -710.1933855619438,
      "bic": -702.2602128645198,
      "params": [
        1.3200570917206797e-08,
        1.0,
        0.24096325125923992
      ],
      "confidence_score": 0.5183800303116576
    },
    "Cubic": {
      "r2": 0.8127137054699872,
      "aic": -645.7073975446203,
      "bic": -635.1298339480549,
      "params": [
        2.636820938988408e-12,
        1.0,
        1.0,
        0.2684429285185487
      ],
      "confidence_score": 0.4676282232819923
    },
    "Logarithmic": {
      "r2": 0.7899927485599746,
      "aic": -637.7990202422438,
      "bic": -632.510238443961,
      "params": [
        0.11665762847670236,
        -0.541782941357577
      ],
      "confidence_score": 0.3929963742799873
    },
    "N Log N": {
      "r2": 0.9500987076809461,
      "aic": -787.2569169018511,
      "bic": -781.9681351035683,
      "params": [
        8.289459247709653e-06,
        0.1824073255882553
      ],
      "confidence_score": 0.5917214645800577
    }
  }
}