{
  "valid_points": 65,
  "models": {
    "Constant": {
      "r2": -2.220446049250313e-16,
      "aic": -643.0424717067673,
      "bic": -638.693697166976,
      "params": [
        100.03613104613923,
        -99.96386895386074
      ],
      "confidence_score": -2.220446049250313e-16
    },
    "Linear": {
      "r2": 0.02318142294225012,
      "aic": -644.5670036822661,
      "bic": -640.2182291424748,
      "params": [
        -1.3143391714987018e-06,
        0.07545613867043566
      ],
      "confidence_score": 0.003181422942250118
    },
    "Quadratic": {
      "r2": 0.019071504831645325,
      "aic": -642.2940929744173,
      "bic": -635.7709311647303,
      "params": [
        -2.440360198463772e-10,
        1.0,
        0.07385887777417344
      ],
      "confidence_score": -0.020928495168354676
    },
    "Cubic": {
      "r2": 0.01637040004687562,
      "aic": -640.1153536211962,
      "bic": -631.4178045416136,
      "params": [
        -5.713934050921634e-14,
        1.0,
        1.0,
        0.07334684075230835
      ],
      "confidence_score": -0.03362959995312438
    },
    "Logarithmic": {
      "r2": 0.028810212299532956,
      "aic": -644.9426410081626,
      "bic": -640.5938664683713,
      "params": [
        -0.0032570626827543173,
        0.09745613666016269
      ],
      "confidence_score": 0.018810212299532954
    },
    "N Log N": {
      "r2": 0.02261973438110121,
      "aic": -644.529638234408,
      "bic": -640.1808636946167,
      "params": [
        -1.4825036597492287e-07,
        0.07509086189723836
      ],
      "confidence_score": -0.00738026561889879
    }
  }
}