{
  "valid_points": 29,
  "models": {
    "Constant": {
      "r2": 0.7,
      "aic": -602.4731868988057,
      "bic": -599.7385952388328,
      "params": [
        -99.9998811760853,
        100.00011882391476
      ],
      "confidence_score": 0.3500134284481973
    },
    "Linear": {
      "r2": 0.07810640142828362,
      "aic": -604.831625381938,
      "bic": -602.0970337219651,
      "params": [
        5.6695289893866247e-14,
        0.00023449701548132552
      ],
      "confidence_score": 0.03692206364182013
    },
    "Quadratic": {
      "r2": 0.06663877997623546,
      "aic": -602.4731137055618,
      "bic": -598.3712262156024,
      "params": [
        1.0120364711135427e-22,
        1.0,
        0.00023530081685945307
      ],
      "confidence_score": 0.019992305399250333
    },
    "Cubic": {
      "r2": 0.06153448514885118,
      "aic": -600.3149527880557,
      "bic": -594.8457694681099,
      "params": [
        1.8218331226888688e-31,
        1.0,
        1.0,
        0.00023556471347155198
      ],
      "confidence_score": 0.016922241693482856
    },
    "Logarithmic": {
      "r2": 0.49874076799705125,
      "aic": -622.5015114933349,
      "bic": -619.766919833362,
      "params": [
        3.696537542019682e-06,
        0.00019518320938174952
      ],
      "confidence_score": 0.8473703839985256
    },
    "N Log N": {
      "r2": 0.07691690373482618,
      "aic": -604.7942314809892,
      "bic": -602.0596398210163,
      "params": [
        2.8097361458927642e-15,
        0.00023458176455017315
      ],
      "confidence_score": 0.23650131009979258
    }
  }
}