{
  "valid_points": 18,
  "models": {
    "Constant": {
      "r2": 0.95,
      "aic": -211.53991211786035,
      "bic": -209.75916860206803,
      "params": [
        100.04218611866233,
        -99.95781388133766
      ],
      "confidence_score": 0.73316894183607
    },
    "Linear": {
      "r2": 0.09400357372027801,
      "aic": -213.31687063197035,
      "bic": -211.53612711617802,
      "params": [
        -2.7358009100364455e-06,
        0.08847593868967352
      ],
      "confidence_score": 0.3568830352531516
    },
    "Quadratic": {
      "r2": 0.08636863329265398,
      "aic": -211.16581805436846,
      "bic": -208.49470278067997,
      "params": [
        -8.714411447474132e-10,
        1.0,
        0.08640196899102214
      ],
      "confidence_score": 0.11200573571305318
    },
    "Cubic": {
      "r2": 0.07986237719585632,
      "aic": -209.03808866005664,
      "bic": -205.476601628472,
      "params": [
        -3.620113839049062e-13,
        1.0,
        1.0,
        0.08572299230090981
      ],
      "confidence_score": 0.045647820429403255
    },
    "Logarithmic": {
      "r2": 0.10266166351760575,
      "aic": -213.48971354173622,
      "bic": -211.7089700259439,
      "params": [
        -0.004187380431067852,
        0.11491949406923203
      ],
      "confidence_score": 0.39933083175880285
    },
    "N Log N": {
      "r2": 0.09301250132354155,
      "aic": -213.29719113600498,
      "bic": -211.51644762021266,
      "params": [
        -3.27737372578591e-07,
        0.08797619811662431
      ],
      "confidence_score": 0.3669742767575379
    }
  }
}