{
  "Constant": {
    "r2": 0.0,
    "aic": -683.5258688656696,
    "bic": -678.9725366276375,
    "params": [
      -99.9652751721442,
      100.0347248278557
    ]
  },
  "Linear": {
    "r2": 0.006586675326752722,
    "aic": -684.0016782159596,
    "bic": -679.4483459779275,
    "params": [
      -7.923612659332946e-07,
      0.07143496088359436
    ]
  },
  "Quadratic": {
    "r2": 0.004185027766989369,
    "aic": -681.8278231500635,
    "bic": -674.9978247930154,
    "params": [
      -1.2432263218968798e-10,
      1.0,
      0.07032309127091241
    ]
  },
  "Cubic": {
    "r2": 0.0026804369082368273,
    "aic": -679.7191194369045,
    "bic": -670.6124549608403,
    "params": [
      -2.3958177708956717e-14,
      1.0,
      1.0,
      0.06996132799820398
    ]
  },
  "Logarithmic": {
    "r2": 0.0100476498669122,
    "aic": -684.2529585753887,
    "bic": -679.6996263373566,
    "params": [
      -0.0022306103182566394,
      0.0867572419642992
    ]
  },
  "N Log N": {
    "r2": 0.00625539677117426,
    "aic": -683.9776720150556,
    "bic": -679.4243397770235,
    "params": [
      -8.783967107053508e-08,
      0.07118573150951506
    ]
  }
}