{
  "Constant": {
    "r2": -2.220446049250313e-16,
    "aic": 451.521819318242,
    "bic": 454.18622833859246,
    "params": [
      695.7585501718867,
      1870.464549123695
    ]
  },
  "Linear": {
    "r2": 0.8300030308358526,
    "aic": 401.90652854320615,
    "bic": 404.5709375635566,
    "params": [
      30.304305558485634,
      -2024.879192814992
    ]
  },
  "Quadratic": {
    "r2": 0.9677535974677333,
    "aic": 357.3600531604552,
    "bic": 361.35666669098083,
    "params": [
      0.10447447013783961,
      1.0,
      -656.5531182814326
    ]
  },
  "Cubic": {
    "r2": 0.9996721866595011,
    "aic": 230.875965846636,
    "bic": 236.20478388733682,
    "params": [
      0.00036651224402917126,
      1.0,
      1.0,
      -23.42670331406241
    ]
  },
  "Logarithmic": {
    "r2": 0.4291900084760888,
    "aic": 435.8222504231355,
    "bic": 438.4866594434859,
    "params": [
      1872.522571646719,
      -6221.772062692116
    ]
  },
  "N Log N": {
    "r2": 0.8671117380212534,
    "aic": 395.01091341587795,
    "bic": 397.6753224362284,
    "params": [
      5.2645259984143555,
      -1598.2578499631927
    ]
  }
}