{
  "Constant": {
    "r2": 3.3306690738754696e-16,
    "aic": 350.4195848375399,
    "bic": 355.15848054247397,
    "params": [
      -93.97994026164464,
      106.02005973835536
    ]
  },
  "Linear": {
    "r2": 0.9476177308685305,
    "aic": 117.4338023361598,
    "bic": 122.17269804109384,
    "params": [
      0.007573324255077129,
      -10.358705994159827
    ]
  },
  "Quadratic": {
    "r2": 0.9962873302589764,
    "aic": -89.66473546090513,
    "bic": -82.55639190350408,
    "params": [
      1.2871547708792619e-06,
      1.0,
      -0.92556160827751
    ]
  },
  "Cubic": {
    "r2": 0.9912483908740103,
    "aic": -19.923313099617342,
    "bic": -10.445521689749256,
    "params": [
      2.5505378986707377e-10,
      1.0,
      1.0,
      2.432058783286971
    ]
  },
  "Logarithmic": {
    "r2": 0.8271150192463852,
    "aic": 211.7644130557863,
    "bic": 216.50330876072033,
    "params": [
      18.478825773238622,
      -134.00768480018505
    ]
  },
  "N Log N": {
    "r2": 0.956555019063444,
    "aic": 102.6550489861496,
    "bic": 107.39394469108363,
    "params": [
      0.0008503488920980264,
      -8.260015761769951
    ]
  }
}