{
  "best_model": "O(log n)",
  "details": {
    "O(1)": {
      "r2": 1.1102230246251565e-16,
      "aic": 696.1000274530942,
      "params_norm": [
        0.8945805994566494
      ],
      "rss": 97440.57425742575
    },
    "O(n)": {
      "r2": 0.7002838083006806,
      "aic": 576.4852251363736,
      "params_norm": [
        0.18225521106496834,
        0.7882650594664005
      ],
      "rss": 29204.51783343038
    },
    "O(n^2)": {
      "r2": 0.7324693536553001,
      "aic": 567.1364095963035,
      "params_norm": [
        -0.1798307666255603,
        0.3920577755698972,
        0.7376876546571461
      ],
      "rss": 26068.339811287842
    },
    "O(n^3)": {
      "r2": 0.7324930304733479,
      "aic": 569.2967145526524,
      "params_norm": [
        0.02286533142399927,
        -0.21984508482784126,
        0.41297032632392444,
        0.7345659867595896
      ],
      "rss": 26066.032728540667
    },
    "O(log n)": {
      "r2": 0.7340474727963398,
      "aic": 564.4138894082822,
      "params_norm": [
        0.09333736617867984,
        0.9547084958378138
      ],
      "rss": 25914.566975938294
    },
    "O(n log n)": {
      "r2": 0.4387834315807191,
      "aic": 639.8395831852285,
      "params_norm": [
        0.3198324178580534,
        0.977953848906729
      ],
      "rss": 54685.264709556606
    },
    "O(2^n)": {
      "r2": 0.6933708230589095,
      "aic": 578.7883408195636,
      "params_norm": [
        0.7943285427571096,
        0.20171954531640307
      ],
      "rss": 29878.123085221676
    },
    "O(n^k)": {
      "r2": 0.7337639839831375,
      "aic": 564.5214917729193,
      "params_norm": [
        0.9565194002434908,
        0.10595267102414609
      ],
      "rss": 25942.190288692287
    }
  }
}