{
  "best_model": "O(2^n)",
  "details": {
    "O(1)": {
      "r2": 0,
      "aic": Infinity,
      "params_norm": [
        1.0
      ],
      "rss": 0.0
    },
    "O(n)": {
      "r2": 0,
      "aic": -181.49992274427828,
      "params_norm": [
        9.36426321460069e-09,
        0.9999999945375131
      ],
      "rss": 1.1526287701200955e-13
    },
    "O(n^2)": {
      "r2": 0,
      "aic": -181.35559734965702,
      "params_norm": [
        1.3968810166677247e-08,
        -1.4862539108855611e-08,
        1.000000003305388
      ],
      "rss": 2.2300363360568864e-14
    },
    "O(n^3)": {
      "r2": 0,
      "aic": -144.74291451459507,
      "params_norm": [
        1.0922999163697997e-07,
        -1.936360687196331e-07,
        1.0137572068589287e-07,
        0.9999999843147139
      ],
      "rss": 6.71357560013021e-14
    },
    "O(log n)": {
      "r2": 0,
      "aic": -181.99971450068048,
      "params_norm": [
        -4.218004269987846e-09,
        0.9999999972302877
      ],
      "rss": 1.060506468731749e-13
    },
    "O(n log n)": {
      "r2": 0,
      "aic": -192.28398989830924,
      "params_norm": [
        -8.531161804738576e-09,
        0.9999999979301961
      ],
      "rss": 1.9103486947515783e-14
    },
    "O(2^n)": {
      "r2": 0,
      "aic": -224.87011108327687,
      "params_norm": [
        0.9999999998528463,
        2.5226359021217946e-10
      ],
      "rss": 8.364703341722497e-17
    },
    "O(n^k)": {
      "r2": 0,
      "aic": -180.02919942683843,
      "params_norm": [
        0.9999999973302715,
        -4.845089375126886e-09
      ],
      "rss": 1.4728006226128503e-13
    }
  }
}