{
  "valid_points": 39,
  "models": {
    "Constant": {
      "r2": 0.7,
      "aic": 255.1673974960987,
      "bic": 258.494520788358,
      "params": [
        111.31361422057334,
        -88.68638577942663
      ],
      "confidence_score": 0.09999999999999998
    },
    "Linear": {
      "r2": 0.8445325736885416,
      "aic": 182.5759546863828,
      "bic": 185.9030779786421,
      "params": [
        0.1858034469036437,
        -18.806940218365888
      ],
      "confidence_score": 0.40671954421312495
    },
    "Quadratic": {
      "r2": 0.9711414196248729,
      "aic": 118.89882873710324,
      "bic": 123.88951367549218,
      "params": [
        0.0004335987659278562,
        1.0,
        -5.580828342113944
      ],
      "confidence_score": 0.5626848517749237
    },
    "Cubic": {
      "r2": 0.9999342562166804,
      "aic": -116.39267472822597,
      "bic": -109.73842814370738,
      "params": [
        1.0530379093154352e-06,
        1.0,
        1.0,
        0.15212766705896896
      ],
      "confidence_score": 0.9799605537300082
    },
    "Logarithmic": {
      "r2": 0.5316596389769599,
      "aic": 225.58355826627695,
      "bic": 228.91068155853625,
      "params": [
        22.1550613397191,
        -91.70219576781395
      ],
      "confidence_score": 0.41382981948847997
    },
    "N Log N": {
      "r2": 0.8755934365430926,
      "aic": 173.88358426880993,
      "bic": 177.21070756106923,
      "params": [
        0.030071040733841082,
        -14.80719171145437
      ],
      "confidence_score": 0.698
    }
  }
}