{
  "valid_points": 112,
  "models": {
    "Constant": {
      "r2": 1.1102230246251565e-16,
      "aic": -529.1823450409676,
      "bic": -523.7453472983774,
      "params": [
        100.17293970034072,
        -99.82706029965931
      ],
      "confidence_score": 1.1102230246251565e-16
    },
    "Linear": {
      "r2": 0.9502299397884996,
      "aic": -865.2206127885096,
      "bic": -859.7836150459194,
      "params": [
        6.965273932537848e-05,
        0.18009033361287183
      ],
      "confidence_score": 0.9302299397884995
    },
    "Quadratic": {
      "r2": 0.885324611885537,
      "aic": -769.7351286924887,
      "bic": -761.5796320786035,
      "params": [
        1.25038702411755e-08,
        1.0,
        0.2540733032124625
      ],
      "confidence_score": 0.845324611885537
    },
    "Cubic": {
      "r2": 0.8002208630576214,
      "aic": -705.5631428888605,
      "bic": -694.6891474036802,
      "params": [
        2.4882936040067677e-12,
        1.0,
        1.0,
        0.2805863768369526
      ],
      "confidence_score": 0.7502208630576214
    },
    "Logarithmic": {
      "r2": 0.8057594635762537,
      "aic": -712.7120421005367,
      "bic": -707.2750443579465,
      "params": [
        0.11345060856656099,
        -0.5131740709385982
      ],
      "confidence_score": 0.7957594635762537
    },
    "N Log N": {
      "r2": 0.9464902278169014,
      "aic": -857.1061352637557,
      "bic": -851.6691375211656,
      "params": [
        7.930577133368838e-06,
        0.19616546350898342
      ],
      "confidence_score": 0.9164902278169014
    }
  }
}