{
  "valid_points": 95,
  "models": {
    "Constant": {
      "r2": 0.0,
      "aic": -273.38972786731705,
      "bic": -268.281974084116,
      "params": [
        -99.77713156687578,
        100.22286843312426
      ],
      "confidence_score": 0.0
    },
    "Linear": {
      "r2": 0.9899813856946571,
      "aic": -710.7042240153446,
      "bic": -705.5964702321435,
      "params": [
        0.00016479257629364863,
        0.1011399772902436
      ],
      "confidence_score": 0.9699813856946571
    },
    "Quadratic": {
      "r2": 0.9071177847664051,
      "aic": -497.14992154898874,
      "bic": -489.4882908741871,
      "params": [
        3.5607851556659166e-08,
        1.0,
        0.22001805054109602
      ],
      "confidence_score": 0.8671177847664051
    },
    "Cubic": {
      "r2": 0.7971695639662608,
      "aic": -420.9512971163984,
      "bic": -410.73578954999624,
      "params": [
        7.85249711893027e-12,
        1.0,
        1.0,
        0.2758547937026316
      ],
      "confidence_score": 0.7471695639662608
    },
    "Logarithmic": {
      "r2": 0.6247998382004121,
      "aic": -366.5178127757026,
      "bic": -361.41005899250155,
      "params": [
        0.10243343083367785,
        -0.26858648168477345
      ],
      "confidence_score": 0.6147998382004121
    },
    "N Log N": {
      "r2": 0.9865949855190379,
      "aic": -683.0417384350789,
      "bic": -677.9339846518777,
      "params": [
        1.94141380470777e-05,
        0.12417878045307516
      ],
      "confidence_score": 0.9565949855190379
    }
  }
}