{
  "valid_points": 10,
  "models": {
    "Constant": {
      "r2": 0.7,
      "aic": 29.6678751675652,
      "bic": 30.273045353553293,
      "params": [
        0.6127504408359526,
        1.0
      ],
      "confidence_score": 0.09999999999999998
    },
    "Linear": {
      "r2": 0.9221602317434302,
      "aic": 4.136846984710538,
      "bic": 4.74201717069863,
      "params": [
        0.011073231347166645,
        -0.6417594614470992
      ],
      "confidence_score": 0.45329613904605853
    },
    "Quadratic": {
      "r2": 0.9999376558220086,
      "aic": -65.16052749681857,
      "bic": -64.25277221783644,
      "params": [
        1.156566629434419e-05,
        1.0,
        0.00047574120929194663
      ],
      "confidence_score": 0.9799625934932051
    },
    "Cubic": {
      "r2": 0.9855654090598633,
      "aic": -8.713402875699817,
      "bic": -7.503062503723633,
      "params": [
        1.124717152201872e-08,
        1.0,
        1.0,
        0.23728283711299686
      ],
      "confidence_score": 0.571339245436108
    },
    "Logarithmic": {
      "r2": 0.3888975041287339,
      "aic": 24.742969338941517,
      "bic": 25.348139524929607,
      "params": [
        1.045326906157914,
        -2.2426252534269957
      ],
      "confidence_score": 0.44244875206436696
    },
    "N Log N": {
      "r2": 0.9505529577786596,
      "aic": -0.40065519467729516,
      "bic": 0.20451499131079665,
      "params": [
        0.0016286341822315926,
        -0.46048848664796327
      ],
      "confidence_score": 0.6980000000000031
    }
  }
}