{
  "valid_points": 30,
  "models": {
    "Constant": {
      "r2": 0.7,
      "aic": -672.8502484914721,
      "bic": -670.0478537281479,
      "params": [
        100.00005910793952,
        -99.99994089206064
      ],
      "confidence_score": 0.3782564939692019
    },
    "Linear": {
      "r2": 0.0006838558081787571,
      "aic": -672.8707711837988,
      "bic": -670.0683764204745,
      "params": [
        -2.3599595366672897e-15,
        0.00011834266085240807
      ],
      "confidence_score": 0.02847422864969882
    },
    "Quadratic": {
      "r2": 0.0048494110035632865,
      "aic": -670.9960847179749,
      "bic": -666.7924925729884,
      "params": [
        -1.215578647911241e-23,
        1.0,
        0.00011848838667500048
      ],
      "confidence_score": 0.0
    },
    "Cubic": {
      "r2": 0.007220768078668782,
      "aic": -669.0676574115862,
      "bic": -663.4628678849376,
      "params": [
        -2.7794107961910713e-32,
        1.0,
        1.0,
        0.00011852308808904753
      ],
      "confidence_score": 0.0
    },
    "Logarithmic": {
      "r2": 0.1457208609594467,
      "aic": -677.5751668284021,
      "bic": -674.7727720650778,
      "params": [
        8.423692098574998e-07,
        0.00010883072973472124
      ],
      "confidence_score": 0.5708604304797233
    },
    "N Log N": {
      "r2": 0.0009129953869496665,
      "aic": -672.8776508641049,
      "bic": -670.0752561007806,
      "params": [
        -1.3619130650980386e-16,
        0.00011835954081024053
      ],
      "confidence_score": 0.02710280349545236
    }
  }
}