{
  "Constant": {
    "r2": 0.0,
    "aic": -39.05858576416574,
    "bic": -36.542392688122774,
    "params": [
      100.33836389103766,
      -99.66163610896237
    ]
  },
  "Linear": {
    "r2": 0.9570290703031498,
    "aic": -120.88660334657959,
    "bic": -118.37041027053662,
    "params": [
      0.004952171010347284,
      -0.0881921709076654
    ]
  },
  "Quadratic": {
    "r2": 0.9918002968126017,
    "aic": -161.95367613683638,
    "bic": -158.17938652277192,
    "params": [
      1.554334870368379e-05,
      1.0,
      0.19010618599895124
    ]
  },
  "Cubic": {
    "r2": 0.951784975645471,
    "aic": -113.89278530947288,
    "bic": -108.86039915738695,
    "params": [
      5.189791556727849e-08,
      1.0,
      1.0,
      0.30396341408272365
    ]
  },
  "Logarithmic": {
    "r2": 0.7161892947966229,
    "aic": -71.80422840882821,
    "bic": -69.28803533278524,
    "params": [
      0.4685509136452555,
      -1.5741530645812487
    ]
  },
  "N Log N": {
    "r2": 0.9734210434523813,
    "aic": -133.37710833561624,
    "bic": -130.8609152595733,
    "params": [
      0.0008395099235560909,
      0.0005933985587321593
    ]
  }
}