{
  "Constant": {
    "r2": 1.1102230246251565e-16,
    "aic": -48.31068123922059,
    "bic": -46.52993772342826,
    "params": [
      -99.7801390580004,
      100.21986094199941
    ]
  },
  "Linear": {
    "r2": 0.9649888516806101,
    "aic": -108.64827864560971,
    "bic": -106.86753512981738,
    "params": [
      0.0037111205299885652,
      0.02036526411026751
    ]
  },
  "Quadratic": {
    "r2": 0.9943966747339356,
    "aic": -139.62979231845594,
    "bic": -136.95867704476746,
    "params": [
      1.6248669721640952e-05,
      1.0,
      0.16998313417325592
    ]
  },
  "Cubic": {
    "r2": 0.9534766461835883,
    "aic": -99.53109671659996,
    "bic": -95.9696096850153,
    "params": [
      7.651767836470682e-08,
      1.0,
      1.0,
      0.22992326477079167
    ]
  },
  "Logarithmic": {
    "r2": 0.7569739179036439,
    "aic": -73.77323837730904,
    "bic": -71.99249486151672,
    "params": [
      0.269373411811184,
      -0.7737706465344545
    ]
  },
  "N Log N": {
    "r2": 0.9800844017235008,
    "aic": -118.80321762259223,
    "bic": -117.0224741067999,
    "params": [
      0.0006648809385580943,
      0.07192946413456687
    ]
  }
}