{
  "valid_points": 10,
  "models": {
    "Constant": {
      "r2": 2.220446049250313e-16,
      "aic": 52.265688725051106,
      "bic": 52.8708589110392,
      "params": [
        8.604811668395994,
        1.0
      ],
      "confidence_score": 2.220446049250313e-16
    },
    "Linear": {
      "r2": 0.938371803820293,
      "aic": 24.3993308952599,
      "bic": 25.004501081247994,
      "params": [
        0.04895873561752162,
        -7.45730769431033
      ],
      "confidence_score": 0.9183718038202929
    },
    "Quadratic": {
      "r2": 0.999387643016089,
      "aic": -19.71626265959994,
      "bic": -18.808507380617804,
      "params": [
        5.7121877397148246e-05,
        1.0,
        -0.12318685709336186
      ],
      "confidence_score": 0.9593876430160889
    },
    "Cubic": {
      "r2": 0.9786312847757564,
      "aic": 17.807415405153,
      "bic": 19.01775577712919,
      "params": [
        7.090810862607773e-08,
        1.0,
        1.0,
        2.411261184957374
      ],
      "confidence_score": 0.9286312847757564
    },
    "Logarithmic": {
      "r2": 0.7502383562235329,
      "aic": 38.39320631692474,
      "bic": 38.99837650291283,
      "params": [
        14.60306250001877,
        -72.80488633922464
      ],
      "confidence_score": 0.7402383562235328
    },
    "N Log N": {
      "r2": 0.9548865144005589,
      "aic": 21.279948108440507,
      "bic": 21.8851182944286,
      "params": [
        0.007083757943322279,
        -5.323753586951944
      ],
      "confidence_score": 0.9248865144005589
    }
  }
}