{
  "Constant": {
    "r2": 1.1102230246251565e-16,
    "aic": -752.2996463055782,
    "bic": -747.6646700785057,
    "params": [
      100.02688025434803,
      -99.97311974565183
    ]
  },
  "Linear": {
    "r2": 0.04299518192431684,
    "aic": -755.5956602790793,
    "bic": -750.9606840520067,
    "params": [
      -1.1768617020901928e-06,
      0.05730678529120925
    ]
  },
  "Quadratic": {
    "r2": 0.03543785949749234,
    "aic": -753.0057228825575,
    "bic": -746.0532585419486,
    "params": [
      -1.7559074694944798e-10,
      1.0,
      0.055582438286585684
    ]
  },
  "Cubic": {
    "r2": 0.03189746575902008,
    "aic": -750.73094181901,
    "bic": -741.4609893648648,
    "params": [
      -3.2932628095895135e-14,
      1.0,
      1.0,
      0.05504611067726122
    ]
  },
  "Logarithmic": {
    "r2": 0.05717397578409256,
    "aic": -756.71515919461,
    "bic": -752.0801829675374,
    "params": [
      -0.0035964293266833626,
      0.08226897638926055
    ]
  },
  "N Log N": {
    "r2": 0.041819526705936916,
    "aic": -755.5035813007671,
    "bic": -750.8686050736945,
    "params": [
      -1.2955096250886543e-07,
      0.0569171243109745
    ]
  }
}