{
  "valid_points": 6,
  "models": {
    "Constant": {
      "r2": 0.7,
      "aic": 49.85478207933398,
      "bic": 49.43830101779009,
      "params": [
        140.82337609384788,
        -27.1594087675644
      ],
      "confidence_score": 0.1000000001747218
    },
    "Linear": {
      "r2": 0.9984377242337779,
      "aic": 11.085111901713823,
      "bic": 10.668630840169932,
      "params": [
        0.000559162602687624,
        -9.040072113976624
      ],
      "confidence_score": 0.560158638148441
    },
    "Quadratic": {
      "r2": 0.9842118303318852,
      "aic": 26.96381583180006,
      "bic": 26.339094239484226,
      "params": [
        1.2492510286068215e-09,
        1.0,
        45.189125642480164
      ],
      "confidence_score": 0.5705512647633983
    },
    "Cubic": {
      "r2": 0.9353916762111357,
      "aic": 37.41830992769371,
      "bic": 36.58534780460593,
      "params": [
        3.326991083948592e-15,
        1.0,
        1.0,
        63.92476434453182
      ],
      "confidence_score": 0.5412351496957583
    },
    "Logarithmic": {
      "r2": 0.9554341910807976,
      "aic": 31.19005209862636,
      "bic": 30.77357103708247,
      "params": [
        107.77743980556987,
        -1203.3228284536924
      ],
      "confidence_score": 0.49800197397556933
    },
    "N Log N": {
      "r2": 0.999164893302432,
      "aic": 7.327075720784934,
      "bic": 6.910594659241044,
      "params": [
        4.2196546877048015e-05,
        -0.8888199335514538
      ],
      "confidence_score": 0.9480000000000001
    }
  }
}