{
  "valid_points": 205,
  "models": {
    "Constant": {
      "r2": 0.7,
      "aic": -3289.9475312038207,
      "bic": -3283.301511245544,
      "params": [
        100.00119215649813,
        -99.9988078435019
      ],
      "confidence_score": 0.3700822884527054
    },
    "Linear": {
      "r2": 0.07689542406558059,
      "aic": -3306.350145130112,
      "bic": -3299.7041251718356,
      "params": [
        -2.11540068292097e-12,
        0.00240529109796058
      ],
      "confidence_score": 0.43613725443934837
    },
    "Quadratic": {
      "r2": 0.046837287019727336,
      "aic": -3297.7813099155087,
      "bic": -3287.8122799780936,
      "params": [
        -3.389366730116561e-21,
        1.0,
        0.0023907694576631748
      ],
      "confidence_score": 0.009148967120433876
    },
    "Cubic": {
      "r2": 0.03497317218411766,
      "aic": -3293.245403526564,
      "bic": -3279.9533636100105,
      "params": [
        -5.584086410866789e-30,
        1.0,
        1.0,
        0.002389131476756181
      ],
      "confidence_score": 0.0010044734203458056
    },
    "Logarithmic": {
      "r2": 0.004094650320353166,
      "aic": -3290.788657756665,
      "bic": -3284.1426377983885,
      "params": [
        -2.0086335112099935e-05,
        0.0026903652630023574
      ],
      "confidence_score": 0.2001726355861984
    },
    "N Log N": {
      "r2": 0.07523361235013182,
      "aic": -3305.981427291885,
      "bic": -3299.3354073336086,
      "params": [
        -1.0498788721259782e-13,
        0.0024026452215158366
      ],
      "confidence_score": 0.5851079840986478
    }
  }
}