{
  "valid_points": 203,
  "models": {
    "Constant": {
      "r2": 0.7,
      "aic": -3375.9379861361185,
      "bic": -3369.311574178035,
      "params": [
        100.00126663907432,
        -99.99873336092566
      ],
      "confidence_score": 0.37000000000004524
    },
    "Linear": {
      "r2": 0.1853062059067362,
      "aic": -3417.5414048050425,
      "bic": -3410.9149928469587,
      "params": [
        3.6604534639630626e-11,
        0.0023464445328654896
      ],
      "confidence_score": 0.10124897269912095
    },
    "Quadratic": {
      "r2": 0.13455937061405487,
      "aic": -3403.2748363700453,
      "bic": -3393.33521843292,
      "params": [
        2.968373314375245e-18,
        1.0,
        0.0024318271207202616
      ],
      "confidence_score": 0.06073563230360472
    },
    "Cubic": {
      "r2": 0.10440952929582459,
      "aic": -3394.3232091272366,
      "bic": -3381.0703852110696,
      "params": [
        2.7328162777812336e-25,
        1.0,
        1.0,
        0.002462965921362196
      ],
      "confidence_score": 0.042645717599067254
    },
    "Logarithmic": {
      "r2": 0.2523828007171691,
      "aic": -3434.9834182629393,
      "bic": -3428.3570063048555,
      "params": [
        0.000141395697747655,
        0.0003859595788369425
      ],
      "confidence_score": 0.7241914003585845
    },
    "N Log N": {
      "r2": 0.18123942683959504,
      "aic": -3416.530592537587,
      "bic": -3409.904180579503,
      "params": [
        2.2181683179885605e-12,
        0.0023563885034897855
      ],
      "confidence_score": 0.3886492350992744
    }
  }
}