{
  "valid_points": 16,
  "models": {
    "Constant": {
      "r2": 0.7,
      "aic": 132.06934407793335,
      "bic": 133.6145215224129,
      "params": [
        97.05906382389367,
        1.0
      ],
      "confidence_score": 0.12000000000001042
    },
    "Linear": {
      "r2": 0.9756367222447285,
      "aic": 72.63449143188487,
      "bic": 74.17966887636443,
      "params": [
        0.0002453944694751353,
        -14.411969884487283
      ],
      "confidence_score": 0.5974158511894532
    },
    "Quadratic": {
      "r2": 0.9820095766329253,
      "aic": 69.7826929126627,
      "bic": 72.10045907938203,
      "params": [
        2.62652648536965e-10,
        1.0,
        30.144907031627493
      ],
      "confidence_score": 0.8860485198111945
    },
    "Cubic": {
      "r2": 0.9361204725112164,
      "aic": 92.05724243762062,
      "bic": 95.14759732657974,
      "params": [
        3.134589612205472e-16,
        1.0,
        1.0,
        46.97364079201769
      ],
      "confidence_score": 0.5416754183896414
    },
    "Logarithmic": {
      "r2": 0.8523697951554976,
      "aic": 101.46062811179345,
      "bic": 103.00580555627302,
      "params": [
        83.84060785836684,
        -982.0091463239362
      ],
      "confidence_score": 0.5480000462268555
    },
    "N Log N": {
      "r2": 0.9792199370180663,
      "aic": 70.08916387915336,
      "bic": 71.63434132363292,
      "params": [
        1.7617554239596838e-05,
        -8.210964709764605
      ],
      "confidence_score": 0.998
    }
  }
}