{
  "best_model": "O(n log n)",
  "details": {
    "O(1)": {
      "r2": 0,
      "aic": Infinity,
      "params_norm": [
        1.0
      ],
      "rss": 0.0
    },
    "O(n)": {
      "r2": 0,
      "aic": -2899.1959638716226,
      "params_norm": [
        -9.778793904550355e-10,
        1.0000000005923924
      ],
      "rss": 2.196391181553518e-14
    },
    "O(n^2)": {
      "r2": 0,
      "aic": -2691.1576544471486,
      "params_norm": [
        -1.6370592904487226e-08,
        1.8986107378921625e-08,
        0.9999999954126015
      ],
      "rss": 2.7897855030522446e-13
    },
    "O(n^3)": {
      "r2": 0,
      "aic": -2580.119917907522,
      "params_norm": [
        -1.58316306908492e-07,
        2.880903192393119e-07,
        -1.5917913911634305e-07,
        1.0000000258094672
      ],
      "rss": 1.0691616031275127e-12
    },
    "O(log n)": {
      "r2": 0,
      "aic": -2876.401414017878,
      "params_norm": [
        -5.934146138113041e-10,
        0.999999999643905
      ],
      "rss": 2.910223368537222e-14
    },
    "O(n log n)": {
      "r2": 0,
      "aic": -2959.4186686704247,
      "params_norm": [
        -1.4129476602064176e-09,
        0.9999999996352317
      ],
      "rss": 1.0442777088766241e-14
    },
    "O(2^n)": {
      "r2": 0,
      "aic": -2914.9325575740086,
      "params_norm": [
        0.9999999994674227,
        8.876288830373813e-10
      ],
      "rss": 1.8085704143280357e-14
    },
    "O(n^k)": {
      "r2": 0,
      "aic": -2862.3293097510937,
      "params_norm": [
        1.000000000381851,
        6.470976220459377e-10
      ],
      "rss": 3.4623914453241356e-14
    }
  }
}