{
  "Constant": {
    "r2": 2.220446049250313e-16,
    "aic": -460.7241181004682,
    "bic": -456.14319921817145,
    "params": [
      -99.86754021007721,
      100.1324597899228
    ]
  },
  "Linear": {
    "r2": 0.8181379667384829,
    "aic": -585.153124602209,
    "bic": -580.5722057199122,
    "params": [
      3.237898926988293e-05,
      0.1684479337332628
    ]
  },
  "Quadratic": {
    "r2": 0.7865114347376373,
    "aic": -571.4486745558327,
    "bic": -564.5772962323875,
    "params": [
      5.228283216202152e-09,
      1.0,
      0.21149440361098257
    ]
  },
  "Cubic": {
    "r2": 0.7238329491709772,
    "aic": -550.6568199009049,
    "bic": -541.4949821363114,
    "params": [
      9.928523319291788e-13,
      1.0,
      1.0,
      0.22671958637234227
    ]
  },
  "Logarithmic": {
    "r2": 0.7863201663149308,
    "aic": -573.3833017622221,
    "bic": -568.8023828799253,
    "params": [
      0.0839548554366204,
      -0.399302127882195
    ]
  },
  "N Log N": {
    "r2": 0.8172559794108558,
    "aic": -584.7999477976928,
    "bic": -580.2190289153959,
    "params": [
      3.613072622670038e-06,
      0.17795300555437787
    ]
  }
}