{
  "valid_points": 93,
  "models": {
    "Constant": {
      "r2": 2.220446049250313e-16,
      "aic": -403.05765070776147,
      "bic": -397.9924517214549,
      "params": [
        -99.76213328460213,
        100.23786671539797
      ],
      "confidence_score": 2.220446049250313e-16
    },
    "Linear": {
      "r2": 0.8975935759335713,
      "aic": -614.986593206593,
      "bic": -609.9213942202865,
      "params": [
        7.572686261924928e-05,
        0.3197768071706921
      ],
      "confidence_score": 0.8775935759335712
    },
    "Quadratic": {
      "r2": 0.8036766618958975,
      "aic": -552.4609341224258,
      "bic": -544.863135642966,
      "params": [
        1.6241705536046425e-08,
        1.0,
        0.374907187448308
      ],
      "confidence_score": 0.7636766618958974
    },
    "Cubic": {
      "r2": 0.696722468655049,
      "aic": -510.0165968402911,
      "bic": -499.88619886767805,
      "params": [
        3.564479777683872e-12,
        1.0,
        1.0,
        0.4004213884538226
      ],
      "confidence_score": 0.646722468655049
    },
    "Logarithmic": {
      "r2": 0.6097974582756392,
      "aic": -490.5789590406568,
      "bic": -485.5137600543503,
      "params": [
        0.04854328810893114,
        0.13855014072030788
      ],
      "confidence_score": 0.5997974582756392
    },
    "N Log N": {
      "r2": 0.8907245249970678,
      "aic": -608.9487968064719,
      "bic": -603.8835978201654,
      "params": [
        8.907421323632242e-06,
        0.3305857816490862
      ],
      "confidence_score": 0.8607245249970678
    }
  }
}