{
  "valid_points": 16,
  "models": {
    "Constant": {
      "r2": 0.7,
      "aic": 132.37050013874904,
      "bic": 133.9156775832286,
      "params": [
        105.29043304361403,
        1.0
      ],
      "confidence_score": 0.11999999999999998
    },
    "Linear": {
      "r2": 0.9941549870665486,
      "aic": 50.09583659758209,
      "bic": 51.641014042061656,
      "params": [
        0.0002500546585639556,
        -8.316493496484304
      ],
      "confidence_score": 0.8964929922399292
    },
    "Quadratic": {
      "r2": 0.9365873987361322,
      "aic": 90.24101727181207,
      "bic": 92.5587834385314,
      "params": [
        2.589317334006921e-10,
        1.0,
        39.33839415856143
      ],
      "confidence_score": 0.5419524397627291
    },
    "Cubic": {
      "r2": 0.8410219862632426,
      "aic": 106.94667030341436,
      "bic": 110.03702519237349,
      "params": [
        2.999201837384114e-16,
        1.0,
        1.0,
        57.41146847395445
      ],
      "confidence_score": 0.4846131917580291
    },
    "Logarithmic": {
      "r2": 0.9268832401985196,
      "aic": 90.51933747866589,
      "bic": 92.06451492314545,
      "params": [
        88.25515903753599,
        -1030.6477892914595
      ],
      "confidence_score": 0.548000000500345
    },
    "N Log N": {
      "r2": 0.9930024039326679,
      "aic": 52.97548241297021,
      "bic": 54.52065985744977,
      "params": [
        1.7908856187825047e-05,
        -1.736744729145747
      ],
      "confidence_score": 0.7690909161442083
    }
  }
}