{
  "valid_points": 19,
  "models": {
    "Constant": {
      "r2": 0.7,
      "aic": 154.99821031460166,
      "bic": 156.88708827293453,
      "params": [
        -32.25466475042283,
        139.35099580721845
      ],
      "confidence_score": 0.11999999999999998
    },
    "Linear": {
      "r2": 0.9999291304736609,
      "aic": -26.540520230379084,
      "bic": -24.651642272046203,
      "params": [
        0.00020320471385204542,
        -0.6007448517858764
      ],
      "confidence_score": 0.8999574782841966
    },
    "Quadratic": {
      "r2": 0.9552088521148119,
      "aic": 97.98906004686481,
      "bic": 100.82237698436413,
      "params": [
        1.8299728377400653e-10,
        1.0,
        43.16223481984006
      ],
      "confidence_score": 0.5531253112688871
    },
    "Cubic": {
      "r2": 0.8717160836528665,
      "aic": 119.98153219064866,
      "bic": 123.75928810731443,
      "params": [
        1.8322193100521064e-16,
        1.0,
        1.0,
        59.870571740266186
      ],
      "confidence_score": 0.5030296501917199
    },
    "Logarithmic": {
      "r2": 0.9159805237471134,
      "aic": 107.94078402424606,
      "bic": 109.82966198257894,
      "params": [
        80.48173511536922,
        -940.3798872195935
      ],
      "confidence_score": 0.548
    },
    "N Log N": {
      "r2": 0.9997094331856653,
      "aic": 0.26834711685332735,
      "bic": 2.157225075186208,
      "params": [
        1.4416359985029222e-05,
        5.368577182618886
      ],
      "confidence_score": 0.6480004525323984
    }
  }
}