{
  "valid_points": 75,
  "models": {
    "Constant": {
      "r2": 0.0,
      "aic": -238.54053825371358,
      "bic": -233.90556202664095,
      "params": [
        -99.64480638504021,
        100.35519361495969
      ],
      "confidence_score": 0.0
    },
    "Linear": {
      "r2": 0.9862389351939959,
      "aic": -559.9839431522383,
      "bic": -555.3489669251658,
      "params": [
        0.00017163044828383267,
        0.19664008805612088
      ],
      "confidence_score": 0.9662389351939958
    },
    "Quadratic": {
      "r2": 0.9519150384884122,
      "aic": -464.1494733469022,
      "bic": -457.1970090062933,
      "params": [
        2.778129979050469e-08,
        1.0,
        0.42481398892597844
      ],
      "confidence_score": 0.9119150384884122
    },
    "Cubic": {
      "r2": 0.8848258301522233,
      "aic": -396.63877144867405,
      "bic": -387.3688189945288,
      "params": [
        5.304964253973588e-12,
        1.0,
        1.0,
        0.5052849336108887
      ],
      "confidence_score": 0.8348258301522232
    },
    "Logarithmic": {
      "r2": 0.9553171682605422,
      "aic": -471.6529828954352,
      "bic": -467.01800666836255,
      "params": [
        0.44667556033013545,
        -2.826396449372398
      ],
      "confidence_score": 0.9453171682605422
    },
    "N Log N": {
      "r2": 0.985085317047755,
      "aic": -553.9462221198039,
      "bic": -549.3112458927313,
      "params": [
        1.9151559185051223e-05,
        0.24709732383942867
      ],
      "confidence_score": 0.955085317047755
    }
  }
}