{
  "valid_points": 67,
  "models": {
    "Constant": {
      "r2": 0.7,
      "aic": 87.62498652179725,
      "bic": 92.03437176057919,
      "params": [
        -98.28946078891187,
        101.71053921108819
      ],
      "confidence_score": 0.09999999999999998
    },
    "Linear": {
      "r2": 0.9820219424338663,
      "aic": -181.62143382806542,
      "bic": -177.21204858928348,
      "params": [
        0.002249396656127667,
        -1.9506150849929886
      ],
      "confidence_score": 0.48921316546031973
    },
    "Quadratic": {
      "r2": 0.9997029563503216,
      "aic": -454.52432138840675,
      "bic": -447.91024353023386,
      "params": [
        4.719200166203308e-07,
        1.0,
        0.4107076797969471
      ],
      "confidence_score": 0.979821773810193
    },
    "Cubic": {
      "r2": 0.9798763604228159,
      "aic": -170.06763727118255,
      "bic": -161.24886679361867,
      "params": [
        1.1915840949893005e-10,
        1.0,
        1.0,
        1.222690422788229
      ],
      "confidence_score": 0.5679258162536895
    },
    "Logarithmic": {
      "r2": 0.9133603505353731,
      "aic": -76.25686086435623,
      "bic": -71.84747562557429,
      "params": [
        4.699222528428273,
        -32.815046833804644
      ],
      "confidence_score": 0.548
    },
    "N Log N": {
      "r2": 0.9864999258439378,
      "aic": -200.8140402124526,
      "bic": -196.40465497367066,
      "params": [
        0.00025802446207840455,
        -1.409753887825398
      ],
      "confidence_score": 0.648
    }
  }
}