{
  "valid_points": 76,
  "models": {
    "Constant": {
      "r2": 0.7,
      "aic": -14.465292503129177,
      "bic": -9.803825822556515,
      "params": [
        -98.71551367993413,
        101.28448632006584
      ],
      "confidence_score": 0.35
    },
    "Linear": {
      "r2": 0.9987547140374596,
      "aic": -522.7829390887164,
      "bic": -518.1214724081437,
      "params": [
        0.000752309359745454,
        0.32194336820337666
      ],
      "confidence_score": 0.9892528284224757
    },
    "Quadratic": {
      "r2": 0.9729676979814532,
      "aic": -286.8802220352883,
      "bic": -279.8880220144293,
      "params": [
        1.2307284669166307e-07,
        1.0,
        1.3006745683865393
      ],
      "confidence_score": 0.5637806187888719
    },
    "Cubic": {
      "r2": 0.9116964839853245,
      "aic": -194.91541934627062,
      "bic": -185.5924859851253,
      "params": [
        2.3676258400070854e-11,
        1.0,
        1.0,
        1.645349337381799
      ],
      "confidence_score": 0.5270178903911947
    },
    "Logarithmic": {
      "r2": 0.9558021540642146,
      "aic": -251.51531364649034,
      "bic": -246.85384696591768,
      "params": [
        1.9232622566211879,
        -12.644141317539042
      ],
      "confidence_score": 0.598
    },
    "N Log N": {
      "r2": 0.9987228839522688,
      "aic": -520.8647556425403,
      "bic": -516.2032889619677,
      "params": [
        8.40717421910839e-05,
        0.5390322067329913
      ],
      "confidence_score": 0.7129722450184058
    }
  }
}