{
  "Constant": {
    "name": "Constant",
    "r2": 0.0,
    "bic": -13.011753480338614,
    "confidence_score": -0.16057620877200915,
    "params": [
      0.5907661591964302,
      0.5907661591974115
    ],
    "order": 0
  },
  "Linear": {
    "name": "Linear",
    "r2": 0.9579234141196116,
    "bic": -70.04050274191606,
    "confidence_score": 0.7573472053476024,
    "params": [
      0.009381317160874796,
      0.12144347921453744
    ],
    "order": 2
  },
  "Quadratic": {
    "name": "Quadratic",
    "r2": 0.9989154182866419,
    "bic": -132.99947763377708,
    "confidence_score": 0.6780511051286282,
    "params": [
      3.750005485368564e-05,
      0.0009063047637935905,
      0.45659396947696296
    ],
    "order": 4
  },
  "Cubic": {
    "name": "Cubic",
    "r2": 0.9989154176713858,
    "bic": -130.10909566493476,
    "confidence_score": 0.5777630001273676,
    "params": [
      2.383681437057441e-13,
      3.749997404685874e-05,
      0.0009063123432390471,
      0.45659380088141993
    ],
    "order": 5
  },
  "Logarithmic": {
    "name": "Logarithmic",
    "r2": 0.47213884881097723,
    "bic": -24.512349499990734,
    "confidence_score": 0.29156264003896804,
    "params": [
      0.27363376064354056,
      1.3237281498070255e-15
    ],
    "order": 1
  },
  "N Log N": {
    "name": "N Log N",
    "r2": 0.9748960611327471,
    "bic": -79.3369028074699,
    "confidence_score": 0.754319852360738,
    "params": [
      0.0016824641335248815,
      0.2508430485996397
    ],
    "order": 3
  },
  "confidence_analysis": {
    "best_model": "Linear",
    "best_score": 0.7573472053476024,
    "second_best_model": "N Log N",
    "second_best_score": 0.754319852360738,
    "confidence_gap": 0.0030273529868644067,
    "is_confident": false,
    "threshold": 0.03
  }
}