{
  "valid_points": 205,
  "models": {
    "Constant": {
      "r2": 0.85,
      "aic": -3379.1672768846934,
      "bic": -3372.5212569264168,
      "params": [
        100.00171308292134,
        -99.99828691707872
      ],
      "confidence_score": 0.445
    },
    "Linear": {
      "r2": 0.32293368410403755,
      "aic": -3459.114418228166,
      "bic": -3452.4683982698893,
      "params": [
        5.16452305479017e-11,
        0.0031667331752267473
      ],
      "confidence_score": 0.19642260280407237
    },
    "Quadratic": {
      "r2": 0.26475763299480615,
      "aic": -3440.2160689197312,
      "bic": -3430.247038982316,
      "params": [
        4.50842915077274e-18,
        1.0,
        0.0032752625193193012
      ],
      "confidence_score": 0.1388547691222939
    },
    "Cubic": {
      "r2": 0.22051698221098104,
      "aic": -3426.2377741189334,
      "bic": -3412.9457342023798,
      "params": [
        4.3276242245104615e-25,
        1.0,
        1.0,
        0.0033175628411166586
      ],
      "confidence_score": 0.11231018935972294
    },
    "Logarithmic": {
      "r2": 0.3453615522501077,
      "aic": -3466.020074587585,
      "bic": -3459.3740546293084,
      "params": [
        0.00016906174527998798,
        0.0008648626721201654
      ],
      "confidence_score": 0.7706807761250538
    },
    "N Log N": {
      "r2": 0.319127207963945,
      "aic": -3457.965133038596,
      "bic": -3451.3191130803193,
      "params": [
        3.1496780024737487e-12,
        0.003179071024712062
      ],
      "confidence_score": 0.4629094066243662
    }
  }
}