{
  "valid_points": 41,
  "models": {
    "Constant": {
      "r2": 0.85,
      "params": [
        0.0012357798745720183
      ]
    },
    "Linear": {
      "r2": 0.0016477249620858725,
      "params": [
        -4.377743278993762e-09,
        0.001240161995812783
      ]
    },
    "Quadratic": {
      "r2": 0.0012429612908276821,
      "params": [
        1.836259914550049e-12,
        0.0012332972493311917
      ]
    },
    "Cubic": {
      "r2": 0.003485161596219144,
      "params": [
        1.60111004906251e-15,
        0.0012324911096706268
      ]
    },
    "Logarithmic": {
      "r2": 0.09849388245868518,
      "params": [
        -1.5008188855324228e-05,
        0.0013334746952076153
      ]
    },
    "N Log N": {
      "r2": 0.0005082667266668173,
      "params": [
        -3.1315325379313937e-10,
        0.0012380099195742564
      ]
    },
    "np": {
      "r2": -Infinity,
      "success": false
    }
  }
}