{
  "valid_points": 18,
  "models": {
    "Constant": {
      "r2": 0.9,
      "aic": -230.7615137218547,
      "bic": -228.98077020606237,
      "params": [
        100.02391729503866,
        -99.97608270496131
      ],
      "confidence_score": 0.6637989709233718
    },
    "Linear": {
      "r2": 0.19220653432319157,
      "aic": -234.60359329044047,
      "bic": -232.82284977464815,
      "params": [
        -2.295696959864202e-06,
        0.05127175858109312
      ],
      "confidence_score": 0.3887490130358834
    },
    "Quadratic": {
      "r2": 0.19447054612773496,
      "aic": -232.65411292137026,
      "bic": -229.98299764768177,
      "params": [
        -7.666718436911808e-10,
        1.0,
        0.0496138011657663
      ],
      "confidence_score": 0.1930726798547097
    },
    "Cubic": {
      "r2": 0.19606368065568902,
      "aic": -230.68974764109674,
      "bic": -227.1282606095121,
      "params": [
        -3.322679404925514e-13,
        1.0,
        1.0,
        0.04906792483159974
      ],
      "confidence_score": 0.12076606018200432
    },
    "Logarithmic": {
      "r2": 0.1896415123501709,
      "aic": -234.54652765567045,
      "bic": -232.76578413987812,
      "params": [
        -0.003342579374901348,
        0.07221287023103044
      ],
      "confidence_score": 0.5334700280880738
    },
    "N Log N": {
      "r2": 0.19248763057379192,
      "aic": -234.6098580267547,
      "bic": -232.82911451096237,
      "params": [
        -2.766484313084489e-07,
        0.05087035072022123
      ],
      "confidence_score": 0.298
    }
  }
}