{
  "valid_points": 21,
  "models": {
    "Constant": {
      "r2": 0.7,
      "aic": 146.09420772296164,
      "bic": 148.1832525984085,
      "params": [
        106.03307712645766,
        -93.96692287354243
      ],
      "confidence_score": 0.11999999999999998
    },
    "Linear": {
      "r2": 0.9999966795452698,
      "aic": -118.8293774442366,
      "bic": -116.74033256878975,
      "params": [
        6.022629018553882e-05,
        0.03729784219797794
      ],
      "confidence_score": 0.8999980077271619
    },
    "Quadratic": {
      "r2": 0.9187664159623417,
      "aic": 95.37525078618086,
      "bic": 98.50881809935113,
      "params": [
        2.969599175032027e-11,
        1.0,
        3.7738260766640668
      ],
      "confidence_score": 0.5312598495774049
    },
    "Cubic": {
      "r2": 0.8407232332199299,
      "aic": 111.5148574365165,
      "bic": 115.69294718741018,
      "params": [
        1.3745153231740522e-17,
        1.0,
        1.0,
        5.166755476813117
      ],
      "confidence_score": 0.48443393993195794
    },
    "Logarithmic": {
      "r2": 0.3604220937585586,
      "aic": 136.70832404713266,
      "bic": 138.79736892257952,
      "params": [
        4.124857936781023,
        -19.14034795288176
      ],
      "confidence_score": 0.42821104687927936
    },
    "N Log N": {
      "r2": 0.9989045933571282,
      "aic": 2.944985675687552,
      "bic": 5.034030551134398,
      "params": [
        4.177411311676726e-06,
        0.49965417885158525
      ],
      "confidence_score": 0.698
    }
  }
}