{
  "valid_points": 28,
  "models": {
    "Constant": {
      "r2": 0.85,
      "aic": -629.4567558983167,
      "bic": -626.7923468779663,
      "params": [
        -99.99991857579774,
        100.00008142420229
      ],
      "confidence_score": 0.3852112083774978
    },
    "Linear": {
      "r2": 0.03170533679496468,
      "aic": -630.3588832472275,
      "bic": -627.6944742268771,
      "params": [
        -1.9669530487949246e-14,
        0.0001636026901943897
      ],
      "confidence_score": 0.38817070673062365
    },
    "Quadratic": {
      "r2": 0.03148986003844878,
      "aic": -628.352653038383,
      "bic": -624.3560395078574,
      "params": [
        -3.9775487675860986e-23,
        1.0,
        0.00016339433322365958
      ],
      "confidence_score": 0.07390706855111183
    },
    "Cubic": {
      "r2": 0.028992728041219773,
      "aic": -626.280552902414,
      "bic": -620.9517348617131,
      "params": [
        -7.232367050275486e-32,
        1.0,
        1.0,
        0.00016330520226601569
      ],
      "confidence_score": 0.01106984087840819
    },
    "Logarithmic": {
      "r2": 0.01272680916281288,
      "aic": -629.8153935833801,
      "bic": -627.1509845630297,
      "params": [
        2.4504641349848386e-07,
        0.00016022048331634588
      ],
      "confidence_score": 0.6319325027153477
    },
    "N Log N": {
      "r2": 0.03202231303987513,
      "aic": -630.36805069202,
      "bic": -627.7036416716696,
      "params": [
        -9.91804665970585e-16,
        0.0001635865661061968
      ],
      "confidence_score": 0.5140111565199376
    }
  }
}