{
  "valid_points": 59,
  "models": {
    "Constant": {
      "r2": 0.7,
      "aic": 541.7700016137235,
      "bic": 545.9250765015349,
      "params": [
        2.6944757126151404,
        147.64167405164798
      ],
      "confidence_score": 0.09999999999999998
    },
    "Linear": {
      "r2": 0.9756828463287252,
      "aic": 322.49217896241254,
      "bic": 326.647253850224,
      "params": [
        0.11059289628532054,
        -120.61644613477134
      ],
      "confidence_score": 0.485409707797235
    },
    "Quadratic": {
      "r2": 0.9999557529801267,
      "aic": -47.74762802647861,
      "bic": -41.515015694761445,
      "params": [
        2.2578154456054378e-05,
        1.0,
        -1.5583843394302814
      ],
      "confidence_score": 0.979973451788076
    },
    "Cubic": {
      "r2": 0.9834994906124738,
      "aic": 303.61252404545365,
      "bic": 311.92267382107656,
      "params": [
        5.520218768202101e-09,
        1.0,
        1.0,
        39.73925670560426
      ],
      "confidence_score": 0.5700996943674842
    },
    "Logarithmic": {
      "r2": 0.8961328994877007,
      "aic": 408.1560600875564,
      "bic": 412.31113497536785,
      "params": [
        235.36873491467804,
        -1670.3452270273178
      ],
      "confidence_score": 0.498
    },
    "N Log N": {
      "r2": 0.9811212657084502,
      "aic": 307.5565711646064,
      "bic": 311.71164605241785,
      "params": [
        0.012651349968477043,
        -93.4982788606305
      ],
      "confidence_score": 0.698
    }
  }
}