{
  "valid_points": 18,
  "models": {
    "Constant": {
      "r2": 0.95,
      "aic": -251.89107936925504,
      "bic": -250.11033585346271,
      "params": [
        100.0220598239037,
        -99.97794017609621
      ],
      "confidence_score": 0.6715160392556327
    },
    "Linear": {
      "r2": 0.27607649558014613,
      "aic": -257.70633125228386,
      "bic": -255.92558773649154,
      "params": [
        -1.528414717899551e-06,
        0.04641226988480496
      ],
      "confidence_score": 0.27119511716310823
    },
    "Quadratic": {
      "r2": 0.2486082112802236,
      "aic": -255.03598469903608,
      "bic": -252.3648694253476,
      "params": [
        -4.819832885930543e-10,
        1.0,
        0.04524226721722647
      ],
      "confidence_score": 0.1765681221680395
    },
    "Cubic": {
      "r2": 0.22238834237934946,
      "aic": -252.41858398399427,
      "bic": -248.85709695240962,
      "params": [
        -1.9693430566365073e-13,
        1.0,
        1.0,
        0.04485445893555263
      ],
      "confidence_score": 0.12163849510774279
    },
    "Logarithmic": {
      "r2": 0.30387556923438597,
      "aic": -258.41116275549797,
      "bic": -256.63041923970565,
      "params": [
        -0.0023485518658808787,
        0.061252511182169476
      ],
      "confidence_score": 0.49993778461719307
    },
    "N Log N": {
      "r2": 0.2727122271036224,
      "aic": -257.6228741540551,
      "bic": -255.8421306382628,
      "params": [
        -1.8294553434518822e-07,
        0.04613140657611315
      ],
      "confidence_score": 0.38663313959708107
    }
  }
}