{
  "best_model": "O(n^k)",
  "details": {
    "O(1)": {
      "r2": 0,
      "aic": Infinity,
      "params_norm": [
        1.0
      ],
      "rss": 0.0
    },
    "O(n)": {
      "r2": 0,
      "aic": -177.25278458769472,
      "params_norm": [
        2.8260351387841162e-09,
        0.9999999984841539
      ],
      "rss": 2.3394165956854043e-13
    },
    "O(n^2)": {
      "r2": 0,
      "aic": -160.51815183899168,
      "params_norm": [
        1.691220791766615e-08,
        -1.8127318966378344e-08,
        1.0000000027243656
      ],
      "rss": 7.187478189769663e-13
    },
    "O(n^3)": {
      "r2": 0,
      "aic": -132.3119031057655,
      "params_norm": [
        5.0474880319685436e-08,
        -8.325298454069733e-08,
        3.6704286508715144e-08,
        0.9999999971310017
      ],
      "rss": 5.330163041927483e-13
    },
    "O(log n)": {
      "r2": 0,
      "aic": -181.84113522257272,
      "params_norm": [
        -4.880607029633666e-10,
        0.9999999994249709
      ],
      "rss": 1.0889092143310964e-13
    },
    "O(n log n)": {
      "r2": 0,
      "aic": -175.9045927399091,
      "params_norm": [
        7.7646453975935e-09,
        1.0000000017620052
      ],
      "rss": 2.928821786473086e-13
    },
    "O(2^n)": {
      "r2": 0,
      "aic": -164.21989845160928,
      "params_norm": [
        0.9999999955732765,
        8.386664119902667e-09
      ],
      "rss": 2.0533326920317167e-12
    },
    "O(n^k)": {
      "r2": 0,
      "aic": -191.4143180834596,
      "params_norm": [
        0.9999999998651462,
        -2.0467565852733526e-10
      ],
      "rss": 2.20831789131597e-14
    }
  }
}