{
  "Constant": {
    "r2": -2.220446049250313e-16,
    "aic": 284.1549297914973,
    "bic": 286.14639433860526,
    "params": [
      665.1756768944531,
      301.0000000580608
    ]
  },
  "Linear": {
    "r2": 0.8394824007757689,
    "aic": 247.5678959927765,
    "bic": 249.5593605398845,
    "params": [
      15.90233104569571,
      -743.3249105300216
    ]
  },
  "Quadratic": {
    "r2": 0.973590513456101,
    "aic": 213.47428989964658,
    "bic": 216.46148672030856,
    "params": [
      0.077036124218547,
      1.0,
      -234.00862038058887
    ]
  },
  "Cubic": {
    "r2": 0.9998891792185102,
    "aic": 106.00300493818641,
    "bic": 109.98593403240237,
    "params": [
      0.00037904555472889623,
      1.0,
      1.0,
      3.477672210201133
    ]
  },
  "Logarithmic": {
    "r2": 0.4430872329730712,
    "aic": 272.44799652190267,
    "bic": 274.43946106901063,
    "params": [
      708.1955915260393,
      -2111.4186488995333
    ]
  },
  "N Log N": {
    "r2": 0.8785336437882001,
    "aic": 241.99257062843725,
    "bic": 243.98403517554524,
    "params": [
      2.936884650760099,
      -574.8894808630653
    ]
  }
}