{
  "valid_points": 26,
  "models": {
    "Constant": {
      "r2": 0.7,
      "aic": 210.84309617693103,
      "bic": 213.35928925297398,
      "params": [
        137.6306171893741,
        -37.71776588555821
      ],
      "confidence_score": 0.11999999999999998
    },
    "Linear": {
      "r2": 0.9982085754317147,
      "aic": 46.39974886337062,
      "bic": 48.915941939413585,
      "params": [
        0.00014888336889018472,
        -3.89049452849474
      ],
      "confidence_score": 0.4989260133638995
    },
    "Quadratic": {
      "r2": 0.9664214937910603,
      "aic": 124.60249924235319,
      "bic": 128.37678885641765,
      "params": [
        1.0239847583529612e-10,
        1.0,
        36.98859193870719
      ],
      "confidence_score": 0.5598528962746362
    },
    "Cubic": {
      "r2": 0.8891743836753981,
      "aic": 157.6483654116844,
      "bic": 162.68075156377034,
      "params": [
        7.723464065937523e-17,
        1.0,
        1.0,
        52.99419797266089
      ],
      "confidence_score": 0.5135046302052388
    },
    "Logarithmic": {
      "r2": 0.879378798855162,
      "aic": 155.85049064104496,
      "bic": 158.3666837170879,
      "params": [
        73.2660043187734,
        -872.1461656543452
      ],
      "confidence_score": 0.548
    },
    "N Log N": {
      "r2": 0.9993430298787938,
      "aic": 20.31842370555467,
      "bic": 22.834616781597635,
      "params": [
        1.0375052168780062e-05,
        1.5277909878593965
      ],
      "confidence_score": 0.998
    }
  }
}