{
  "valid_points": 203,
  "models": {
    "Constant": {
      "r2": 0.7,
      "aic": -3596.5282032201903,
      "bic": -3589.9017912621066,
      "params": [
        100.00058396219346,
        -99.99941603780645
      ],
      "confidence_score": 0.3847869324451713
    },
    "Linear": {
      "r2": 0.02735635685956017,
      "aic": -3602.1589176219186,
      "bic": -3595.532505663835,
      "params": [
        8.140220168295936e-12,
        0.0011267513020062488
      ],
      "confidence_score": 0.3356525475529742
    },
    "Quadratic": {
      "r2": 0.021789024454711647,
      "aic": -3599.0002751116544,
      "bic": -3589.0606571745293,
      "params": [
        6.9749309054164145e-19,
        1.0,
        0.001144373112955841
      ],
      "confidence_score": 0.006020347030614832
    },
    "Cubic": {
      "r2": 0.017714335640620082,
      "aic": -3596.1564450295564,
      "bic": -3582.9036211133894,
      "params": [
        6.583592324683685e-26,
        1.0,
        1.0,
        0.0011512457621031197
      ],
      "confidence_score": 0.0
    },
    "Logarithmic": {
      "r2": 0.029220141797756116,
      "aic": -3602.5482804737976,
      "bic": -3595.921868515714,
      "params": [
        2.658520608414782e-05,
        0.000764892824684795
      ],
      "confidence_score": 0.6126100708988781
    },
    "N Log N": {
      "r2": 0.0269825393849904,
      "aic": -3602.0809133403664,
      "bic": -3595.4545013822826,
      "params": [
        4.95891762880171e-13,
        0.0011287440102182374
      ],
      "confidence_score": 0.5489749503138452
    }
  }
}