{
  "valid_points": 24,
  "models": {
    "Constant": {
      "r2": 0.7,
      "aic": 196.28860262378976,
      "bic": 198.64471028448565,
      "params": [
        138.74805693926098,
        -34.226063360538866
      ],
      "confidence_score": 0.11999999999999998
    },
    "Linear": {
      "r2": 0.9998875016498933,
      "aic": -21.93312542769419,
      "bic": -19.5770177669983,
      "params": [
        0.00015626217010100696,
        -1.0041482466079832
      ],
      "confidence_score": 0.8999325009899359
    },
    "Quadratic": {
      "r2": 0.9561971831143203,
      "aic": 123.21523099476764,
      "bic": 126.74939248581147,
      "params": [
        1.109180655275178e-10,
        1.0,
        40.23455101855053
      ],
      "confidence_score": 0.5537183098685922
    },
    "Cubic": {
      "r2": 0.8730231630390552,
      "aic": 150.75858833677665,
      "bic": 155.47080365816845,
      "params": [
        8.66423799333494e-17,
        1.0,
        1.0,
        56.21564002088285
      ],
      "confidence_score": 0.5038138978234331
    },
    "Logarithmic": {
      "r2": 0.9030174771579513,
      "aic": 140.29121477742206,
      "bic": 142.64732243811795,
      "params": [
        75.54912858433767,
        -895.0428997391011
      ],
      "confidence_score": 0.548
    },
    "N Log N": {
      "r2": 0.999850651506698,
      "aic": -15.132871817560506,
      "bic": -12.776764156864616,
      "params": [
        1.0909854777438487e-05,
        4.520394840098854
      ],
      "confidence_score": 0.65801071149867
    }
  }
}