{
  "valid_points": 10,
  "models": {
    "Constant": {
      "r2": 0.7,
      "aic": -51.365464661190565,
      "bic": -50.76029447520247,
      "params": [
        -0.9595299363136292,
        1.0
      ],
      "confidence_score": 0.11999999999999998
    },
    "Linear": {
      "r2": 0.9996658763285978,
      "aic": -131.40545825981656,
      "bic": -130.80028807382845,
      "params": [
        0.00020053121990837308,
        -0.0003580926868722578
      ],
      "confidence_score": 0.8997995257971587
    },
    "Quadratic": {
      "r2": 0.9338810609100301,
      "aic": -76.52846517498362,
      "bic": -75.62070989600149,
      "params": [
        1.9440765555643209e-07,
        1.0,
        0.013369286519389546
      ],
      "confidence_score": 0.5403286365464349
    },
    "Cubic": {
      "r2": 0.8615235930960635,
      "aic": -67.1360178124854,
      "bic": -65.92567744050922,
      "params": [
        1.8290162428292947e-10,
        1.0,
        1.0,
        0.018102194836470683
      ],
      "confidence_score": 0.4969141558576413
    },
    "Logarithmic": {
      "r2": 0.5867669663718622,
      "aic": -60.20290065194149,
      "bic": -59.5977304659534,
      "params": [
        0.02233319003460829,
        -0.041899229047181165
      ],
      "confidence_score": 0.5413834831859312
    },
    "N Log N": {
      "r2": 0.9980711575702234,
      "aic": -113.87381699440584,
      "bic": -113.26864680841776,
      "params": [
        2.902682425667082e-05,
        0.0035191370171885144
      ],
      "confidence_score": 0.6480467922280083
    }
  }
}