{
  "valid_points": 28,
  "models": {
    "Constant": {
      "r2": 0.7,
      "aic": -538.7072903637696,
      "bic": -536.0428813434193,
      "params": [
        -99.99976158142093,
        100.00023841857919
      ],
      "confidence_score": 0.12001354647250173
    },
    "Linear": {
      "r2": 0.5067027399600332,
      "aic": -558.4933034667433,
      "bic": -555.828894446393,
      "params": [
        3.9754841858831583e-13,
        0.0004615920033337416
      ],
      "confidence_score": 0.5614945337348444
    },
    "Quadratic": {
      "r2": 0.5488644505310887,
      "aic": -558.9949384454998,
      "bic": -554.9983249149742,
      "params": [
        8.395531035110806e-22,
        1.0,
        0.00046531407699013804
      ],
      "confidence_score": 0.5453052082433816
    },
    "Cubic": {
      "r2": 0.5550027719841857,
      "aic": -557.3785326921404,
      "bic": -552.0497146514396,
      "params": [
        1.5998125816327447e-30,
        1.0,
        1.0,
        0.0004667327090335103
      ],
      "confidence_score": 0.36702789100613864
    },
    "Logarithmic": {
      "r2": 0.49068066541044886,
      "aic": -557.59833268066,
      "bic": -554.9339236603096,
      "params": [
        7.692598302222797e-06,
        0.0003943403709359733
      ],
      "confidence_score": 0.8147218318894741
    },
    "N Log N": {
      "r2": 0.5106475317345474,
      "aic": -558.718113508127,
      "bic": -556.0537044877766,
      "params": [
        2.002377675718123e-14,
        0.0004619342400088331
      ],
      "confidence_score": 0.8533237658672737
    }
  }
}