{
  "valid_points": 29,
  "models": {
    "Constant": {
      "r2": 0.85,
      "aic": -618.8950199295392,
      "bic": -616.1604282695663,
      "params": [
        -99.9998626138629,
        100.00013738613707
      ],
      "confidence_score": 0.19924179541552683
    },
    "Linear": {
      "r2": 0.12224955674221416,
      "aic": -622.6764157388143,
      "bic": -619.9418240788414,
      "params": [
        6.95120423508724e-14,
        0.0002721985507124804
      ],
      "confidence_score": 0.027463480448420466
    },
    "Quadratic": {
      "r2": 0.09871789136636988,
      "aic": -619.9091918924889,
      "bic": -615.8073044025296,
      "params": [
        1.268702696151166e-22,
        1.0,
        0.00027309099291853936
      ],
      "confidence_score": 0.04397106487703918
    },
    "Cubic": {
      "r2": 0.09485325900272856,
      "aic": -617.7851078361979,
      "bic": -612.315924516252,
      "params": [
        2.357258952576213e-31,
        1.0,
        1.0,
        0.0002733347641218564
      ],
      "confidence_score": 0.03773925930257624
    },
    "Logarithmic": {
      "r2": 0.2545073906298555,
      "aic": -627.4126116255043,
      "bic": -624.6780199655313,
      "params": [
        1.8631287239267867e-06,
        0.0002554807350479709
      ],
      "confidence_score": 0.8252536953149278
    },
    "N Log N": {
      "r2": 0.11902940632088321,
      "aic": -622.570219855997,
      "bic": -619.8356281960241,
      "params": [
        3.4417698501229652e-15,
        0.000272299028834544
      ],
      "confidence_score": 0.2841593054642387
    }
  }
}