{
  "valid_points": 21,
  "models": {
    "Constant": {
      "r2": 0.7,
      "aic": 166.47518715562393,
      "bic": 168.5642320310708,
      "params": [
        136.46602927654922,
        -41.1503807676258
      ],
      "confidence_score": 0.11999999999999998
    },
    "Linear": {
      "r2": 0.9989164865384834,
      "aic": 23.096714583440573,
      "bic": 25.185759458887418,
      "params": [
        0.0001778994910637266,
        -2.968881475133766
      ],
      "confidence_score": 0.5346725342106816
    },
    "Quadratic": {
      "r2": 0.9560653133358943,
      "aic": 102.84911317644406,
      "bic": 105.98268048961434,
      "params": [
        1.5299945594473532e-10,
        1.0,
        37.550864778675674
      ],
      "confidence_score": 0.5536391880015366
    },
    "Cubic": {
      "r2": 0.8707886408982114,
      "aic": 127.5027659277948,
      "bic": 131.6808556786885,
      "params": [
        1.4568769610934778e-16,
        1.0,
        1.0,
        53.24058095274347
      ],
      "confidence_score": 0.5024731845389268
    },
    "Logarithmic": {
      "r2": 0.9018510252204195,
      "aic": 117.72854227668185,
      "bic": 119.8175871521287,
      "params": [
        72.61075217265682,
        -853.0483977635931
      ],
      "confidence_score": 0.548
    },
    "N Log N": {
      "r2": 0.9991400905719686,
      "aic": 18.242833855008804,
      "bic": 20.33187873045565,
      "params": [
        1.2584637108457962e-05,
        2.484710388171938
      ],
      "confidence_score": 0.9480000000000001
    }
  }
}