{
  "Constant": {
    "r2": 2.220446049250313e-16,
    "aic": -274.8206443714344,
    "bic": -270.10722671805524,
    "params": [
      -99.6570359963255,
      100.34296400367461
    ]
  },
  "Linear": {
    "r2": 0.9558149880225302,
    "aic": -518.1314765204996,
    "bic": -513.4180588671204,
    "params": [
      0.00014308833615450656,
      0.25519542620724434
    ]
  },
  "Quadratic": {
    "r2": 0.9172238849596496,
    "aic": -467.16667091374404,
    "bic": -460.09654443367526,
    "params": [
      2.305037605232485e-08,
      1.0,
      0.44689560800711425
    ]
  },
  "Cubic": {
    "r2": 0.8498057835545849,
    "aic": -418.69507596591717,
    "bic": -409.2682406591588,
    "params": [
      4.390707927778052e-12,
      1.0,
      1.0,
      0.5144285318173588
    ]
  },
  "Logarithmic": {
    "r2": 0.933719141033874,
    "aic": -486.5012662657222,
    "bic": -481.78784861234305,
    "params": [
      0.37506769028909187,
      -2.286493986722246
    ]
  },
  "N Log N": {
    "r2": 0.9539279425719088,
    "aic": -514.8694384702728,
    "bic": -510.15602081689366,
    "params": [
      1.5955855134406982e-05,
      0.2975565768134529
    ]
  }
}