{
  "valid_points": 201,
  "models": {
    "Constant": {
      "r2": 0.7,
      "aic": -3185.0702438789017,
      "bic": -3178.4636340627835,
      "params": [
        -99.99779435198971,
        100.00220564801032
      ],
      "confidence_score": 0.37
    },
    "Linear": {
      "r2": 0.17046711012352622,
      "aic": -3222.635640377757,
      "bic": -3216.029030561639,
      "params": [
        3.4509649535786855e-12,
        0.004376712500667558
      ],
      "confidence_score": 0.09228026607582865
    },
    "Quadratic": {
      "r2": 0.11616868199747998,
      "aic": -3207.8915431885043,
      "bic": -3197.981628464327,
      "params": [
        5.847777275256523e-21,
        1.0,
        0.0043999385083896125
      ],
      "confidence_score": 0.049701209198488194
    },
    "Cubic": {
      "r2": 0.09908395809946613,
      "aic": -3202.043228879033,
      "bic": -3188.8300092467966,
      "params": [
        1.0296789774371942e-29,
        1.0,
        1.0,
        0.004402234202987349
      ],
      "confidence_score": 0.03945037485967967
    },
    "Logarithmic": {
      "r2": 0.36068347955398194,
      "aic": -3274.9887215054523,
      "bic": -3268.382111689334,
      "params": [
        0.00020871369462474915,
        0.0012299882682063321
      ],
      "confidence_score": 0.778341739776991
    },
    "N Log N": {
      "r2": 0.16447099752241467,
      "aic": -3221.187977863557,
      "bic": -3214.581368047439,
      "params": [
        1.7007639971908079e-13,
        0.004381254127392924
      ],
      "confidence_score": 0.38023549876183027
    }
  }
}