{
  "valid_points": 30,
  "models": {
    "Constant": {
      "r2": 0.7,
      "aic": -662.8526194255415,
      "bic": -660.0502246622173,
      "params": [
        100.0000858058532,
        -99.99991419414671
      ],
      "confidence_score": 0.37524078535880817
    },
    "Linear": {
      "r2": 0.059604843972612565,
      "aic": -664.6962728245397,
      "bic": -661.8938780612154,
      "params": [
        -2.6027255890007602e-14,
        0.00017300994376546374
      ],
      "confidence_score": 0.11036592311851716
    },
    "Quadratic": {
      "r2": 0.02260377406498637,
      "aic": -661.5385140900797,
      "bic": -657.3349219450932,
      "params": [
        -3.100231950292265e-23,
        1.0,
        0.00017230671500965394
      ],
      "confidence_score": 0.0022203347223330207
    },
    "Cubic": {
      "r2": 0.014961158385212392,
      "aic": -659.3048455898232,
      "bic": -653.7000560631747,
      "params": [
        -4.7261634434908317e-32,
        1.0,
        1.0,
        0.00017213409096435224
      ],
      "confidence_score": 0.0
    },
    "Logarithmic": {
      "r2": 0.15212445883437675,
      "aic": -667.8032620691918,
      "bic": -665.0008673058675,
      "params": [
        -1.0167317008726461e-06,
        0.0001829394929377283
      ],
      "confidence_score": 0.6740622294171884
    },
    "N Log N": {
      "r2": 0.05565640723183396,
      "aic": -664.5705755356296,
      "bic": -661.7681807723053,
      "params": [
        -1.256141558767542e-15,
        0.00017293675292884606
      ],
      "confidence_score": 0.08541530958559052
    }
  }
}