{
  "Constant": {
    "r2": -2.220446049250313e-16,
    "aic": 793.3847852698835,
    "bic": 798.4499842561901,
    "params": [
      -66.60549105495527,
      133.39450894504466
    ]
  },
  "Linear": {
    "r2": 0.914104382204248,
    "aic": 565.1048958875621,
    "bic": 570.1700948738686,
    "params": [
      0.04874822531137302,
      -28.967173506487363
    ]
  },
  "Quadratic": {
    "r2": 0.9999666639437922,
    "aic": -163.3402156606327,
    "bic": -155.74241718117293,
    "params": [
      1.1735598668738412e-05,
      1.0,
      -0.4144628827051047
    ]
  },
  "Cubic": {
    "r2": 0.9681810570069519,
    "aic": 476.74929210004166,
    "bic": 486.8796900726547,
    "params": [
      2.7290531895349646e-09,
      1.0,
      1.0,
      14.883322952037135
    ]
  },
  "Logarithmic": {
    "r2": 0.38783167463572166,
    "aic": 747.745221935589,
    "bic": 752.8104209218956,
    "params": [
      23.97464211355905,
      -98.20967428832542
    ]
  },
  "N Log N": {
    "r2": 0.938195084176026,
    "aic": 534.4939545246459,
    "bic": 539.5591535109525,
    "params": [
      0.005849407774470867,
      -23.689917490899674
    ]
  }
}