{
  "valid_points": 29,
  "models": {
    "Constant": {
      "r2": 0.7,
      "aic": -319.55088571424426,
      "bic": -316.81629405427134,
      "params": [
        -99.9971310768662,
        100.0028689231339
      ],
      "confidence_score": 0.37
    },
    "Linear": {
      "r2": 0.35034215049381146,
      "aic": -332.0588594758963,
      "bic": -329.3242678159234,
      "params": [
        2.0517400821428262e-11,
        0.004978177621230975
      ],
      "confidence_score": 0.20020529029628686
    },
    "Quadratic": {
      "r2": 0.20919952752778104,
      "aic": -324.35746383076287,
      "bic": -320.25557634080343,
      "params": [
        3.2201937488790284e-20,
        1.0,
        0.005311107119334294
      ],
      "confidence_score": 0.10551971651666862
    },
    "Cubic": {
      "r2": 0.16399173368583242,
      "aic": -320.745272276555,
      "bic": -315.2760889566091,
      "params": [
        5.40420556921836e-29,
        1.0,
        1.0,
        0.0054082855577304795
      ],
      "confidence_score": 0.07839504021149944
    },
    "Logarithmic": {
      "r2": 0.9780364453983865,
      "aic": -430.2836391559718,
      "bic": -427.5490474959989,
      "params": [
        0.000636810091417309,
        -0.0008559261216025576
      ],
      "confidence_score": 0.898
    },
    "N Log N": {
      "r2": 0.33678779668128844,
      "aic": -331.4600336796405,
      "bic": -328.7254420196676,
      "params": [
        1.0094216771848184e-12,
        0.005012478949188573
      ],
      "confidence_score": 0.46639389834064426
    }
  }
}