{
  "valid_points": 93,
  "models": {
    "Constant": {
      "r2": 0.0,
      "aic": -329.87808736886006,
      "bic": -324.8128883825535,
      "params": [
        -99.76947398916356,
        100.23052601083629
      ],
      "confidence_score": 0.0
    },
    "Linear": {
      "r2": 0.9714749742044682,
      "aic": -660.6766209085393,
      "bic": -655.6114219222328,
      "params": [
        0.00011685732802235727,
        0.217247426445057
      ],
      "confidence_score": 0.9514749742044681
    },
    "Quadratic": {
      "r2": 0.8922845469593661,
      "aic": -535.1064740930686,
      "bic": -527.5086756136088,
      "params": [
        2.5328450492812525e-08,
        1.0,
        0.301076702598089
      ],
      "confidence_score": 0.8522845469593661
    },
    "Cubic": {
      "r2": 0.7862097233683605,
      "aic": -469.3547450702212,
      "bic": -459.2243470976082,
      "params": [
        5.600478826745937e-12,
        1.0,
        1.0,
        0.34049623246657357
      ],
      "confidence_score": 0.7362097233683604
    },
    "Logarithmic": {
      "r2": 0.6217071297828787,
      "aic": -420.2821406501403,
      "bic": -415.21694166383384,
      "params": [
        0.0725516582242363,
        -0.04416538931382569
      ],
      "confidence_score": 0.6117071297828787
    },
    "N Log N": {
      "r2": 0.9681939755893472,
      "aic": -650.551346473312,
      "bic": -645.4861474870055,
      "params": [
        1.3772211734044046e-05,
        0.2334924677774548
      ],
      "confidence_score": 0.9381939755893471
    }
  }
}