{
  "valid_points": 10,
  "models": {
    "Constant": {
      "r2": 0.7,
      "aic": -37.24368120402845,
      "bic": -36.638511018040354,
      "params": [
        -0.9176673591136935,
        1.0
      ],
      "confidence_score": 0.1200000000000001
    },
    "Linear": {
      "r2": 0.9985615296658471,
      "aic": -102.68543118352918,
      "bic": -102.08026099754109,
      "params": [
        0.0004060622425144933,
        -0.00034163168957723755
      ],
      "confidence_score": 0.5273862031740468
    },
    "Quadratic": {
      "r2": 0.94034798471984,
      "aic": -63.43595466329447,
      "bic": -62.52819938431233,
      "params": [
        3.952414734387233e-07,
        1.0,
        0.02723526809428367
      ],
      "confidence_score": 0.5442087909047467
    },
    "Cubic": {
      "r2": 0.869208057832273,
      "aic": -53.58515566481772,
      "bic": -52.37481529284153,
      "params": [
        3.722172350104674e-10,
        1.0,
        1.0,
        0.03681250740006088
      ],
      "confidence_score": 0.5015248346998182
    },
    "Logarithmic": {
      "r2": 0.5689542579063092,
      "aic": -45.659091847648654,
      "bic": -45.05392166166056,
      "params": [
        0.04455610688578426,
        -0.08199923506744619
      ],
      "confidence_score": 0.43247712895316337
    },
    "N Log N": {
      "r2": 0.9991533763332499,
      "aic": -107.98622395615318,
      "bic": -107.3810537701651,
      "params": [
        5.884173670259068e-05,
        0.007427557281785753
      ],
      "confidence_score": 0.9480000000000001
    }
  }
}