{
  "valid_points": 18,
  "models": {
    "Constant": {
      "r2": 0.7,
      "aic": 138.12369967019453,
      "bic": 139.90444318598685,
      "params": [
        -92.73109891348412,
        107.26890108651588
      ],
      "confidence_score": 0.11999999999999998
    },
    "Linear": {
      "r2": 0.999457694137531,
      "aic": 2.7694525818684848,
      "bic": 4.550196097660814,
      "params": [
        0.00034294379798305297,
        -0.4452599413785747
      ],
      "confidence_score": 0.4996746868101277
    },
    "Quadratic": {
      "r2": 0.9651715893933501,
      "aic": 79.69190675666442,
      "bic": 82.36302203035291,
      "params": [
        6.493939310649001e-10,
        1.0,
        3.794559948751118
      ],
      "confidence_score": 0.55910295363601
    },
    "Cubic": {
      "r2": 0.9463935055936531,
      "aic": 89.45416869913655,
      "bic": 93.0156557307212,
      "params": [
        1.2240893291939118e-15,
        1.0,
        1.0,
        4.562305093278397
      ],
      "confidence_score": 0.5478361033561918
    },
    "Logarithmic": {
      "r2": 0.309156657694872,
      "aic": 131.4665402054209,
      "bic": 133.24728372121322,
      "params": [
        6.128485997189033,
        -25.630766686081977
      ],
      "confidence_score": 0.40257832884743605
    },
    "N Log N": {
      "r2": 0.9999036845270077,
      "aic": -28.33816871892354,
      "bic": -26.55742520313121,
      "params": [
        2.6132019492499188e-05,
        0.2930917283107551
      ],
      "confidence_score": 0.998
    }
  }
}