{
  "valid_points": 59,
  "models": {
    "Constant": {
      "r2": 0.7,
      "aic": 356.7723395685147,
      "bic": 360.9274144563262,
      "params": [
        -84.18085876915407,
        115.81914123084586
      ],
      "confidence_score": 0.09999999999999998
    },
    "Linear": {
      "r2": 0.9762168121492846,
      "aic": 136.18453546457383,
      "bic": 140.33961035238528,
      "params": [
        0.022763428770364826,
        -24.30573739767947
      ],
      "confidence_score": 0.4857300872895707
    },
    "Quadratic": {
      "r2": 0.9999155012583475,
      "aic": -194.57532143995445,
      "bic": -188.3427091082373,
      "params": [
        4.6035994402433356e-06,
        1.0,
        0.40598134805505937
      ],
      "confidence_score": 0.9799493007550085
    },
    "Cubic": {
      "r2": 0.9816714305330753,
      "aic": 124.81397802540276,
      "bic": 133.12412780102565,
      "params": [
        1.1119573114472943e-09,
        1.0,
        1.0,
        9.006888574487439
      ],
      "confidence_score": 0.5690028583198451
    },
    "Logarithmic": {
      "r2": 0.8955571722851299,
      "aic": 223.48452739902507,
      "bic": 227.63960228683652,
      "params": [
        48.73239342623847,
        -345.42826108310453
      ],
      "confidence_score": 0.548
    },
    "N Log N": {
      "r2": 0.9816702355787349,
      "aic": 120.81782447987196,
      "bic": 124.9728993676834,
      "params": [
        0.0026016988039918513,
        -18.688279397932845
      ],
      "confidence_score": 0.698
    }
  }
}