{
  "valid_points": 66,
  "models": {
    "Constant": {
      "r2": 0.7,
      "aic": -567.3370844844893,
      "bic": -562.9577750004364,
      "params": [
        100.07824393723044,
        -99.92175606276965
      ],
      "confidence_score": 0.5242492267492813
    },
    "Linear": {
      "r2": 0.021104250505111444,
      "aic": -568.7448729884643,
      "bic": -564.3655635044114,
      "params": [
        -2.390872444337297e-06,
        0.1622187232593392
      ],
      "confidence_score": 0.25670946321860005
    },
    "Quadratic": {
      "r2": 0.012088845055653219,
      "aic": -566.1398101064129,
      "bic": -559.5708458803336,
      "params": [
        -3.740392440221285e-10,
        1.0,
        0.1588771468220207
      ],
      "confidence_score": 0.010360873913211988
    },
    "Cubic": {
      "r2": 0.006601897365251963,
      "aic": -563.7742543790862,
      "bic": -555.0156354109805,
      "params": [
        -7.022858247550199e-14,
        1.0,
        1.0,
        0.15777898906888319
      ],
      "confidence_score": 0.0
    },
    "Logarithmic": {
      "r2": 0.034477676441757144,
      "aic": -569.6527641897161,
      "bic": -565.2734547056632,
      "params": [
        -0.006687780325569396,
        0.20811216542673502
      ],
      "confidence_score": 0.5152388382208786
    },
    "N Log N": {
      "r2": 0.019843398753437214,
      "aic": -568.6599173954511,
      "bic": -564.2806079113982,
      "params": [
        -2.6509860229008467e-07,
        0.16146967595244946
      ],
      "confidence_score": 0.3905328582873248
    }
  }
}