{
  "valid_points": 29,
  "models": {
    "Constant": {
      "r2": 0.7,
      "aic": -358.39101194357846,
      "bic": -355.65642028360554,
      "params": [
        -99.99819753755783,
        100.00180246244226
      ],
      "confidence_score": 0.37
    },
    "Linear": {
      "r2": 0.31377024730052183,
      "aic": -369.31075287842305,
      "bic": -366.5761612184501,
      "params": [
        9.939248167758006e-12,
        0.0032369184652766524
      ],
      "confidence_score": 0.1782621483803131
    },
    "Quadratic": {
      "r2": 0.1850880574058522,
      "aic": -362.32659325036514,
      "bic": -358.2247057604057,
      "params": [
        1.5504664085743523e-20,
        1.0,
        0.003399457521829739
      ],
      "confidence_score": 0.09105283444351132
    },
    "Cubic": {
      "r2": 0.14461543179669833,
      "aic": -358.9209315336947,
      "bic": -353.45174821374883,
      "params": [
        2.59776410609553e-29,
        1.0,
        1.0,
        0.00344650733859252
      ],
      "confidence_score": 0.06676925907801899
    },
    "Logarithmic": {
      "r2": 0.9922126941478132,
      "aic": -499.19356139403067,
      "bic": -496.45896973405775,
      "params": [
        0.0003283267863413066,
        0.0002053052363971689
      ],
      "confidence_score": 0.898
    },
    "N Log N": {
      "r2": 0.3012982469215767,
      "aic": -368.7884197702926,
      "bic": -366.05382811031967,
      "params": [
        4.887246717570374e-13,
        0.003253728835154658
      ],
      "confidence_score": 0.44864912346078833
    }
  }
}