{
  "valid_points": 10,
  "models": {
    "Constant": {
      "r2": 0.0,
      "aic": 45.6351486212793,
      "bic": 46.24031880726739,
      "params": [
        6.193703204393388,
        1.0
      ],
      "confidence_score": 0.0
    },
    "Linear": {
      "r2": 0.9492857014710652,
      "aic": 15.819674762490846,
      "bic": 16.42484494847894,
      "params": [
        0.035347673894089444,
        -5.1249611476967845
      ],
      "confidence_score": 0.9292857014710652
    },
    "Quadratic": {
      "r2": 0.9999770222358274,
      "aic": -59.174687226397225,
      "bic": -58.26693194741509,
      "params": [
        4.101570175371158e-05,
        1.0,
        0.2086266580905012
      ],
      "confidence_score": 0.9599770222358274
    },
    "Cubic": {
      "r2": 0.9722217989533194,
      "aic": 13.800111612362297,
      "bic": 15.01045198433848,
      "params": [
        5.073278245924342e-08,
        1.0,
        1.0,
        2.046917606247677
      ],
      "confidence_score": 0.9222217989533193
    },
    "Logarithmic": {
      "r2": 0.7704647505152921,
      "aic": 30.918161933782287,
      "bic": 31.52333211977038,
      "params": [
        10.622832901704477,
        -52.754300950120125
      ],
      "confidence_score": 0.760464750515292
    },
    "N Log N": {
      "r2": 0.9641885594142495,
      "aic": 12.340269949353832,
      "bic": 12.945440135341924,
      "params": [
        0.0051096184316146475,
        -3.5744897069826096
      ],
      "confidence_score": 0.9341885594142495
    }
  }
}