{
  "valid_points": 19,
  "models": {
    "Constant": {
      "r2": 0.7,
      "aic": 103.2027554931349,
      "bic": 105.09163345146779,
      "params": [
        -97.18000622172104,
        102.81999377827897
      ],
      "confidence_score": 0.09999999999999998
    },
    "Linear": {
      "r2": 0.9960115605056521,
      "aic": -1.7599938532104158,
      "bic": 0.12888410512246473,
      "params": [
        0.00021317740304060973,
        -0.2537056655760195
      ],
      "confidence_score": 0.49761541175027046
    },
    "Quadratic": {
      "r2": 0.9498299942224563,
      "aic": 48.34833491192858,
      "bic": 51.1816518494279,
      "params": [
        8.527345244342192e-10,
        1.0,
        1.527744180974171
      ],
      "confidence_score": 0.5498979965334738
    },
    "Cubic": {
      "r2": 0.885242593996342,
      "aic": 66.06899254917752,
      "bic": 69.84674846584329,
      "params": [
        3.1831500778704614e-15,
        1.0,
        1.0,
        2.19085841142972
      ],
      "confidence_score": 0.5111455563978051
    },
    "Logarithmic": {
      "r2": 0.3707314881687662,
      "aic": 94.40200818929559,
      "bic": 96.29088614762847,
      "params": [
        2.299718977730183,
        -9.394921992471657
      ],
      "confidence_score": 0.33336574408438313
    },
    "N Log N": {
      "r2": 0.9987152642489349,
      "aic": -23.284086743418044,
      "bic": -21.395208785085163,
      "params": [
        1.7295113652364385e-05,
        0.01006009585113678
      ],
      "confidence_score": 0.9480000000000001
    }
  }
}