{
  "Constant": {
    "r2": -2.220446049250313e-16,
    "aic": 545.0126829044175,
    "bic": 548.3904418126453,
    "params": [
      -29.19541147544595,
      770.8097852995616
    ]
  },
  "Linear": {
    "r2": 0.8270035189109478,
    "aic": 474.83332189573986,
    "bic": 478.2110808039677,
    "params": [
      6.194591468303973,
      -605.7092784990199
    ]
  },
  "Quadratic": {
    "r2": 0.9667661127821273,
    "aic": 410.8452739329954,
    "bic": 415.9119122953372,
    "params": [
      0.014898316244608245,
      1.0,
      -203.3783843802876
    ]
  },
  "Cubic": {
    "r2": 0.9996904244473697,
    "aic": 225.80034755486355,
    "bic": 232.5558653713193,
    "params": [
      3.6481361638252e-05,
      1.0,
      1.0,
      -17.545623602529005
    ]
  },
  "Logarithmic": {
    "r2": 0.4205599549722988,
    "aic": 523.1849596489747,
    "bic": 526.5627185572025,
    "params": [
      543.8376011961284,
      -2009.592042374417
    ]
  },
  "N Log N": {
    "r2": 0.8623880082826628,
    "aic": 465.67999457755343,
    "bic": 469.0577534857813,
    "params": [
      1.012717847291405,
      -487.64977353371063
    ]
  }
}