{
  "valid_points": 110,
  "models": {
    "Constant": {
      "r2": 0.7,
      "aic": 891.8647654551833,
      "bic": 897.2657261867681,
      "params": [
        137.71036983833415,
        -37.47521518926071
      ],
      "confidence_score": 0.11999999999999998
    },
    "Linear": {
      "r2": 0.9999893132791087,
      "aic": -367.2511833402283,
      "bic": -361.85022260864343,
      "params": [
        3.6961104528776545e-05,
        -0.05517660536269675
      ],
      "confidence_score": 0.8999935879674652
    },
    "Quadratic": {
      "r2": 0.9398382477046654,
      "aic": 584.685733478515,
      "bic": 592.7871745758922,
      "params": [
        6.3629383306830775e-12,
        1.0,
        38.474526802994795
      ],
      "confidence_score": 0.5439029486227992
    },
    "Cubic": {
      "r2": 0.8428348881872247,
      "aic": 692.3143460035193,
      "bic": 703.116267466689,
      "params": [
        1.1708855040581738e-18,
        1.0,
        1.0,
        54.41549265655383
      ],
      "confidence_score": 0.48570093291233485
    },
    "Logarithmic": {
      "r2": 0.8335589273413637,
      "aic": 694.6222309363147,
      "bic": 700.0231916678996,
      "params": [
        60.19806973054857,
        -775.8198401043775
      ],
      "confidence_score": 0.548
    },
    "N Log N": {
      "r2": 0.9995849258913121,
      "aic": 35.28888281746025,
      "bic": 40.68984354904509,
      "params": [
        2.3545521168023797e-06,
        4.434488684209358
      ],
      "confidence_score": 0.698
    }
  }
}