{
  "valid_points": 59,
  "models": {
    "Constant": {
      "r2": 0.0,
      "aic": 632.3237177253458,
      "bic": 636.4787926131572,
      "params": [
        363.3886724089504,
        -36.6308176163697
      ],
      "confidence_score": 0.0
    },
    "Linear": {
      "r2": 0.9757715094816436,
      "aic": 412.83038112109443,
      "bic": 416.9854560089059,
      "params": [
        0.23251290484623321,
        -249.79533049772655
      ],
      "confidence_score": 0.9557715094816436
    },
    "Quadratic": {
      "r2": 0.9999716074020285,
      "aic": 16.63017491241544,
      "bic": 22.862787244132605,
      "params": [
        4.7027753725781274e-05,
        1.0,
        1.8000627444644433
      ],
      "confidence_score": 0.9599716074020285
    },
    "Cubic": {
      "r2": 0.983524178218567,
      "aic": 394.0778998851301,
      "bic": 402.388049660753,
      "params": [
        1.1377923540189162e-08,
        1.0,
        1.0,
        88.97092063827179
      ],
      "confidence_score": 0.9335241782185669
    },
    "Logarithmic": {
      "r2": 0.8967041901147867,
      "aic": 498.3843682158955,
      "bic": 502.53944310370696,
      "params": [
        498.8912143104293,
        -3537.3353936195276
      ],
      "confidence_score": 0.8867041901147867
    },
    "N Log N": {
      "r2": 0.9811782872352359,
      "aic": 397.93181339019054,
      "bic": 402.086888278002,
      "params": [
        0.02657192810346693,
        -192.48026256641828
      ],
      "confidence_score": 0.9511782872352359
    }
  }
}