{
  "valid_points": 41,
  "models": {
    "Constant": {
      "r2": 0.7,
      "params": [
        48.30068351825836
      ]
    },
    "Linear": {
      "r2": 0.9026462875997526,
      "params": [
        0.07569676667269687,
        -27.47177992111121
      ]
    },
    "Quadratic": {
      "r2": 0.9957579724798192,
      "params": [
        3.839663419813455e-05,
        -3.611604314070714
      ]
    },
    "Cubic": {
      "r2": 0.9893287033497624,
      "params": [
        1.992912692791181e-08,
        7.365200570423902
      ]
    },
    "Logarithmic": {
      "r2": 0.37304923505739906,
      "params": [
        21.578307083578963,
        -92.16189087440064
      ]
    },
    "N Log N": {
      "r2": 0.9260345682987101,
      "params": [
        0.009875009080802608,
        -22.021822036268308
      ]
    },
    "np": {
      "r2": -Infinity,
      "success": false
    }
  }
}