{
  "Constant": {
    "r2": 0.0,
    "aic": -363.0501465050289,
    "bic": -357.94239272182784,
    "params": [
      -99.85038936138145,
      100.14961063861858
    ]
  },
  "Linear": {
    "r2": 0.9783701399684162,
    "aic": -727.2497949616626,
    "bic": -722.1420411784615,
    "params": [
      0.00010268679132285907,
      0.08395301156203827
    ]
  },
  "Quadratic": {
    "r2": 0.9042067234826558,
    "aic": -583.8786105061736,
    "bic": -576.216979831372,
    "params": [
      2.241717258748363e-08,
      1.0,
      0.15704479154364231
    ]
  },
  "Cubic": {
    "r2": 0.7965958140088178,
    "aic": -510.34336697611695,
    "bic": -500.1278594097148,
    "params": [
      4.964687886284051e-12,
      1.0,
      1.0,
      0.1922755674469702
    ]
  },
  "Logarithmic": {
    "r2": 0.6167582319106248,
    "aic": -454.16362436960486,
    "bic": -449.0558705864038,
    "params": [
      0.06345751493887973,
      -0.14354485548131843
    ]
  },
  "N Log N": {
    "r2": 0.9762762410234683,
    "aic": -718.4715797359281,
    "bic": -713.363825952727,
    "params": [
      1.2115742168520344e-05,
      0.09803717708523571
    ]
  }
}