{
  "valid_points": 197,
  "models": {
    "Constant": {
      "r2": 0.7,
      "aic": -3802.9707520790976,
      "bic": -3796.4043446216215,
      "params": [
        -99.9996308672249,
        100.0003691327752
      ],
      "confidence_score": 0.3713428142713635
    },
    "Linear": {
      "r2": 0.05316516988748088,
      "aic": -3813.7329832001856,
      "bic": -3807.1665757427095,
      "params": [
        -5.099589104904484e-12,
        0.0007639907120482292
      ],
      "confidence_score": 0.41089361843575295
    },
    "Quadratic": {
      "r2": 0.05299014816013947,
      "aic": -3811.6965712592137,
      "bic": -3801.8469600729995,
      "params": [
        -4.874818907663465e-19,
        1.0,
        0.0007547062365009428
      ],
      "confidence_score": 0.03900879280898077
    },
    "Cubic": {
      "r2": 0.049171022833036204,
      "aic": -3808.9037023458673,
      "bic": -3795.770887430915,
      "params": [
        -4.9202902373666545e-26,
        1.0,
        1.0,
        0.0007507629424070929
      ],
      "confidence_score": 0.0108069849072003
    },
    "Logarithmic": {
      "r2": 0.0367281724141868,
      "aic": -3810.342420248721,
      "bic": -3803.7760127912447,
      "params": [
        -1.3875391075965872e-05,
        0.0009486638731368674
      ],
      "confidence_score": 0.36991333126711445
    },
    "N Log N": {
      "r2": 0.05343331494587844,
      "aic": -3813.7887818001486,
      "bic": -3807.2223743426725,
      "params": [
        -3.134327401532171e-13,
        0.0007629621881852015
      ],
      "confidence_score": 0.6247166574729391
    }
  }
}