{
  "valid_points": 94,
  "models": {
    "Constant": {
      "r2": 1.1102230246251565e-16,
      "aic": -387.83119034248443,
      "bic": -382.7446007779444,
      "params": [
        100.16021704737182,
        -99.83978295262823
      ],
      "confidence_score": 1.1102230246251565e-16
    },
    "Linear": {
      "r2": 0.9588585129147927,
      "aic": -687.7605856985032,
      "bic": -682.6739961339632,
      "params": [
        8.704331446388908e-05,
        0.13978032552960368
      ],
      "confidence_score": 0.9388585129147927
    },
    "Quadratic": {
      "r2": 0.897860447697393,
      "aic": -600.2842229914321,
      "bic": -592.654338644622,
      "params": [
        1.9065730105793932e-08,
        1.0,
        0.20096521276974766
      ],
      "confidence_score": 0.857860447697393
    },
    "Cubic": {
      "r2": 0.8031002591291949,
      "aic": -536.5868876244479,
      "bic": -526.4137084953678,
      "params": [
        4.250045329762704e-12,
        1.0,
        1.0,
        0.22979478808832066
      ],
      "confidence_score": 0.7531002591291949
    },
    "Logarithmic": {
      "r2": 0.5982173166406963,
      "aic": -473.5445193105601,
      "bic": -468.45792974602006,
      "params": [
        0.05353393951827154,
        -0.05221216363040258
      ],
      "confidence_score": 0.5882173166406963
    },
    "N Log N": {
      "r2": 0.9581170792015951,
      "aic": -686.0816427554488,
      "bic": -680.9950531909088,
      "params": [
        1.0272258439394838e-05,
        0.15167480269120429
      ],
      "confidence_score": 0.928117079201595
    }
  }
}