{
  "valid_points": 205,
  "models": {
    "Constant": {
      "r2": 0.7,
      "aic": -3167.570246203734,
      "bic": -3160.9242262454572,
      "params": [
        100.00248276424131,
        -99.99751723575876
      ],
      "confidence_score": 0.3700000000000642
    },
    "Linear": {
      "r2": 0.019045988135779846,
      "aic": -3171.5123345703278,
      "bic": -3164.866314612051,
      "params": [
        1.4187792189276499e-12,
        0.004951511904473294
      ],
      "confidence_score": 0.001427592882082468
    },
    "Quadratic": {
      "r2": 0.012200932920775176,
      "aic": -3168.0868211441366,
      "bic": -3158.1177912067214,
      "params": [
        2.3315643014290966e-21,
        1.0,
        0.00496108765174212
      ],
      "confidence_score": 0.0
    },
    "Cubic": {
      "r2": 0.011313179260464601,
      "aic": -3165.9026665152332,
      "bic": -3152.6106265986796,
      "params": [
        4.280611694238972e-30,
        1.0,
        1.0,
        0.004961834770899681
      ],
      "confidence_score": 0.0
    },
    "Logarithmic": {
      "r2": 0.24769311024140805,
      "aic": -3225.9154889444135,
      "bic": -3219.269468986137,
      "params": [
        0.0002042983420583778,
        0.0018571532653959852
      ],
      "confidence_score": 0.721846555120704
    },
    "N Log N": {
      "r2": 0.017655071867126892,
      "aic": -3171.2218664434727,
      "bic": -3164.575846485196,
      "params": [
        6.854145864878788e-14,
        0.004953600984875959
      ],
      "confidence_score": 0.30682753593396206
    }
  }
}