{
  "valid_points": 38,
  "models": {
    "Constant": {
      "r2": 0.0,
      "aic": 182.10480329457235,
      "bic": 185.3799756140251,
      "params": [
        105.74974210834824,
        -94.25025789165183
      ],
      "confidence_score": 0.0
    },
    "Linear": {
      "r2": 0.9339102176716274,
      "aic": 78.86864061795276,
      "bic": 82.14381293740553,
      "params": [
        0.07857795647467214,
        -5.181788806492616
      ],
      "confidence_score": 0.9139102176716274
    },
    "Quadratic": {
      "r2": 0.9999582061419796,
      "aic": -199.04012103398742,
      "bic": -194.12736255480826,
      "params": [
        0.00018002702213482102,
        1.0,
        0.43118128061528505
      ],
      "confidence_score": 0.9599582061419796
    },
    "Cubic": {
      "r2": 0.9742812095029463,
      "aic": 47.00453384780113,
      "bic": 53.55487848670667,
      "params": [
        4.2574169489828506e-07,
        1.0,
        1.0,
        2.8899209588645745
      ],
      "confidence_score": 0.9242812095029462
    },
    "Logarithmic": {
      "r2": 0.5393096403403297,
      "aic": 152.65369625281735,
      "bic": 155.92886857227012,
      "params": [
        7.318565305094538,
        -25.255712700130953
      ],
      "confidence_score": 0.5293096403403297
    },
    "N Log N": {
      "r2": 0.9577521945106204,
      "aic": 61.8650943254793,
      "bic": 65.14026664493207,
      "params": [
        0.012733981644659003,
        -3.5493438762333085
      ],
      "confidence_score": 0.9277521945106204
    }
  }
}