{
  "Constant": {
    "r2": 1.1102230246251565e-16,
    "aic": -7.407347592341347,
    "bic": -2.2579256353345816,
    "params": [
      100.8409936941162,
      -99.15900630588374
    ]
  },
  "Linear": {
    "r2": 0.8704101658972743,
    "aic": -205.6152986468207,
    "bic": -200.4658766898139,
    "params": [
      0.0006306329513243725,
      0.3896579367033076
    ]
  },
  "Quadratic": {
    "r2": 0.8246812009135498,
    "aic": -174.2988251617345,
    "bic": -166.57469222622436,
    "params": [
      1.4021349782115378e-07,
      1.0,
      0.8203401624942246
    ]
  },
  "Cubic": {
    "r2": 0.7400160689997614,
    "aic": -134.07948660335413,
    "bic": -123.7806426893406,
    "params": [
      3.1525111343750344e-11,
      1.0,
      1.0,
      1.0267712184054172
    ]
  },
  "Logarithmic": {
    "r2": 0.5108587624462948,
    "aic": -76.77243577249479,
    "bic": -71.62301381548802,
    "params": [
      0.3754906443250451,
      -0.9243701988189095
    ]
  },
  "N Log N": {
    "r2": 0.8723627817837822,
    "aic": -207.08798495606422,
    "bic": -201.93856299905747,
    "params": [
      7.463150687167514e-05,
      0.47252014691002486
    ]
  }
}