{
  "valid_points": 9,
  "models": {
    "Constant": {
      "r2": 0.0,
      "aic": -62.40021586434479,
      "bic": -62.00576670967235,
      "params": [
        -0.8664479288789959,
        1.0
      ],
      "confidence_score": 0.0
    },
    "Linear": {
      "r2": 0.9575525837103758,
      "aic": -90.83561896015739,
      "bic": -90.44116980548495,
      "params": [
        0.00011325726831455244,
        0.09095475409380833
      ],
      "confidence_score": 0.9375525837103758
    },
    "Quadratic": {
      "r2": 0.9176247297917389,
      "aic": -82.86844591783326,
      "bic": -82.2767721858246,
      "params": [
        1.2081032818645835e-07,
        1.0,
        0.11082597046790627
      ],
      "confidence_score": 0.8776247297917389
    },
    "Cubic": {
      "r2": 0.8366586149387221,
      "aic": -74.70743179754831,
      "bic": -73.91853348820344,
      "params": [
        1.425274907351578e-10,
        1.0,
        1.0,
        0.11750206424615714
      ],
      "confidence_score": 0.786658614938722
    },
    "Logarithmic": {
      "r2": 0.8898056315249873,
      "aic": -82.24980124137502,
      "bic": -81.85535208670258,
      "params": [
        0.03959446536330228,
        -0.09445921726807699
      ],
      "confidence_score": 0.8798056315249873
    },
    "N Log N": {
      "r2": 0.9570997866770041,
      "aic": -90.7401221888135,
      "bic": -90.34567303414106,
      "params": [
        1.6114428902748792e-05,
        0.0966431513354228
      ],
      "confidence_score": 0.9270997866770041
    }
  }
}