{
  "valid_points": 29,
  "models": {
    "Constant": {
      "r2": 0.7,
      "aic": -293.28854509044874,
      "bic": -290.5539534304758,
      "params": [
        -99.99553761605556,
        100.00446238394446
      ],
      "confidence_score": 0.37
    },
    "Linear": {
      "r2": 0.35620230041454304,
      "aic": -306.05929635631605,
      "bic": -303.32470469634313,
      "params": [
        3.253663269058426e-11,
        0.007720080211629449
      ],
      "confidence_score": 0.2037213802487258
    },
    "Quadratic": {
      "r2": 0.21340412451036828,
      "aic": -298.24972430191025,
      "bic": -294.1478368119508,
      "params": [
        5.11506495520795e-20,
        1.0,
        0.008246920951886814
      ],
      "confidence_score": 0.10804247470622096
    },
    "Cubic": {
      "r2": 0.1671290094475617,
      "aic": -294.5919642312266,
      "bic": -289.1227809112807,
      "params": [
        8.580150332358755e-29,
        1.0,
        1.0,
        0.008401530866325843
      ],
      "confidence_score": 0.08027740566853701
    },
    "Logarithmic": {
      "r2": 0.9745781471451178,
      "aic": -399.78078275105986,
      "bic": -397.04619109108694,
      "params": [
        0.0009997440985029407,
        -0.001426960392565138
      ],
      "confidence_score": 0.898
    },
    "N Log N": {
      "r2": 0.3425836890665821,
      "aic": -305.4522414871539,
      "bic": -302.717649827181,
      "params": [
        1.6011273978091225e-12,
        0.007774202648517866
      ],
      "confidence_score": 0.4692918445332911
    }
  }
}