{
  "valid_points": 66,
  "models": {
    "Constant": {
      "r2": 0.7,
      "aic": -552.0250521828198,
      "bic": -547.6457426987669,
      "params": [
        100.06066657828553,
        -99.93933342171444
      ],
      "confidence_score": 0.4857051500835982
    },
    "Linear": {
      "r2": 0.04908640146007759,
      "aic": -555.3469690558954,
      "bic": -550.9676595718425,
      "params": [
        -4.14218776700892e-06,
        0.13131206346394453
      ],
      "confidence_score": 0.4104540120148009
    },
    "Quadratic": {
      "r2": 0.054434973335106385,
      "aic": -553.7192449940347,
      "bic": -547.1502807679555,
      "params": [
        -8.992277805523593e-10,
        1.0,
        0.12711644466922287
      ],
      "confidence_score": 0.07063666971424924
    },
    "Cubic": {
      "r2": 0.05856218434222382,
      "aic": -552.0079529437203,
      "bic": -543.2493339756146,
      "params": [
        -2.363231519310853e-13,
        1.0,
        1.0,
        0.12570613173599154
      ],
      "confidence_score": 0.023381843610455758
    },
    "Logarithmic": {
      "r2": 0.04295444650001767,
      "aic": -554.9227352138262,
      "bic": -550.5434257297733,
      "params": [
        -0.008493100615184124,
        0.186951232687872
      ],
      "confidence_score": 0.4566797025116411
    },
    "N Log N": {
      "r2": 0.0497417709194351,
      "aic": -555.3924719246024,
      "bic": -551.0131624405495,
      "params": [
        -4.7667187198105664e-07,
        0.13033993526558035
      ],
      "confidence_score": 0.5228708854597176
    }
  }
}