{
  "valid_points": 18,
  "models": {
    "Constant": {
      "r2": 0.95,
      "aic": -225.92465076008267,
      "bic": -224.14390724429035,
      "params": [
        100.02939543790282,
        -99.97060456209711
      ],
      "confidence_score": 0.6204003493046872
    },
    "Linear": {
      "r2": 0.47862659634930294,
      "aic": -237.64784894905245,
      "bic": -235.86710543326012,
      "params": [
        -4.139777861178473e-06,
        0.06500054259754773
      ],
      "confidence_score": 0.22469179665959751
    },
    "Quadratic": {
      "r2": 0.4358382820083643,
      "aic": -234.22810878210328,
      "bic": -231.5569935084148,
      "params": [
        -1.3127713986095617e-09,
        1.0,
        0.0618485391883436
      ],
      "confidence_score": 0.263235436982607
    },
    "Cubic": {
      "r2": 0.39424645424098714,
      "aic": -230.9477279444888,
      "bic": -227.38624091290416,
      "params": [
        -5.393879329927856e-13,
        1.0,
        1.0,
        0.06080346703072813
      ],
      "confidence_score": 0.21924835665079423
    },
    "Logarithmic": {
      "r2": 0.5207182753890369,
      "aic": -239.1630514118494,
      "bic": -237.38230789605709,
      "params": [
        -0.006324203897514089,
        0.10492642124812326
      ],
      "confidence_score": 0.6083591376945185
    },
    "N Log N": {
      "r2": 0.4734436639163684,
      "aic": -237.46979589651116,
      "bic": -235.68905238071883,
      "params": [
        -4.958562249758182e-07,
        0.06424355390536964
      ],
      "confidence_score": 0.21337944546652088
    }
  }
}