{
  "Constant": {
    "r2": 3.3306690738754696e-16,
    "aic": 616.3089068012084,
    "bic": 620.4975959256526,
    "params": [
      -70.5497515087036,
      329.45024849354144
    ]
  },
  "Linear": {
    "r2": 0.9753692575679321,
    "aic": 394.08331136727566,
    "bic": 398.27200049171984,
    "params": [
      0.18638167961497565,
      -203.01543232792613
    ]
  },
  "Quadratic": {
    "r2": 0.999993728531877,
    "aic": -100.46109801774169,
    "bic": -94.17806433107539,
    "params": [
      3.747603274262268e-05,
      1.0,
      0.2627800141646064
    ]
  },
  "Cubic": {
    "r2": 0.9821563081318533,
    "aic": 378.7425930037097,
    "bic": 387.11997125259813,
    "params": [
      8.991120794523346e-09,
      1.0,
      1.0,
      71.16357207767065
    ]
  },
  "Logarithmic": {
    "r2": 0.8935629566565868,
    "aic": 481.8968101447165,
    "bic": 486.08549926916066,
    "params": [
      400.9017043419233,
      -2846.24280935444
    ]
  },
  "N Log N": {
    "r2": 0.9809410722591576,
    "aic": 378.6957284385726,
    "bic": 382.88441756301677,
    "params": [
      0.021289180442034372,
      -156.84017822511373
    ]
  }
}