{
  "valid_points": 208,
  "models": {
    "Constant": {
      "r2": 0.7,
      "aic": 570.8950460315826,
      "bic": 577.5701221909853,
      "params": [
        -95.82252411637438,
        104.1774758836256
      ],
      "confidence_score": 0.41623466029993306
    },
    "Linear": {
      "r2": 0.00012057624150219048,
      "aic": 570.8699646612112,
      "bic": 577.5450408206138,
      "params": [
        -1.4954426585944702e-08,
        8.430395644099113
      ],
      "confidence_score": 0.3899640504395552
    },
    "Quadratic": {
      "r2": 0.00014189767762340377,
      "aic": 572.865529220404,
      "bic": 582.878143459508,
      "params": [
        -1.558241133198624e-15,
        1.0,
        8.407434312262662
      ],
      "confidence_score": 0.007879226982087255
    },
    "Cubic": {
      "r2": 0.00016635358998584593,
      "aic": 574.8604416065006,
      "bic": 588.2105939253058,
      "params": [
        -1.7688638393546253e-22,
        1.0,
        1.0,
        8.39969530195149
      ],
      "confidence_score": 0.0
    },
    "Logarithmic": {
      "r2": 8.295513993406001e-05,
      "aic": 570.8777906467551,
      "bic": 577.5528668061577,
      "params": [
        -0.03940865173487729,
        8.952267184261347
      ],
      "confidence_score": 0.5468430165987908
    },
    "N Log N": {
      "r2": 0.00012144034788674762,
      "aic": 570.8697849053312,
      "bic": 577.5448610647338,
      "params": [
        -9.20509466760511e-10,
        8.42748822059291
      ],
      "confidence_score": 0.6980607201739434
    }
  }
}