{
  "valid_points": 4203,
  "models": {
    "Constant": {
      "r2": 0.95,
      "aic": -44902.24504163549,
      "bic": -44889.55793396548,
      "params": [
        -99.63008413331403,
        100.36991586668591
      ],
      "confidence_score": 0.5750000000000106
    },
    "Linear": {
      "r2": 0.014630711842198996,
      "aic": -44964.19220221791,
      "bic": -44951.5050945479,
      "params": [
        -6.783836905624257e-11,
        0.7398501880712889
      ],
      "confidence_score": 0.3987784271053194
    },
    "Quadratic": {
      "r2": 0.009700159783125994,
      "aic": -44941.2138379469,
      "bic": -44922.18317644189,
      "params": [
        -1.058199685487637e-19,
        1.0,
        0.7398394455965113
      ],
      "confidence_score": 0.0
    },
    "Cubic": {
      "r2": 0.008504356595671392,
      "aic": -44934.14170871019,
      "bic": -44908.767493370164,
      "params": [
        -1.848919234822786e-28,
        1.0,
        1.0,
        0.7398386469364726
      ],
      "confidence_score": 0.0
    },
    "Logarithmic": {
      "r2": 0.00035888071931278187,
      "aic": -44903.753688027005,
      "bic": -44891.066580356994,
      "params": [
        -8.88556787244088e-05,
        0.74083810030523
      ],
      "confidence_score": 0.2981794403596789
    },
    "N Log N": {
      "r2": 0.014175693670048783,
      "aic": -44962.25181298688,
      "bic": -44949.564705316865,
      "params": [
        -3.3347350207243074e-12,
        0.7398467192029783
      ],
      "confidence_score": 0.31879062778700323
    }
  }
}