{
  "valid_points": 29,
  "models": {
    "Constant": {
      "r2": 0.7,
      "aic": -249.97509321012998,
      "bic": -247.24050155015703,
      "params": [
        -99.98644745812331,
        100.0135525418767
      ],
      "confidence_score": 0.37
    },
    "Linear": {
      "r2": 0.2759162446008955,
      "aic": -259.3376912721282,
      "bic": -256.6030996121553,
      "params": [
        6.042781566335538e-11,
        0.024867708886514298
      ],
      "confidence_score": 0.15554974676053726
    },
    "Quadratic": {
      "r2": 0.1569848111553701,
      "aic": -252.92743201259594,
      "bic": -248.82554452263653,
      "params": [
        9.257688975612327e-20,
        1.0,
        0.025878257469227693
      ],
      "confidence_score": 0.07419088669322206
    },
    "Cubic": {
      "r2": 0.120487491616174,
      "aic": -249.69833049994838,
      "bic": -244.22914718000249,
      "params": [
        1.5373189526300572e-28,
        1.0,
        1.0,
        0.026167591796570914
      ],
      "confidence_score": 0.052292494969704395
    },
    "Logarithmic": {
      "r2": 0.987948580130511,
      "aic": -378.1137042504616,
      "bic": -375.37911259048866,
      "params": [
        0.0021240840839756915,
        0.0051115142842928655
      ],
      "confidence_score": 0.898
    },
    "N Log N": {
      "r2": 0.2642441691152452,
      "aic": -258.87394524762715,
      "bic": -256.1393535876542,
      "params": [
        2.9673534088467486e-12,
        0.02497275270307303
      ],
      "confidence_score": 0.4301220845576226
    }
  }
}