{
  "valid_points": 76,
  "models": {
    "Constant": {
      "r2": 0.7,
      "aic": -636.5199100047394,
      "bic": -631.8584433241667,
      "params": [
        100.06941191263886,
        -99.93058808736114
      ],
      "confidence_score": 0.7180356225037767
    },
    "Linear": {
      "r2": 0.000133979396070516,
      "aic": -636.53009312102,
      "bic": -631.8686264404473,
      "params": [
        -1.4928112590517628e-07,
        0.13926872231698673
      ],
      "confidence_score": 0.3760882709434643
    },
    "Quadratic": {
      "r2": 5.426004676345464e-06,
      "aic": -634.5203223822136,
      "bic": -627.5281223613547,
      "params": [
        -4.947819931544473e-12,
        1.0,
        0.13887427460720259
      ],
      "confidence_score": 0.02406560897228355
    },
    "Cubic": {
      "r2": 1.3466323725008778e-06,
      "aic": -632.5200123488687,
      "bic": -623.1970789877233,
      "params": [
        -4.883879594991228e-16,
        1.0,
        1.0,
        0.13884251045488008
      ],
      "confidence_score": 0.0
    },
    "Logarithmic": {
      "r2": 0.0010704349101093857,
      "aic": -636.6013066305792,
      "bic": -631.9398399500066,
      "params": [
        -0.0011173499271974298,
        0.14766635631619893
      ],
      "confidence_score": 0.4985352174550547
    },
    "N Log N": {
      "r2": 9.853416586369512e-05,
      "aic": -636.5273989703107,
      "bic": -631.8659322897381,
      "params": [
        -1.429219367828728e-08,
        0.13916787324774305
      ],
      "confidence_score": 0.587165455835133
    }
  }
}