{
  "Constant": {
    "r2": 0.0,
    "aic": 166.78669557347973,
    "bic": 168.6755735318126,
    "params": [
      -72.96369497321153,
      127.03630502678845
    ]
  },
  "Linear": {
    "r2": 0.5282030902161012,
    "aic": 152.51376899788548,
    "bic": 154.40264695621835,
    "params": [
      0.8139348932757868,
      -32.24732731224996
    ]
  },
  "Quadratic": {
    "r2": 0.5771889129141136,
    "aic": 152.43092932927897,
    "bic": 155.2642462667783,
    "params": [
      0.0038119145103173825,
      1.0,
      -4.784352929818173
    ]
  },
  "Cubic": {
    "r2": 0.5605017332889866,
    "aic": 155.1663869663312,
    "bic": 158.94414288299697,
    "params": [
      1.8221651583494314e-05,
      1.0,
      1.0,
      7.717183965971548
    ]
  },
  "Logarithmic": {
    "r2": 0.2983539685556261,
    "aic": 160.05449718763202,
    "bic": 161.9433751459649,
    "params": [
      37.60263238611584,
      -108.22907385606477
    ]
  },
  "N Log N": {
    "r2": 0.5465691500023135,
    "aic": 151.75935803996305,
    "bic": 153.64823599829592,
    "params": [
      0.14933533130812549,
      -23.207204202546023
    ]
  }
}