{
  "valid_points": 92,
  "models": {
    "Constant": {
      "r2": 0.0,
      "aic": -232.3516960545107,
      "bic": -227.30811890041264,
      "params": [
        -99.6984192858571,
        100.30158071414299
      ],
      "confidence_score": 0.0
    },
    "Linear": {
      "r2": 0.9901576273928021,
      "aic": -657.4890760640657,
      "bic": -652.4454989099676,
      "params": [
        0.00019588349799593008,
        0.19762297071716528
      ],
      "confidence_score": 0.9701576273928021
    },
    "Quadratic": {
      "r2": 0.9048098504128228,
      "aic": -446.7245468745421,
      "bic": -439.159181143395,
      "params": [
        4.248199930568627e-08,
        1.0,
        0.33709334756995357
      ],
      "confidence_score": 0.8648098504128228
    },
    "Cubic": {
      "r2": 0.7932406521836726,
      "aic": -373.36207148703284,
      "bic": -363.2749171788367,
      "params": [
        9.370700296458495e-12,
        1.0,
        1.0,
        0.4031427159608965
      ],
      "confidence_score": 0.7432406521836725
    },
    "Logarithmic": {
      "r2": 0.6341003913363514,
      "aic": -324.8481534901895,
      "bic": -319.8045763360914,
      "params": [
        0.1215776779209179,
        -0.2412922468566094
      ],
      "confidence_score": 0.6241003913363514
    },
    "N Log N": {
      "r2": 0.9862332345849866,
      "aic": -626.6175023674247,
      "bic": -621.5739252133266,
      "params": [
        2.3090662855247674e-05,
        0.22466334772189817
      ],
      "confidence_score": 0.9562332345849865
    }
  }
}