{
  "valid_points": 18,
  "models": {
    "Constant": {
      "r2": 0.95,
      "aic": -237.39079986902956,
      "bic": -235.61005635323724,
      "params": [
        100.02282195621059,
        -99.97717804378931
      ],
      "confidence_score": 0.6372157483159568
    },
    "Linear": {
      "r2": 0.2587880081564493,
      "aic": -242.78123477242104,
      "bic": -241.00049125662872,
      "params": [
        -2.2137375494534348e-06,
        0.048964518745512615
      ],
      "confidence_score": 0.329924688555531
    },
    "Quadratic": {
      "r2": 0.24710291264952777,
      "aic": -240.49968102176928,
      "bic": -237.8285657480808,
      "params": [
        -7.188541616197417e-10,
        1.0,
        0.04731824357277178
      ],
      "confidence_score": 0.19786152258801756
    },
    "Cubic": {
      "r2": 0.23686977996521674,
      "aic": -238.25667855743214,
      "bic": -234.6951915258475,
      "params": [
        -3.040518499890368e-13,
        1.0,
        1.0,
        0.04677840588660406
      ],
      "confidence_score": 0.1366498157013279
    },
    "Logarithmic": {
      "r2": 0.27207035641753274,
      "aic": -243.10671568898485,
      "bic": -241.32597217319253,
      "params": [
        -0.0033244551198417277,
        0.06989606379692041
      ],
      "confidence_score": 0.48403517820876635
    },
    "N Log N": {
      "r2": 0.25726447526676766,
      "aic": -242.74427443340187,
      "bic": -240.96353091760955,
      "params": [
        -2.6581952651546964e-07,
        0.04856699422921011
      ],
      "confidence_score": 0.42690762144519795
    }
  }
}