{
  "valid_points": 58,
  "models": {
    "Constant": {
      "r2": 0.7,
      "aic": 915.1721337235703,
      "bic": 919.2930197446631,
      "params": [
        3463.8018280955966,
        566.5222641566357
      ],
      "confidence_score": 0.09999999999999998
    },
    "Linear": {
      "r2": 0.976019261900292,
      "aic": 698.8028814205472,
      "bic": 702.92376744164,
      "params": [
        2.948100985276446,
        -3184.898922371461
      ],
      "confidence_score": 0.4856115571401751
    },
    "Quadratic": {
      "r2": 0.9999879535849273,
      "aic": 260.2210138190468,
      "bic": 266.40234285068607,
      "params": [
        0.0005974783296996966,
        1.0,
        5.457680511630081
      ],
      "confidence_score": 0.9799927721509564
    },
    "Cubic": {
      "r2": 0.9825338336122375,
      "aic": 684.4177358415553,
      "bic": 692.659507883741,
      "params": [
        1.4472612744330439e-07,
        1.0,
        1.0,
        1111.1347831289481
      ],
      "confidence_score": 0.5695203001673425
    },
    "Logarithmic": {
      "r2": 0.8956312837853017,
      "aic": 784.1022662334103,
      "bic": 788.2231522545031,
      "params": [
        6303.254932579458,
        -44711.38038775132
      ],
      "confidence_score": 0.548
    },
    "N Log N": {
      "r2": 0.9814713873821473,
      "aic": 683.8426651287895,
      "bic": 687.9635511498823,
      "params": [
        0.3370128288727056,
        -2458.744367641651
      ],
      "confidence_score": 0.698
    }
  }
}