{
  "valid_points": 9,
  "models": {
    "Constant": {
      "r2": 0.7,
      "aic": 73.91996053900911,
      "bic": 74.31440969368155,
      "params": [
        22.178340660201176,
        1.0
      ],
      "confidence_score": 0.09999999999999998
    },
    "Linear": {
      "r2": 0.9264898689144577,
      "aic": 50.426972139736876,
      "bic": 50.82142129440931,
      "params": [
        0.2906816914353484,
        -9.53949840421026
      ],
      "confidence_score": 0.45589392134867457
    },
    "Quadratic": {
      "r2": 0.9999968642865802,
      "aic": -38.13392405364728,
      "bic": -37.54225032163862,
      "params": [
        0.0005993558171115687,
        1.0,
        0.03727915660000347
      ],
      "confidence_score": 0.9799981185719481
    },
    "Cubic": {
      "r2": 0.9842257275084292,
      "aic": 40.57558563416769,
      "bic": 41.36448394351257,
      "params": [
        1.1625956743976928e-06,
        1.0,
        1.0,
        3.498673805594164
      ],
      "confidence_score": 0.5705354365050574
    },
    "Logarithmic": {
      "r2": 0.42208899638507824,
      "aic": 68.98494198266468,
      "bic": 69.37939113733712,
      "params": [
        16.100011760899456,
        -30.401630348809082
      ],
      "confidence_score": 0.35904449819253914
    },
    "N Log N": {
      "r2": 0.9562394039743424,
      "aic": 45.75876703333206,
      "bic": 46.1532161880045,
      "params": [
        0.04735994076823897,
        -6.500702337822235
      ],
      "confidence_score": 0.698
    }
  }
}