{
  "valid_points": 59,
  "models": {
    "Constant": {
      "r2": 2.220446049250313e-16,
      "aic": 654.5348004424176,
      "bic": 658.689875330229,
      "params": [
        373.24327357941945,
        20.514571048497515
      ],
      "confidence_score": 2.220446049250313e-16
    },
    "Linear": {
      "r2": 0.9743279657529411,
      "aic": 438.45597101446873,
      "bic": 442.6110459022802,
      "params": [
        0.28737699916702764,
        -310.315803331304
      ],
      "confidence_score": 0.9543279657529411
    },
    "Quadratic": {
      "r2": 0.9998051902752878,
      "aic": 152.46905290000646,
      "bic": 158.7016652317236,
      "params": [
        5.870596968600154e-05,
        1.0,
        -1.1865664368800761
      ],
      "confidence_score": 0.9598051902752878
    },
    "Cubic": {
      "r2": 0.9847263560174956,
      "aic": 411.8188339030588,
      "bic": 420.1289836786817,
      "params": [
        1.4363276625504407e-08,
        1.0,
        1.0,
        105.9913928385521
      ],
      "confidence_score": 0.9347263560174955
    },
    "Logarithmic": {
      "r2": 0.8940547153623225,
      "aic": 522.089682895122,
      "bic": 526.2447577829334,
      "params": [
        611.3235582011688,
        -4335.100548626006
      ],
      "confidence_score": 0.8840547153623225
    },
    "N Log N": {
      "r2": 0.979882535697032,
      "aic": 424.0709491904458,
      "bic": 428.22602407825724,
      "params": [
        0.03287676351123541,
        -239.88890956738874
      ],
      "confidence_score": 0.949882535697032
    }
  }
}