{
  "valid_points": 9,
  "models": {
    "Constant": {
      "r2": 0.7,
      "aic": -48.9627417442453,
      "bic": -48.56829258957286,
      "params": [
        -0.6983396510283153,
        1.0
      ],
      "confidence_score": 0.1200014813283635
    },
    "Linear": {
      "r2": 0.9338112067601616,
      "aic": -73.39993879523838,
      "bic": -73.00548964056594,
      "params": [
        0.00023595358339456585,
        0.21291558455037496
      ],
      "confidence_score": 0.860286724056097
    },
    "Quadratic": {
      "r2": 0.8748088391286901,
      "aic": -65.66396255014597,
      "bic": -65.07228881813731,
      "params": [
        2.488515563614513e-07,
        1.0,
        0.25484791494981096
      ],
      "confidence_score": 0.5124603851702286
    },
    "Cubic": {
      "r2": 0.7726444881397266,
      "aic": -58.293904939809906,
      "bic": -57.505006630465026,
      "params": [
        2.8895261139615206e-10,
        1.0,
        1.0,
        0.2691214234949791
      ],
      "confidence_score": 0.4437589482944908
    },
    "Logarithmic": {
      "r2": 0.8810552165631745,
      "aic": -68.12460482882537,
      "bic": -67.73015567415293,
      "params": [
        0.08311908303594435,
        -0.1769946609861004
      ],
      "confidence_score": 0.6694583852868946
    },
    "N Log N": {
      "r2": 0.9309498661970808,
      "aic": -73.01904389648665,
      "bic": -72.6245947418142,
      "params": [
        3.352831508134622e-05,
        0.2248661976380314
      ],
      "confidence_score": 0.8459767583097402
    }
  }
}