{
  "valid_points": 202,
  "models": {
    "Constant": {
      "r2": 0.85,
      "aic": -3092.0704780921587,
      "bic": -3085.4539426973565,
      "params": [
        100.00429757234494,
        -99.99570242765506
      ],
      "confidence_score": 0.445
    },
    "Linear": {
      "r2": 0.42422790144812417,
      "aic": -3203.5832365732995,
      "bic": -3196.9667011784973,
      "params": [
        1.064113072082894e-10,
        0.008060598533616811
      ],
      "confidence_score": 0.24453684419962596
    },
    "Quadratic": {
      "r2": 0.3410420546066555,
      "aic": -3174.32378167828,
      "bic": -3164.3989785860763,
      "params": [
        9.215442171925157e-18,
        1.0,
        0.0082864470036785
      ],
      "confidence_score": 0.18462523276400203
    },
    "Cubic": {
      "r2": 0.28455360392011786,
      "aic": -3155.7098954778944,
      "bic": -3142.4768246882895,
      "params": [
        8.856019944013399e-25,
        1.0,
        1.0,
        0.008372697426715151
      ],
      "confidence_score": 0.1507321623520707
    },
    "Logarithmic": {
      "r2": 0.5045217763872312,
      "aic": -3233.921316738552,
      "bic": -3227.3047813437497,
      "params": [
        0.00036606701572454073,
        0.0030500480549279442
      ],
      "confidence_score": 0.8502608881936156
    },
    "N Log N": {
      "r2": 0.41807048832042737,
      "aic": -3201.4344805048772,
      "bic": -3194.817945110075,
      "params": [
        6.481857945501425e-12,
        0.008086601859849671
      ],
      "confidence_score": 0.4070352706265849
    }
  }
}