{
  "valid_points": 18,
  "models": {
    "Constant": {
      "r2": 0.7,
      "aic": 102.6102611061965,
      "bic": 104.39100462198883,
      "params": [
        -97.25669301632374,
        102.74330698367622
      ],
      "confidence_score": 0.11999999999999998
    },
    "Linear": {
      "r2": 0.9997720875039144,
      "aic": -48.34761714573796,
      "bic": -46.56687362994563,
      "params": [
        6.394940677512118e-05,
        -0.10129230213656726
      ],
      "confidence_score": 0.8998632525023487
    },
    "Quadratic": {
      "r2": 0.9620890216924906,
      "aic": 45.704999319006035,
      "bic": 48.37611459269453,
      "params": [
        6.044049985058226e-11,
        1.0,
        1.4870160896337152
      ],
      "confidence_score": 0.5572534130154942
    },
    "Cubic": {
      "r2": 0.9427195945514485,
      "aic": 55.13392090231863,
      "bic": 58.69540793390328,
      "params": [
        5.694459967571653e-17,
        1.0,
        1.0,
        1.7741240320657254
      ],
      "confidence_score": 0.545631756730869
    },
    "Logarithmic": {
      "r2": 0.3203952536334468,
      "aic": 95.65787081350254,
      "bic": 97.43861432929486,
      "params": [
        2.3631250391814995,
        -11.731253233894966
      ],
      "confidence_score": 0.40819762681672345
    },
    "N Log N": {
      "r2": 0.9997165611977412,
      "aic": -44.42299671045188,
      "bic": -42.64225319465955,
      "params": [
        4.627432365138532e-06,
        0.16142925160128477
      ],
      "confidence_score": 0.7401600148732097
    }
  }
}