{
  "valid_points": 94,
  "models": {
    "Constant": {
      "r2": -2.220446049250313e-16,
      "aic": -449.88430518560165,
      "bic": -444.7977156210616,
      "params": [
        100.0914805865986,
        -99.90851941340146
      ],
      "confidence_score": -2.220446049250313e-16
    },
    "Linear": {
      "r2": 0.9731007398474014,
      "aic": -789.7560158447054,
      "bic": -784.6694262801655,
      "params": [
        6.325108530529905e-05,
        0.053369119780905805
      ],
      "confidence_score": 0.9531007398474014
    },
    "Quadratic": {
      "r2": 0.9091134489434799,
      "aic": -673.309769925936,
      "bic": -665.679885579126,
      "params": [
        1.3822774796636864e-08,
        1.0,
        0.09804538599208774
      ],
      "confidence_score": 0.8691134489434799
    },
    "Cubic": {
      "r2": 0.8076782169861909,
      "aic": -600.851328705984,
      "bic": -590.6781495769039,
      "params": [
        3.068333709805711e-12,
        1.0,
        1.0,
        0.11895995975236758
      ],
      "confidence_score": 0.7576782169861909
    },
    "Logarithmic": {
      "r2": 0.5844153745609749,
      "aic": -532.4227925101961,
      "bic": -527.3362029456562,
      "params": [
        0.03813169723337415,
        -0.08198016973030921
      ],
      "confidence_score": 0.5744153745609749
    },
    "N Log N": {
      "r2": 0.9729483219450834,
      "aic": -789.2248917749155,
      "bic": -784.1383022103755,
      "params": [
        7.465401289836936e-06,
        0.06204055170917393
      ],
      "confidence_score": 0.9429483219450834
    }
  }
}