{
  "best_model": "O(2^n)",
  "details": {
    "O(1)": {
      "r2": 0,
      "aic": Infinity,
      "params_norm": [
        1.0
      ],
      "rss": 0.0
    },
    "O(n)": {
      "r2": 0,
      "aic": -3576.4679389425937,
      "params_norm": [
        3.539513381405014e-10,
        0.9999999997936918
      ],
      "rss": 4.054883022086029e-14
    },
    "O(n^2)": {
      "r2": 0,
      "aic": -3041.4702312241243,
      "params_norm": [
        2.262728146446774e-08,
        -2.697387986981183e-08,
        1.000000006707853
      ],
      "rss": 7.930525627625278e-12
    },
    "O(n^3)": {
      "r2": 0,
      "aic": -2986.3977744973195,
      "params_norm": [
        9.207473059506364e-09,
        1.2993395631032284e-08,
        -2.4496106730549883e-08,
        1.0000000064036458
      ],
      "rss": 1.3390071539348928e-11
    },
    "O(log n)": {
      "r2": 0,
      "aic": -3116.458360809914,
      "params_norm": [
        -1.7262467729194512e-09,
        0.9999999988883356
      ],
      "rss": 3.854733724563983e-12
    },
    "O(n log n)": {
      "r2": 0,
      "aic": -3545.4451304789673,
      "params_norm": [
        9.149493385152141e-10,
        1.000000000238507
      ],
      "rss": 5.5128314104323486e-14
    },
    "O(2^n)": {
      "r2": 0,
      "aic": -3754.8737396852425,
      "params_norm": [
        1.0000000000853677,
        -1.463447165138362e-10
      ],
      "rss": 6.9317538747818255e-15
    },
    "O(n^k)": {
      "r2": 0,
      "aic": -3455.1584365917683,
      "params_norm": [
        0.999999999792065,
        -3.2278032427202367e-10
      ],
      "rss": 1.3477289653958876e-13
    }
  }
}