{
  "Constant": {
    "params": [
      11.749037812737857
    ],
    "r_squared": 0.0,
    "success": true
  },
  "Linear": {
    "params": [
      0.007212822349499463,
      -11.862348290182444
    ],
    "r_squared": 0.8780406319354166,
    "success": true
  },
  "Quadratic": {
    "params": [
      2.192064176576206e-06,
      -0.0062094130014673475,
      5.413034089206432
    ],
    "r_squared": 0.9570987501022962,
    "success": true
  },
  "Cubic": {
    "params": [
      2.2974614196099222e-10,
      1.09051154269078e-07,
      -0.0004820084947265213,
      0.8167265987692387
    ],
    "r_squared": 0.9580468704920817,
    "success": true
  },
  "Logarithmic": {
    "params": [
      18.035864927847925,
      -132.66168444936895
    ],
    "r_squared": 0.7556919791302047,
    "success": true
  },
  "n_log_n": {
    "params": [
      0.0008078587575887698,
      -9.851216171912503
    ],
    "r_squared": 0.8879020714606526,
    "success": true
  },
  "Exponential": {
    "params": [
      0.6674277915212605,
      0.0007709586685349823
    ],
    "r_squared": 0.9511658063488427,
    "success": true
  },
  "Sqrt_Exponential": {
    "params": [
      0.6674215875017879,
      0.0015419215203936372
    ],
    "r_squared": 0.9511658063485556,
    "success": true
  },
  "Power": {
    "params": [
      3.717523159939328e-10,
      2.9475728205888756
    ],
    "r_squared": 0.9578271867013596,
    "success": true
  }
}