{
  "valid_points": 18,
  "models": {
    "Constant": {
      "r2": 0.7,
      "aic": 131.691608826609,
      "bic": 133.47235234240136,
      "params": [
        -93.2059783281551,
        106.79402167184486
      ],
      "confidence_score": 0.11999999999999998
    },
    "Linear": {
      "r2": 0.9923652577187049,
      "aic": 43.940779102444324,
      "bic": 45.721522618236655,
      "params": [
        0.00026409899119106406,
        -0.8349894519169281
      ],
      "confidence_score": 0.4956864204414929
    },
    "Quadratic": {
      "r2": 0.9643204311411863,
      "aic": 73.6944218384673,
      "bic": 76.3655371121558,
      "params": [
        5.341584237895472e-10,
        1.0,
        2.8393828647848056
      ],
      "confidence_score": 0.5585922587439607
    },
    "Cubic": {
      "r2": 0.9045558576795975,
      "aic": 93.40575503051342,
      "bic": 96.96724206209808,
      "params": [
        1.0004628650661392e-15,
        1.0,
        1.0,
        4.449342441716597
      ],
      "confidence_score": 0.5227335146077604
    },
    "Logarithmic": {
      "r2": 0.3706119654197809,
      "aic": 123.35747732998671,
      "bic": 125.13822084577903,
      "params": [
        5.46026804774408,
        -22.62128879492644
      ],
      "confidence_score": 0.3333059827098904
    },
    "N Log N": {
      "r2": 0.9966115299618965,
      "aic": 29.318826864778874,
      "bic": 31.0995703805712,
      "params": [
        2.0303329547545304e-05,
        -0.348795244564018
      ],
      "confidence_score": 0.998
    }
  }
}