{
  "Constant": {
    "r2": -2.220446049250313e-16,
    "aic": -127.81922897016028,
    "bic": -123.18425274308765,
    "params": [
      -99.3377804756165,
      100.66221952438363
    ]
  },
  "Linear": {
    "r2": 0.9924485708206402,
    "aic": -494.27061184684953,
    "bic": -489.6356356197769,
    "params": [
      0.00035748770869747194,
      0.24959267114090722
    ]
  },
  "Quadratic": {
    "r2": 0.9668722378160052,
    "aic": -381.37299983007966,
    "bic": -374.42053548947075,
    "params": [
      5.803427172157427e-08,
      1.0,
      0.7220819978060151
    ]
  },
  "Cubic": {
    "r2": 0.9073597569123183,
    "aic": -302.24660205696694,
    "bic": -292.9766496028217,
    "params": [
      1.1121530190833602e-11,
      1.0,
      1.0,
      0.8880783973762729
    ]
  },
  "Logarithmic": {
    "r2": 0.9536299274370983,
    "aic": -358.15180514860407,
    "bic": -353.51682892153144,
    "params": [
      0.9286501627082542,
      -6.03199372878541
    ]
  },
  "N Log N": {
    "r2": 0.992273815058052,
    "aic": -492.5547347765121,
    "bic": -487.91975854943945,
    "params": [
      3.9901698008550044e-05,
      0.3542833316848615
    ]
  }
}