{
  "Constant": {
    "r2": 0.0,
    "aic": 189.87334864033946,
    "bic": 193.20047193259876,
    "params": [
      105.17115641671883,
      -94.82884358328127
    ]
  },
  "Linear": {
    "r2": 0.8739852041678737,
    "aic": 109.09046652460104,
    "bic": 112.41758981686033,
    "params": [
      0.079981373736997,
      -7.614530975838068
    ]
  },
  "Quadratic": {
    "r2": 0.9882310599915923,
    "aic": 18.62398323988799,
    "bic": 23.61466817827693,
    "params": [
      0.00017832450937123898,
      1.0,
      -1.5077074511950463
    ]
  },
  "Cubic": {
    "r2": 0.9899132330101628,
    "aic": 14.608643024676581,
    "bic": 21.262889609195167,
    "params": [
      4.031510921640714e-07,
      1.0,
      1.0,
      1.3475946139585087
    ]
  },
  "Logarithmic": {
    "r2": 0.5578779233913164,
    "aic": 158.04274813931906,
    "bic": 161.36987143157836,
    "params": [
      9.780193309054132,
      -40.159697202318284
    ]
  },
  "N Log N": {
    "r2": 0.9038506963231561,
    "aic": 98.54107972840043,
    "bic": 101.86820302065972,
    "params": [
      0.012870854113170325,
      -5.819081849252426
    ]
  }
}