{
  "valid_points": 10,
  "models": {
    "Constant": {
      "r2": 0.7,
      "aic": -49.48623920315135,
      "bic": -48.881069017163256,
      "params": [
        -0.955419450998306,
        1.0
      ],
      "confidence_score": 0.12
    },
    "Linear": {
      "r2": 0.9995167351594642,
      "aic": -125.83569650810895,
      "bic": -125.23052632212087,
      "params": [
        0.00022027056171625148,
        -0.00026653736367010517
      ],
      "confidence_score": 0.8997100410956784
    },
    "Quadratic": {
      "r2": 0.9343237532303343,
      "aic": -74.71641879974904,
      "bic": -73.8086635207669,
      "params": [
        2.1361076555192006e-07,
        1.0,
        0.014802823710682528
      ],
      "confidence_score": 0.5405942519409291
    },
    "Cubic": {
      "r2": 0.8615988353756165,
      "aic": -65.26222741233042,
      "bic": -64.05188704035423,
      "params": [
        2.0092935416716141e-10,
        1.0,
        1.0,
        0.02000798721053879
      ],
      "confidence_score": 0.49695930122539067
    },
    "Logarithmic": {
      "r2": 0.5830898876828055,
      "aic": -58.23508558726773,
      "bic": -57.62991540127964,
      "params": [
        0.024456401170275668,
        -0.04561957316866044
      ],
      "confidence_score": 0.43954494384140336
    },
    "N Log N": {
      "r2": 0.9982315326233439,
      "aic": -112.86265916704683,
      "bic": -112.25748898105874,
      "params": [
        3.1889027563086896e-05,
        0.003986059106723488
      ],
      "confidence_score": 0.6484571534370938
    }
  }
}