{
  "Constant": {
    "r2": 1.1102230246251565e-16,
    "aic": 187.53712413090338,
    "bic": 190.12879786291205,
    "params": [
      -86.36398823172958,
      113.63601176827046
    ]
  },
  "Linear": {
    "r2": 0.8491239805716712,
    "aic": 136.47210937495436,
    "bic": 139.063783106963,
    "params": [
      0.3218943554399837,
      -23.265390267536585
    ]
  },
  "Quadratic": {
    "r2": 0.9720186615909507,
    "aic": 92.97925226815329,
    "bic": 96.86676286616628,
    "params": [
      0.0010656698223774114,
      1.0,
      -6.818398796644557
    ]
  },
  "Cubic": {
    "r2": 0.9997998314617909,
    "aic": -38.40434896045112,
    "bic": -33.2210014964338,
    "params": [
      3.6977101658397515e-06,
      1.0,
      1.0,
      0.17761804858828534
    ]
  },
  "Logarithmic": {
    "r2": 0.5557061757239579,
    "aic": 165.63285656700563,
    "bic": 168.2245302990143,
    "params": [
      28.505174061373776,
      -110.30141829251552
    ]
  },
  "N Log N": {
    "r2": 0.8806795293415797,
    "aic": 130.13668001028637,
    "bic": 132.72835374229504,
    "params": [
      0.055125947631699486,
      -17.94347376540531
    ]
  }
}