{
  "valid_points": 57,
  "models": {
    "Constant": {
      "r2": -2.220446049250313e-16,
      "aic": 572.2892404512496,
      "bic": 576.3753429869187,
      "params": [
        315.20599299355564,
        -84.79400700644419
      ],
      "confidence_score": -2.220446049250313e-16
    },
    "Linear": {
      "r2": 0.9754048108500292,
      "aic": 361.0925886150995,
      "bic": 365.1786911507686,
      "params": [
        0.16953277267531455,
        -182.563899649349
      ],
      "confidence_score": 0.9554048108500292
    },
    "Quadratic": {
      "r2": 0.9999819697989482,
      "aic": -48.348114630048904,
      "bic": -42.218960826545256,
      "params": [
        3.474046703422218e-05,
        1.0,
        -0.9366688893688009
      ],
      "confidence_score": 0.9599819697989481
    },
    "Cubic": {
      "r2": 0.982505967415475,
      "aic": 345.6731997228894,
      "bic": 353.84540479422765,
      "params": [
        8.503427381175828e-09,
        1.0,
        1.0,
        62.360335710720314
      ],
      "confidence_score": 0.932505967415475
    },
    "Logarithmic": {
      "r2": 0.8958257812222159,
      "aic": 443.37287620365,
      "bic": 447.4589787393191,
      "params": [
        359.1918654312056,
        -2545.773667203118
      ],
      "confidence_score": 0.8858257812222159
    },
    "N Log N": {
      "r2": 0.9808997405222389,
      "aic": 346.6801989997216,
      "bic": 350.7663015353907,
      "params": [
        0.0194037675014687,
        -141.18393974064185
      ],
      "confidence_score": 0.9508997405222389
    }
  }
}