{
  "Constant": {
    "r2": -2.220446049250313e-16,
    "aic": 599.0983665977728,
    "bic": 603.2534414855843,
    "params": [
      -79.36135861464209,
      321.2467355089761
    ]
  },
  "Linear": {
    "r2": 0.974974905703891,
    "aic": 381.51367164078437,
    "bic": 385.6687465285958,
    "params": [
      0.1764664094395726,
      -192.40144777686345
    ]
  },
  "Quadratic": {
    "r2": 0.9999832239056627,
    "aic": -47.639416223086606,
    "bic": -41.40680389136945,
    "params": [
      3.5611725954454165e-05,
      1.0,
      -0.5761539664216242
    ]
  },
  "Cubic": {
    "r2": 0.9825475764615562,
    "aic": 364.25003803786217,
    "bic": 372.5601878134851,
    "params": [
      8.578139283834875e-09,
      1.0,
      1.0,
      66.18440219954167
    ]
  },
  "Logarithmic": {
    "r2": 0.8925369100315158,
    "aic": 467.49250406711894,
    "bic": 471.6475789549304,
    "params": [
      378.22529262650704,
      -2684.9915423895222
    ]
  },
  "N Log N": {
    "r2": 0.980605704386417,
    "aic": 366.47456509316856,
    "bic": 370.62963998098,
    "params": [
      0.020164856982880196,
      -148.80542401631794
    ]
  }
}