{
  "valid_points": 59,
  "models": {
    "Constant": {
      "r2": 0.0,
      "aic": 484.8094769563505,
      "bic": 488.964551844162,
      "params": [
        -54.114180752786424,
        145.88581924721345
      ],
      "confidence_score": 0.0
    },
    "Linear": {
      "r2": 0.9765920940528311,
      "aic": 263.28327124760926,
      "bic": 267.4383461354207,
      "params": [
        0.06687495512669177,
        -73.03545429770811
      ],
      "confidence_score": 0.9565920940528311
    },
    "Quadratic": {
      "r2": 0.9998415270155578,
      "aic": -29.436182079382995,
      "bic": -23.203569747665835,
      "params": [
        1.349152565943701e-05,
        1.0,
        -0.3629049139342868
      ],
      "confidence_score": 0.9598415270155578
    },
    "Cubic": {
      "r2": 0.9820910995182359,
      "aic": 251.48448704662775,
      "bic": 259.79463682225065,
      "params": [
        3.2553561186354096e-09,
        1.0,
        1.0,
        24.79425886567203
      ],
      "confidence_score": 0.9320910995182359
    },
    "Logarithmic": {
      "r2": 0.8965334757146753,
      "aic": 350.9675547847733,
      "bic": 355.12262967258476,
      "params": [
        143.5934392062005,
        -1019.5769308120708
      ],
      "confidence_score": 0.8865334757146753
    },
    "N Log N": {
      "r2": 0.9819668455554127,
      "aic": 247.89242215366036,
      "bic": 252.04749704147181,
      "params": [
        0.007640827585143871,
        -56.50193044938077
      ],
      "confidence_score": 0.9519668455554127
    }
  }
}