{
  "valid_points": 13,
  "models": {
    "Constant": {
      "r2": 0.7,
      "aic": 106.50788956294137,
      "bic": 107.63778827786444,
      "params": [
        109.73927867871068,
        1.0
      ],
      "confidence_score": 0.11999999999999998
    },
    "Linear": {
      "r2": 0.9992373133772326,
      "aic": 13.185266295573738,
      "bic": 14.315165010496813,
      "params": [
        0.0002882741422666202,
        -0.7253777184508026
      ],
      "confidence_score": 0.4997987716274299
    },
    "Quadratic": {
      "r2": 0.9684930817716288,
      "aic": 63.55976386036548,
      "bic": 65.2546119327501,
      "params": [
        3.5952338049961965e-10,
        1.0,
        45.498553031424045
      ],
      "confidence_score": 0.5610958490629795
    },
    "Cubic": {
      "r2": 0.896164100910128,
      "aic": 81.06362381084293,
      "bic": 83.32342124068907,
      "params": [
        5.0695534047700635e-16,
        1.0,
        1.0,
        62.64010420619237
      ],
      "confidence_score": 0.5176984605460767
    },
    "Logarithmic": {
      "r2": 0.9244064026950233,
      "aic": 72.93690157842936,
      "bic": 74.06680029335243,
      "params": [
        87.7438501829418,
        -1006.0657892227321
      ],
      "confidence_score": 0.548
    },
    "N Log N": {
      "r2": 0.9997539126753907,
      "aic": -1.5198238272160127,
      "bic": -0.38992511229293925,
      "params": [
        2.0906775685982066e-05,
        5.805286129314882
      ],
      "confidence_score": 0.9480000000000001
    }
  }
}