{
  "Constant": {
    "r2": 2.220446049250313e-16,
    "aic": -774.4488252220217,
    "bic": -769.8406950356134,
    "params": [
      -99.97135689733804,
      100.02864310266195
    ]
  },
  "Linear": {
    "r2": 0.06082259224327202,
    "aic": -779.092390709885,
    "bic": -774.4842605234767,
    "params": [
      -1.1125639103326534e-06,
      0.060608862408350284
    ]
  },
  "Quadratic": {
    "r2": 0.04650416389822287,
    "aic": -775.9727215695949,
    "bic": -769.0605262899824,
    "params": [
      -1.6034012325740874e-10,
      1.0,
      0.05892904155982849
    ]
  },
  "Cubic": {
    "r2": 0.03802213899731954,
    "aic": -773.3173495368277,
    "bic": -764.101089164011,
    "params": [
      -2.871264453062793e-14,
      1.0,
      1.0,
      0.058392631560550134
    ]
  },
  "Logarithmic": {
    "r2": 0.08210011975845555,
    "aic": -780.7881800568305,
    "bic": -776.1800498704222,
    "params": [
      -0.0034159124385578616,
      0.08432320803686426
    ]
  },
  "N Log N": {
    "r2": 0.05882156249523851,
    "aic": -778.9348925877875,
    "bic": -774.3267624013793,
    "params": [
      -1.221661488963021e-07,
      0.060234157243376725
    ]
  }
}