{
  "valid_points": 21,
  "models": {
    "Constant": {
      "r2": 0.7,
      "aic": 165.82355777604852,
      "bic": 167.91260265149538,
      "params": [
        111.16239749604752,
        -88.8376025039525
      ],
      "confidence_score": 0.09999999999999998
    },
    "Linear": {
      "r2": 0.9999952854669566,
      "aic": -91.73851657050159,
      "bic": -89.64947169505474,
      "params": [
        0.00014924496388946107,
        -0.031425442776153556
      ],
      "confidence_score": 0.899997171280174
    },
    "Quadratic": {
      "r2": 0.9510086646606598,
      "aic": 104.48520942338884,
      "bic": 107.61877673655911,
      "params": [
        1.4249060928938653e-10,
        1.0,
        4.917050832640079
      ],
      "confidence_score": 0.5506051987963958
    },
    "Cubic": {
      "r2": 0.9052276410737621,
      "aic": 120.34173059640923,
      "bic": 124.51982034730293,
      "params": [
        1.3295403605413763e-16,
        1.0,
        1.0,
        6.683459124370937
      ],
      "confidence_score": 0.5231365846442572
    },
    "Logarithmic": {
      "r2": 0.43104584187815176,
      "aic": 153.98049408640924,
      "bic": 156.0695389618561,
      "params": [
        7.3034485710239485,
        -32.68818412408047
      ],
      "confidence_score": 0.3635229209390759
    },
    "N Log N": {
      "r2": 0.9992874768846037,
      "aic": 13.642895498637257,
      "bic": 15.731940374084104,
      "params": [
        1.0803136512318258e-05,
        0.6386627663672523
      ],
      "confidence_score": 0.648
    }
  }
}