{
  "valid_points": 207,
  "models": {
    "Constant": {
      "r2": 0.7,
      "aic": -3128.190302211847,
      "bic": -3121.5248646253167,
      "params": [
        -99.99686295463526,
        100.00313704536474
      ],
      "confidence_score": 0.37
    },
    "Linear": {
      "r2": 0.414557682598379,
      "aic": -3239.0155394123367,
      "bic": -3232.350101825806,
      "params": [
        1.1669554025551886e-10,
        0.0056879702648737155
      ],
      "confidence_score": 0.23873461036897542
    },
    "Quadratic": {
      "r2": 0.3116975110970698,
      "aic": -3203.5103650407623,
      "bic": -3193.5122086609663,
      "params": [
        9.752630670712572e-18,
        1.0,
        0.005948420695830968
      ],
      "confidence_score": 0.16701850665824186
    },
    "Cubic": {
      "r2": 0.2470557620771685,
      "aic": -3182.929472391411,
      "bic": -3169.5985972183494,
      "params": [
        9.129666913402625e-25,
        1.0,
        1.0,
        0.006046009555932929
      ],
      "confidence_score": 0.1282334572463011
    },
    "Logarithmic": {
      "r2": 0.5175104087396725,
      "aic": -3279.051059919168,
      "bic": -3272.3856223326375,
      "params": [
        0.00041269766815408177,
        2.0694372161767917e-05
      ],
      "confidence_score": 0.8567552043698362
    },
    "N Log N": {
      "r2": 0.4067446154749781,
      "aic": -3236.271275841684,
      "bic": -3229.6058382551537,
      "params": [
        7.091329671535111e-12,
        0.005717911888067522
      ],
      "confidence_score": 0.5013723078915204
    }
  }
}