{
  "valid_points": 40,
  "models": {
    "Constant": {
      "r2": 0.7,
      "aic": 459.28330344431777,
      "bic": 462.6610623525456,
      "params": [
        -69.61517944001992,
        330.3848205600117
      ],
      "confidence_score": 0.09999999999999998
    },
    "Linear": {
      "r2": 0.8382126558522263,
      "aic": 386.42440358318055,
      "bic": 389.8021624914084,
      "params": [
        2.135692107656873,
        -203.74339229538313
      ],
      "confidence_score": 0.4029275935113357
    },
    "Quadratic": {
      "r2": 0.9718375237906081,
      "aic": 318.4927107248751,
      "bic": 323.5593490872169,
      "params": [
        0.005115355906343488,
        1.0,
        -63.69482634144191
      ],
      "confidence_score": 0.5631025142743648
    },
    "Cubic": {
      "r2": 0.9996365960087124,
      "aic": 146.48348668902128,
      "bic": 153.23900450547703,
      "params": [
        1.2492860530732841e-05,
        1.0,
        1.0,
        0.7990851196299283
      ],
      "confidence_score": 0.9797819576052273
    },
    "Logarithmic": {
      "r2": 0.4321180683895668,
      "aic": 436.64963349426415,
      "bic": 440.027392402492,
      "params": [
        188.78132571330877,
        -694.2514729573722
      ],
      "confidence_score": 0.36405903419478336
    },
    "N Log N": {
      "r2": 0.8726594577634331,
      "aic": 376.8476895954015,
      "bic": 380.22544850362937,
      "params": [
        0.3488687379260089,
        -162.69660867003776
      ],
      "confidence_score": 0.698
    }
  }
}