{
  "valid_points": 17,
  "models": {
    "Constant": {
      "r2": 0.7,
      "aic": 128.2457364249735,
      "bic": 129.91216311308594,
      "params": [
        108.13446938991551,
        -91.86553061008452
      ],
      "confidence_score": 0.09999999999999998
    },
    "Linear": {
      "r2": 0.9881417788444713,
      "aic": 52.855260404657585,
      "bic": 54.521687092770016,
      "params": [
        0.001153057416766079,
        -1.510189183102947
      ],
      "confidence_score": 0.493545845310275
    },
    "Quadratic": {
      "r2": 0.9685584200352159,
      "aic": 71.43212741600722,
      "bic": 73.93176744817586,
      "params": [
        9.304703192212827e-09,
        1.0,
        3.731689769185576
      ],
      "confidence_score": 0.5611350923123275
    },
    "Cubic": {
      "r2": 0.9134537253969908,
      "aic": 90.64544371812887,
      "bic": 93.97829709435374,
      "params": [
        6.978173528549287e-14,
        1.0,
        1.0,
        5.705557102705979
      ],
      "confidence_score": 0.5280722352399816
    },
    "Logarithmic": {
      "r2": 0.36676313179559816,
      "aic": 120.47825405818675,
      "bic": 122.14468074629919,
      "params": [
        6.67677317272091,
        -24.895121362699935
      ],
      "confidence_score": 0.4313815658977991
    },
    "N Log N": {
      "r2": 0.9944188344001745,
      "aic": 40.04365662069914,
      "bic": 41.71008330881157,
      "params": [
        9.920251209144499e-05,
        -0.6955591753981035
      ],
      "confidence_score": 0.998
    }
  }
}