{
  "valid_points": 98,
  "models": {
    "Constant": {
      "r2": 0.7,
      "aic": -897.525183112262,
      "bic": -892.3552481549208,
      "params": [
        -99.97105500755872,
        100.02894499244128
      ],
      "confidence_score": 0.532477684003335
    },
    "Linear": {
      "r2": 0.021682648964968076,
      "aic": -899.6734579459063,
      "bic": -894.5035229885651,
      "params": [
        -1.062750856889551e-06,
        0.06012219545793576
      ],
      "confidence_score": 0.40300958937898085
    },
    "Quadratic": {
      "r2": 0.01603874535123828,
      "aic": -897.1097214023441,
      "bic": -889.3548189663325,
      "params": [
        -2.06322461516507e-10,
        1.0,
        0.05920073516851568
      ],
      "confidence_score": 0.020104521459057143
    },
    "Cubic": {
      "r2": 0.012947873015571654,
      "aic": -894.8023609957494,
      "bic": -884.4624910810671,
      "params": [
        -4.368178901634788e-14,
        1.0,
        1.0,
        0.05883424803170163
      ],
      "confidence_score": 0.0
    },
    "Logarithmic": {
      "r2": 0.018357464753881003,
      "aic": -899.3409324002382,
      "bic": -894.170997442897,
      "params": [
        -0.0007693885338335411,
        0.06327162663328513
      ],
      "confidence_score": 0.26122583718436015
    },
    "N Log N": {
      "r2": 0.020879788071375693,
      "aic": -899.5930667513437,
      "bic": -894.4231317940025,
      "params": [
        -1.2304031943682507e-07,
        0.059936637058007745
      ],
      "confidence_score": 0.4966203529540912
    }
  }
}