{
  "valid_points": 17,
  "models": {
    "Constant": {
      "r2": 0.7,
      "aic": 109.52952349586195,
      "bic": 111.19595018397439,
      "params": [
        103.5058001385016,
        -96.49419986149844
      ],
      "confidence_score": 0.11999999999999998
    },
    "Linear": {
      "r2": 0.9999916798076363,
      "aic": -89.31650461092006,
      "bic": -87.65007792280763,
      "params": [
        0.00018181529998484436,
        0.002716717763496246
      ],
      "confidence_score": 0.8999950078845818
    },
    "Quadratic": {
      "r2": 0.9852354834860367,
      "aic": 39.86553883034444,
      "bic": 42.36517886251309,
      "params": [
        3.423733845193367e-10,
        1.0,
        1.3603606334832217
      ],
      "confidence_score": 0.571141290091622
    },
    "Cubic": {
      "r2": 0.9818510578188,
      "aic": 45.374092461908035,
      "bic": 48.706945838132896,
      "params": [
        6.512257737107343e-16,
        1.0,
        1.0,
        1.4786316496620384
      ],
      "confidence_score": 0.56911063469128
    },
    "Logarithmic": {
      "r2": 0.3018441529317222,
      "aic": 103.42120377867926,
      "bic": 105.0876304667917,
      "params": [
        3.3560643881337375,
        -13.95309527868577
      ],
      "confidence_score": 0.3989220764658611
    },
    "N Log N": {
      "r2": 0.9993972046532532,
      "aic": -16.50733428501594,
      "bic": -14.840907596903508,
      "params": [
        1.3794459542914925e-05,
        0.3030895970208227
      ],
      "confidence_score": 0.648
    }
  }
}