{
  "best_model": "O(2^n)",
  "details": {
    "O(1)": {
      "r2": 0,
      "aic": Infinity,
      "params_norm": [
        1.0
      ],
      "rss": 0.0
    },
    "O(n)": {
      "r2": 0,
      "aic": -3745.3233532477984,
      "params_norm": [
        3.539513381405014e-10,
        0.9999999997936918
      ],
      "rss": 7.619198246166332e-15
    },
    "O(n^2)": {
      "r2": 0,
      "aic": -3210.3256537617,
      "params_norm": [
        2.262728146446774e-08,
        -2.697387986981183e-08,
        1.000000006707853
      ],
      "rss": 1.4901599306062757e-12
    },
    "O(n^3)": {
      "r2": 0,
      "aic": -3155.2531976432347,
      "params_norm": [
        9.207473059506364e-09,
        1.2993395631032284e-08,
        -2.4496106730549883e-08,
        1.0000000064036458
      ],
      "rss": 2.516018343878896e-12
    },
    "O(log n)": {
      "r2": 0,
      "aic": -3285.3137847405246,
      "params_norm": [
        -1.7262467729194512e-09,
        0.9999999988883356
      ],
      "rss": 7.243113420208344e-13
    },
    "O(n log n)": {
      "r2": 0,
      "aic": -3714.3005502520386,
      "params_norm": [
        9.149493385152141e-10,
        1.000000000238507
      ],
      "rss": 1.0358708971638915e-14
    },
    "O(2^n)": {
      "r2": 0,
      "aic": -3923.7291637074222,
      "params_norm": [
        1.0000000000853677,
        -1.463447165138362e-10
      ],
      "rss": 1.3024889151370241e-15
    },
    "O(n^k)": {
      "r2": 0,
      "aic": -3624.013858812078,
      "params_norm": [
        0.999999999792065,
        -3.2278032427202367e-10
      ],
      "rss": 2.5324068065087852e-14
    }
  }
}