{
  "Constant": {
    "r2": 0.0,
    "aic": -75.5998588954518,
    "bic": -73.08366581940884,
    "params": [
      100.4005059599877,
      -99.59949404001235
    ]
  },
  "Linear": {
    "r2": 0.6007601577009227,
    "aic": -99.47287518378448,
    "bic": -96.95668210774151,
    "params": [
      0.002032793021723227,
      0.49304377686887707
    ]
  },
  "Quadratic": {
    "r2": 0.6552468186095861,
    "aic": -101.28794878576407,
    "bic": -97.51365917169963,
    "params": [
      6.808404721780903e-06,
      1.0,
      0.5984040080638341
    ]
  },
  "Cubic": {
    "r2": 0.6758462576495441,
    "aic": -100.88983031546942,
    "bic": -95.85744416338349,
    "params": [
      2.4535113102052396e-08,
      1.0,
      1.0,
      0.6397988929113274
    ]
  },
  "Logarithmic": {
    "r2": 0.4557627023626466,
    "aic": -91.41747677243329,
    "bic": -88.90128369639032,
    "params": [
      0.18773122315504043,
      -0.09869209576704364
    ]
  },
  "N Log N": {
    "r2": 0.6141104166913645,
    "aic": -100.35716300057017,
    "bic": -97.8409699245272,
    "params": [
      0.00034765055015566676,
      0.5277739566380839
    ]
  }
}