{
  "Constant": {
    "r2": 2.220446049250313e-16,
    "aic": 692.2457999387442,
    "bic": 695.6235588469721,
    "params": [
      1199.6129937204869,
      3497.29014896702
    ]
  },
  "Linear": {
    "r2": 0.8309319741160566,
    "aic": 621.1476349377369,
    "bic": 624.5253938459648,
    "params": [
      39.11320059111495,
      -3810.2179543832394
    ]
  },
  "Quadratic": {
    "r2": 0.9688213606920107,
    "aic": 555.5249176906453,
    "bic": 560.5915560529871,
    "params": [
      0.0939463606288031,
      1.0,
      -1262.0675073204036
    ]
  },
  "Cubic": {
    "r2": 0.9998140599202867,
    "aic": 352.64235640946214,
    "bic": 359.39787422591786,
    "params": [
      0.00022981560870627415,
      1.0,
      1.0,
      -85.45162966048184
    ]
  },
  "Logarithmic": {
    "r2": 0.4239452348235204,
    "aic": 670.1836981637632,
    "bic": 673.5614570719911,
    "params": [
      3439.4720164995647,
      -12702.955558940259
    ]
  },
  "N Log N": {
    "r2": 0.8660838898106885,
    "aic": 611.8241312010823,
    "bic": 615.2018901093102,
    "params": [
      6.392911876338,
      -3062.985066895404
    ]
  }
}