{
  "valid_points": 29,
  "models": {
    "Constant": {
      "r2": 0.7,
      "aic": -667.9108558756183,
      "bic": -665.1762642156453,
      "params": [
        -99.99994861668549,
        100.0000513833145
      ],
      "confidence_score": 0.3537798694733853
    },
    "Linear": {
      "r2": 0.259021690907287,
      "aic": -676.6045897468434,
      "bic": -673.8699980868705,
      "params": [
        3.340412717266295e-14,
        0.000100912625999268
      ],
      "confidence_score": 0.5346695055505335
    },
    "Quadratic": {
      "r2": 0.27711732607076367,
      "aic": -675.321597930345,
      "bic": -671.2197104403856,
      "params": [
        6.678480685334017e-23,
        1.0,
        0.0001012178334232841
      ],
      "confidence_score": 0.24972104311891766
    },
    "Cubic": {
      "r2": 0.28328713306548803,
      "aic": -673.5701753859919,
      "bic": -668.100992066046,
      "params": [
        1.2649583255625904e-31,
        1.0,
        1.0,
        0.0001013202534506598
      ],
      "confidence_score": 0.17172492737349107
    },
    "Logarithmic": {
      "r2": 0.04577046566865017,
      "aic": -669.269535874651,
      "bic": -666.534944214678,
      "params": [
        3.4467458365105904e-07,
        9.896706607630811e-05
      ],
      "confidence_score": 0.22834131037949867
    },
    "N Log N": {
      "r2": 0.26041169039084633,
      "aic": -676.659041868561,
      "bic": -673.924450208588,
      "params": [
        1.672774378660248e-15,
        0.00010094301025761188
      ],
      "confidence_score": 0.42820584519542315
    }
  }
}