{
  "valid_points": 92,
  "models": {
    "Constant": {
      "r2": 0.7,
      "aic": -219.54764071638394,
      "bic": -214.50406356228586,
      "params": [
        -99.67982429687083,
        100.32017570312912
      ],
      "confidence_score": 0.41
    },
    "Linear": {
      "r2": 0.9877621743211566,
      "aic": -624.6442172795508,
      "bic": -619.6006401254527,
      "params": [
        0.00021046703564928836,
        0.20576442985158552
      ],
      "confidence_score": 0.982657304592694
    },
    "Quadratic": {
      "r2": 0.9040839445003732,
      "aic": -433.22157477330086,
      "bic": -425.65620904215376,
      "params": [
        4.5490417045396615e-08,
        1.0,
        0.3570790252925822
      ],
      "confidence_score": 0.5224503667002239
    },
    "Cubic": {
      "r2": 0.7974271795286694,
      "aic": -362.43997889917154,
      "bic": -352.3528245909754,
      "params": [
        1.0053296715867412e-11,
        1.0,
        1.0,
        0.4270722818443772
      ],
      "confidence_score": 0.4584563077172016
    },
    "Logarithmic": {
      "r2": 0.6333223828193548,
      "aic": -311.8486871893723,
      "bic": -306.8051100352742,
      "params": [
        0.1304807536828262,
        -0.26614202039896107
      ],
      "confidence_score": 0.5146611914096775
    },
    "N Log N": {
      "r2": 0.983662765450706,
      "aic": -598.0640179418555,
      "bic": -593.0204407877574,
      "params": [
        2.479273721671048e-05,
        0.23524132315683474
      ],
      "confidence_score": 0.5480005073460748
    }
  }
}