{
  "Constant": {
    "r2": 0.0,
    "aic": -669.4833000945508,
    "bic": -664.7956892508435,
    "params": [
      100.06650574505325,
      -99.93349425494675
    ]
  },
  "Linear": {
    "r2": 0.010900360903287165,
    "aic": -670.3272358885515,
    "bic": -665.6396250448441,
    "params": [
      -1.1456367047025813e-06,
      0.13643352182192803
    ]
  },
  "Quadratic": {
    "r2": 0.008945880817317953,
    "aic": -668.1752325253148,
    "bic": -661.1438162597537,
    "params": [
      -1.7046186684410713e-10,
      1.0,
      0.1347575077464257
    ]
  },
  "Cubic": {
    "r2": 0.008832271250317714,
    "aic": -666.1664061301484,
    "bic": -656.7911844427337,
    "params": [
      -3.349678611077692e-14,
      1.0,
      1.0,
      0.13430189941270979
    ]
  },
  "Logarithmic": {
    "r2": 0.015921579810389663,
    "aic": -670.719126208438,
    "bic": -666.0315153647306,
    "params": [
      -0.003677680508647088,
      0.1621247726831117
    ]
  },
  "N Log N": {
    "r2": 0.01053492936205147,
    "aic": -670.298792816807,
    "bic": -665.6111819730996,
    "params": [
      -1.256943308613103e-07,
      0.13604494369058492
    ]
  }
}